Built from '6000.3/staging' branch; Version is '6000.3.3f1 (ef04196de0d6) revision 15664153'; Using compiler version '194234433'; Build Type 'Release'
[Licensing::Module] Trying to connect to existing licensing client channel...
OS: 'Windows 10  (10.0.19045) 64bit Core' Language: 'en' Physical Memory: 16004 MB
BatchMode: 1, IsHumanControllingUs: 0, StartBugReporterOnCrash: 0, Is64bit: 1
Date: 2026-04-05T12:06:55Z
[Licensing::IpcConnector] Successfully connected to: "LicenseClient-6R9Ys1I47hzb8zxPdOKrd" at "2026-04-05T12:06:55.7842081Z"
[Licensing::Client] Code 10 while verifying Licensing Client signature (process Id: 23960, path: "C:/Program Files/Unity Hub/UnityLicensingClient_V1/Unity.Licensing.Client.exe")
[Licensing::Module] LicensingClient has failed validation; ignoring
[Licensing::Client] Error: HandshakeResponse reported an error:
	ResponseCode: 505
	ResponseStatus: Unsupported protocol version '1.17.4'.
[Licensing::Module] Error: Failed to handshake to channel: "LicenseClient-6R9Ys1I47hzb8zxPdOKrd"
[Licensing::IpcConnector] LicenseClient-6R9Ys1I47hzb8zxPdOKrd channel disconnected successfully.
[Licensing::IpcConnector] Successfully connected to: "LicenseClient-Hopic-6000.3.3" at "2026-04-05T12:06:55.8548626Z"

COMMAND LINE ARGUMENTS:
C:\Program Files\Unity\Hub\Editor\6000.3.3f1\Editor\Unity.exe
-adb2
-batchMode
-noUpm
-name
AssetImportWorker4
-projectPath
E:/unity/maturitniprace/active/devGame
-logFile
Logs/AssetImportWorker4.log
-srvPort
49371
-licensingIpc
LicenseClient-6R9Ys1I47hzb8zxPdOKrd
-job-worker-count
7
-background-job-worker-count
8
-gc-helper-count
1
-name
AssetImport
Successfully changed project path to: E:/unity/maturitniprace/active/devGame
E:/unity/maturitniprace/active/devGame
[UnityMemory] Configuration Parameters - Can be set up in boot.config
    "memorysetup-temp-allocator-size-nav-mesh-worker=65536"
    "memorysetup-temp-allocator-size-audio-worker=65536"
    "memorysetup-temp-allocator-size-gfx=262144"
    "memorysetup-allocator-temp-initial-block-size-main=262144"
    "memorysetup-allocator-temp-initial-block-size-worker=262144"
    "memorysetup-temp-allocator-size-background-worker=32768"
    "memorysetup-temp-allocator-size-job-worker=262144"
    "memorysetup-temp-allocator-size-preload-manager=33554432"
    "memorysetup-temp-allocator-size-gi-baking-worker=262144"
    "memorysetup-temp-allocator-size-gi-baking-worker=262144"
    "memorysetup-temp-allocator-size-gi-baking-worker=262144"
    "memorysetup-temp-allocator-size-gi-baking-worker=262144"
    "memorysetup-temp-allocator-size-gi-baking-worker=262144"
    "memorysetup-bucket-allocator-granularity=16"
    "memorysetup-bucket-allocator-bucket-count=8"
    "memorysetup-bucket-allocator-block-size=33554432"
    "memorysetup-bucket-allocator-block-count=8"
    "memorysetup-main-allocator-block-size=16777216"
    "memorysetup-thread-allocator-block-size=16777216"
    "memorysetup-gfx-main-allocator-block-size=16777216"
    "memorysetup-gfx-thread-allocator-block-size=16777216"
    "memorysetup-cache-allocator-block-size=4194304"
    "memorysetup-typetree-allocator-block-size=2097152"
    "memorysetup-profiler-bucket-allocator-granularity=16"
    "memorysetup-profiler-bucket-allocator-bucket-count=8"
    "memorysetup-profiler-bucket-allocator-block-size=33554432"
    "memorysetup-profiler-bucket-allocator-block-count=8"
    "memorysetup-profiler-allocator-block-size=16777216"
    "memorysetup-profiler-editor-allocator-block-size=1048576"
    "memorysetup-temp-allocator-size-main=16777216"
    "memorysetup-job-temp-allocator-block-size=2097152"
    "memorysetup-job-temp-allocator-block-size-background=1048576"
    "memorysetup-job-temp-allocator-reduction-small-platforms=262144"
    "memorysetup-temp-allocator-size-cloud-worker=32768"
Player connection [6172]  Target information:

Player connection [6172]  * "[IP] 192.168.56.1 [Port] 0 [Flags] 2 [Guid] 3694997762 [EditorId] 3694997762 [Version] 1048832 [Id] WindowsEditor(7,DESKTOP-HOPICEKCZ) [Debug] 1 [PackageName] WindowsEditor [ProjectName] Editor" 

Player connection [6172]  * "[IP] 26.18.104.236 [Port] 0 [Flags] 2 [Guid] 3694997762 [EditorId] 3694997762 [Version] 1048832 [Id] WindowsEditor(7,DESKTOP-HOPICEKCZ) [Debug] 1 [PackageName] WindowsEditor [ProjectName] Editor" 

Player connection [6172]  * "[IP] 10.0.1.28 [Port] 0 [Flags] 2 [Guid] 3694997762 [EditorId] 3694997762 [Version] 1048832 [Id] WindowsEditor(7,DESKTOP-HOPICEKCZ) [Debug] 1 [PackageName] WindowsEditor [ProjectName] Editor" 

Player connection [6172] Host joined multi-casting on [225.0.0.222:54997]...
Player connection [6172] Host joined alternative multi-casting on [225.0.0.222:34997]...
JobSystem: Creating JobQueue using job-worker-count value 7
Input System module state changed to: Initialized.
[Physics::Module] Initialized fallback backend.
[Physics::Module] Id: 0xdecafbad
Library Redirect Path: Library/
[Physics::Module] Selected backend.
[Physics::Module] Name: PhysX
[Physics::Module] Id: 0xf2b8ea05
[Physics::Module] SDK Version: 4.1.2
[Physics::Module] Integration Version: 1.0.0
[Physics::Module] Threading Mode: Multi-Threaded
Refreshing native plugins compatible for Editor in 10.37 ms, found 2 plugins.
Preloading 0 native plugins for Editor in 0.00 ms.
Initialize engine version: 6000.3.3f1 (ef04196de0d6)
[Subsystems] Discovering subsystems at path C:/Program Files/Unity/Hub/Editor/6000.3.3f1/Editor/Data/Resources/UnitySubsystems
[Subsystems] Discovering subsystems at path E:/unity/maturitniprace/active/devGame/Assets
GfxDevice: creating device client; kGfxThreadingModeNonThreaded
Direct3D:
    Version:  Direct3D 11.0 [level 11.1]
    Renderer: NVIDIA GeForce RTX 3060 Laptop GPU (ID=0x2520)
    Vendor:   NVIDIA
    VRAM:     5994 MB
    Driver:   32.0.15.9597
[Licensing::Client] Handshaking with LicensingClient:
  Version:                 1.17.4+4293ba1
  Session Id:              f824671cd30649d8969e676fb005ac44
  Correlation Id:          96d38eee28eb6fe339e91a03027dcb99
  External correlation Id: 845940957445086051
  Machine Id:              4VB2xDT1CV9zqVbIIZWsGa/FyKA=
[Licensing::Module] Successfully connected to LicensingClient on channel: "LicenseClient-Hopic-6000.3.3" (connect: 0.00s, validation: 0.00s, handshake: 1.65s)
[Licensing::IpcConnector] Successfully connected to: "LicenseClient-Hopic-6000.3.3-notifications" at "2026-04-05T12:06:57.5056776Z"
[Licensing::Module] Licensing Background thread has ended after 1.72s
Shader 'WFX/Transparent Diffuse': fallback shader 'Particles/Alpha Blended' not found
Shader 'WFX/Transparent Specular': fallback shader 'Particles/Alpha Blended' not found
Initialize mono
Mono path[0] = 'C:/Program Files/Unity/Hub/Editor/6000.3.3f1/Editor/Data/Managed'
Mono path[1] = 'C:/Program Files/Unity/Hub/Editor/6000.3.3f1/Editor/Data/MonoBleedingEdge/lib/mono/unityjit-win32'
Mono config path = 'C:/Program Files/Unity/Hub/Editor/6000.3.3f1/Editor/Data/MonoBleedingEdge/etc'
Using monoOptions --debugger-agent=transport=dt_socket,embedding=1,server=y,suspend=n,address=127.0.0.1:56724
Begin MonoManager ReloadAssembly
Registering precompiled unity dll's ...
Register platform support module: C:/Program Files/Unity/Hub/Editor/6000.3.3f1/Editor/Data/PlaybackEngines/WindowsStandaloneSupport/UnityEditor.WindowsStandalone.Extensions.dll
Registered in 0.004183 seconds.
- Loaded All Assemblies, in  0.586 seconds
Native extension for WindowsStandalone target not found
Mono: successfully reloaded assembly
- Finished resetting the current domain, in  0.606 seconds
Domain Reload Profiling: 1185ms
	BeginReloadAssembly (182ms)
		ExecutionOrderSort (0ms)
		DisableScriptedObjects (0ms)
		BackupInstance (0ms)
		ReleaseScriptingObjects (0ms)
		CreateAndSetChildDomain (1ms)
	RebuildCommonClasses (50ms)
	RebuildNativeTypeToScriptingClass (19ms)
	initialDomainReloadingComplete (81ms)
	LoadAllAssembliesAndSetupDomain (246ms)
		LoadAssemblies (176ms)
		RebuildTransferFunctionScriptingTraits (0ms)
		AnalyzeDomain (242ms)
			TypeCache.Refresh (240ms)
				TypeCache.ScanAssembly (220ms)
			BuildScriptInfoCaches (0ms)
			ResolveRequiredComponents (1ms)
	FinalizeReload (606ms)
		ReleaseScriptCaches (0ms)
		RebuildScriptCaches (0ms)
		SetupLoadedEditorAssemblies (544ms)
			LogAssemblyErrors (0ms)
			InitializePlatformSupportModulesInManaged (69ms)
			SetLoadedEditorAssemblies (4ms)
			BeforeProcessingInitializeOnLoad (126ms)
			ProcessInitializeOnLoadAttributes (221ms)
			ProcessInitializeOnLoadMethodAttributes (124ms)
			AfterProcessingInitializeOnLoad (0ms)
			EditorAssembliesLoaded (0ms)
		ExecutionOrderSort2 (0ms)
		AwakeInstancesAfterBackupRestoration (0ms)
========================================================================
Worker process is ready to serve import requests
Import Worker Mode flag is 0x00
Begin MonoManager ReloadAssembly
[Licensing::Client] Successfully resolved entitlement details
[Licensing::Module] License group:
  Id: F4-W4H8-9NJQ-FYFT-38SD-XXXX
  Product: Unity Personal
  Type: ULF
  Expiration: Unlimited
[Licensing::Module] License group:
  Id: 7971629442671-UnityPersXXXX
  Product: Unity Personal
  Type: Assigned
  Expiration: Unlimited
Symbol file LoadedFromMemory is not a mono symbol file
- Loaded All Assemblies, in  1.141 seconds
Refreshing native plugins compatible for Editor in 7.46 ms, found 2 plugins.
Native extension for WindowsStandalone target not found
Package Manager log level set to [2]
[Package Manager] Failed to launch server process. Reason: Unity was launched with the -noUpm command-line argument
[Package Manager] Unable to send message (not connected to server process).
[Package Manager] Cannot connect to Unity Package Manager local server
[MODES] ModeService[none].Initialize
[MODES] ModeService[none].LoadModes
[MODES] Loading mode Default (0) for mode-current-id-devGame
Refreshing native plugins compatible for Editor in 6.92 ms, found 2 plugins.
Your project uses Compatibility Mode, which disables the render graph system. Compatibility Mode is deprecated. Migrate your ScriptableRenderPasses to the Render Graph API instead. After you migrate, go to Edit > Project Settings > Player and remove the URP_COMPATIBILITY_MODE define from the Scripting Define Symbols. If you don't remove the define, build time and build size are slightly increased.
UnityEngine.Debug:ExtractStackTraceNoAlloc (byte*,int,string)
UnityEngine.StackTraceUtility:ExtractStackTrace ()
UnityEngine.DebugLogHandler:Internal_Log (UnityEngine.LogType,UnityEngine.LogOption,string,UnityEngine.Object)
UnityEngine.DebugLogHandler:LogFormat (UnityEngine.LogType,UnityEngine.Object,string,object[])
UnityEngine.Logger:Log (UnityEngine.LogType,object)
UnityEngine.Debug:LogWarning (object)
UnityEngine.Rendering.Universal.WarnUsingNonRenderGraph:EmitConsoleWarning () (at ./Library/PackageCache/com.unity.render-pipelines.universal@f70afd0d2146/Runtime/Data/UniversalRenderPipelineAsset.cs:440)
System.Reflection.RuntimeMethodInfo:Invoke (object,System.Reflection.BindingFlags,System.Reflection.Binder,object[],System.Globalization.CultureInfo)
System.Reflection.MethodBase:Invoke (object,object[])
UnityEditor.EditorAssemblies:ProcessInitializeOnLoadMethodAttributes ()

(Filename: ./Library/PackageCache/com.unity.render-pipelines.universal@f70afd0d2146/Runtime/Data/UniversalRenderPipelineAsset.cs Line: 440)

Mono: successfully reloaded assembly
- Finished resetting the current domain, in  1.498 seconds
Domain Reload Profiling: 2631ms
	BeginReloadAssembly (232ms)
		ExecutionOrderSort (0ms)
		DisableScriptedObjects (7ms)
		BackupInstance (0ms)
		ReleaseScriptingObjects (0ms)
		CreateAndSetChildDomain (34ms)
	RebuildCommonClasses (50ms)
	RebuildNativeTypeToScriptingClass (17ms)
	initialDomainReloadingComplete (59ms)
	LoadAllAssembliesAndSetupDomain (774ms)
		LoadAssemblies (572ms)
		RebuildTransferFunctionScriptingTraits (0ms)
		AnalyzeDomain (340ms)
			TypeCache.Refresh (248ms)
				TypeCache.ScanAssembly (227ms)
			BuildScriptInfoCaches (74ms)
			ResolveRequiredComponents (13ms)
	FinalizeReload (1498ms)
		ReleaseScriptCaches (0ms)
		RebuildScriptCaches (0ms)
		SetupLoadedEditorAssemblies (1000ms)
			LogAssemblyErrors (0ms)
			InitializePlatformSupportModulesInManaged (2ms)
			SetLoadedEditorAssemblies (5ms)
			BeforeProcessingInitializeOnLoad (170ms)
			ProcessInitializeOnLoadAttributes (526ms)
			ProcessInitializeOnLoadMethodAttributes (283ms)
			AfterProcessingInitializeOnLoad (13ms)
			EditorAssembliesLoaded (0ms)
		ExecutionOrderSort2 (0ms)
		AwakeInstancesAfterBackupRestoration (12ms)
Shader 'WFX/Transparent Specular': fallback shader 'Particles/Alpha Blended' not found
Shader 'WFX/Transparent Diffuse': fallback shader 'Particles/Alpha Blended' not found
Launched and connected shader compiler UnityShaderCompiler.exe after 0.01 seconds
Refreshing native plugins compatible for Editor in 7.21 ms, found 2 plugins.
Preloading 0 native plugins for Editor in 0.00 ms.
Unloading 17 Unused Serialized files (Serialized files now loaded: 0)
Unloading 6211 unused Assets / (4.8 MB). Loaded Objects now: 7053.
Memory consumption went from 262.4 MB to 257.7 MB.
Total: 15.767500 ms (FindLiveObjects: 0.844300 ms CreateObjectMapping: 0.469900 ms MarkObjects: 12.300000 ms  DeleteObjects: 2.151900 ms)

========================================================================
Received Import Request.
  Time since last request: 77880.370825 seconds.
  path: Assets/Materials/1-fine-sand-seamless-texture.jpg
  artifactKey: Guid(32d92a30b26dbff4e9b496cb5d2ab8d3) Importer(815301076,1909f56bfc062723c751e8b465ee728b)
Start importing Assets/Materials/1-fine-sand-seamless-texture.jpg using Guid(32d92a30b26dbff4e9b496cb5d2ab8d3) Importer(815301076,1909f56bfc062723c751e8b465ee728b) (PreviewImporter) -> (artifact id: 'd19e3fab31a60c6c2cf6f6029c043e3a') in 0.1283918 seconds
Number of updated asset objects reloaded before import = 0Number of asset objects unloaded after import = 2

========================================================================
Received Import Request.
  Time since last request: 241.873415 seconds.
  path: Assets/Materials/1-fine-sand-seamless-texture.jpg
  artifactKey: Guid(32d92a30b26dbff4e9b496cb5d2ab8d3) Importer(815301076,1909f56bfc062723c751e8b465ee728b)
Start importing Assets/Materials/1-fine-sand-seamless-texture.jpg using Guid(32d92a30b26dbff4e9b496cb5d2ab8d3) Importer(815301076,1909f56bfc062723c751e8b465ee728b) (PreviewImporter) -> (artifact id: 'c5a94d60cfddc3ba701fc12b261c0a2e') in 0.014522 seconds
Number of updated asset objects reloaded before import = 0Number of asset objects unloaded after import = 2

========================================================================
Received Import Request.
  Time since last request: 0.000024 seconds.
  path: Assets/Materials/Materials/sandfloor.mat
  artifactKey: Guid(f0082a4141a9e22429fa0b8cd5cd37f4) Importer(815301076,1909f56bfc062723c751e8b465ee728b)
Start importing Assets/Materials/Materials/sandfloor.mat using Guid(f0082a4141a9e22429fa0b8cd5cd37f4) Importer(815301076,1909f56bfc062723c751e8b465ee728b) (PreviewImporter)CommandBuffer: temporary render texture  not found while executing  (Copy source)
UnityEngine.Debug:ExtractStackTraceNoAlloc (byte*,int,string)
UnityEngine.StackTraceUtility:ExtractStackTrace ()
UnityEngine.Rendering.ScriptableRenderContext:Submit ()
UnityEngine.Rendering.Universal.UniversalRenderPipeline:RenderSingleCamera (UnityEngine.Rendering.ScriptableRenderContext,UnityEngine.Rendering.Universal.UniversalCameraData) (at ./Library/PackageCache/com.unity.render-pipelines.universal@f70afd0d2146/Runtime/UniversalRenderPipeline.cs:921)
UnityEngine.Rendering.Universal.UniversalRenderPipeline:RenderSingleCameraInternal (UnityEngine.Rendering.ScriptableRenderContext,UnityEngine.Camera,UnityEngine.Rendering.Universal.UniversalAdditionalCameraData&,bool) (at ./Library/PackageCache/com.unity.render-pipelines.universal@f70afd0d2146/Runtime/UniversalRenderPipeline.cs:720)
UnityEngine.Rendering.Universal.UniversalRenderPipeline:RenderSingleCameraInternal (UnityEngine.Rendering.ScriptableRenderContext,UnityEngine.Camera,bool) (at ./Library/PackageCache/com.unity.render-pipelines.universal@f70afd0d2146/Runtime/UniversalRenderPipeline.cs:695)
UnityEngine.Rendering.Universal.UniversalRenderPipeline:Render (UnityEngine.Rendering.ScriptableRenderContext,System.Collections.Generic.List`1<UnityEngine.Camera>) (at ./Library/PackageCache/com.unity.render-pipelines.universal@f70afd0d2146/Runtime/UniversalRenderPipeline.cs:512)
UnityEngine.Rendering.RenderPipeline:InternalRender (UnityEngine.Rendering.ScriptableRenderContext,System.Collections.Generic.List`1<UnityEngine.Camera>)
UnityEngine.Rendering.RenderPipelineManager:DoRenderLoop_Internal (UnityEngine.Rendering.RenderPipelineAsset,intptr,UnityEngine.Object,Unity.Collections.LowLevel.Unsafe.AtomicSafetyHandle)
UnityEngine.Camera:Render ()
UnityEditor.PreviewRenderUtility:Render (bool,bool)
UnityEditor.MaterialEditor:DoRenderPreview (UnityEditor.PreviewRenderUtility,bool)
UnityEditor.MaterialEditor:RenderStaticPreview (string,UnityEngine.Object[],int,int)
UnityEditor.AssetPreviewUpdater:CreatePreview (UnityEngine.Object,UnityEngine.Object[],string,int,int)
UnityEditor.AssetPreviewUpdater:CreatePreviewForAsset (UnityEngine.Object,UnityEngine.Object[],string)

[./Library/PackageCache/com.unity.render-pipelines.universal@f70afd0d2146/Runtime/UniversalRenderPipeline.cs line 921]

CommandBuffer: temporary render texture  not found while executing  (Copy destination)
UnityEngine.Debug:ExtractStackTraceNoAlloc (byte*,int,string)
UnityEngine.StackTraceUtility:ExtractStackTrace ()
UnityEngine.Rendering.ScriptableRenderContext:Submit ()
UnityEngine.Rendering.Universal.UniversalRenderPipeline:RenderSingleCamera (UnityEngine.Rendering.ScriptableRenderContext,UnityEngine.Rendering.Universal.UniversalCameraData) (at ./Library/PackageCache/com.unity.render-pipelines.universal@f70afd0d2146/Runtime/UniversalRenderPipeline.cs:921)
UnityEngine.Rendering.Universal.UniversalRenderPipeline:RenderSingleCameraInternal (UnityEngine.Rendering.ScriptableRenderContext,UnityEngine.Camera,UnityEngine.Rendering.Universal.UniversalAdditionalCameraData&,bool) (at ./Library/PackageCache/com.unity.render-pipelines.universal@f70afd0d2146/Runtime/UniversalRenderPipeline.cs:720)
UnityEngine.Rendering.Universal.UniversalRenderPipeline:RenderSingleCameraInternal (UnityEngine.Rendering.ScriptableRenderContext,UnityEngine.Camera,bool) (at ./Library/PackageCache/com.unity.render-pipelines.universal@f70afd0d2146/Runtime/UniversalRenderPipeline.cs:695)
UnityEngine.Rendering.Universal.UniversalRenderPipeline:Render (UnityEngine.Rendering.ScriptableRenderContext,System.Collections.Generic.List`1<UnityEngine.Camera>) (at ./Library/PackageCache/com.unity.render-pipelines.universal@f70afd0d2146/Runtime/UniversalRenderPipeline.cs:512)
UnityEngine.Rendering.RenderPipeline:InternalRender (UnityEngine.Rendering.ScriptableRenderContext,System.Collections.Generic.List`1<UnityEngine.Camera>)
UnityEngine.Rendering.RenderPipelineManager:DoRenderLoop_Internal (UnityEngine.Rendering.RenderPipelineAsset,intptr,UnityEngine.Object,Unity.Collections.LowLevel.Unsafe.AtomicSafetyHandle)
UnityEngine.Camera:Render ()
UnityEditor.PreviewRenderUtility:Render (bool,bool)
UnityEditor.MaterialEditor:DoRenderPreview (UnityEditor.PreviewRenderUtility,bool)
UnityEditor.MaterialEditor:RenderStaticPreview (string,UnityEngine.Object[],int,int)
UnityEditor.AssetPreviewUpdater:CreatePreview (UnityEngine.Object,UnityEngine.Object[],string,int,int)
UnityEditor.AssetPreviewUpdater:CreatePreviewForAsset (UnityEngine.Object,UnityEngine.Object[],string)

[./Library/PackageCache/com.unity.render-pipelines.universal@f70afd0d2146/Runtime/UniversalRenderPipeline.cs line 921]

 -> (artifact id: '1ee7b89f8c8d769719cd833b162958fd') in 0.4927908 seconds
Number of updated asset objects reloaded before import = 0Number of asset objects unloaded after import = 6

========================================================================
Received Import Request.
  Time since last request: 38.140642 seconds.
  path: Assets/Materials/1-fine-sand-seamless-texture.jpg
  artifactKey: Guid(32d92a30b26dbff4e9b496cb5d2ab8d3) Importer(815301076,1909f56bfc062723c751e8b465ee728b)
Start importing Assets/Materials/1-fine-sand-seamless-texture.jpg using Guid(32d92a30b26dbff4e9b496cb5d2ab8d3) Importer(815301076,1909f56bfc062723c751e8b465ee728b) (PreviewImporter) -> (artifact id: 'ebee0e5d26b3e0ac8cb5055a90c371a9') in 0.0271723 seconds
Number of updated asset objects reloaded before import = 0Number of asset objects unloaded after import = 2

========================================================================
Received Import Request.
  Time since last request: 27.067146 seconds.
  path: Assets/Materials/1-fine-sand-seamless-texture.jpg
  artifactKey: Guid(32d92a30b26dbff4e9b496cb5d2ab8d3) Importer(815301076,1909f56bfc062723c751e8b465ee728b)
Start importing Assets/Materials/1-fine-sand-seamless-texture.jpg using Guid(32d92a30b26dbff4e9b496cb5d2ab8d3) Importer(815301076,1909f56bfc062723c751e8b465ee728b) (PreviewImporter) -> (artifact id: 'f65bbcc5e4db923496e8f27b357949e0') in 0.0270302 seconds
Number of updated asset objects reloaded before import = 0Number of asset objects unloaded after import = 2

========================================================================
Received Import Request.
  Time since last request: 13.103865 seconds.
  path: Assets/Materials/1-fine-sand-seamless-texture.jpg
  artifactKey: Guid(32d92a30b26dbff4e9b496cb5d2ab8d3) Importer(815301076,1909f56bfc062723c751e8b465ee728b)
Start importing Assets/Materials/1-fine-sand-seamless-texture.jpg using Guid(32d92a30b26dbff4e9b496cb5d2ab8d3) Importer(815301076,1909f56bfc062723c751e8b465ee728b) (PreviewImporter) -> (artifact id: 'ca256035bee3aac4e01f044a32d63c92') in 0.0214995 seconds
Number of updated asset objects reloaded before import = 0Number of asset objects unloaded after import = 2

========================================================================
Received Import Request.
  Time since last request: 21.465787 seconds.
  path: Assets/Materials/1-fine-sand-seamless-texture.jpg
  artifactKey: Guid(32d92a30b26dbff4e9b496cb5d2ab8d3) Importer(815301076,1909f56bfc062723c751e8b465ee728b)
Start importing Assets/Materials/1-fine-sand-seamless-texture.jpg using Guid(32d92a30b26dbff4e9b496cb5d2ab8d3) Importer(815301076,1909f56bfc062723c751e8b465ee728b) (PreviewImporter) -> (artifact id: '25fe943274d398205c53759011556d75') in 0.0100183 seconds
Number of updated asset objects reloaded before import = 0Number of asset objects unloaded after import = 2

========================================================================
Received Import Request.
  Time since last request: 17.700668 seconds.
  path: Assets/Materials/1-fine-sand-seamless-texture 1.jpg
  artifactKey: Guid(7b2f659e60c8a4844b73b94485a8f908) Importer(815301076,1909f56bfc062723c751e8b465ee728b)
Start importing Assets/Materials/1-fine-sand-seamless-texture 1.jpg using Guid(7b2f659e60c8a4844b73b94485a8f908) Importer(815301076,1909f56bfc062723c751e8b465ee728b) (PreviewImporter) -> (artifact id: '0ad90ad5840a8e7f3b87534d8bb920ba') in 0.0063164 seconds
Number of updated asset objects reloaded before import = 0Number of asset objects unloaded after import = 2

========================================================================
Received Import Request.
  Time since last request: 2.653026 seconds.
  path: Assets/Materials/1-fine-sand-seamless-texture 1.jpg
  artifactKey: Guid(7b2f659e60c8a4844b73b94485a8f908) Importer(815301076,1909f56bfc062723c751e8b465ee728b)
Start importing Assets/Materials/1-fine-sand-seamless-texture 1.jpg using Guid(7b2f659e60c8a4844b73b94485a8f908) Importer(815301076,1909f56bfc062723c751e8b465ee728b) (PreviewImporter) -> (artifact id: '9e1dd46b29b55fd599012a6755324672') in 0.0465124 seconds
Number of updated asset objects reloaded before import = 0Number of asset objects unloaded after import = 2

========================================================================
Received Prepare
Begin MonoManager ReloadAssembly
[Licensing::Client] Successfully resolved entitlement details
[Licensing::Module] License group:
  Id: F4-W4H8-9NJQ-FYFT-38SD-XXXX
  Product: Unity Personal
  Type: ULF
  Expiration: Unlimited
[Licensing::Module] License group:
  Id: 7971629442671-UnityPersXXXX
  Product: Unity Personal
  Type: Assigned
  Expiration: Unlimited
Symbol file LoadedFromMemory is not a mono symbol file
- Loaded All Assemblies, in  1.078 seconds
Refreshing native plugins compatible for Editor in 6.55 ms, found 2 plugins.
Native extension for WindowsStandalone target not found
[Package Manager] Failed to launch server process. Reason: Unity was launched with the -noUpm command-line argument
[Package Manager] Unable to send message (not connected to server process).
[Package Manager] Cannot connect to Unity Package Manager local server
[MODES] ModeService[none].Initialize
[MODES] ModeService[none].LoadModes
Your project uses Compatibility Mode, which disables the render graph system. Compatibility Mode is deprecated. Migrate your ScriptableRenderPasses to the Render Graph API instead. After you migrate, go to Edit > Project Settings > Player and remove the URP_COMPATIBILITY_MODE define from the Scripting Define Symbols. If you don't remove the define, build time and build size are slightly increased.
UnityEngine.Debug:ExtractStackTraceNoAlloc (byte*,int,string)
UnityEngine.StackTraceUtility:ExtractStackTrace ()
UnityEngine.DebugLogHandler:Internal_Log (UnityEngine.LogType,UnityEngine.LogOption,string,UnityEngine.Object)
UnityEngine.DebugLogHandler:LogFormat (UnityEngine.LogType,UnityEngine.Object,string,object[])
UnityEngine.Logger:Log (UnityEngine.LogType,object)
UnityEngine.Debug:LogWarning (object)
UnityEngine.Rendering.Universal.WarnUsingNonRenderGraph:EmitConsoleWarning () (at ./Library/PackageCache/com.unity.render-pipelines.universal@f70afd0d2146/Runtime/Data/UniversalRenderPipelineAsset.cs:440)
System.Reflection.RuntimeMethodInfo:Invoke (object,System.Reflection.BindingFlags,System.Reflection.Binder,object[],System.Globalization.CultureInfo)
System.Reflection.MethodBase:Invoke (object,object[])
UnityEditor.EditorAssemblies:ProcessInitializeOnLoadMethodAttributes ()

(Filename: ./Library/PackageCache/com.unity.render-pipelines.universal@f70afd0d2146/Runtime/Data/UniversalRenderPipelineAsset.cs Line: 440)

Mono: successfully reloaded assembly
- Finished resetting the current domain, in  1.373 seconds
Domain Reload Profiling: 2447ms
	BeginReloadAssembly (296ms)
		ExecutionOrderSort (0ms)
		DisableScriptedObjects (31ms)
		BackupInstance (0ms)
		ReleaseScriptingObjects (0ms)
		CreateAndSetChildDomain (68ms)
	RebuildCommonClasses (44ms)
	RebuildNativeTypeToScriptingClass (19ms)
	initialDomainReloadingComplete (44ms)
	LoadAllAssembliesAndSetupDomain (671ms)
		LoadAssemblies (549ms)
		RebuildTransferFunctionScriptingTraits (0ms)
		AnalyzeDomain (249ms)
			TypeCache.Refresh (10ms)
				TypeCache.ScanAssembly (0ms)
			BuildScriptInfoCaches (222ms)
			ResolveRequiredComponents (13ms)
	FinalizeReload (1374ms)
		ReleaseScriptCaches (0ms)
		RebuildScriptCaches (0ms)
		SetupLoadedEditorAssemblies (1109ms)
			LogAssemblyErrors (0ms)
			InitializePlatformSupportModulesInManaged (3ms)
			SetLoadedEditorAssemblies (4ms)
			BeforeProcessingInitializeOnLoad (192ms)
			ProcessInitializeOnLoadAttributes (554ms)
			ProcessInitializeOnLoadMethodAttributes (340ms)
			AfterProcessingInitializeOnLoad (16ms)
			EditorAssembliesLoaded (1ms)
		ExecutionOrderSort2 (0ms)
		AwakeInstancesAfterBackupRestoration (32ms)
Shader 'WFX/Transparent Specular': fallback shader 'Particles/Alpha Blended' not found
Shader 'WFX/Transparent Diffuse': fallback shader 'Particles/Alpha Blended' not found
Refreshing native plugins compatible for Editor in 8.02 ms, found 2 plugins.
Preloading 0 native plugins for Editor in 0.00 ms.
Unloading 17 Unused Serialized files (Serialized files now loaded: 0)
Unloading 6209 unused Assets / (4.5 MB). Loaded Objects now: 7135.
Memory consumption went from 267.8 MB to 263.3 MB.
Total: 18.165800 ms (FindLiveObjects: 1.071100 ms CreateObjectMapping: 0.780300 ms MarkObjects: 13.945000 ms  DeleteObjects: 2.368000 ms)

Prepare: number of updated asset objects reloaded= 0
========================================================================
Received Prepare
Begin MonoManager ReloadAssembly
[Licensing::Client] Successfully resolved entitlement details
[Licensing::Module] License group:
  Id: F4-W4H8-9NJQ-FYFT-38SD-XXXX
  Product: Unity Personal
  Type: ULF
  Expiration: Unlimited
[Licensing::Module] License group:
  Id: 7971629442671-UnityPersXXXX
  Product: Unity Personal
  Type: Assigned
  Expiration: Unlimited
Symbol file LoadedFromMemory is not a mono symbol file
- Loaded All Assemblies, in  1.043 seconds
Refreshing native plugins compatible for Editor in 7.13 ms, found 2 plugins.
Native extension for WindowsStandalone target not found
[Package Manager] Failed to launch server process. Reason: Unity was launched with the -noUpm command-line argument
[Package Manager] Unable to send message (not connected to server process).
[Package Manager] Cannot connect to Unity Package Manager local server
[MODES] ModeService[none].Initialize
[MODES] ModeService[none].LoadModes
Your project uses Compatibility Mode, which disables the render graph system. Compatibility Mode is deprecated. Migrate your ScriptableRenderPasses to the Render Graph API instead. After you migrate, go to Edit > Project Settings > Player and remove the URP_COMPATIBILITY_MODE define from the Scripting Define Symbols. If you don't remove the define, build time and build size are slightly increased.
UnityEngine.Debug:ExtractStackTraceNoAlloc (byte*,int,string)
UnityEngine.StackTraceUtility:ExtractStackTrace ()
UnityEngine.DebugLogHandler:Internal_Log (UnityEngine.LogType,UnityEngine.LogOption,string,UnityEngine.Object)
UnityEngine.DebugLogHandler:LogFormat (UnityEngine.LogType,UnityEngine.Object,string,object[])
UnityEngine.Logger:Log (UnityEngine.LogType,object)
UnityEngine.Debug:LogWarning (object)
UnityEngine.Rendering.Universal.WarnUsingNonRenderGraph:EmitConsoleWarning () (at ./Library/PackageCache/com.unity.render-pipelines.universal@f70afd0d2146/Runtime/Data/UniversalRenderPipelineAsset.cs:440)
System.Reflection.RuntimeMethodInfo:Invoke (object,System.Reflection.BindingFlags,System.Reflection.Binder,object[],System.Globalization.CultureInfo)
System.Reflection.MethodBase:Invoke (object,object[])
UnityEditor.EditorAssemblies:ProcessInitializeOnLoadMethodAttributes ()

(Filename: ./Library/PackageCache/com.unity.render-pipelines.universal@f70afd0d2146/Runtime/Data/UniversalRenderPipelineAsset.cs Line: 440)

Mono: successfully reloaded assembly
- Finished resetting the current domain, in  1.425 seconds
Domain Reload Profiling: 2465ms
	BeginReloadAssembly (276ms)
		ExecutionOrderSort (0ms)
		DisableScriptedObjects (9ms)
		BackupInstance (0ms)
		ReleaseScriptingObjects (0ms)
		CreateAndSetChildDomain (59ms)
	RebuildCommonClasses (43ms)
	RebuildNativeTypeToScriptingClass (19ms)
	initialDomainReloadingComplete (44ms)
	LoadAllAssembliesAndSetupDomain (657ms)
		LoadAssemblies (539ms)
		RebuildTransferFunctionScriptingTraits (0ms)
		AnalyzeDomain (254ms)
			TypeCache.Refresh (9ms)
				TypeCache.ScanAssembly (0ms)
			BuildScriptInfoCaches (226ms)
			ResolveRequiredComponents (14ms)
	FinalizeReload (1426ms)
		ReleaseScriptCaches (0ms)
		RebuildScriptCaches (0ms)
		SetupLoadedEditorAssemblies (1202ms)
			LogAssemblyErrors (0ms)
			InitializePlatformSupportModulesInManaged (3ms)
			SetLoadedEditorAssemblies (4ms)
			BeforeProcessingInitializeOnLoad (200ms)
			ProcessInitializeOnLoadAttributes (613ms)
			ProcessInitializeOnLoadMethodAttributes (364ms)
			AfterProcessingInitializeOnLoad (18ms)
			EditorAssembliesLoaded (1ms)
		ExecutionOrderSort2 (0ms)
		AwakeInstancesAfterBackupRestoration (30ms)
Shader 'WFX/Transparent Specular': fallback shader 'Particles/Alpha Blended' not found
Shader 'WFX/Transparent Diffuse': fallback shader 'Particles/Alpha Blended' not found
Refreshing native plugins compatible for Editor in 8.75 ms, found 2 plugins.
Preloading 0 native plugins for Editor in 0.00 ms.
Unloading 17 Unused Serialized files (Serialized files now loaded: 0)
Unloading 6209 unused Assets / (4.4 MB). Loaded Objects now: 7139.
Memory consumption went from 267.3 MB to 262.9 MB.
Total: 19.334800 ms (FindLiveObjects: 1.303400 ms CreateObjectMapping: 0.784200 ms MarkObjects: 14.368700 ms  DeleteObjects: 2.876500 ms)

Prepare: number of updated asset objects reloaded= 1
========================================================================
Received Prepare
Begin MonoManager ReloadAssembly
Symbol file LoadedFromMemory is not a mono symbol file
- Loaded All Assemblies, in  1.106 seconds
Refreshing native plugins compatible for Editor in 6.86 ms, found 2 plugins.
Native extension for WindowsStandalone target not found
[Package Manager] Failed to launch server process. Reason: Unity was launched with the -noUpm command-line argument
[Package Manager] Unable to send message (not connected to server process).
[Package Manager] Cannot connect to Unity Package Manager local server
[MODES] ModeService[none].Initialize
[MODES] ModeService[none].LoadModes
Your project uses Compatibility Mode, which disables the render graph system. Compatibility Mode is deprecated. Migrate your ScriptableRenderPasses to the Render Graph API instead. After you migrate, go to Edit > Project Settings > Player and remove the URP_COMPATIBILITY_MODE define from the Scripting Define Symbols. If you don't remove the define, build time and build size are slightly increased.
UnityEngine.Debug:ExtractStackTraceNoAlloc (byte*,int,string)
UnityEngine.StackTraceUtility:ExtractStackTrace ()
UnityEngine.DebugLogHandler:Internal_Log (UnityEngine.LogType,UnityEngine.LogOption,string,UnityEngine.Object)
UnityEngine.DebugLogHandler:LogFormat (UnityEngine.LogType,UnityEngine.Object,string,object[])
UnityEngine.Logger:Log (UnityEngine.LogType,object)
UnityEngine.Debug:LogWarning (object)
UnityEngine.Rendering.Universal.WarnUsingNonRenderGraph:EmitConsoleWarning () (at ./Library/PackageCache/com.unity.render-pipelines.universal@f70afd0d2146/Runtime/Data/UniversalRenderPipelineAsset.cs:440)
System.Reflection.RuntimeMethodInfo:Invoke (object,System.Reflection.BindingFlags,System.Reflection.Binder,object[],System.Globalization.CultureInfo)
System.Reflection.MethodBase:Invoke (object,object[])
UnityEditor.EditorAssemblies:ProcessInitializeOnLoadMethodAttributes ()

(Filename: ./Library/PackageCache/com.unity.render-pipelines.universal@f70afd0d2146/Runtime/Data/UniversalRenderPipelineAsset.cs Line: 440)

Mono: successfully reloaded assembly
- Finished resetting the current domain, in  1.529 seconds
Domain Reload Profiling: 2632ms
	BeginReloadAssembly (295ms)
		ExecutionOrderSort (0ms)
		DisableScriptedObjects (10ms)
		BackupInstance (0ms)
		ReleaseScriptingObjects (0ms)
		CreateAndSetChildDomain (64ms)
	RebuildCommonClasses (49ms)
	RebuildNativeTypeToScriptingClass (21ms)
	initialDomainReloadingComplete (48ms)
	LoadAllAssembliesAndSetupDomain (689ms)
		LoadAssemblies (559ms)
		RebuildTransferFunctionScriptingTraits (0ms)
		AnalyzeDomain (275ms)
			TypeCache.Refresh (10ms)
				TypeCache.ScanAssembly (0ms)
			BuildScriptInfoCaches (246ms)
			ResolveRequiredComponents (15ms)
	FinalizeReload (1530ms)
		ReleaseScriptCaches (0ms)
		RebuildScriptCaches (0ms)
		SetupLoadedEditorAssemblies (1292ms)
			LogAssemblyErrors (0ms)
			InitializePlatformSupportModulesInManaged (3ms)
			SetLoadedEditorAssemblies (4ms)
			BeforeProcessingInitializeOnLoad (239ms)
			ProcessInitializeOnLoadAttributes (660ms)
			ProcessInitializeOnLoadMethodAttributes (368ms)
			AfterProcessingInitializeOnLoad (17ms)
			EditorAssembliesLoaded (1ms)
		ExecutionOrderSort2 (0ms)
		AwakeInstancesAfterBackupRestoration (33ms)
Shader 'WFX/Transparent Specular': fallback shader 'Particles/Alpha Blended' not found
Shader 'WFX/Transparent Diffuse': fallback shader 'Particles/Alpha Blended' not found
Refreshing native plugins compatible for Editor in 8.32 ms, found 2 plugins.
Preloading 0 native plugins for Editor in 0.00 ms.
Unloading 17 Unused Serialized files (Serialized files now loaded: 0)
Unloading 6209 unused Assets / (4.1 MB). Loaded Objects now: 7143.
Memory consumption went from 267.4 MB to 263.3 MB.
Total: 19.149300 ms (FindLiveObjects: 0.979800 ms CreateObjectMapping: 0.615000 ms MarkObjects: 15.331000 ms  DeleteObjects: 2.221900 ms)

Prepare: number of updated asset objects reloaded= 0
========================================================================
Received Prepare
Begin MonoManager ReloadAssembly
[Licensing::Client] Successfully resolved entitlement details
[Licensing::Module] License group:
  Id: F4-W4H8-9NJQ-FYFT-38SD-XXXX
  Product: Unity Personal
  Type: ULF
  Expiration: Unlimited
[Licensing::Module] License group:
  Id: 7971629442671-UnityPersXXXX
  Product: Unity Personal
  Type: Assigned
  Expiration: Unlimited
Symbol file LoadedFromMemory is not a mono symbol file
- Loaded All Assemblies, in  1.057 seconds
Refreshing native plugins compatible for Editor in 7.59 ms, found 2 plugins.
Native extension for WindowsStandalone target not found
[Package Manager] Failed to launch server process. Reason: Unity was launched with the -noUpm command-line argument
[Package Manager] Unable to send message (not connected to server process).
[Package Manager] Cannot connect to Unity Package Manager local server
[MODES] ModeService[none].Initialize
[MODES] ModeService[none].LoadModes
Your project uses Compatibility Mode, which disables the render graph system. Compatibility Mode is deprecated. Migrate your ScriptableRenderPasses to the Render Graph API instead. After you migrate, go to Edit > Project Settings > Player and remove the URP_COMPATIBILITY_MODE define from the Scripting Define Symbols. If you don't remove the define, build time and build size are slightly increased.
UnityEngine.Debug:ExtractStackTraceNoAlloc (byte*,int,string)
UnityEngine.StackTraceUtility:ExtractStackTrace ()
UnityEngine.DebugLogHandler:Internal_Log (UnityEngine.LogType,UnityEngine.LogOption,string,UnityEngine.Object)
UnityEngine.DebugLogHandler:LogFormat (UnityEngine.LogType,UnityEngine.Object,string,object[])
UnityEngine.Logger:Log (UnityEngine.LogType,object)
UnityEngine.Debug:LogWarning (object)
UnityEngine.Rendering.Universal.WarnUsingNonRenderGraph:EmitConsoleWarning () (at ./Library/PackageCache/com.unity.render-pipelines.universal@f70afd0d2146/Runtime/Data/UniversalRenderPipelineAsset.cs:440)
System.Reflection.RuntimeMethodInfo:Invoke (object,System.Reflection.BindingFlags,System.Reflection.Binder,object[],System.Globalization.CultureInfo)
System.Reflection.MethodBase:Invoke (object,object[])
UnityEditor.EditorAssemblies:ProcessInitializeOnLoadMethodAttributes ()

(Filename: ./Library/PackageCache/com.unity.render-pipelines.universal@f70afd0d2146/Runtime/Data/UniversalRenderPipelineAsset.cs Line: 440)

Mono: successfully reloaded assembly
- Finished resetting the current domain, in  1.342 seconds
Domain Reload Profiling: 2396ms
	BeginReloadAssembly (262ms)
		ExecutionOrderSort (0ms)
		DisableScriptedObjects (8ms)
		BackupInstance (0ms)
		ReleaseScriptingObjects (0ms)
		CreateAndSetChildDomain (58ms)
	RebuildCommonClasses (43ms)
	RebuildNativeTypeToScriptingClass (19ms)
	initialDomainReloadingComplete (43ms)
	LoadAllAssembliesAndSetupDomain (686ms)
		LoadAssemblies (562ms)
		RebuildTransferFunctionScriptingTraits (0ms)
		AnalyzeDomain (250ms)
			TypeCache.Refresh (10ms)
				TypeCache.ScanAssembly (0ms)
			BuildScriptInfoCaches (223ms)
			ResolveRequiredComponents (13ms)
	FinalizeReload (1342ms)
		ReleaseScriptCaches (0ms)
		RebuildScriptCaches (0ms)
		SetupLoadedEditorAssemblies (1123ms)
			LogAssemblyErrors (0ms)
			InitializePlatformSupportModulesInManaged (3ms)
			SetLoadedEditorAssemblies (4ms)
			BeforeProcessingInitializeOnLoad (196ms)
			ProcessInitializeOnLoadAttributes (565ms)
			ProcessInitializeOnLoadMethodAttributes (338ms)
			AfterProcessingInitializeOnLoad (16ms)
			EditorAssembliesLoaded (1ms)
		ExecutionOrderSort2 (0ms)
		AwakeInstancesAfterBackupRestoration (30ms)
Shader 'WFX/Transparent Specular': fallback shader 'Particles/Alpha Blended' not found
Shader 'WFX/Transparent Diffuse': fallback shader 'Particles/Alpha Blended' not found
Refreshing native plugins compatible for Editor in 8.32 ms, found 2 plugins.
Preloading 0 native plugins for Editor in 0.00 ms.
Unloading 17 Unused Serialized files (Serialized files now loaded: 0)
Unloading 6209 unused Assets / (4.3 MB). Loaded Objects now: 7147.
Memory consumption went from 267.5 MB to 263.2 MB.
Total: 18.050200 ms (FindLiveObjects: 0.915100 ms CreateObjectMapping: 0.593000 ms MarkObjects: 13.998000 ms  DeleteObjects: 2.542100 ms)

Prepare: number of updated asset objects reloaded= 0
========================================================================
Received Prepare
Begin MonoManager ReloadAssembly
Symbol file LoadedFromMemory is not a mono symbol file
- Loaded All Assemblies, in  1.003 seconds
Refreshing native plugins compatible for Editor in 8.44 ms, found 2 plugins.
Native extension for WindowsStandalone target not found
[Package Manager] Failed to launch server process. Reason: Unity was launched with the -noUpm command-line argument
[Package Manager] Unable to send message (not connected to server process).
[Package Manager] Cannot connect to Unity Package Manager local server
[MODES] ModeService[none].Initialize
[MODES] ModeService[none].LoadModes
Your project uses Compatibility Mode, which disables the render graph system. Compatibility Mode is deprecated. Migrate your ScriptableRenderPasses to the Render Graph API instead. After you migrate, go to Edit > Project Settings > Player and remove the URP_COMPATIBILITY_MODE define from the Scripting Define Symbols. If you don't remove the define, build time and build size are slightly increased.
UnityEngine.Debug:ExtractStackTraceNoAlloc (byte*,int,string)
UnityEngine.StackTraceUtility:ExtractStackTrace ()
UnityEngine.DebugLogHandler:Internal_Log (UnityEngine.LogType,UnityEngine.LogOption,string,UnityEngine.Object)
UnityEngine.DebugLogHandler:LogFormat (UnityEngine.LogType,UnityEngine.Object,string,object[])
UnityEngine.Logger:Log (UnityEngine.LogType,object)
UnityEngine.Debug:LogWarning (object)
UnityEngine.Rendering.Universal.WarnUsingNonRenderGraph:EmitConsoleWarning () (at ./Library/PackageCache/com.unity.render-pipelines.universal@f70afd0d2146/Runtime/Data/UniversalRenderPipelineAsset.cs:440)
System.Reflection.RuntimeMethodInfo:Invoke (object,System.Reflection.BindingFlags,System.Reflection.Binder,object[],System.Globalization.CultureInfo)
System.Reflection.MethodBase:Invoke (object,object[])
UnityEditor.EditorAssemblies:ProcessInitializeOnLoadMethodAttributes ()

(Filename: ./Library/PackageCache/com.unity.render-pipelines.universal@f70afd0d2146/Runtime/Data/UniversalRenderPipelineAsset.cs Line: 440)

Mono: successfully reloaded assembly
- Finished resetting the current domain, in  1.265 seconds
Domain Reload Profiling: 2265ms
	BeginReloadAssembly (263ms)
		ExecutionOrderSort (0ms)
		DisableScriptedObjects (9ms)
		BackupInstance (0ms)
		ReleaseScriptingObjects (0ms)
		CreateAndSetChildDomain (57ms)
	RebuildCommonClasses (43ms)
	RebuildNativeTypeToScriptingClass (19ms)
	initialDomainReloadingComplete (43ms)
	LoadAllAssembliesAndSetupDomain (630ms)
		LoadAssemblies (505ms)
		RebuildTransferFunctionScriptingTraits (0ms)
		AnalyzeDomain (253ms)
			TypeCache.Refresh (9ms)
				TypeCache.ScanAssembly (0ms)
			BuildScriptInfoCaches (227ms)
			ResolveRequiredComponents (13ms)
	FinalizeReload (1266ms)
		ReleaseScriptCaches (0ms)
		RebuildScriptCaches (0ms)
		SetupLoadedEditorAssemblies (1046ms)
			LogAssemblyErrors (0ms)
			InitializePlatformSupportModulesInManaged (3ms)
			SetLoadedEditorAssemblies (4ms)
			BeforeProcessingInitializeOnLoad (203ms)
			ProcessInitializeOnLoadAttributes (540ms)
			ProcessInitializeOnLoadMethodAttributes (282ms)
			AfterProcessingInitializeOnLoad (13ms)
			EditorAssembliesLoaded (0ms)
		ExecutionOrderSort2 (0ms)
		AwakeInstancesAfterBackupRestoration (25ms)
Shader 'WFX/Transparent Specular': fallback shader 'Particles/Alpha Blended' not found
Shader 'WFX/Transparent Diffuse': fallback shader 'Particles/Alpha Blended' not found
Refreshing native plugins compatible for Editor in 7.64 ms, found 2 plugins.
Preloading 0 native plugins for Editor in 0.00 ms.
Unloading 17 Unused Serialized files (Serialized files now loaded: 0)
Unloading 6209 unused Assets / (4.1 MB). Loaded Objects now: 7151.
Memory consumption went from 267.5 MB to 263.4 MB.
Total: 15.728300 ms (FindLiveObjects: 0.888800 ms CreateObjectMapping: 0.548700 ms MarkObjects: 12.348300 ms  DeleteObjects: 1.941000 ms)

Prepare: number of updated asset objects reloaded= 0
========================================================================
Received Prepare
Begin MonoManager ReloadAssembly
[Licensing::Client] Successfully resolved entitlement details
[Licensing::Module] License group:
  Id: F4-W4H8-9NJQ-FYFT-38SD-XXXX
  Product: Unity Personal
  Type: ULF
  Expiration: Unlimited
[Licensing::Module] License group:
  Id: 7971629442671-UnityPersXXXX
  Product: Unity Personal
  Type: Assigned
  Expiration: Unlimited
Symbol file LoadedFromMemory is not a mono symbol file
- Loaded All Assemblies, in  0.992 seconds
Refreshing native plugins compatible for Editor in 7.39 ms, found 2 plugins.
Native extension for WindowsStandalone target not found
[Package Manager] Failed to launch server process. Reason: Unity was launched with the -noUpm command-line argument
[Package Manager] Unable to send message (not connected to server process).
[Package Manager] Cannot connect to Unity Package Manager local server
[MODES] ModeService[none].Initialize
[MODES] ModeService[none].LoadModes
Your project uses Compatibility Mode, which disables the render graph system. Compatibility Mode is deprecated. Migrate your ScriptableRenderPasses to the Render Graph API instead. After you migrate, go to Edit > Project Settings > Player and remove the URP_COMPATIBILITY_MODE define from the Scripting Define Symbols. If you don't remove the define, build time and build size are slightly increased.
UnityEngine.Debug:ExtractStackTraceNoAlloc (byte*,int,string)
UnityEngine.StackTraceUtility:ExtractStackTrace ()
UnityEngine.DebugLogHandler:Internal_Log (UnityEngine.LogType,UnityEngine.LogOption,string,UnityEngine.Object)
UnityEngine.DebugLogHandler:LogFormat (UnityEngine.LogType,UnityEngine.Object,string,object[])
UnityEngine.Logger:Log (UnityEngine.LogType,object)
UnityEngine.Debug:LogWarning (object)
UnityEngine.Rendering.Universal.WarnUsingNonRenderGraph:EmitConsoleWarning () (at ./Library/PackageCache/com.unity.render-pipelines.universal@f70afd0d2146/Runtime/Data/UniversalRenderPipelineAsset.cs:440)
System.Reflection.RuntimeMethodInfo:Invoke (object,System.Reflection.BindingFlags,System.Reflection.Binder,object[],System.Globalization.CultureInfo)
System.Reflection.MethodBase:Invoke (object,object[])
UnityEditor.EditorAssemblies:ProcessInitializeOnLoadMethodAttributes ()

(Filename: ./Library/PackageCache/com.unity.render-pipelines.universal@f70afd0d2146/Runtime/Data/UniversalRenderPipelineAsset.cs Line: 440)

Mono: successfully reloaded assembly
- Finished resetting the current domain, in  1.339 seconds
Domain Reload Profiling: 2328ms
	BeginReloadAssembly (262ms)
		ExecutionOrderSort (0ms)
		DisableScriptedObjects (8ms)
		BackupInstance (0ms)
		ReleaseScriptingObjects (0ms)
		CreateAndSetChildDomain (57ms)
	RebuildCommonClasses (43ms)
	RebuildNativeTypeToScriptingClass (19ms)
	initialDomainReloadingComplete (44ms)
	LoadAllAssembliesAndSetupDomain (620ms)
		LoadAssemblies (497ms)
		RebuildTransferFunctionScriptingTraits (0ms)
		AnalyzeDomain (249ms)
			TypeCache.Refresh (9ms)
				TypeCache.ScanAssembly (0ms)
			BuildScriptInfoCaches (223ms)
			ResolveRequiredComponents (13ms)
	FinalizeReload (1340ms)
		ReleaseScriptCaches (0ms)
		RebuildScriptCaches (0ms)
		SetupLoadedEditorAssemblies (1123ms)
			LogAssemblyErrors (0ms)
			InitializePlatformSupportModulesInManaged (3ms)
			SetLoadedEditorAssemblies (5ms)
			BeforeProcessingInitializeOnLoad (200ms)
			ProcessInitializeOnLoadAttributes (572ms)
			ProcessInitializeOnLoadMethodAttributes (326ms)
			AfterProcessingInitializeOnLoad (17ms)
			EditorAssembliesLoaded (1ms)
		ExecutionOrderSort2 (0ms)
		AwakeInstancesAfterBackupRestoration (33ms)
Shader 'WFX/Transparent Specular': fallback shader 'Particles/Alpha Blended' not found
Shader 'WFX/Transparent Diffuse': fallback shader 'Particles/Alpha Blended' not found
Refreshing native plugins compatible for Editor in 7.73 ms, found 2 plugins.
Preloading 0 native plugins for Editor in 0.00 ms.
Unloading 17 Unused Serialized files (Serialized files now loaded: 0)
Unloading 6209 unused Assets / (4.2 MB). Loaded Objects now: 7155.
Memory consumption went from 267.6 MB to 263.4 MB.
Total: 16.340300 ms (FindLiveObjects: 0.965300 ms CreateObjectMapping: 0.573200 ms MarkObjects: 11.938800 ms  DeleteObjects: 2.861600 ms)

Prepare: number of updated asset objects reloaded= 0
========================================================================
Received Prepare
Begin MonoManager ReloadAssembly
[Licensing::Client] Successfully resolved entitlement details
[Licensing::Module] License group:
  Id: F4-W4H8-9NJQ-FYFT-38SD-XXXX
  Product: Unity Personal
  Type: ULF
  Expiration: Unlimited
[Licensing::Module] License group:
  Id: 7971629442671-UnityPersXXXX
  Product: Unity Personal
  Type: Assigned
  Expiration: Unlimited
Symbol file LoadedFromMemory is not a mono symbol file
- Loaded All Assemblies, in  1.015 seconds
Refreshing native plugins compatible for Editor in 7.38 ms, found 2 plugins.
Native extension for WindowsStandalone target not found
[Package Manager] Failed to launch server process. Reason: Unity was launched with the -noUpm command-line argument
[Package Manager] Unable to send message (not connected to server process).
[Package Manager] Cannot connect to Unity Package Manager local server
[MODES] ModeService[none].Initialize
[MODES] ModeService[none].LoadModes
Your project uses Compatibility Mode, which disables the render graph system. Compatibility Mode is deprecated. Migrate your ScriptableRenderPasses to the Render Graph API instead. After you migrate, go to Edit > Project Settings > Player and remove the URP_COMPATIBILITY_MODE define from the Scripting Define Symbols. If you don't remove the define, build time and build size are slightly increased.
UnityEngine.Debug:ExtractStackTraceNoAlloc (byte*,int,string)
UnityEngine.StackTraceUtility:ExtractStackTrace ()
UnityEngine.DebugLogHandler:Internal_Log (UnityEngine.LogType,UnityEngine.LogOption,string,UnityEngine.Object)
UnityEngine.DebugLogHandler:LogFormat (UnityEngine.LogType,UnityEngine.Object,string,object[])
UnityEngine.Logger:Log (UnityEngine.LogType,object)
UnityEngine.Debug:LogWarning (object)
UnityEngine.Rendering.Universal.WarnUsingNonRenderGraph:EmitConsoleWarning () (at ./Library/PackageCache/com.unity.render-pipelines.universal@f70afd0d2146/Runtime/Data/UniversalRenderPipelineAsset.cs:440)
System.Reflection.RuntimeMethodInfo:Invoke (object,System.Reflection.BindingFlags,System.Reflection.Binder,object[],System.Globalization.CultureInfo)
System.Reflection.MethodBase:Invoke (object,object[])
UnityEditor.EditorAssemblies:ProcessInitializeOnLoadMethodAttributes ()

(Filename: ./Library/PackageCache/com.unity.render-pipelines.universal@f70afd0d2146/Runtime/Data/UniversalRenderPipelineAsset.cs Line: 440)

Mono: successfully reloaded assembly
- Finished resetting the current domain, in  1.621 seconds
Domain Reload Profiling: 2633ms
	BeginReloadAssembly (271ms)
		ExecutionOrderSort (0ms)
		DisableScriptedObjects (9ms)
		BackupInstance (0ms)
		ReleaseScriptingObjects (0ms)
		CreateAndSetChildDomain (59ms)
	RebuildCommonClasses (44ms)
	RebuildNativeTypeToScriptingClass (19ms)
	initialDomainReloadingComplete (44ms)
	LoadAllAssembliesAndSetupDomain (634ms)
		LoadAssemblies (513ms)
		RebuildTransferFunctionScriptingTraits (0ms)
		AnalyzeDomain (251ms)
			TypeCache.Refresh (9ms)
				TypeCache.ScanAssembly (0ms)
			BuildScriptInfoCaches (225ms)
			ResolveRequiredComponents (13ms)
	FinalizeReload (1621ms)
		ReleaseScriptCaches (0ms)
		RebuildScriptCaches (0ms)
		SetupLoadedEditorAssemblies (1376ms)
			LogAssemblyErrors (0ms)
			InitializePlatformSupportModulesInManaged (3ms)
			SetLoadedEditorAssemblies (5ms)
			BeforeProcessingInitializeOnLoad (226ms)
			ProcessInitializeOnLoadAttributes (716ms)
			ProcessInitializeOnLoadMethodAttributes (407ms)
			AfterProcessingInitializeOnLoad (19ms)
			EditorAssembliesLoaded (1ms)
		ExecutionOrderSort2 (0ms)
		AwakeInstancesAfterBackupRestoration (43ms)
Shader 'WFX/Transparent Specular': fallback shader 'Particles/Alpha Blended' not found
Shader 'WFX/Transparent Diffuse': fallback shader 'Particles/Alpha Blended' not found
Refreshing native plugins compatible for Editor in 9.71 ms, found 2 plugins.
Preloading 0 native plugins for Editor in 0.00 ms.
Unloading 17 Unused Serialized files (Serialized files now loaded: 0)
Unloading 6209 unused Assets / (4.2 MB). Loaded Objects now: 7159.
Memory consumption went from 267.6 MB to 263.4 MB.
Total: 19.730100 ms (FindLiveObjects: 1.282400 ms CreateObjectMapping: 0.734600 ms MarkObjects: 15.331000 ms  DeleteObjects: 2.380900 ms)

Prepare: number of updated asset objects reloaded= 0
========================================================================
Received Import Request.
  Time since last request: 1775.047919 seconds.
  path: Assets/World/Environment/Textures/Custom/trainWagonNormal.jpg
  artifactKey: Guid(28a8e5ae28fc48640a012b4589c36e6f) Importer(2089858483,b0f066a214c2f5e87bad3c948f4d605d)
Start importing Assets/World/Environment/Textures/Custom/trainWagonNormal.jpg using Guid(28a8e5ae28fc48640a012b4589c36e6f) Importer(2089858483,b0f066a214c2f5e87bad3c948f4d605d) (ScriptedImporter) -> (artifact id: 'e7dda58c9686b9ebaae62a66145a7b18') in 0.3038369 seconds
Number of updated asset objects reloaded before import = 0Number of asset objects unloaded after import = 1

========================================================================
Received Import Request.
  Time since last request: 0.000025 seconds.
  path: Assets/World/Environment/Prefabs/Building2/LocoMat.mat
  artifactKey: Guid(0812fc14f7833b44cb5248c2b78eb234) Importer(2089858483,b0f066a214c2f5e87bad3c948f4d605d)
Start importing Assets/World/Environment/Prefabs/Building2/LocoMat.mat using Guid(0812fc14f7833b44cb5248c2b78eb234) Importer(2089858483,b0f066a214c2f5e87bad3c948f4d605d) (ScriptedImporter) -> (artifact id: 'e84e8df1fa60a6b141a02ccf563ff709') in 0.361942 seconds
Number of updated asset objects reloaded before import = 0Number of asset objects unloaded after import = 6

========================================================================
Received Import Request.
  Time since last request: 0.000027 seconds.
  path: Assets/Materials/1-fine-sand-seamless-texture 1.jpg
  artifactKey: Guid(7b2f659e60c8a4844b73b94485a8f908) Importer(2089858483,b0f066a214c2f5e87bad3c948f4d605d)
Start importing Assets/Materials/1-fine-sand-seamless-texture 1.jpg using Guid(7b2f659e60c8a4844b73b94485a8f908) Importer(2089858483,b0f066a214c2f5e87bad3c948f4d605d) (ScriptedImporter) -> (artifact id: '1288d71798099f378f1472ddf772fb20') in 0.0170543 seconds
Number of updated asset objects reloaded before import = 0Number of asset objects unloaded after import = 1

========================================================================
Received Import Request.
  Time since last request: 0.000015 seconds.
  path: Assets/Game/Scenes/Playground.unity
  artifactKey: Guid(707acc8dffb72b144bb1ffbe1c965f3d) Importer(2089858483,b0f066a214c2f5e87bad3c948f4d605d)
Start importing Assets/Game/Scenes/Playground.unity using Guid(707acc8dffb72b144bb1ffbe1c965f3d) Importer(2089858483,b0f066a214c2f5e87bad3c948f4d605d) (ScriptedImporter) -> (artifact id: '7386c9957e619da4436a5afc19457506') in 0.1189043 seconds
Number of updated asset objects reloaded before import = 0Number of asset objects unloaded after import = 1

========================================================================
Received Import Request.
  Time since last request: 0.000020 seconds.
  path: Assets/World/Effects/WarFX/Demo/WarFX Demo NewSettings.lighting
  artifactKey: Guid(a352ddcb10b77b44798b79a9e3f2ef0b) Importer(2089858483,b0f066a214c2f5e87bad3c948f4d605d)
Start importing Assets/World/Effects/WarFX/Demo/WarFX Demo NewSettings.lighting using Guid(a352ddcb10b77b44798b79a9e3f2ef0b) Importer(2089858483,b0f066a214c2f5e87bad3c948f4d605d) (ScriptedImporter) -> (artifact id: '4596ca6a66e20d6ba714e2fa32e73e1a') in 0.0203477 seconds
Number of updated asset objects reloaded before import = 0Number of asset objects unloaded after import = 1

========================================================================
Received Import Request.
  Time since last request: 0.000030 seconds.
  path: Assets/World/Environment/Materials/Lanterns/Latern4_colormap.mat
  artifactKey: Guid(de1e4e1a8ed19f9438342d79e0edf248) Importer(2089858483,b0f066a214c2f5e87bad3c948f4d605d)
Start importing Assets/World/Environment/Materials/Lanterns/Latern4_colormap.mat using Guid(de1e4e1a8ed19f9438342d79e0edf248) Importer(2089858483,b0f066a214c2f5e87bad3c948f4d605d) (ScriptedImporter) -> (artifact id: '5c16fe29dc83e5d509be9883834cea5f') in 0.1952897 seconds
Number of updated asset objects reloaded before import = 0Number of asset objects unloaded after import = 5

========================================================================
Received Import Request.
  Time since last request: 21.965781 seconds.
  path: Assets/Shaders/WorldSpaceUV.shadergraph
  artifactKey: Guid(dd601db71da4e0344896e75e882ff4c8) Importer(815301076,1909f56bfc062723c751e8b465ee728b)
Start importing Assets/Shaders/WorldSpaceUV.shadergraph using Guid(dd601db71da4e0344896e75e882ff4c8) Importer(815301076,1909f56bfc062723c751e8b465ee728b) (PreviewImporter) -> (artifact id: 'a2f7adce8e2d236efbb2f0a35fc8de4e') in 1.5057281 seconds
Number of updated asset objects reloaded before import = 0Number of asset objects unloaded after import = 4

========================================================================
Received Import Request.
  Time since last request: 29.081391 seconds.
  path: Packages/com.unity.render-pipelines.universal/Shaders/Nature/SpeedTree8_PBRLit.shadergraph
  artifactKey: Guid(9920c1f1781549a46ba081a2a15a16ec) Importer(815301076,1909f56bfc062723c751e8b465ee728b)
Start importing Packages/com.unity.render-pipelines.universal/Shaders/Nature/SpeedTree8_PBRLit.shadergraph using Guid(9920c1f1781549a46ba081a2a15a16ec) Importer(815301076,1909f56bfc062723c751e8b465ee728b) (PreviewImporter) -> (artifact id: '501f28837792142c039f5338796b7079') in 1.9228469 seconds
Number of updated asset objects reloaded before import = 0Number of asset objects unloaded after import = 0

========================================================================
Received Import Request.
  Time since last request: 1.017459 seconds.
  path: Packages/com.unity.render-pipelines.universal/Shaders/Nature/SpeedTree7Billboard.shader
  artifactKey: Guid(5ec81c81908db34429b4f6ddecadd3bd) Importer(815301076,1909f56bfc062723c751e8b465ee728b)
Start importing Packages/com.unity.render-pipelines.universal/Shaders/Nature/SpeedTree7Billboard.shader using Guid(5ec81c81908db34429b4f6ddecadd3bd) Importer(815301076,1909f56bfc062723c751e8b465ee728b) (PreviewImporter) -> (artifact id: '25da2f4bd99b811c0fbfb3463d6d7ddb') in 0.0022708 seconds
Number of updated asset objects reloaded before import = 0Number of asset objects unloaded after import = 0

========================================================================
Received Import Request.
  Time since last request: 105.117916 seconds.
  path: Packages/com.unity.render-pipelines.universal/Shaders/AutodeskInteractive/AutodeskInteractive.shadergraph
  artifactKey: Guid(0e9d5a909a1f7e84882a534d0d11e49f) Importer(815301076,1909f56bfc062723c751e8b465ee728b)
Start importing Packages/com.unity.render-pipelines.universal/Shaders/AutodeskInteractive/AutodeskInteractive.shadergraph using Guid(0e9d5a909a1f7e84882a534d0d11e49f) Importer(815301076,1909f56bfc062723c751e8b465ee728b) (PreviewImporter) -> (artifact id: '6afa0d223b7231cffb9a26a4ffc66f19') in 0.0138097 seconds
Number of updated asset objects reloaded before import = 0Number of asset objects unloaded after import = 0

========================================================================
Received Import Request.
  Time since last request: 72.809802 seconds.
  path: Assets/worldbuilding/Door_Frame_Wood.prefab
  artifactKey: Guid(2f2c9f0acff0b984fb1f84d88a049944) Importer(815301076,1909f56bfc062723c751e8b465ee728b)
Start importing Assets/worldbuilding/Door_Frame_Wood.prefab using Guid(2f2c9f0acff0b984fb1f84d88a049944) Importer(815301076,1909f56bfc062723c751e8b465ee728b) (PreviewImporter) -> (artifact id: '9d74c957bad1ae3bdca02980f68d7c81') in 1.1776245 seconds
Number of updated asset objects reloaded before import = 0Number of asset objects unloaded after import = 21

========================================================================
Received Import Request.
  Time since last request: 0.000039 seconds.
  path: Assets/World/Environment/Prefabs/Building2/Roof_Wood_End_Cap_Inv_Corner.prefab
  artifactKey: Guid(4ed4487ce2b2f064fa995e833a57bcb1) Importer(815301076,1909f56bfc062723c751e8b465ee728b)
Start importing Assets/World/Environment/Prefabs/Building2/Roof_Wood_End_Cap_Inv_Corner.prefab using Guid(4ed4487ce2b2f064fa995e833a57bcb1) Importer(815301076,1909f56bfc062723c751e8b465ee728b) (PreviewImporter) -> (artifact id: '317a07cd5eb1e42479d82ab429a7e2cb') in 0.2800126 seconds
Number of updated asset objects reloaded before import = 0Number of asset objects unloaded after import = 23

========================================================================
Received Import Request.
  Time since last request: 0.000045 seconds.
  path: Assets/World/Environment/Prefabs/Building2/Stairs_Wood_2x1.prefab
  artifactKey: Guid(609a68bb21244744dae923af08dd7d41) Importer(815301076,1909f56bfc062723c751e8b465ee728b)
Start importing Assets/World/Environment/Prefabs/Building2/Stairs_Wood_2x1.prefab using Guid(609a68bb21244744dae923af08dd7d41) Importer(815301076,1909f56bfc062723c751e8b465ee728b) (PreviewImporter) -> (artifact id: '7d0fdf3419d297fd994b21ff74ffe79f') in 0.0576641 seconds
Number of updated asset objects reloaded before import = 0Number of asset objects unloaded after import = 23

========================================================================
Received Import Request.
  Time since last request: 0.000029 seconds.
  path: Assets/World/Environment/Prefabs/Building2/Roof_Wood_Top_Cap.prefab
  artifactKey: Guid(df9a998f5504fc94897c08ece2f25dc1) Importer(815301076,1909f56bfc062723c751e8b465ee728b)
Start importing Assets/World/Environment/Prefabs/Building2/Roof_Wood_Top_Cap.prefab using Guid(df9a998f5504fc94897c08ece2f25dc1) Importer(815301076,1909f56bfc062723c751e8b465ee728b) (PreviewImporter) -> (artifact id: '8c89b55fc12eddc4a867c65a24463927') in 0.0850874 seconds
Number of updated asset objects reloaded before import = 0Number of asset objects unloaded after import = 18

========================================================================
Received Import Request.
  Time since last request: 0.000033 seconds.
  path: Assets/World/Environment/Prefabs/Building2/Roof_Wood_Short_Top_Slope_End.prefab
  artifactKey: Guid(7ba47dbbe7d1328448934e9f3820f3e8) Importer(815301076,1909f56bfc062723c751e8b465ee728b)
Start importing Assets/World/Environment/Prefabs/Building2/Roof_Wood_Short_Top_Slope_End.prefab using Guid(7ba47dbbe7d1328448934e9f3820f3e8) Importer(815301076,1909f56bfc062723c751e8b465ee728b) (PreviewImporter) -> (artifact id: 'a8b3fe75865ed01b99c33ac0129975ec') in 0.6773789 seconds
Number of updated asset objects reloaded before import = 0Number of asset objects unloaded after import = 31

========================================================================
Received Import Request.
  Time since last request: 0.000043 seconds.
  path: Assets/World/Environment/Prefabs/Building2/Wall_Window_Wood_2x1.prefab
  artifactKey: Guid(bd5f2cafb5b0db14982ad5adfdad352a) Importer(815301076,1909f56bfc062723c751e8b465ee728b)
Start importing Assets/World/Environment/Prefabs/Building2/Wall_Window_Wood_2x1.prefab using Guid(bd5f2cafb5b0db14982ad5adfdad352a) Importer(815301076,1909f56bfc062723c751e8b465ee728b) (PreviewImporter) -> (artifact id: 'f898443e24611587da068ee16bee0f98') in 0.0478052 seconds
Number of updated asset objects reloaded before import = 0Number of asset objects unloaded after import = 20

========================================================================
Received Import Request.
  Time since last request: 0.000029 seconds.
  path: Assets/World/Environment/Prefabs/Building2/Roof_Wood_Tall_Top_Slope.prefab
  artifactKey: Guid(3c2caad285bf4de48a04efd706b42930) Importer(815301076,1909f56bfc062723c751e8b465ee728b)
Start importing Assets/World/Environment/Prefabs/Building2/Roof_Wood_Tall_Top_Slope.prefab using Guid(3c2caad285bf4de48a04efd706b42930) Importer(815301076,1909f56bfc062723c751e8b465ee728b) (PreviewImporter) -> (artifact id: 'fbe9f903f895fde17efad40c638af27a') in 0.0622083 seconds
Number of updated asset objects reloaded before import = 0Number of asset objects unloaded after import = 23

========================================================================
Received Import Request.
  Time since last request: 0.000030 seconds.
  path: Assets/World/Environment/Prefabs/Building2/Roof_Wood_Med_Corner.prefab
  artifactKey: Guid(8446e2b108a1ee94c89a8ceddc130bd2) Importer(815301076,1909f56bfc062723c751e8b465ee728b)
Start importing Assets/World/Environment/Prefabs/Building2/Roof_Wood_Med_Corner.prefab using Guid(8446e2b108a1ee94c89a8ceddc130bd2) Importer(815301076,1909f56bfc062723c751e8b465ee728b) (PreviewImporter) -> (artifact id: '49e9e92f883c1c94c305adda06974ab7') in 0.5612608 seconds
Number of updated asset objects reloaded before import = 0Number of asset objects unloaded after import = 28

========================================================================
Received Import Request.
  Time since last request: 0.000038 seconds.
  path: Assets/World/Environment/Prefabs/Building2/Stairs_Wood_2x1_Steep.prefab
  artifactKey: Guid(5f23572b06080ac4f8f9c6de071c9b4b) Importer(815301076,1909f56bfc062723c751e8b465ee728b)
Start importing Assets/World/Environment/Prefabs/Building2/Stairs_Wood_2x1_Steep.prefab using Guid(5f23572b06080ac4f8f9c6de071c9b4b) Importer(815301076,1909f56bfc062723c751e8b465ee728b) (PreviewImporter) -> (artifact id: '69bd0f7beb5ee21093bec44246beec56') in 0.1165984 seconds
Number of updated asset objects reloaded before import = 0Number of asset objects unloaded after import = 23

========================================================================
Received Import Request.
  Time since last request: 0.000027 seconds.
  path: Assets/World/Environment/Prefabs/Building2/Roof_Wood_Short_2x1.prefab
  artifactKey: Guid(030987cb5919c3f4da632eb12cc4736c) Importer(815301076,1909f56bfc062723c751e8b465ee728b)
Start importing Assets/World/Environment/Prefabs/Building2/Roof_Wood_Short_2x1.prefab using Guid(030987cb5919c3f4da632eb12cc4736c) Importer(815301076,1909f56bfc062723c751e8b465ee728b) (PreviewImporter) -> (artifact id: '4a8f91f4878e0ac6bf82e735b18a7bad') in 0.0348845 seconds
Number of updated asset objects reloaded before import = 0Number of asset objects unloaded after import = 23

========================================================================
Received Import Request.
  Time since last request: 0.000033 seconds.
  path: Assets/World/Environment/Materials/Building2/WoodTile.mat
  artifactKey: Guid(296a974ac6e45594ba3e42b9fc452e5c) Importer(815301076,1909f56bfc062723c751e8b465ee728b)
Start importing Assets/World/Environment/Materials/Building2/WoodTile.mat using Guid(296a974ac6e45594ba3e42b9fc452e5c) Importer(815301076,1909f56bfc062723c751e8b465ee728b) (PreviewImporter) -> (artifact id: 'f01beacaad167cb0119be33498a6026e') in 0.0207615 seconds
Number of updated asset objects reloaded before import = 0Number of asset objects unloaded after import = 10

========================================================================
Received Import Request.
  Time since last request: 0.000041 seconds.
  path: Assets/World/Environment/Prefabs/Building2/Stairs_Wood_1x1_Steep.prefab
  artifactKey: Guid(d03f7214051a7dd4199c55ee50c6c372) Importer(815301076,1909f56bfc062723c751e8b465ee728b)
Start importing Assets/World/Environment/Prefabs/Building2/Stairs_Wood_1x1_Steep.prefab using Guid(d03f7214051a7dd4199c55ee50c6c372) Importer(815301076,1909f56bfc062723c751e8b465ee728b) (PreviewImporter) -> (artifact id: '8a1643b87ccefa7ece994571a34e66a0') in 0.0394088 seconds
Number of updated asset objects reloaded before import = 0Number of asset objects unloaded after import = 23

========================================================================
Received Import Request.
  Time since last request: 0.000028 seconds.
  path: Assets/World/Environment/Prefabs/Building2/Roof_Wood_Tall_End_R.prefab
  artifactKey: Guid(c95a6bfb9ebf9d54095ae2d23373b185) Importer(815301076,1909f56bfc062723c751e8b465ee728b)
Start importing Assets/World/Environment/Prefabs/Building2/Roof_Wood_Tall_End_R.prefab using Guid(c95a6bfb9ebf9d54095ae2d23373b185) Importer(815301076,1909f56bfc062723c751e8b465ee728b) (PreviewImporter) -> (artifact id: 'fc696cbb130a869d7d7d0987e3a4cb47') in 0.0624781 seconds
Number of updated asset objects reloaded before import = 0Number of asset objects unloaded after import = 31

========================================================================
Received Import Request.
  Time since last request: 0.000036 seconds.
  path: Assets/World/Environment/Prefabs/Building2/Roof_Wood_Med_2x1.prefab
  artifactKey: Guid(d863851f94381cc4391bae37b666e611) Importer(815301076,1909f56bfc062723c751e8b465ee728b)
Start importing Assets/World/Environment/Prefabs/Building2/Roof_Wood_Med_2x1.prefab using Guid(d863851f94381cc4391bae37b666e611) Importer(815301076,1909f56bfc062723c751e8b465ee728b) (PreviewImporter) -> (artifact id: 'ead04418a57a3f36e7aacd83c3e94ab6') in 0.0410996 seconds
Number of updated asset objects reloaded before import = 0Number of asset objects unloaded after import = 23

========================================================================
Received Import Request.
  Time since last request: 0.000047 seconds.
  path: Assets/World/Environment/Prefabs/Building2/Roof_Wood_Tall_Inv_Corner.prefab
  artifactKey: Guid(a1aeecf66d193634fa5475c3bf880164) Importer(815301076,1909f56bfc062723c751e8b465ee728b)
Start importing Assets/World/Environment/Prefabs/Building2/Roof_Wood_Tall_Inv_Corner.prefab using Guid(a1aeecf66d193634fa5475c3bf880164) Importer(815301076,1909f56bfc062723c751e8b465ee728b) (PreviewImporter) -> (artifact id: 'f78d9535b8890b907255d9c8805302dc') in 0.0427419 seconds
Number of updated asset objects reloaded before import = 0Number of asset objects unloaded after import = 23

========================================================================
Received Import Request.
  Time since last request: 0.000030 seconds.
  path: Assets/World/Environment/Prefabs/Building2/Roof_Wood_Med_Top_Slope.prefab
  artifactKey: Guid(53787425b932f9f4c91f1ada09fc11b8) Importer(815301076,1909f56bfc062723c751e8b465ee728b)
Start importing Assets/World/Environment/Prefabs/Building2/Roof_Wood_Med_Top_Slope.prefab using Guid(53787425b932f9f4c91f1ada09fc11b8) Importer(815301076,1909f56bfc062723c751e8b465ee728b) (PreviewImporter) -> (artifact id: '5c6ba696c6b1fca38c8ecd086f8d60ef') in 0.0393716 seconds
Number of updated asset objects reloaded before import = 0Number of asset objects unloaded after import = 23

========================================================================
Received Import Request.
  Time since last request: 0.000033 seconds.
  path: Assets/worldbuilding/Door_Frame_Wood (4).prefab
  artifactKey: Guid(0cdcaec834f3eca4a986d15fabfe0da6) Importer(815301076,1909f56bfc062723c751e8b465ee728b)
Start importing Assets/worldbuilding/Door_Frame_Wood (4).prefab using Guid(0cdcaec834f3eca4a986d15fabfe0da6) Importer(815301076,1909f56bfc062723c751e8b465ee728b) (PreviewImporter) -> (artifact id: 'c1abd673c0d1031d955208dea2f537ef') in 0.0369408 seconds
Number of updated asset objects reloaded before import = 0Number of asset objects unloaded after import = 30

========================================================================
Received Import Request.
  Time since last request: 0.000046 seconds.
  path: Assets/World/Environment/Prefabs/Building2/Wall_Window_Wood_2x2_3.prefab
  artifactKey: Guid(89af23966ffa51b4db39cd0bb12ebaeb) Importer(815301076,1909f56bfc062723c751e8b465ee728b)
Start importing Assets/World/Environment/Prefabs/Building2/Wall_Window_Wood_2x2_3.prefab using Guid(89af23966ffa51b4db39cd0bb12ebaeb) Importer(815301076,1909f56bfc062723c751e8b465ee728b) (PreviewImporter) -> (artifact id: '75dff85a214db31a6d11f9c31a6edc64') in 0.0294028 seconds
Number of updated asset objects reloaded before import = 0Number of asset objects unloaded after import = 20

========================================================================
Received Import Request.
  Time since last request: 0.000028 seconds.
  path: Assets/World/Environment/Prefabs/Building2/Stairs_Wood_1x1.prefab
  artifactKey: Guid(91700aed401cf1847b60cc4ebc3ede99) Importer(815301076,1909f56bfc062723c751e8b465ee728b)
Start importing Assets/World/Environment/Prefabs/Building2/Stairs_Wood_1x1.prefab using Guid(91700aed401cf1847b60cc4ebc3ede99) Importer(815301076,1909f56bfc062723c751e8b465ee728b) (PreviewImporter) -> (artifact id: '2316709c85e4318a31c12c9d1cd083a7') in 0.0746534 seconds
Number of updated asset objects reloaded before import = 0Number of asset objects unloaded after import = 23

========================================================================
Received Import Request.
  Time since last request: 0.000031 seconds.
  path: Assets/World/Environment/Prefabs/Building2/Roof_Wood_Med_1x1.prefab
  artifactKey: Guid(fee394a546b000c48b490fd611c20eef) Importer(815301076,1909f56bfc062723c751e8b465ee728b)
Start importing Assets/World/Environment/Prefabs/Building2/Roof_Wood_Med_1x1.prefab using Guid(fee394a546b000c48b490fd611c20eef) Importer(815301076,1909f56bfc062723c751e8b465ee728b) (PreviewImporter) -> (artifact id: 'd4457e7a84a5bfe3f69037e753737c8d') in 0.1117422 seconds
Number of updated asset objects reloaded before import = 0Number of asset objects unloaded after import = 23

========================================================================
Received Import Request.
  Time since last request: 0.000044 seconds.
  path: Assets/World/Environment/Prefabs/Building2/Roof_Wood_Short_Top_Slope.prefab
  artifactKey: Guid(4d5bec0fb62ab2a41908ffc0512bf9ea) Importer(815301076,1909f56bfc062723c751e8b465ee728b)
Start importing Assets/World/Environment/Prefabs/Building2/Roof_Wood_Short_Top_Slope.prefab using Guid(4d5bec0fb62ab2a41908ffc0512bf9ea) Importer(815301076,1909f56bfc062723c751e8b465ee728b) (PreviewImporter) -> (artifact id: 'c44d226ad28064d8810347ff0d66ef6f') in 0.0399813 seconds
Number of updated asset objects reloaded before import = 0Number of asset objects unloaded after import = 23

========================================================================
Received Import Request.
  Time since last request: 0.000030 seconds.
  path: Assets/World/Environment/Prefabs/Building1/StairsSteep.obj
  artifactKey: Guid(985f21fd228fca94cba4de904c003c88) Importer(815301076,1909f56bfc062723c751e8b465ee728b)
Start importing Assets/World/Environment/Prefabs/Building1/StairsSteep.obj using Guid(985f21fd228fca94cba4de904c003c88) Importer(815301076,1909f56bfc062723c751e8b465ee728b) (PreviewImporter) -> (artifact id: 'c38d9535f6cfd76156a19f485b5e33ec') in 0.1315918 seconds
Number of updated asset objects reloaded before import = 0Number of asset objects unloaded after import = 40

========================================================================
Received Import Request.
  Time since last request: 0.000051 seconds.
  path: Assets/World/Environment/Prefabs/Building2/Roof_Wood_Tall_Top_Slope_End.prefab
  artifactKey: Guid(9b6e3ae4281ca4444a6033f828abea70) Importer(815301076,1909f56bfc062723c751e8b465ee728b)
Start importing Assets/World/Environment/Prefabs/Building2/Roof_Wood_Tall_Top_Slope_End.prefab using Guid(9b6e3ae4281ca4444a6033f828abea70) Importer(815301076,1909f56bfc062723c751e8b465ee728b) (PreviewImporter) -> (artifact id: '872f2262522078c136c5b1116e4239ee') in 0.0695388 seconds
Number of updated asset objects reloaded before import = 0Number of asset objects unloaded after import = 31

========================================================================
Received Import Request.
  Time since last request: 0.000048 seconds.
  path: Assets/World/Environment/Prefabs/Building2/Wall_Window_Wood_1x2.prefab
  artifactKey: Guid(128c762c10937b04b92eeab68388f9e1) Importer(815301076,1909f56bfc062723c751e8b465ee728b)
Start importing Assets/World/Environment/Prefabs/Building2/Wall_Window_Wood_1x2.prefab using Guid(128c762c10937b04b92eeab68388f9e1) Importer(815301076,1909f56bfc062723c751e8b465ee728b) (PreviewImporter) -> (artifact id: 'a9b88dcecadcffa8c680040237ce3ac2') in 0.1916473 seconds
Number of updated asset objects reloaded before import = 0Number of asset objects unloaded after import = 20

========================================================================
Received Import Request.
  Time since last request: 0.000040 seconds.
  path: Assets/World/Environment/Prefabs/Building2/Roof_Wood_Short_Corner.prefab
  artifactKey: Guid(5d7946dd876ddf14481963a9a219eaf0) Importer(815301076,1909f56bfc062723c751e8b465ee728b)
Start importing Assets/World/Environment/Prefabs/Building2/Roof_Wood_Short_Corner.prefab using Guid(5d7946dd876ddf14481963a9a219eaf0) Importer(815301076,1909f56bfc062723c751e8b465ee728b) (PreviewImporter) -> (artifact id: 'f1d4347ad48614b146abf67c0c04480d') in 0.0469951 seconds
Number of updated asset objects reloaded before import = 0Number of asset objects unloaded after import = 23

========================================================================
Received Import Request.
  Time since last request: 0.000057 seconds.
  path: Assets/World/Environment/Prefabs/Building2/Roof_Wood_Tall_End_L.prefab
  artifactKey: Guid(4f3b9ad4e0f99684492403dc8ad438c8) Importer(815301076,1909f56bfc062723c751e8b465ee728b)
Start importing Assets/World/Environment/Prefabs/Building2/Roof_Wood_Tall_End_L.prefab using Guid(4f3b9ad4e0f99684492403dc8ad438c8) Importer(815301076,1909f56bfc062723c751e8b465ee728b) (PreviewImporter) -> (artifact id: 'da54c924bc80863a6fe6d4f30e96d702') in 0.0775492 seconds
Number of updated asset objects reloaded before import = 0Number of asset objects unloaded after import = 31

========================================================================
Received Import Request.
  Time since last request: 0.000061 seconds.
  path: Assets/World/Environment/Prefabs/Building2/Roof_Wood_Med_Top_Slope_End.prefab
  artifactKey: Guid(c011495429bb9b54fb3c593889cc060f) Importer(815301076,1909f56bfc062723c751e8b465ee728b)
Start importing Assets/World/Environment/Prefabs/Building2/Roof_Wood_Med_Top_Slope_End.prefab using Guid(c011495429bb9b54fb3c593889cc060f) Importer(815301076,1909f56bfc062723c751e8b465ee728b) (PreviewImporter) -> (artifact id: '5d8b3ee35c21c3fd3ce8522b48db99e1') in 0.0790793 seconds
Number of updated asset objects reloaded before import = 0Number of asset objects unloaded after import = 31

========================================================================
Received Import Request.
  Time since last request: 0.000050 seconds.
  path: Assets/World/Environment/Prefabs/Building2/Roof_Wood_Med_End_R.prefab
  artifactKey: Guid(6f4f9420612088948959e9731ae75c57) Importer(815301076,1909f56bfc062723c751e8b465ee728b)
Start importing Assets/World/Environment/Prefabs/Building2/Roof_Wood_Med_End_R.prefab using Guid(6f4f9420612088948959e9731ae75c57) Importer(815301076,1909f56bfc062723c751e8b465ee728b) (PreviewImporter) -> (artifact id: '3f81d9c8b4ab2de45313f07cdcec01a7') in 0.0763086 seconds
Number of updated asset objects reloaded before import = 0Number of asset objects unloaded after import = 31

========================================================================
Received Import Request.
  Time since last request: 0.000050 seconds.
  path: Assets/World/Environment/Prefabs/Building2/Roof_Wood_Short_End_R.prefab
  artifactKey: Guid(e50624ea6a0dacc4fa5a4e5d4e367fc3) Importer(815301076,1909f56bfc062723c751e8b465ee728b)
Start importing Assets/World/Environment/Prefabs/Building2/Roof_Wood_Short_End_R.prefab using Guid(e50624ea6a0dacc4fa5a4e5d4e367fc3) Importer(815301076,1909f56bfc062723c751e8b465ee728b) (PreviewImporter) -> (artifact id: '3833c869b8dcbf517b2babcd857cbe89') in 0.0696381 seconds
Number of updated asset objects reloaded before import = 0Number of asset objects unloaded after import = 31

========================================================================
Received Import Request.
  Time since last request: 0.000038 seconds.
  path: Assets/World/Environment/Prefabs/Building2/Roof_Wood_Tall_Corner.prefab
  artifactKey: Guid(fad1b0adb74ddc544aee7e4030f20956) Importer(815301076,1909f56bfc062723c751e8b465ee728b)
Start importing Assets/World/Environment/Prefabs/Building2/Roof_Wood_Tall_Corner.prefab using Guid(fad1b0adb74ddc544aee7e4030f20956) Importer(815301076,1909f56bfc062723c751e8b465ee728b) (PreviewImporter) -> (artifact id: '040996d3816bc6f033dbc047573fda77') in 0.0457768 seconds
Number of updated asset objects reloaded before import = 0Number of asset objects unloaded after import = 23

========================================================================
Received Import Request.
  Time since last request: 0.000089 seconds.
  path: Assets/World/Environment/Prefabs/Building2/Roof_Wood_End_Cap_Corner_R.prefab
  artifactKey: Guid(59256a6a8645a64409cf4cbf80c8c8ad) Importer(815301076,1909f56bfc062723c751e8b465ee728b)
Start importing Assets/World/Environment/Prefabs/Building2/Roof_Wood_End_Cap_Corner_R.prefab using Guid(59256a6a8645a64409cf4cbf80c8c8ad) Importer(815301076,1909f56bfc062723c751e8b465ee728b) (PreviewImporter) -> (artifact id: '3d22672ffbc86fffeae8ede91824819b') in 0.1662613 seconds
Number of updated asset objects reloaded before import = 0Number of asset objects unloaded after import = 23

========================================================================
Received Import Request.
  Time since last request: 0.000038 seconds.
  path: Assets/World/Environment/Prefabs/Building2/Roof_Wood_Tall_1x1.prefab
  artifactKey: Guid(529eade28b6ade04c9579b21d55df8d2) Importer(815301076,1909f56bfc062723c751e8b465ee728b)
Start importing Assets/World/Environment/Prefabs/Building2/Roof_Wood_Tall_1x1.prefab using Guid(529eade28b6ade04c9579b21d55df8d2) Importer(815301076,1909f56bfc062723c751e8b465ee728b) (PreviewImporter) -> (artifact id: '84cb37f10db909937bb4e3daca359a9e') in 0.0456803 seconds
Number of updated asset objects reloaded before import = 0Number of asset objects unloaded after import = 23

========================================================================
Received Import Request.
  Time since last request: 0.000057 seconds.
  path: Assets/World/Environment/Prefabs/Building2/Roof_Wood_End_Cap_Corner.prefab
  artifactKey: Guid(62962a01134bb3c41b9f46e3cb59c94f) Importer(815301076,1909f56bfc062723c751e8b465ee728b)
Start importing Assets/World/Environment/Prefabs/Building2/Roof_Wood_End_Cap_Corner.prefab using Guid(62962a01134bb3c41b9f46e3cb59c94f) Importer(815301076,1909f56bfc062723c751e8b465ee728b) (PreviewImporter) -> (artifact id: 'cf5f2d43d47d471bcf21125bb753c771') in 0.0430359 seconds
Number of updated asset objects reloaded before import = 0Number of asset objects unloaded after import = 23

========================================================================
Received Import Request.
  Time since last request: 0.000031 seconds.
  path: Assets/World/Environment/Prefabs/Building2/Roof_Wood_End_Cap.prefab
  artifactKey: Guid(a8b5e263c8ad0db4891e994b26821e1e) Importer(815301076,1909f56bfc062723c751e8b465ee728b)
Start importing Assets/World/Environment/Prefabs/Building2/Roof_Wood_End_Cap.prefab using Guid(a8b5e263c8ad0db4891e994b26821e1e) Importer(815301076,1909f56bfc062723c751e8b465ee728b) (PreviewImporter) -> (artifact id: 'c86727d352fc2d5b1a60b41efc2b603b') in 0.042145 seconds
Number of updated asset objects reloaded before import = 0Number of asset objects unloaded after import = 23

========================================================================
Received Import Request.
  Time since last request: 0.000034 seconds.
  path: Assets/World/Environment/Prefabs/Building2/Roof_Wood_Med_Inv_Corner.prefab
  artifactKey: Guid(5a3758eef5f6f1940854a904f7b84856) Importer(815301076,1909f56bfc062723c751e8b465ee728b)
Start importing Assets/World/Environment/Prefabs/Building2/Roof_Wood_Med_Inv_Corner.prefab using Guid(5a3758eef5f6f1940854a904f7b84856) Importer(815301076,1909f56bfc062723c751e8b465ee728b) (PreviewImporter) -> (artifact id: '7310d2b7109b9daf456d94f4ccc1af48') in 0.0445587 seconds
Number of updated asset objects reloaded before import = 0Number of asset objects unloaded after import = 23

========================================================================
Received Import Request.
  Time since last request: 411.042025 seconds.
  path: Assets/World/Environment/Prefabs/Lanterns/Latern4.prefab
  artifactKey: Guid(263b26f2316871f46a4bda232a61ec44) Importer(815301076,1909f56bfc062723c751e8b465ee728b)
Start importing Assets/World/Environment/Prefabs/Lanterns/Latern4.prefab using Guid(263b26f2316871f46a4bda232a61ec44) Importer(815301076,1909f56bfc062723c751e8b465ee728b) (PreviewImporter) -> (artifact id: 'f061c8167e4db30152d297ab7e01b8ee') in 0.1559489 seconds
Number of updated asset objects reloaded before import = 0Number of asset objects unloaded after import = 75

========================================================================
Received Import Request.
  Time since last request: 17.296441 seconds.
  path: Assets/World/Environment/Models/Lanterns/Materials/lattice.mat
  artifactKey: Guid(00da629abee3c594d9386d21157a4c4c) Importer(815301076,1909f56bfc062723c751e8b465ee728b)
Start importing Assets/World/Environment/Models/Lanterns/Materials/lattice.mat using Guid(00da629abee3c594d9386d21157a4c4c) Importer(815301076,1909f56bfc062723c751e8b465ee728b) (PreviewImporter) -> (artifact id: 'b1d6fc3a1b400cac40935e15987ee997') in 0.0259904 seconds
Number of updated asset objects reloaded before import = 0Number of asset objects unloaded after import = 1

========================================================================
Received Prepare
Begin MonoManager ReloadAssembly
[Licensing::Client] Successfully resolved entitlement details
[Licensing::Module] License group:
  Id: F4-W4H8-9NJQ-FYFT-38SD-XXXX
  Product: Unity Personal
  Type: ULF
  Expiration: Unlimited
[Licensing::Module] License group:
  Id: 7971629442671-UnityPersXXXX
  Product: Unity Personal
  Type: Assigned
  Expiration: Unlimited
Symbol file LoadedFromMemory is not a mono symbol file
- Loaded All Assemblies, in  1.161 seconds
Refreshing native plugins compatible for Editor in 6.33 ms, found 2 plugins.
Native extension for WindowsStandalone target not found
[Package Manager] Failed to launch server process. Reason: Unity was launched with the -noUpm command-line argument
[Package Manager] Unable to send message (not connected to server process).
[Package Manager] Cannot connect to Unity Package Manager local server
[MODES] ModeService[none].Initialize
[MODES] ModeService[none].LoadModes
Your project uses Compatibility Mode, which disables the render graph system. Compatibility Mode is deprecated. Migrate your ScriptableRenderPasses to the Render Graph API instead. After you migrate, go to Edit > Project Settings > Player and remove the URP_COMPATIBILITY_MODE define from the Scripting Define Symbols. If you don't remove the define, build time and build size are slightly increased.
UnityEngine.Debug:ExtractStackTraceNoAlloc (byte*,int,string)
UnityEngine.StackTraceUtility:ExtractStackTrace ()
UnityEngine.DebugLogHandler:Internal_Log (UnityEngine.LogType,UnityEngine.LogOption,string,UnityEngine.Object)
UnityEngine.DebugLogHandler:LogFormat (UnityEngine.LogType,UnityEngine.Object,string,object[])
UnityEngine.Logger:Log (UnityEngine.LogType,object)
UnityEngine.Debug:LogWarning (object)
UnityEngine.Rendering.Universal.WarnUsingNonRenderGraph:EmitConsoleWarning () (at ./Library/PackageCache/com.unity.render-pipelines.universal@f70afd0d2146/Runtime/Data/UniversalRenderPipelineAsset.cs:440)
System.Reflection.RuntimeMethodInfo:Invoke (object,System.Reflection.BindingFlags,System.Reflection.Binder,object[],System.Globalization.CultureInfo)
System.Reflection.MethodBase:Invoke (object,object[])
UnityEditor.EditorAssemblies:ProcessInitializeOnLoadMethodAttributes ()

(Filename: ./Library/PackageCache/com.unity.render-pipelines.universal@f70afd0d2146/Runtime/Data/UniversalRenderPipelineAsset.cs Line: 440)

Mono: successfully reloaded assembly
- Finished resetting the current domain, in  1.361 seconds
Domain Reload Profiling: 2518ms
	BeginReloadAssembly (308ms)
		ExecutionOrderSort (0ms)
		DisableScriptedObjects (22ms)
		BackupInstance (0ms)
		ReleaseScriptingObjects (0ms)
		CreateAndSetChildDomain (79ms)
	RebuildCommonClasses (43ms)
	RebuildNativeTypeToScriptingClass (19ms)
	initialDomainReloadingComplete (46ms)
	LoadAllAssembliesAndSetupDomain (740ms)
		LoadAssemblies (616ms)
		RebuildTransferFunctionScriptingTraits (0ms)
		AnalyzeDomain (263ms)
			TypeCache.Refresh (9ms)
				TypeCache.ScanAssembly (0ms)
			BuildScriptInfoCaches (233ms)
			ResolveRequiredComponents (15ms)
	FinalizeReload (1362ms)
		ReleaseScriptCaches (0ms)
		RebuildScriptCaches (0ms)
		SetupLoadedEditorAssemblies (1147ms)
			LogAssemblyErrors (0ms)
			InitializePlatformSupportModulesInManaged (3ms)
			SetLoadedEditorAssemblies (4ms)
			BeforeProcessingInitializeOnLoad (196ms)
			ProcessInitializeOnLoadAttributes (610ms)
			ProcessInitializeOnLoadMethodAttributes (319ms)
			AfterProcessingInitializeOnLoad (15ms)
			EditorAssembliesLoaded (1ms)
		ExecutionOrderSort2 (0ms)
		AwakeInstancesAfterBackupRestoration (36ms)
Shader 'WFX/Transparent Specular': fallback shader 'Particles/Alpha Blended' not found
Shader 'WFX/Transparent Diffuse': fallback shader 'Particles/Alpha Blended' not found
Refreshing native plugins compatible for Editor in 8.93 ms, found 2 plugins.
Preloading 0 native plugins for Editor in 0.00 ms.
Unloading 17 Unused Serialized files (Serialized files now loaded: 0)
Unloading 6224 unused Assets / (4.5 MB). Loaded Objects now: 7188.
Memory consumption went from 268.2 MB to 263.7 MB.
Total: 19.983300 ms (FindLiveObjects: 0.984400 ms CreateObjectMapping: 0.524900 ms MarkObjects: 15.335600 ms  DeleteObjects: 3.136500 ms)

Prepare: number of updated asset objects reloaded= 0
========================================================================
Received Import Request.
  Time since last request: 555.895993 seconds.
  path: Assets/World/Environment/Materials/Building2/WoodTile.mat
  artifactKey: Guid(296a974ac6e45594ba3e42b9fc452e5c) Importer(815301076,1909f56bfc062723c751e8b465ee728b)
Start importing Assets/World/Environment/Materials/Building2/WoodTile.mat using Guid(296a974ac6e45594ba3e42b9fc452e5c) Importer(815301076,1909f56bfc062723c751e8b465ee728b) (PreviewImporter) -> (artifact id: 'c3acf43b1ca645e0c14a14f3ea96f24e') in 1.8497846 seconds
Number of updated asset objects reloaded before import = 1Number of asset objects unloaded after import = 10

========================================================================
Received Import Request.
  Time since last request: 83.932442 seconds.
  path: Assets/Shaders/WorldSpaceUV.shadergraph
  artifactKey: Guid(dd601db71da4e0344896e75e882ff4c8) Importer(2089858483,b0f066a214c2f5e87bad3c948f4d605d)
Start importing Assets/Shaders/WorldSpaceUV.shadergraph using Guid(dd601db71da4e0344896e75e882ff4c8) Importer(2089858483,b0f066a214c2f5e87bad3c948f4d605d) (ScriptedImporter) -> (artifact id: 'e7385b279fc4ec932c36a85120d998e0') in 0.1006581 seconds
Number of updated asset objects reloaded before import = 0Number of asset objects unloaded after import = 4

========================================================================
Received Import Request.
  Time since last request: 28.209989 seconds.
  path: Packages/com.unity.render-pipelines.universal/Shaders/FullscreenInvertColors.shadergraph
  artifactKey: Guid(fb6390f650ca44a5ba3246d8dda47927) Importer(815301076,1909f56bfc062723c751e8b465ee728b)
Start importing Packages/com.unity.render-pipelines.universal/Shaders/FullscreenInvertColors.shadergraph using Guid(fb6390f650ca44a5ba3246d8dda47927) Importer(815301076,1909f56bfc062723c751e8b465ee728b) (PreviewImporter) -> (artifact id: '2e0dd18570da7fecd5a168b3feae9452') in 0.1817655 seconds
Number of updated asset objects reloaded before import = 0Number of asset objects unloaded after import = 2

========================================================================
Received Import Request.
  Time since last request: 81.551128 seconds.
  path: Assets/Shaders/WorldSpaceUV.shadergraph
  artifactKey: Guid(dd601db71da4e0344896e75e882ff4c8) Importer(2089858483,b0f066a214c2f5e87bad3c948f4d605d)
Start importing Assets/Shaders/WorldSpaceUV.shadergraph using Guid(dd601db71da4e0344896e75e882ff4c8) Importer(2089858483,b0f066a214c2f5e87bad3c948f4d605d) (ScriptedImporter) -> (artifact id: '1a4cb9de57128badaa27b57cb41daaf8') in 0.1470227 seconds
Number of updated asset objects reloaded before import = 1Number of asset objects unloaded after import = 4

========================================================================
Received Import Request.
  Time since last request: 23.560644 seconds.
  path: Assets/worldbuilding/Door_Frame_Wood.prefab
  artifactKey: Guid(2f2c9f0acff0b984fb1f84d88a049944) Importer(815301076,1909f56bfc062723c751e8b465ee728b)
Start importing Assets/worldbuilding/Door_Frame_Wood.prefab using Guid(2f2c9f0acff0b984fb1f84d88a049944) Importer(815301076,1909f56bfc062723c751e8b465ee728b) (PreviewImporter) -> (artifact id: '22ff17200342393922e9a0d7fd649653') in 1.9492365 seconds
Number of updated asset objects reloaded before import = 0Number of asset objects unloaded after import = 21

========================================================================
Received Import Request.
  Time since last request: 0.000038 seconds.
  path: Assets/World/Environment/Prefabs/Building2/Roof_Wood_End_Cap_Inv_Corner.prefab
  artifactKey: Guid(4ed4487ce2b2f064fa995e833a57bcb1) Importer(815301076,1909f56bfc062723c751e8b465ee728b)
Start importing Assets/World/Environment/Prefabs/Building2/Roof_Wood_End_Cap_Inv_Corner.prefab using Guid(4ed4487ce2b2f064fa995e833a57bcb1) Importer(815301076,1909f56bfc062723c751e8b465ee728b) (PreviewImporter) -> (artifact id: '3f31382f5ff29b243e44a5de7c0d99d3') in 0.131149 seconds
Number of updated asset objects reloaded before import = 0Number of asset objects unloaded after import = 23

========================================================================
Received Import Request.
  Time since last request: 0.000041 seconds.
  path: Assets/World/Environment/Prefabs/Building2/Roof_Wood_Top_Cap.prefab
  artifactKey: Guid(df9a998f5504fc94897c08ece2f25dc1) Importer(815301076,1909f56bfc062723c751e8b465ee728b)
Start importing Assets/World/Environment/Prefabs/Building2/Roof_Wood_Top_Cap.prefab using Guid(df9a998f5504fc94897c08ece2f25dc1) Importer(815301076,1909f56bfc062723c751e8b465ee728b) (PreviewImporter) -> (artifact id: '51ee3a74e2190f4fa459cb6642f400dc') in 0.0319797 seconds
Number of updated asset objects reloaded before import = 0Number of asset objects unloaded after import = 18

========================================================================
Received Import Request.
  Time since last request: 0.000028 seconds.
  path: Assets/World/Environment/Prefabs/Building2/Roof_Wood_Short_1x1.prefab
  artifactKey: Guid(5ce001145544ce84697323a070eec6f5) Importer(815301076,1909f56bfc062723c751e8b465ee728b)
Start importing Assets/World/Environment/Prefabs/Building2/Roof_Wood_Short_1x1.prefab using Guid(5ce001145544ce84697323a070eec6f5) Importer(815301076,1909f56bfc062723c751e8b465ee728b) (PreviewImporter) -> (artifact id: '0ae5006d3118cc4cbafd8e857bdd28f7') in 0.1089701 seconds
Number of updated asset objects reloaded before import = 0Number of asset objects unloaded after import = 23

========================================================================
Received Import Request.
  Time since last request: 0.000035 seconds.
  path: Assets/World/Environment/Prefabs/Building2/Roof_Wood_Short_End_L.prefab
  artifactKey: Guid(dc6bf0cc6a45f6449be38d2e30df78ed) Importer(815301076,1909f56bfc062723c751e8b465ee728b)
Start importing Assets/World/Environment/Prefabs/Building2/Roof_Wood_Short_End_L.prefab using Guid(dc6bf0cc6a45f6449be38d2e30df78ed) Importer(815301076,1909f56bfc062723c751e8b465ee728b) (PreviewImporter) -> (artifact id: 'fd7944c868711c62cf86d9e1c52b2e68') in 0.3091386 seconds
Number of updated asset objects reloaded before import = 0Number of asset objects unloaded after import = 31

========================================================================
Received Import Request.
  Time since last request: 0.000040 seconds.
  path: Assets/World/Environment/Prefabs/Building2/Wall_Window_Wood_2x1.prefab
  artifactKey: Guid(bd5f2cafb5b0db14982ad5adfdad352a) Importer(815301076,1909f56bfc062723c751e8b465ee728b)
Start importing Assets/World/Environment/Prefabs/Building2/Wall_Window_Wood_2x1.prefab using Guid(bd5f2cafb5b0db14982ad5adfdad352a) Importer(815301076,1909f56bfc062723c751e8b465ee728b) (PreviewImporter) -> (artifact id: 'b5334d6fe9b2b11098991abc86ca75b8') in 0.0275002 seconds
Number of updated asset objects reloaded before import = 0Number of asset objects unloaded after import = 20

========================================================================
Received Import Request.
  Time since last request: 0.000027 seconds.
  path: Assets/World/Environment/Prefabs/Building2/Roof_Wood_Tall_Top_Slope.prefab
  artifactKey: Guid(3c2caad285bf4de48a04efd706b42930) Importer(815301076,1909f56bfc062723c751e8b465ee728b)
Start importing Assets/World/Environment/Prefabs/Building2/Roof_Wood_Tall_Top_Slope.prefab using Guid(3c2caad285bf4de48a04efd706b42930) Importer(815301076,1909f56bfc062723c751e8b465ee728b) (PreviewImporter) -> (artifact id: '800a1f586610de2216740c06e49bf4d0') in 0.0426163 seconds
Number of updated asset objects reloaded before import = 0Number of asset objects unloaded after import = 23

========================================================================
Received Import Request.
  Time since last request: 0.000033 seconds.
  path: Assets/World/Environment/Prefabs/Building1/All.obj
  artifactKey: Guid(f62b0587c83d49a4ab1186ff5d37822c) Importer(815301076,1909f56bfc062723c751e8b465ee728b)
Start importing Assets/World/Environment/Prefabs/Building1/All.obj using Guid(f62b0587c83d49a4ab1186ff5d37822c) Importer(815301076,1909f56bfc062723c751e8b465ee728b) (PreviewImporter) -> (artifact id: '5add5114fc210464b55b3ef98434bf4b') in 3.5529714 seconds
Number of updated asset objects reloaded before import = 0Number of asset objects unloaded after import = 1546

========================================================================
Received Import Request.
  Time since last request: 0.000069 seconds.
  path: Assets/World/Environment/Prefabs/Building2/Roof_Wood_Short_End_R.prefab
  artifactKey: Guid(e50624ea6a0dacc4fa5a4e5d4e367fc3) Importer(815301076,1909f56bfc062723c751e8b465ee728b)
Start importing Assets/World/Environment/Prefabs/Building2/Roof_Wood_Short_End_R.prefab using Guid(e50624ea6a0dacc4fa5a4e5d4e367fc3) Importer(815301076,1909f56bfc062723c751e8b465ee728b) (PreviewImporter) -> (artifact id: '0847e2b6623a178ad778fa5975d1e833') in 0.073477 seconds
Number of updated asset objects reloaded before import = 0Number of asset objects unloaded after import = 31

========================================================================
Received Import Request.
  Time since last request: 0.000035 seconds.
  path: Assets/World/Environment/Prefabs/Building2/Roof_Wood_End_Cap_Corner_R.prefab
  artifactKey: Guid(59256a6a8645a64409cf4cbf80c8c8ad) Importer(815301076,1909f56bfc062723c751e8b465ee728b)
Start importing Assets/World/Environment/Prefabs/Building2/Roof_Wood_End_Cap_Corner_R.prefab using Guid(59256a6a8645a64409cf4cbf80c8c8ad) Importer(815301076,1909f56bfc062723c751e8b465ee728b) (PreviewImporter) -> (artifact id: '1bada3e7f49d84fd73bc72c68170db13') in 0.0417456 seconds
Number of updated asset objects reloaded before import = 0Number of asset objects unloaded after import = 23

========================================================================
Received Import Request.
  Time since last request: 0.000062 seconds.
  path: Assets/World/Environment/Prefabs/Building2/Roof_Wood_End_Cap_Corner.prefab
  artifactKey: Guid(62962a01134bb3c41b9f46e3cb59c94f) Importer(815301076,1909f56bfc062723c751e8b465ee728b)
Start importing Assets/World/Environment/Prefabs/Building2/Roof_Wood_End_Cap_Corner.prefab using Guid(62962a01134bb3c41b9f46e3cb59c94f) Importer(815301076,1909f56bfc062723c751e8b465ee728b) (PreviewImporter) -> (artifact id: '108ddcc4b499d3255fb4ea3cc3151a27') in 0.0523134 seconds
Number of updated asset objects reloaded before import = 0Number of asset objects unloaded after import = 23

========================================================================
Received Import Request.
  Time since last request: 0.000042 seconds.
  path: Assets/World/Environment/Prefabs/Building2/Roof_Wood_End_Cap.prefab
  artifactKey: Guid(a8b5e263c8ad0db4891e994b26821e1e) Importer(815301076,1909f56bfc062723c751e8b465ee728b)
Start importing Assets/World/Environment/Prefabs/Building2/Roof_Wood_End_Cap.prefab using Guid(a8b5e263c8ad0db4891e994b26821e1e) Importer(815301076,1909f56bfc062723c751e8b465ee728b) (PreviewImporter) -> (artifact id: 'df71ac2f0ea5da48b5c3e2479d8cf4b6') in 0.042844 seconds
Number of updated asset objects reloaded before import = 0Number of asset objects unloaded after import = 23

========================================================================
Received Import Request.
  Time since last request: 0.000049 seconds.
  path: Assets/World/Environment/Prefabs/Building2/Roof_Wood_Med_Inv_Corner.prefab
  artifactKey: Guid(5a3758eef5f6f1940854a904f7b84856) Importer(815301076,1909f56bfc062723c751e8b465ee728b)
Start importing Assets/World/Environment/Prefabs/Building2/Roof_Wood_Med_Inv_Corner.prefab using Guid(5a3758eef5f6f1940854a904f7b84856) Importer(815301076,1909f56bfc062723c751e8b465ee728b) (PreviewImporter) -> (artifact id: 'e76063042c65b33c6b54b87b35ee91a1') in 0.043913 seconds
Number of updated asset objects reloaded before import = 0Number of asset objects unloaded after import = 23

========================================================================
Received Import Request.
  Time since last request: 2.626787 seconds.
  path: Packages/com.unity.timeline/Editor/StyleSheets/Images/Icons/d_TrackRecordButtonDisabled@2x.png
  artifactKey: Guid(db15c78579dee4a4db85f392634c8ecc) Importer(815301076,1909f56bfc062723c751e8b465ee728b)
Start importing Packages/com.unity.timeline/Editor/StyleSheets/Images/Icons/d_TrackRecordButtonDisabled@2x.png using Guid(db15c78579dee4a4db85f392634c8ecc) Importer(815301076,1909f56bfc062723c751e8b465ee728b) (PreviewImporter) -> (artifact id: '62cf2f0061e010fa03869c7c5aaa02c0') in 0.0397308 seconds
Number of updated asset objects reloaded before import = 0Number of asset objects unloaded after import = 2

========================================================================
Received Import Request.
  Time since last request: 0.501616 seconds.
  path: Assets/Materials/Materials/sandstone.mat
  artifactKey: Guid(7cf54c0bb08624841bbc9c0249093568) Importer(815301076,1909f56bfc062723c751e8b465ee728b)
Start importing Assets/Materials/Materials/sandstone.mat using Guid(7cf54c0bb08624841bbc9c0249093568) Importer(815301076,1909f56bfc062723c751e8b465ee728b) (PreviewImporter) -> (artifact id: '91e320eeca8fd758f3b896a09cfbb3b4') in 0.0276991 seconds
Number of updated asset objects reloaded before import = 0Number of asset objects unloaded after import = 6

========================================================================
Received Import Request.
  Time since last request: 0.000033 seconds.
  path: Assets/Materials/Materials/sandstone4.mat
  artifactKey: Guid(96ea835fa0ce8c8419820f3fcca462fb) Importer(815301076,1909f56bfc062723c751e8b465ee728b)
Start importing Assets/Materials/Materials/sandstone4.mat using Guid(96ea835fa0ce8c8419820f3fcca462fb) Importer(815301076,1909f56bfc062723c751e8b465ee728b) (PreviewImporter) -> (artifact id: 'f06c34be4c570175fa8f73c86a75e153') in 0.0128992 seconds
Number of updated asset objects reloaded before import = 0Number of asset objects unloaded after import = 6

========================================================================
Received Import Request.
  Time since last request: 5.561529 seconds.
  path: Assets/Materials/Materials/grunge-wall-texture.mat
  artifactKey: Guid(eb45041d2cab2f642b3c512534427976) Importer(815301076,1909f56bfc062723c751e8b465ee728b)
Start importing Assets/Materials/Materials/grunge-wall-texture.mat using Guid(eb45041d2cab2f642b3c512534427976) Importer(815301076,1909f56bfc062723c751e8b465ee728b) (PreviewImporter) -> (artifact id: 'fbbad983444b9f1b0319b34a48282562') in 0.1318744 seconds
Number of updated asset objects reloaded before import = 0Number of asset objects unloaded after import = 6

========================================================================
Received Import Request.
  Time since last request: 9.173160 seconds.
  path: Assets/World/Environment/Textures/Building2/Materials/sandstone.mat
  artifactKey: Guid(7cf54c0bb08624841bbc9c0249093568) Importer(2089858483,b0f066a214c2f5e87bad3c948f4d605d)
Start importing Assets/World/Environment/Textures/Building2/Materials/sandstone.mat using Guid(7cf54c0bb08624841bbc9c0249093568) Importer(2089858483,b0f066a214c2f5e87bad3c948f4d605d) (ScriptedImporter) -> (artifact id: '8fabece9417399d8acdf2f47996e1020') in 0.0084268 seconds
Number of updated asset objects reloaded before import = 0Number of asset objects unloaded after import = 6

========================================================================
Received Import Request.
  Time since last request: 0.000030 seconds.
  path: Assets/World/Environment/Textures/Building2/Materials/sandstone4.mat
  artifactKey: Guid(96ea835fa0ce8c8419820f3fcca462fb) Importer(2089858483,b0f066a214c2f5e87bad3c948f4d605d)
Start importing Assets/World/Environment/Textures/Building2/Materials/sandstone4.mat using Guid(96ea835fa0ce8c8419820f3fcca462fb) Importer(2089858483,b0f066a214c2f5e87bad3c948f4d605d) (ScriptedImporter) -> (artifact id: 'd57f3ccbb018d6e631f22a2ae5a0e1fb') in 0.0074653 seconds
Number of updated asset objects reloaded before import = 0Number of asset objects unloaded after import = 6

Editor requested this worker to shutdown with reason: Scaling down because of idle timeout
AssetImportWorker is now disconnected from the server
Process exiting
Exiting without the bug reporter. Application will terminate with return code 0