[Licensing::Module] Trying to connect to existing licensing client channel...
Built from '6000.3/staging' branch; Version is '6000.3.3f1 (ef04196de0d6) revision 15664153'; Using compiler version '194234433'; Build Type 'Release'
OS: 'Windows 10  (10.0.19045) 64bit Core' Language: 'en' Physical Memory: 16004 MB
[Licensing::IpcConnector] Successfully connected to: "LicenseClient-Hopic" at "2026-04-16T19:23:41.1654241Z"
BatchMode: 1, IsHumanControllingUs: 0, StartBugReporterOnCrash: 0, Is64bit: 1
Date: 2026-04-16T19:23:41Z
[Licensing::Client] Code 10 while verifying Licensing Client signature (process Id: 15744, path: "C:/Program Files/Unity Hub/UnityLicensingClient_V1/Unity.Licensing.Client.exe")
[Licensing::Module] LicensingClient has failed validation; ignoring
[Licensing::Client] Error: HandshakeResponse reported an error:
	ResponseCode: 505
	ResponseStatus: Unsupported protocol version '1.17.4'.
[Licensing::Module] Error: Failed to handshake to channel: "LicenseClient-Hopic"
[Licensing::IpcConnector] LicenseClient-Hopic channel disconnected successfully.
[Licensing::IpcConnector] Successfully connected to: "LicenseClient-Hopic-6000.3.3" at "2026-04-16T19:23:41.2260663Z"

COMMAND LINE ARGUMENTS:
C:\Program Files\Unity\Hub\Editor\6000.3.3f1\Editor\Unity.exe
-adb2
-batchMode
-noUpm
-name
AssetImportWorker15
-projectPath
E:/unity/maturitniprace/active/devGame
-logFile
Logs/AssetImportWorker15.log
-srvPort
60137
-licensingIpc
LicenseClient-Hopic
-job-worker-count
7
-background-job-worker-count
8
-gc-helper-count
1
-name
AssetImport
Successfully changed project path to: E:/unity/maturitniprace/active/devGame
E:/unity/maturitniprace/active/devGame
[UnityMemory] Configuration Parameters - Can be set up in boot.config
    "memorysetup-temp-allocator-size-nav-mesh-worker=65536"
    "memorysetup-temp-allocator-size-audio-worker=65536"
    "memorysetup-temp-allocator-size-gfx=262144"
    "memorysetup-allocator-temp-initial-block-size-main=262144"
    "memorysetup-allocator-temp-initial-block-size-worker=262144"
    "memorysetup-temp-allocator-size-background-worker=32768"
    "memorysetup-temp-allocator-size-job-worker=262144"
    "memorysetup-temp-allocator-size-preload-manager=33554432"
    "memorysetup-temp-allocator-size-gi-baking-worker=262144"
    "memorysetup-temp-allocator-size-gi-baking-worker=262144"
    "memorysetup-temp-allocator-size-gi-baking-worker=262144"
    "memorysetup-temp-allocator-size-gi-baking-worker=262144"
    "memorysetup-temp-allocator-size-gi-baking-worker=262144"
    "memorysetup-bucket-allocator-granularity=16"
    "memorysetup-bucket-allocator-bucket-count=8"
    "memorysetup-bucket-allocator-block-size=33554432"
    "memorysetup-bucket-allocator-block-count=8"
    "memorysetup-main-allocator-block-size=16777216"
    "memorysetup-thread-allocator-block-size=16777216"
    "memorysetup-gfx-main-allocator-block-size=16777216"
    "memorysetup-gfx-thread-allocator-block-size=16777216"
    "memorysetup-cache-allocator-block-size=4194304"
    "memorysetup-typetree-allocator-block-size=2097152"
    "memorysetup-profiler-bucket-allocator-granularity=16"
    "memorysetup-profiler-bucket-allocator-bucket-count=8"
    "memorysetup-profiler-bucket-allocator-block-size=33554432"
    "memorysetup-profiler-bucket-allocator-block-count=8"
    "memorysetup-profiler-allocator-block-size=16777216"
    "memorysetup-profiler-editor-allocator-block-size=1048576"
    "memorysetup-temp-allocator-size-main=16777216"
    "memorysetup-job-temp-allocator-block-size=2097152"
    "memorysetup-job-temp-allocator-block-size-background=1048576"
    "memorysetup-job-temp-allocator-reduction-small-platforms=262144"
    "memorysetup-temp-allocator-size-cloud-worker=32768"
Player connection [20788]  Target information:

Player connection [20788]  * "[IP] 192.168.56.1 [Port] 0 [Flags] 2 [Guid] 1634758871 [EditorId] 1634758871 [Version] 1048832 [Id] WindowsEditor(7,DESKTOP-HOPICEKCZ) [Debug] 1 [PackageName] WindowsEditor [ProjectName] Editor" 

Player connection [20788]  * "[IP] 26.18.104.236 [Port] 0 [Flags] 2 [Guid] 1634758871 [EditorId] 1634758871 [Version] 1048832 [Id] WindowsEditor(7,DESKTOP-HOPICEKCZ) [Debug] 1 [PackageName] WindowsEditor [ProjectName] Editor" 

Player connection [20788]  * "[IP] 10.0.1.28 [Port] 0 [Flags] 2 [Guid] 1634758871 [EditorId] 1634758871 [Version] 1048832 [Id] WindowsEditor(7,DESKTOP-HOPICEKCZ) [Debug] 1 [PackageName] WindowsEditor [ProjectName] Editor" 

Player connection [20788] Host joined multi-casting on [225.0.0.222:54997]...
Player connection [20788] Host joined alternative multi-casting on [225.0.0.222:34997]...
JobSystem: Creating JobQueue using job-worker-count value 7
Input System module state changed to: Initialized.
[Physics::Module] Initialized fallback backend.
[Physics::Module] Id: 0xdecafbad
Library Redirect Path: Library/
[Physics::Module] Selected backend.
[Physics::Module] Name: PhysX
[Physics::Module] Id: 0xf2b8ea05
[Physics::Module] SDK Version: 4.1.2
[Physics::Module] Integration Version: 1.0.0
[Physics::Module] Threading Mode: Multi-Threaded
Refreshing native plugins compatible for Editor in 8.14 ms, found 2 plugins.
Preloading 0 native plugins for Editor in 0.00 ms.
Initialize engine version: 6000.3.3f1 (ef04196de0d6)
[Subsystems] Discovering subsystems at path C:/Program Files/Unity/Hub/Editor/6000.3.3f1/Editor/Data/Resources/UnitySubsystems
[Subsystems] Discovering subsystems at path E:/unity/maturitniprace/active/devGame/Assets
GfxDevice: creating device client; kGfxThreadingModeNonThreaded
Direct3D:
    Version:  Direct3D 11.0 [level 11.1]
    Renderer: NVIDIA GeForce RTX 3060 Laptop GPU (ID=0x2520)
    Vendor:   NVIDIA
    VRAM:     5994 MB
    Driver:   32.0.15.9597
Shader 'WFX/Transparent Diffuse': fallback shader 'Particles/Alpha Blended' not found
Shader 'WFX/Transparent Specular': fallback shader 'Particles/Alpha Blended' not found
Initialize mono
Mono path[0] = 'C:/Program Files/Unity/Hub/Editor/6000.3.3f1/Editor/Data/Managed'
Mono path[1] = 'C:/Program Files/Unity/Hub/Editor/6000.3.3f1/Editor/Data/MonoBleedingEdge/lib/mono/unityjit-win32'
Mono config path = 'C:/Program Files/Unity/Hub/Editor/6000.3.3f1/Editor/Data/MonoBleedingEdge/etc'
Using monoOptions --debugger-agent=transport=dt_socket,embedding=1,server=y,suspend=n,address=127.0.0.1:56252
Begin MonoManager ReloadAssembly
Registering precompiled unity dll's ...
Register platform support module: C:/Program Files/Unity/Hub/Editor/6000.3.3f1/Editor/Data/PlaybackEngines/WindowsStandaloneSupport/UnityEditor.WindowsStandalone.Extensions.dll
Registered in 0.003506 seconds.
- Loaded All Assemblies, in  0.570 seconds
Native extension for WindowsStandalone target not found
[Licensing::Client] Handshaking with LicensingClient:
  Version:                 1.17.4+4293ba1
  Session Id:              5670484b928247f8959d5ae8572ba48e
  Correlation Id:          efa0ef6635cf8aca8ce6fedf1e6f3586
  External correlation Id: 2094536065832432038
  Machine Id:              4VB2xDT1CV9zqVbIIZWsGa/FyKA=
[Licensing::Module] Successfully connected to LicensingClient on channel: "LicenseClient-Hopic-6000.3.3" (connect: 0.00s, validation: 0.00s, handshake: 1.44s)
[Licensing::IpcConnector] Successfully connected to: "LicenseClient-Hopic-6000.3.3-notifications" at "2026-04-16T19:23:42.6670505Z"
[Licensing::Module] Licensing Background thread has ended after 1.50s
Mono: successfully reloaded assembly
- Finished resetting the current domain, in  0.531 seconds
Domain Reload Profiling: 1096ms
	BeginReloadAssembly (198ms)
		ExecutionOrderSort (0ms)
		DisableScriptedObjects (0ms)
		BackupInstance (0ms)
		ReleaseScriptingObjects (0ms)
		CreateAndSetChildDomain (1ms)
	RebuildCommonClasses (49ms)
	RebuildNativeTypeToScriptingClass (20ms)
	initialDomainReloadingComplete (71ms)
	LoadAllAssembliesAndSetupDomain (228ms)
		LoadAssemblies (191ms)
		RebuildTransferFunctionScriptingTraits (0ms)
		AnalyzeDomain (224ms)
			TypeCache.Refresh (222ms)
				TypeCache.ScanAssembly (202ms)
			BuildScriptInfoCaches (0ms)
			ResolveRequiredComponents (1ms)
	FinalizeReload (531ms)
		ReleaseScriptCaches (0ms)
		RebuildScriptCaches (0ms)
		SetupLoadedEditorAssemblies (464ms)
			LogAssemblyErrors (0ms)
			InitializePlatformSupportModulesInManaged (68ms)
			SetLoadedEditorAssemblies (4ms)
			BeforeProcessingInitializeOnLoad (97ms)
			ProcessInitializeOnLoadAttributes (189ms)
			ProcessInitializeOnLoadMethodAttributes (105ms)
			AfterProcessingInitializeOnLoad (0ms)
			EditorAssembliesLoaded (0ms)
		ExecutionOrderSort2 (0ms)
		AwakeInstancesAfterBackupRestoration (0ms)
========================================================================
Worker process is ready to serve import requests
Import Worker Mode flag is 0x00
Begin MonoManager ReloadAssembly
[Licensing::Client] Successfully resolved entitlement details
[Licensing::Module] License group:
  Id: F4-W4H8-9NJQ-FYFT-38SD-XXXX
  Product: Unity Personal
  Type: ULF
  Expiration: Unlimited
[Licensing::Module] License group:
  Id: 7971629442671-UnityPersXXXX
  Product: Unity Personal
  Type: Assigned
  Expiration: Unlimited
Symbol file LoadedFromMemory is not a mono symbol file
- Loaded All Assemblies, in  1.212 seconds
Refreshing native plugins compatible for Editor in 6.77 ms, found 2 plugins.
Native extension for WindowsStandalone target not found
Package Manager log level set to [2]
[Package Manager] Failed to launch server process. Reason: Unity was launched with the -noUpm command-line argument
[Package Manager] Unable to send message (not connected to server process).
[Package Manager] Cannot connect to Unity Package Manager local server
[MODES] ModeService[none].Initialize
[MODES] ModeService[none].LoadModes
[MODES] Loading mode Default (0) for mode-current-id-Cool It, Cowboy
Refreshing native plugins compatible for Editor in 6.40 ms, found 2 plugins.
Your project uses Compatibility Mode, which disables the render graph system. Compatibility Mode is deprecated. Migrate your ScriptableRenderPasses to the Render Graph API instead. After you migrate, go to Edit > Project Settings > Player and remove the URP_COMPATIBILITY_MODE define from the Scripting Define Symbols. If you don't remove the define, build time and build size are slightly increased.
UnityEngine.Debug:ExtractStackTraceNoAlloc (byte*,int,string)
UnityEngine.StackTraceUtility:ExtractStackTrace ()
UnityEngine.DebugLogHandler:Internal_Log (UnityEngine.LogType,UnityEngine.LogOption,string,UnityEngine.Object)
UnityEngine.DebugLogHandler:LogFormat (UnityEngine.LogType,UnityEngine.Object,string,object[])
UnityEngine.Logger:Log (UnityEngine.LogType,object)
UnityEngine.Debug:LogWarning (object)
UnityEngine.Rendering.Universal.WarnUsingNonRenderGraph:EmitConsoleWarning () (at ./Library/PackageCache/com.unity.render-pipelines.universal@f70afd0d2146/Runtime/Data/UniversalRenderPipelineAsset.cs:440)
System.Reflection.RuntimeMethodInfo:Invoke (object,System.Reflection.BindingFlags,System.Reflection.Binder,object[],System.Globalization.CultureInfo)
System.Reflection.MethodBase:Invoke (object,object[])
UnityEditor.EditorAssemblies:ProcessInitializeOnLoadMethodAttributes ()

(Filename: ./Library/PackageCache/com.unity.render-pipelines.universal@f70afd0d2146/Runtime/Data/UniversalRenderPipelineAsset.cs Line: 440)

Mono: successfully reloaded assembly
- Finished resetting the current domain, in  1.313 seconds
Domain Reload Profiling: 2517ms
	BeginReloadAssembly (254ms)
		ExecutionOrderSort (0ms)
		DisableScriptedObjects (8ms)
		BackupInstance (0ms)
		ReleaseScriptingObjects (0ms)
		CreateAndSetChildDomain (38ms)
	RebuildCommonClasses (48ms)
	RebuildNativeTypeToScriptingClass (20ms)
	initialDomainReloadingComplete (61ms)
	LoadAllAssembliesAndSetupDomain (819ms)
		LoadAssemblies (585ms)
		RebuildTransferFunctionScriptingTraits (0ms)
		AnalyzeDomain (380ms)
			TypeCache.Refresh (279ms)
				TypeCache.ScanAssembly (253ms)
			BuildScriptInfoCaches (82ms)
			ResolveRequiredComponents (16ms)
	FinalizeReload (1314ms)
		ReleaseScriptCaches (0ms)
		RebuildScriptCaches (0ms)
		SetupLoadedEditorAssemblies (1049ms)
			LogAssemblyErrors (0ms)
			InitializePlatformSupportModulesInManaged (2ms)
			SetLoadedEditorAssemblies (4ms)
			BeforeProcessingInitializeOnLoad (190ms)
			ProcessInitializeOnLoadAttributes (568ms)
			ProcessInitializeOnLoadMethodAttributes (273ms)
			AfterProcessingInitializeOnLoad (12ms)
			EditorAssembliesLoaded (0ms)
		ExecutionOrderSort2 (0ms)
		AwakeInstancesAfterBackupRestoration (12ms)
Shader 'WFX/Transparent Specular': fallback shader 'Particles/Alpha Blended' not found
Shader 'WFX/Transparent Diffuse': fallback shader 'Particles/Alpha Blended' not found
Launched and connected shader compiler UnityShaderCompiler.exe after 0.01 seconds
Refreshing native plugins compatible for Editor in 8.80 ms, found 2 plugins.
Preloading 0 native plugins for Editor in 0.00 ms.
Unloading 17 Unused Serialized files (Serialized files now loaded: 0)
Unloading 6212 unused Assets / (4.1 MB). Loaded Objects now: 7064.
Memory consumption went from 264.8 MB to 260.7 MB.
Total: 15.203400 ms (FindLiveObjects: 0.844000 ms CreateObjectMapping: 0.442900 ms MarkObjects: 12.157000 ms  DeleteObjects: 1.758200 ms)

========================================================================
Received Import Request.
  Time since last request: 264161.804960 seconds.
  path: Assets/World/Environment/Prefabs/Building3/RoundGlass_low001.prefab
  artifactKey: Guid(7ad6d8572f7b21d4a9947e9b1bda871a) Importer(815301076,1909f56bfc062723c751e8b465ee728b)
Start importing Assets/World/Environment/Prefabs/Building3/RoundGlass_low001.prefab using Guid(7ad6d8572f7b21d4a9947e9b1bda871a) Importer(815301076,1909f56bfc062723c751e8b465ee728b) (PreviewImporter)CommandBuffer: temporary render texture  not found while executing  (Copy source)
UnityEngine.Debug:ExtractStackTraceNoAlloc (byte*,int,string)
UnityEngine.StackTraceUtility:ExtractStackTrace ()
UnityEngine.Rendering.ScriptableRenderContext:Submit ()
UnityEngine.Rendering.Universal.UniversalRenderPipeline:RenderSingleCamera (UnityEngine.Rendering.ScriptableRenderContext,UnityEngine.Rendering.Universal.UniversalCameraData) (at ./Library/PackageCache/com.unity.render-pipelines.universal@f70afd0d2146/Runtime/UniversalRenderPipeline.cs:921)
UnityEngine.Rendering.Universal.UniversalRenderPipeline:RenderSingleCameraInternal (UnityEngine.Rendering.ScriptableRenderContext,UnityEngine.Camera,UnityEngine.Rendering.Universal.UniversalAdditionalCameraData&,bool) (at ./Library/PackageCache/com.unity.render-pipelines.universal@f70afd0d2146/Runtime/UniversalRenderPipeline.cs:720)
UnityEngine.Rendering.Universal.UniversalRenderPipeline:RenderSingleCameraInternal (UnityEngine.Rendering.ScriptableRenderContext,UnityEngine.Camera,bool) (at ./Library/PackageCache/com.unity.render-pipelines.universal@f70afd0d2146/Runtime/UniversalRenderPipeline.cs:695)
UnityEngine.Rendering.Universal.UniversalRenderPipeline:Render (UnityEngine.Rendering.ScriptableRenderContext,System.Collections.Generic.List`1<UnityEngine.Camera>) (at ./Library/PackageCache/com.unity.render-pipelines.universal@f70afd0d2146/Runtime/UniversalRenderPipeline.cs:512)
UnityEngine.Rendering.RenderPipeline:InternalRender (UnityEngine.Rendering.ScriptableRenderContext,System.Collections.Generic.List`1<UnityEngine.Camera>)
UnityEngine.Rendering.RenderPipelineManager:DoRenderLoop_Internal (UnityEngine.Rendering.RenderPipelineAsset,intptr,UnityEngine.Object,Unity.Collections.LowLevel.Unsafe.AtomicSafetyHandle)
UnityEngine.Camera:Render ()
UnityEditor.PreviewRenderUtility:Render (bool,bool)
UnityEditor.GameObjectInspector:DoRenderPreview (UnityEditor.GameObjectInspector/PreviewData)
UnityEditor.GameObjectInspector:RenderStaticPreview (string,UnityEngine.Object[],int,int)
UnityEditor.AssetPreviewUpdater:CreatePreview (UnityEngine.Object,UnityEngine.Object[],string,int,int)
UnityEditor.AssetPreviewUpdater:CreatePreviewForAsset (UnityEngine.Object,UnityEngine.Object[],string)

[./Library/PackageCache/com.unity.render-pipelines.universal@f70afd0d2146/Runtime/UniversalRenderPipeline.cs line 921]

CommandBuffer: temporary render texture  not found while executing  (Copy destination)
UnityEngine.Debug:ExtractStackTraceNoAlloc (byte*,int,string)
UnityEngine.StackTraceUtility:ExtractStackTrace ()
UnityEngine.Rendering.ScriptableRenderContext:Submit ()
UnityEngine.Rendering.Universal.UniversalRenderPipeline:RenderSingleCamera (UnityEngine.Rendering.ScriptableRenderContext,UnityEngine.Rendering.Universal.UniversalCameraData) (at ./Library/PackageCache/com.unity.render-pipelines.universal@f70afd0d2146/Runtime/UniversalRenderPipeline.cs:921)
UnityEngine.Rendering.Universal.UniversalRenderPipeline:RenderSingleCameraInternal (UnityEngine.Rendering.ScriptableRenderContext,UnityEngine.Camera,UnityEngine.Rendering.Universal.UniversalAdditionalCameraData&,bool) (at ./Library/PackageCache/com.unity.render-pipelines.universal@f70afd0d2146/Runtime/UniversalRenderPipeline.cs:720)
UnityEngine.Rendering.Universal.UniversalRenderPipeline:RenderSingleCameraInternal (UnityEngine.Rendering.ScriptableRenderContext,UnityEngine.Camera,bool) (at ./Library/PackageCache/com.unity.render-pipelines.universal@f70afd0d2146/Runtime/UniversalRenderPipeline.cs:695)
UnityEngine.Rendering.Universal.UniversalRenderPipeline:Render (UnityEngine.Rendering.ScriptableRenderContext,System.Collections.Generic.List`1<UnityEngine.Camera>) (at ./Library/PackageCache/com.unity.render-pipelines.universal@f70afd0d2146/Runtime/UniversalRenderPipeline.cs:512)
UnityEngine.Rendering.RenderPipeline:InternalRender (UnityEngine.Rendering.ScriptableRenderContext,System.Collections.Generic.List`1<UnityEngine.Camera>)
UnityEngine.Rendering.RenderPipelineManager:DoRenderLoop_Internal (UnityEngine.Rendering.RenderPipelineAsset,intptr,UnityEngine.Object,Unity.Collections.LowLevel.Unsafe.AtomicSafetyHandle)
UnityEngine.Camera:Render ()
UnityEditor.PreviewRenderUtility:Render (bool,bool)
UnityEditor.GameObjectInspector:DoRenderPreview (UnityEditor.GameObjectInspector/PreviewData)
UnityEditor.GameObjectInspector:RenderStaticPreview (string,UnityEngine.Object[],int,int)
UnityEditor.AssetPreviewUpdater:CreatePreview (UnityEngine.Object,UnityEngine.Object[],string,int,int)
UnityEditor.AssetPreviewUpdater:CreatePreviewForAsset (UnityEngine.Object,UnityEngine.Object[],string)

[./Library/PackageCache/com.unity.render-pipelines.universal@f70afd0d2146/Runtime/UniversalRenderPipeline.cs line 921]

 -> (artifact id: 'cc0d1b4b75ddbf20ca4440ee2c55d5b0') in 0.5634791 seconds
Number of updated asset objects reloaded before import = 0Number of asset objects unloaded after import = 10

========================================================================
Received Import Request.
  Time since last request: 0.000051 seconds.
  path: Assets/World/Environment/Prefabs/Building3/WantedBoard_low.prefab
  artifactKey: Guid(28066b5e4ef08e24ea4098184200147f) Importer(815301076,1909f56bfc062723c751e8b465ee728b)
Start importing Assets/World/Environment/Prefabs/Building3/WantedBoard_low.prefab using Guid(28066b5e4ef08e24ea4098184200147f) Importer(815301076,1909f56bfc062723c751e8b465ee728b) (PreviewImporter) -> (artifact id: 'ef03aec4d60884d80c983833d2f2fba5') in 0.3462359 seconds
Number of updated asset objects reloaded before import = 0Number of asset objects unloaded after import = 14

========================================================================
Received Import Request.
  Time since last request: 0.000049 seconds.
  path: Assets/World/Environment/Prefabs/Building3/BullHornsRope_low.prefab
  artifactKey: Guid(914c29fc22381f54e90974749a6270ef) Importer(2089858483,b0f066a214c2f5e87bad3c948f4d605d)
Start importing Assets/World/Environment/Prefabs/Building3/BullHornsRope_low.prefab using Guid(914c29fc22381f54e90974749a6270ef) Importer(2089858483,b0f066a214c2f5e87bad3c948f4d605d) (ScriptedImporter) -> (artifact id: '225eec37229e8d688f8c0c2f3f40a813') in 0.1844256 seconds
Number of updated asset objects reloaded before import = 0Number of asset objects unloaded after import = 8

========================================================================
Received Import Request.
  Time since last request: 0.000050 seconds.
  path: Assets/World/Environment/Prefabs/Building3/WantedBoard_low.prefab
  artifactKey: Guid(28066b5e4ef08e24ea4098184200147f) Importer(2089858483,b0f066a214c2f5e87bad3c948f4d605d)
Start importing Assets/World/Environment/Prefabs/Building3/WantedBoard_low.prefab using Guid(28066b5e4ef08e24ea4098184200147f) Importer(2089858483,b0f066a214c2f5e87bad3c948f4d605d) (ScriptedImporter) -> (artifact id: '0ec11352553d7a2b78bd96338cb7051e') in 0.0089059 seconds
Number of updated asset objects reloaded before import = 0Number of asset objects unloaded after import = 8

========================================================================
Received Import Request.
  Time since last request: 0.000048 seconds.
  path: Assets/World/Environment/Prefabs/Building3/KegTap_low.prefab
  artifactKey: Guid(d8e9b588579e69840999d77b284620d7) Importer(2089858483,b0f066a214c2f5e87bad3c948f4d605d)
Start importing Assets/World/Environment/Prefabs/Building3/KegTap_low.prefab using Guid(d8e9b588579e69840999d77b284620d7) Importer(2089858483,b0f066a214c2f5e87bad3c948f4d605d) (ScriptedImporter) -> (artifact id: 'd9c7ee0ff26de16dd3edd5bd8d972a6a') in 0.0081989 seconds
Number of updated asset objects reloaded before import = 0Number of asset objects unloaded after import = 8

========================================================================
Received Import Request.
  Time since last request: 0.000033 seconds.
  path: Assets/World/Environment/Prefabs/Building3/ChairBackRest_low008.prefab
  artifactKey: Guid(8a338bdaa66cb3d4a829fbc76bcdf49c) Importer(2089858483,b0f066a214c2f5e87bad3c948f4d605d)
Start importing Assets/World/Environment/Prefabs/Building3/ChairBackRest_low008.prefab using Guid(8a338bdaa66cb3d4a829fbc76bcdf49c) Importer(2089858483,b0f066a214c2f5e87bad3c948f4d605d) (ScriptedImporter) -> (artifact id: 'b010ae87f5ea13915fac09bd0b2d8ea0') in 0.009472 seconds
Number of updated asset objects reloaded before import = 0Number of asset objects unloaded after import = 8

========================================================================
Received Import Request.
  Time since last request: 0.000029 seconds.
  path: Assets/World/Environment/Prefabs/Building3/ChairFeetRests_low006.prefab
  artifactKey: Guid(3e181addd3661194ebd26d013ca17930) Importer(2089858483,b0f066a214c2f5e87bad3c948f4d605d)
Start importing Assets/World/Environment/Prefabs/Building3/ChairFeetRests_low006.prefab using Guid(3e181addd3661194ebd26d013ca17930) Importer(2089858483,b0f066a214c2f5e87bad3c948f4d605d) (ScriptedImporter) -> (artifact id: '7187c28b9dc339618b57f036736dd11a') in 0.0093161 seconds
Number of updated asset objects reloaded before import = 0Number of asset objects unloaded after import = 8

========================================================================
Received Import Request.
  Time since last request: 0.000036 seconds.
  path: Assets/World/Environment/Prefabs/Building3/Crate_low.prefab
  artifactKey: Guid(cecb213864af1d048b09d1267f3637dc) Importer(2089858483,b0f066a214c2f5e87bad3c948f4d605d)
Start importing Assets/World/Environment/Prefabs/Building3/Crate_low.prefab using Guid(cecb213864af1d048b09d1267f3637dc) Importer(2089858483,b0f066a214c2f5e87bad3c948f4d605d) (ScriptedImporter) -> (artifact id: 'e133666aa286e651d961d955606fa304') in 0.0146378 seconds
Number of updated asset objects reloaded before import = 0Number of asset objects unloaded after import = 8

========================================================================
Received Import Request.
  Time since last request: 0.000052 seconds.
  path: Assets/World/Environment/Prefabs/Building3/BullHornsBack_low.prefab
  artifactKey: Guid(f9d13952174b94e4eb630273bfcf4368) Importer(2089858483,b0f066a214c2f5e87bad3c948f4d605d)
Start importing Assets/World/Environment/Prefabs/Building3/BullHornsBack_low.prefab using Guid(f9d13952174b94e4eb630273bfcf4368) Importer(2089858483,b0f066a214c2f5e87bad3c948f4d605d) (ScriptedImporter) -> (artifact id: '8a99070f927f3b60cb0202e1d6ed189a') in 0.0077311 seconds
Number of updated asset objects reloaded before import = 0Number of asset objects unloaded after import = 8

========================================================================
Received Import Request.
  Time since last request: 0.000036 seconds.
  path: Assets/World/Environment/Prefabs/Building3/AlcoholBottle010_low001.prefab
  artifactKey: Guid(d36e2220402f20c4291242453e38c965) Importer(2089858483,b0f066a214c2f5e87bad3c948f4d605d)
Start importing Assets/World/Environment/Prefabs/Building3/AlcoholBottle010_low001.prefab using Guid(d36e2220402f20c4291242453e38c965) Importer(2089858483,b0f066a214c2f5e87bad3c948f4d605d) (ScriptedImporter) -> (artifact id: 'dd0ecc256d6fc861bb91ba17531e3045') in 0.0103041 seconds
Number of updated asset objects reloaded before import = 0Number of asset objects unloaded after import = 8

========================================================================
Received Import Request.
  Time since last request: 0.000031 seconds.
  path: Assets/World/Environment/Prefabs/Building3/RoundGlass_low006.prefab
  artifactKey: Guid(4a19c6f0ff9db1a49956769f7bc6d25f) Importer(2089858483,b0f066a214c2f5e87bad3c948f4d605d)
Start importing Assets/World/Environment/Prefabs/Building3/RoundGlass_low006.prefab using Guid(4a19c6f0ff9db1a49956769f7bc6d25f) Importer(2089858483,b0f066a214c2f5e87bad3c948f4d605d) (ScriptedImporter) -> (artifact id: '0bc59c7198045b2c4a4daae4f3298e8b') in 0.0089676 seconds
Number of updated asset objects reloaded before import = 0Number of asset objects unloaded after import = 8

========================================================================
Received Import Request.
  Time since last request: 0.000030 seconds.
  path: Assets/World/Environment/Prefabs/Building3/OilLamp_low.prefab
  artifactKey: Guid(d1be9412cb270534db3348e4f0f5f308) Importer(2089858483,b0f066a214c2f5e87bad3c948f4d605d)
Start importing Assets/World/Environment/Prefabs/Building3/OilLamp_low.prefab using Guid(d1be9412cb270534db3348e4f0f5f308) Importer(2089858483,b0f066a214c2f5e87bad3c948f4d605d) (ScriptedImporter) -> (artifact id: '9ac6ff8126b720c9ad9f3f5664dcbaeb') in 0.0088665 seconds
Number of updated asset objects reloaded before import = 0Number of asset objects unloaded after import = 8

========================================================================
Received Import Request.
  Time since last request: 0.000063 seconds.
  path: Assets/World/Environment/Prefabs/Building3/WantedPoster010.prefab
  artifactKey: Guid(b466c63c932682741ac6b8200cddd433) Importer(2089858483,b0f066a214c2f5e87bad3c948f4d605d)
Start importing Assets/World/Environment/Prefabs/Building3/WantedPoster010.prefab using Guid(b466c63c932682741ac6b8200cddd433) Importer(2089858483,b0f066a214c2f5e87bad3c948f4d605d) (ScriptedImporter) -> (artifact id: 'dcaed115c76437461fc9570c6da56ad6') in 0.0198568 seconds
Number of updated asset objects reloaded before import = 0Number of asset objects unloaded after import = 8

========================================================================
Received Import Request.
  Time since last request: 0.000031 seconds.
  path: Assets/World/Environment/Prefabs/Building3/Moonshine004_low001.prefab
  artifactKey: Guid(7c19a57bc01e7354a9b61cdcb95893c3) Importer(2089858483,b0f066a214c2f5e87bad3c948f4d605d)
Start importing Assets/World/Environment/Prefabs/Building3/Moonshine004_low001.prefab using Guid(7c19a57bc01e7354a9b61cdcb95893c3) Importer(2089858483,b0f066a214c2f5e87bad3c948f4d605d) (ScriptedImporter) -> (artifact id: '833cfb51b826169b6e4036f3d37a052d') in 0.0251854 seconds
Number of updated asset objects reloaded before import = 0Number of asset objects unloaded after import = 8

========================================================================
Received Import Request.
  Time since last request: 0.000025 seconds.
  path: Assets/World/Environment/Prefabs/Building3/Moonshine004_low.prefab
  artifactKey: Guid(b62a711ab89501f40ad1eeaf755022ff) Importer(2089858483,b0f066a214c2f5e87bad3c948f4d605d)
Start importing Assets/World/Environment/Prefabs/Building3/Moonshine004_low.prefab using Guid(b62a711ab89501f40ad1eeaf755022ff) Importer(2089858483,b0f066a214c2f5e87bad3c948f4d605d) (ScriptedImporter) -> (artifact id: '38c261cfb98ec39396c1053398e030bb') in 0.0104939 seconds
Number of updated asset objects reloaded before import = 0Number of asset objects unloaded after import = 8

========================================================================
Received Import Request.
  Time since last request: 0.000030 seconds.
  path: Assets/World/Environment/Prefabs/Building3/ChairFeetRests_low007.prefab
  artifactKey: Guid(d7db31c3854123946bbb1add31468e60) Importer(2089858483,b0f066a214c2f5e87bad3c948f4d605d)
Start importing Assets/World/Environment/Prefabs/Building3/ChairFeetRests_low007.prefab using Guid(d7db31c3854123946bbb1add31468e60) Importer(2089858483,b0f066a214c2f5e87bad3c948f4d605d) (ScriptedImporter) -> (artifact id: '349aff4f52c9150d01bd0cc15efe23da') in 0.0147216 seconds
Number of updated asset objects reloaded before import = 0Number of asset objects unloaded after import = 8

========================================================================
Received Import Request.
  Time since last request: 0.000047 seconds.
  path: Assets/World/Environment/Prefabs/Building3/BarStool_low002.prefab
  artifactKey: Guid(c60836cd170536a479fdbc3ac5815803) Importer(2089858483,b0f066a214c2f5e87bad3c948f4d605d)
Start importing Assets/World/Environment/Prefabs/Building3/BarStool_low002.prefab using Guid(c60836cd170536a479fdbc3ac5815803) Importer(2089858483,b0f066a214c2f5e87bad3c948f4d605d) (ScriptedImporter) -> (artifact id: 'b0c51bf2264392707ec4f35eca58e283') in 0.0104111 seconds
Number of updated asset objects reloaded before import = 0Number of asset objects unloaded after import = 8

========================================================================
Received Import Request.
  Time since last request: 0.000025 seconds.
  path: Assets/World/Environment/Prefabs/Building3/ChairSeat_low006.prefab
  artifactKey: Guid(6cde37a85d3aa8a4abda2c836e42a135) Importer(2089858483,b0f066a214c2f5e87bad3c948f4d605d)
Start importing Assets/World/Environment/Prefabs/Building3/ChairSeat_low006.prefab using Guid(6cde37a85d3aa8a4abda2c836e42a135) Importer(2089858483,b0f066a214c2f5e87bad3c948f4d605d) (ScriptedImporter) -> (artifact id: '8e19c6238604b5d91615b9f0f205fc1d') in 0.0096129 seconds
Number of updated asset objects reloaded before import = 0Number of asset objects unloaded after import = 8

========================================================================
Received Import Request.
  Time since last request: 0.000028 seconds.
  path: Assets/World/Environment/Prefabs/Building3/SheriffBadgePin_low.prefab
  artifactKey: Guid(28b25de9fb6bc13428a9952023274d65) Importer(815301076,1909f56bfc062723c751e8b465ee728b)
Start importing Assets/World/Environment/Prefabs/Building3/SheriffBadgePin_low.prefab using Guid(28b25de9fb6bc13428a9952023274d65) Importer(815301076,1909f56bfc062723c751e8b465ee728b) (PreviewImporter) -> (artifact id: '8c3cd34c2ba5896191b1ce6020ad94ff') in 0.0274487 seconds
Number of updated asset objects reloaded before import = 0Number of asset objects unloaded after import = 13

========================================================================
Received Import Request.
  Time since last request: 0.000043 seconds.
  path: Assets/World/Environment/Prefabs/Building3/Crate_low004.prefab
  artifactKey: Guid(8a79a189d27408548863fa654afbf138) Importer(2089858483,b0f066a214c2f5e87bad3c948f4d605d)
Start importing Assets/World/Environment/Prefabs/Building3/Crate_low004.prefab using Guid(8a79a189d27408548863fa654afbf138) Importer(2089858483,b0f066a214c2f5e87bad3c948f4d605d) (ScriptedImporter) -> (artifact id: '936d75f0a6cf2ac9b0fdee5ecf42e2f8') in 0.0114143 seconds
Number of updated asset objects reloaded before import = 0Number of asset objects unloaded after import = 8

========================================================================
Received Import Request.
  Time since last request: 0.000043 seconds.
  path: Assets/World/Environment/Prefabs/Building3/RoundGlass_low007.prefab
  artifactKey: Guid(8db22c5816700834ab468340aa7edab1) Importer(2089858483,b0f066a214c2f5e87bad3c948f4d605d)
Start importing Assets/World/Environment/Prefabs/Building3/RoundGlass_low007.prefab using Guid(8db22c5816700834ab468340aa7edab1) Importer(2089858483,b0f066a214c2f5e87bad3c948f4d605d) (ScriptedImporter) -> (artifact id: '51e48af0471230d2069f1c44f9a5e60f') in 0.0088835 seconds
Number of updated asset objects reloaded before import = 0Number of asset objects unloaded after import = 8

========================================================================
Received Import Request.
  Time since last request: 0.000025 seconds.
  path: Assets/World/Environment/Prefabs/Building3/ChairSeat_low006.prefab
  artifactKey: Guid(6cde37a85d3aa8a4abda2c836e42a135) Importer(815301076,1909f56bfc062723c751e8b465ee728b)
Start importing Assets/World/Environment/Prefabs/Building3/ChairSeat_low006.prefab using Guid(6cde37a85d3aa8a4abda2c836e42a135) Importer(815301076,1909f56bfc062723c751e8b465ee728b) (PreviewImporter) -> (artifact id: 'a3ad8b1c04712b14a5d914aea0866545') in 0.0137855 seconds
Number of updated asset objects reloaded before import = 0Number of asset objects unloaded after import = 13

========================================================================
Received Import Request.
  Time since last request: 0.000026 seconds.
  path: Assets/World/Environment/Prefabs/Building3/Crate_low003.prefab
  artifactKey: Guid(0f14c6697d83fab43a056eec28c697e5) Importer(815301076,1909f56bfc062723c751e8b465ee728b)
Start importing Assets/World/Environment/Prefabs/Building3/Crate_low003.prefab using Guid(0f14c6697d83fab43a056eec28c697e5) Importer(815301076,1909f56bfc062723c751e8b465ee728b) (PreviewImporter) -> (artifact id: 'f36a0077f851b803ff78489165cbea6e') in 0.0168589 seconds
Number of updated asset objects reloaded before import = 0Number of asset objects unloaded after import = 10

========================================================================
Received Import Request.
  Time since last request: 0.000034 seconds.
  path: Assets/World/Environment/Prefabs/Building3/ChairSeat_low004.prefab
  artifactKey: Guid(38f0bc6c9ad09b3419ca0bf59412fca5) Importer(815301076,1909f56bfc062723c751e8b465ee728b)
Start importing Assets/World/Environment/Prefabs/Building3/ChairSeat_low004.prefab using Guid(38f0bc6c9ad09b3419ca0bf59412fca5) Importer(815301076,1909f56bfc062723c751e8b465ee728b) (PreviewImporter) -> (artifact id: '1b664329caaea2bbfd7f0ad2feca5390') in 0.0149986 seconds
Number of updated asset objects reloaded before import = 0Number of asset objects unloaded after import = 13

========================================================================
Received Import Request.
  Time since last request: 0.000033 seconds.
  path: Assets/World/Environment/Prefabs/Building3/ChairLegs_low007.prefab
  artifactKey: Guid(47093a4eb6e91eb40bb0b8c5ce551157) Importer(815301076,1909f56bfc062723c751e8b465ee728b)
Start importing Assets/World/Environment/Prefabs/Building3/ChairLegs_low007.prefab using Guid(47093a4eb6e91eb40bb0b8c5ce551157) Importer(815301076,1909f56bfc062723c751e8b465ee728b) (PreviewImporter) -> (artifact id: 'c7e72ed6d9c893dab6a1320d4b676693') in 0.0146455 seconds
Number of updated asset objects reloaded before import = 0Number of asset objects unloaded after import = 13

========================================================================
Received Import Request.
  Time since last request: 0.000029 seconds.
  path: Assets/World/Environment/Prefabs/Building3/ChairBackRest_low001.prefab
  artifactKey: Guid(d8b623e6ccf26b04e80a3079989d5fd0) Importer(815301076,1909f56bfc062723c751e8b465ee728b)
Start importing Assets/World/Environment/Prefabs/Building3/ChairBackRest_low001.prefab using Guid(d8b623e6ccf26b04e80a3079989d5fd0) Importer(815301076,1909f56bfc062723c751e8b465ee728b) (PreviewImporter) -> (artifact id: 'ade6ade8403ac78ce600123d04f25168') in 0.0220491 seconds
Number of updated asset objects reloaded before import = 0Number of asset objects unloaded after import = 13

========================================================================
Received Import Request.
  Time since last request: 0.000037 seconds.
  path: Assets/World/Environment/Prefabs/Building3/AlcoholBottle010_low001.prefab
  artifactKey: Guid(d36e2220402f20c4291242453e38c965) Importer(815301076,1909f56bfc062723c751e8b465ee728b)
Start importing Assets/World/Environment/Prefabs/Building3/AlcoholBottle010_low001.prefab using Guid(d36e2220402f20c4291242453e38c965) Importer(815301076,1909f56bfc062723c751e8b465ee728b) (PreviewImporter) -> (artifact id: 'dba0108b6346383b94879cfcdee315e6') in 0.0102479 seconds
Number of updated asset objects reloaded before import = 0Number of asset objects unloaded after import = 10

========================================================================
Received Import Request.
  Time since last request: 0.000035 seconds.
  path: Assets/World/Environment/Prefabs/Building3/CandleHolderHandle_low.prefab
  artifactKey: Guid(3e95ae19539bec845a722e7afb97c831) Importer(815301076,1909f56bfc062723c751e8b465ee728b)
Start importing Assets/World/Environment/Prefabs/Building3/CandleHolderHandle_low.prefab using Guid(3e95ae19539bec845a722e7afb97c831) Importer(815301076,1909f56bfc062723c751e8b465ee728b) (PreviewImporter) -> (artifact id: 'ccaf365ce0367a99ab41733eb0c9d638') in 0.0148709 seconds
Number of updated asset objects reloaded before import = 0Number of asset objects unloaded after import = 12

========================================================================
Received Import Request.
  Time since last request: 0.000047 seconds.
  path: Assets/World/Environment/Prefabs/Building3/BarStool_low001.prefab
  artifactKey: Guid(9f9d6414d39ad24479a7377c77252d02) Importer(815301076,1909f56bfc062723c751e8b465ee728b)
Start importing Assets/World/Environment/Prefabs/Building3/BarStool_low001.prefab using Guid(9f9d6414d39ad24479a7377c77252d02) Importer(815301076,1909f56bfc062723c751e8b465ee728b) (PreviewImporter) -> (artifact id: 'f8e261b43fe02d933e3a896205b325f1') in 0.226932 seconds
Number of updated asset objects reloaded before import = 0Number of asset objects unloaded after import = 14

========================================================================
Received Import Request.
  Time since last request: 0.000037 seconds.
  path: Assets/World/Environment/Prefabs/Building3/ChairFeetRests_low008.prefab
  artifactKey: Guid(299da99209699bc48950a2d3bf170460) Importer(815301076,1909f56bfc062723c751e8b465ee728b)
Start importing Assets/World/Environment/Prefabs/Building3/ChairFeetRests_low008.prefab using Guid(299da99209699bc48950a2d3bf170460) Importer(815301076,1909f56bfc062723c751e8b465ee728b) (PreviewImporter) -> (artifact id: '321030ddf6cee9279d82eb1a72b4a15b') in 0.0148464 seconds
Number of updated asset objects reloaded before import = 0Number of asset objects unloaded after import = 13

========================================================================
Received Import Request.
  Time since last request: 0.000045 seconds.
  path: Assets/World/Environment/Prefabs/Building3/ChairBackRest_low002.prefab
  artifactKey: Guid(a59e94be4c338d54a97ddcc8e0f76ca1) Importer(815301076,1909f56bfc062723c751e8b465ee728b)
Start importing Assets/World/Environment/Prefabs/Building3/ChairBackRest_low002.prefab using Guid(a59e94be4c338d54a97ddcc8e0f76ca1) Importer(815301076,1909f56bfc062723c751e8b465ee728b) (PreviewImporter) -> (artifact id: 'fa37a2361c2eebc5881ae9eb44cb652c') in 0.017738 seconds
Number of updated asset objects reloaded before import = 0Number of asset objects unloaded after import = 13

========================================================================
Received Import Request.
  Time since last request: 0.000029 seconds.
  path: Assets/World/Environment/Prefabs/Building3/ChairFeetRests_low003.prefab
  artifactKey: Guid(7f7da952c1f07464ab1e7e05278d9b25) Importer(815301076,1909f56bfc062723c751e8b465ee728b)
Start importing Assets/World/Environment/Prefabs/Building3/ChairFeetRests_low003.prefab using Guid(7f7da952c1f07464ab1e7e05278d9b25) Importer(815301076,1909f56bfc062723c751e8b465ee728b) (PreviewImporter) -> (artifact id: '5b2fcae6f73c9eae4e48db37794a065d') in 0.0144265 seconds
Number of updated asset objects reloaded before import = 0Number of asset objects unloaded after import = 13

========================================================================
Received Import Request.
  Time since last request: 0.000027 seconds.
  path: Assets/World/Environment/Prefabs/Building3/WhiskyGlass_low002.prefab
  artifactKey: Guid(a17ab17b4852c534fa89452368a1faef) Importer(2089858483,b0f066a214c2f5e87bad3c948f4d605d)
Start importing Assets/World/Environment/Prefabs/Building3/WhiskyGlass_low002.prefab using Guid(a17ab17b4852c534fa89452368a1faef) Importer(2089858483,b0f066a214c2f5e87bad3c948f4d605d) (ScriptedImporter) -> (artifact id: '4583a1d823f189d3aa9da50840f3a147') in 0.0092386 seconds
Number of updated asset objects reloaded before import = 0Number of asset objects unloaded after import = 8

========================================================================
Received Import Request.
  Time since last request: 0.000026 seconds.
  path: Assets/World/Environment/Prefabs/Building3/CandleHolderHandle_low.prefab
  artifactKey: Guid(3e95ae19539bec845a722e7afb97c831) Importer(2089858483,b0f066a214c2f5e87bad3c948f4d605d)
Start importing Assets/World/Environment/Prefabs/Building3/CandleHolderHandle_low.prefab using Guid(3e95ae19539bec845a722e7afb97c831) Importer(2089858483,b0f066a214c2f5e87bad3c948f4d605d) (ScriptedImporter) -> (artifact id: '247b3b8848e2b93740b0a47715340f14') in 0.0083477 seconds
Number of updated asset objects reloaded before import = 0Number of asset objects unloaded after import = 8

========================================================================
Received Import Request.
  Time since last request: 0.000052 seconds.
  path: Assets/World/Environment/Prefabs/Building3/WhiskyGlass_low003.prefab
  artifactKey: Guid(21b0b2e2d1049d441b24ee8485bfdcdd) Importer(815301076,1909f56bfc062723c751e8b465ee728b)
Start importing Assets/World/Environment/Prefabs/Building3/WhiskyGlass_low003.prefab using Guid(21b0b2e2d1049d441b24ee8485bfdcdd) Importer(815301076,1909f56bfc062723c751e8b465ee728b) (PreviewImporter) -> (artifact id: 'a90dd9f11be45572a5ee53b00e02593a') in 0.0127173 seconds
Number of updated asset objects reloaded before import = 0Number of asset objects unloaded after import = 10

========================================================================
Received Import Request.
  Time since last request: 0.000034 seconds.
  path: Assets/World/Environment/Prefabs/Building3/AlcoholBottle008_low004.prefab
  artifactKey: Guid(7b3de33745a536e468fd7a0067932d64) Importer(2089858483,b0f066a214c2f5e87bad3c948f4d605d)
Start importing Assets/World/Environment/Prefabs/Building3/AlcoholBottle008_low004.prefab using Guid(7b3de33745a536e468fd7a0067932d64) Importer(2089858483,b0f066a214c2f5e87bad3c948f4d605d) (ScriptedImporter) -> (artifact id: 'f452c39ad9c7a5d712a98314d8e5e457') in 0.0102175 seconds
Number of updated asset objects reloaded before import = 0Number of asset objects unloaded after import = 8

========================================================================
Received Import Request.
  Time since last request: 0.000035 seconds.
  path: Assets/World/Environment/Prefabs/Building3/ChairLegs_low006.prefab
  artifactKey: Guid(e192218de29ef0b4f9168cfbfd5c966f) Importer(2089858483,b0f066a214c2f5e87bad3c948f4d605d)
Start importing Assets/World/Environment/Prefabs/Building3/ChairLegs_low006.prefab using Guid(e192218de29ef0b4f9168cfbfd5c966f) Importer(2089858483,b0f066a214c2f5e87bad3c948f4d605d) (ScriptedImporter) -> (artifact id: 'f212ebfdc55d099adcfe2b6d6673d0d1') in 0.0188263 seconds
Number of updated asset objects reloaded before import = 0Number of asset objects unloaded after import = 8

========================================================================
Received Import Request.
  Time since last request: 0.000040 seconds.
  path: Assets/World/Environment/Prefabs/Building3/ChairFeetRests_low.prefab
  artifactKey: Guid(92a3c784df7a3454197fbc496388959b) Importer(2089858483,b0f066a214c2f5e87bad3c948f4d605d)
Start importing Assets/World/Environment/Prefabs/Building3/ChairFeetRests_low.prefab using Guid(92a3c784df7a3454197fbc496388959b) Importer(2089858483,b0f066a214c2f5e87bad3c948f4d605d) (ScriptedImporter) -> (artifact id: '3f02a34def60af787edfcf77be969e31') in 0.0127883 seconds
Number of updated asset objects reloaded before import = 0Number of asset objects unloaded after import = 8

========================================================================
Received Import Request.
  Time since last request: 0.000057 seconds.
  path: Assets/World/Environment/Prefabs/Building3/KegSwitch_low.prefab
  artifactKey: Guid(e4730499c94663a4d98df7e6ced09975) Importer(815301076,1909f56bfc062723c751e8b465ee728b)
Start importing Assets/World/Environment/Prefabs/Building3/KegSwitch_low.prefab using Guid(e4730499c94663a4d98df7e6ced09975) Importer(815301076,1909f56bfc062723c751e8b465ee728b) (PreviewImporter) -> (artifact id: 'b5874a2679b74420b000297fd09b849c') in 0.0174084 seconds
Number of updated asset objects reloaded before import = 0Number of asset objects unloaded after import = 13

========================================================================
Received Import Request.
  Time since last request: 0.000023 seconds.
  path: Assets/World/Environment/Prefabs/Building3/ChairFeetRests_low005.prefab
  artifactKey: Guid(fae630c1bd52a8841a4fc907bf8af2c7) Importer(2089858483,b0f066a214c2f5e87bad3c948f4d605d)
Start importing Assets/World/Environment/Prefabs/Building3/ChairFeetRests_low005.prefab using Guid(fae630c1bd52a8841a4fc907bf8af2c7) Importer(2089858483,b0f066a214c2f5e87bad3c948f4d605d) (ScriptedImporter) -> (artifact id: 'f82966ead7a242887e531f6d2f8d501f') in 0.009791 seconds
Number of updated asset objects reloaded before import = 0Number of asset objects unloaded after import = 8

========================================================================
Received Import Request.
  Time since last request: 0.000023 seconds.
  path: Assets/World/Environment/Prefabs/Building3/ChairFeetRests_low003.prefab
  artifactKey: Guid(7f7da952c1f07464ab1e7e05278d9b25) Importer(2089858483,b0f066a214c2f5e87bad3c948f4d605d)
Start importing Assets/World/Environment/Prefabs/Building3/ChairFeetRests_low003.prefab using Guid(7f7da952c1f07464ab1e7e05278d9b25) Importer(2089858483,b0f066a214c2f5e87bad3c948f4d605d) (ScriptedImporter) -> (artifact id: 'af6a3920da730db5f6335e9627d4db3f') in 0.0104947 seconds
Number of updated asset objects reloaded before import = 0Number of asset objects unloaded after import = 8

========================================================================
Received Import Request.
  Time since last request: 0.000032 seconds.
  path: Assets/World/Environment/Prefabs/Building3/ChairLegs_low003.prefab
  artifactKey: Guid(5bf5db6cb137a5844825b01c3589beee) Importer(815301076,1909f56bfc062723c751e8b465ee728b)
Start importing Assets/World/Environment/Prefabs/Building3/ChairLegs_low003.prefab using Guid(5bf5db6cb137a5844825b01c3589beee) Importer(815301076,1909f56bfc062723c751e8b465ee728b) (PreviewImporter) -> (artifact id: '3af93f409b35c911e1fc7222b986083e') in 0.014368 seconds
Number of updated asset objects reloaded before import = 0Number of asset objects unloaded after import = 13

========================================================================
Received Import Request.
  Time since last request: 0.000047 seconds.
  path: Assets/World/Environment/Prefabs/Building3/RoundGlass_low003.prefab
  artifactKey: Guid(6c70d1d4dbea3d2448739ba8bab98bf8) Importer(2089858483,b0f066a214c2f5e87bad3c948f4d605d)
Start importing Assets/World/Environment/Prefabs/Building3/RoundGlass_low003.prefab using Guid(6c70d1d4dbea3d2448739ba8bab98bf8) Importer(2089858483,b0f066a214c2f5e87bad3c948f4d605d) (ScriptedImporter) -> (artifact id: 'b0d191daa96f52d507a70f134b2e7463') in 0.0098878 seconds
Number of updated asset objects reloaded before import = 0Number of asset objects unloaded after import = 8

========================================================================
Received Import Request.
  Time since last request: 0.000046 seconds.
  path: Assets/World/Environment/Prefabs/Building3/WantedPoster1.prefab
  artifactKey: Guid(499f0fce6215e194a862a10f24ae5087) Importer(815301076,1909f56bfc062723c751e8b465ee728b)
Start importing Assets/World/Environment/Prefabs/Building3/WantedPoster1.prefab using Guid(499f0fce6215e194a862a10f24ae5087) Importer(815301076,1909f56bfc062723c751e8b465ee728b) (PreviewImporter) -> (artifact id: '0dc35a14cdc38eba8268e53aa7f618b9') in 0.0147934 seconds
Number of updated asset objects reloaded before import = 0Number of asset objects unloaded after import = 13

========================================================================
Received Import Request.
  Time since last request: 0.000030 seconds.
  path: Assets/World/Environment/Prefabs/Building3/RoundGlass_low004.prefab
  artifactKey: Guid(9710021530fa0c34e9d9017adff1bbef) Importer(2089858483,b0f066a214c2f5e87bad3c948f4d605d)
Start importing Assets/World/Environment/Prefabs/Building3/RoundGlass_low004.prefab using Guid(9710021530fa0c34e9d9017adff1bbef) Importer(2089858483,b0f066a214c2f5e87bad3c948f4d605d) (ScriptedImporter) -> (artifact id: 'bcbfe6c2e1a16f1d367b65bf68555280') in 0.0101182 seconds
Number of updated asset objects reloaded before import = 0Number of asset objects unloaded after import = 8

========================================================================
Received Import Request.
  Time since last request: 0.000032 seconds.
  path: Assets/World/Environment/Prefabs/Building3/WhiskyGlass_low004.prefab
  artifactKey: Guid(49088701f08a69041883468fadbcbd5c) Importer(2089858483,b0f066a214c2f5e87bad3c948f4d605d)
Start importing Assets/World/Environment/Prefabs/Building3/WhiskyGlass_low004.prefab using Guid(49088701f08a69041883468fadbcbd5c) Importer(2089858483,b0f066a214c2f5e87bad3c948f4d605d) (ScriptedImporter) -> (artifact id: 'e44f3f49599041174b5ce1e56f019d9a') in 0.0093061 seconds
Number of updated asset objects reloaded before import = 0Number of asset objects unloaded after import = 8

========================================================================
Received Import Request.
  Time since last request: 0.000045 seconds.
  path: Assets/World/Environment/Prefabs/Building3/AlcoholBottle008_low002.prefab
  artifactKey: Guid(edfb6a2cf0615a748896b1b3aea2f82a) Importer(815301076,1909f56bfc062723c751e8b465ee728b)
Start importing Assets/World/Environment/Prefabs/Building3/AlcoholBottle008_low002.prefab using Guid(edfb6a2cf0615a748896b1b3aea2f82a) Importer(815301076,1909f56bfc062723c751e8b465ee728b) (PreviewImporter) -> (artifact id: '54cb6ac68b65ccd3e285a13229d4f228') in 0.0122094 seconds
Number of updated asset objects reloaded before import = 0Number of asset objects unloaded after import = 10

========================================================================
Received Import Request.
  Time since last request: 0.000046 seconds.
  path: Assets/World/Environment/Prefabs/Building3/SheriffBadgePin_low001.prefab
  artifactKey: Guid(b0bb0fdf31835474b92853b3d6d37709) Importer(815301076,1909f56bfc062723c751e8b465ee728b)
Start importing Assets/World/Environment/Prefabs/Building3/SheriffBadgePin_low001.prefab using Guid(b0bb0fdf31835474b92853b3d6d37709) Importer(815301076,1909f56bfc062723c751e8b465ee728b) (PreviewImporter) -> (artifact id: '29a5513fdf6b450859990821e8cf1f1e') in 0.0154249 seconds
Number of updated asset objects reloaded before import = 0Number of asset objects unloaded after import = 13

========================================================================
Received Import Request.
  Time since last request: 0.000039 seconds.
  path: Assets/World/Environment/Prefabs/Building3/PokerTable_low.prefab
  artifactKey: Guid(9cb566192e7c4ad4d9f005b638995e45) Importer(2089858483,b0f066a214c2f5e87bad3c948f4d605d)
Start importing Assets/World/Environment/Prefabs/Building3/PokerTable_low.prefab using Guid(9cb566192e7c4ad4d9f005b638995e45) Importer(2089858483,b0f066a214c2f5e87bad3c948f4d605d) (ScriptedImporter) -> (artifact id: '822a735ced939f9d42b3fdc8c13a496f') in 0.0103503 seconds
Number of updated asset objects reloaded before import = 0Number of asset objects unloaded after import = 8

========================================================================
Received Import Request.
  Time since last request: 0.000040 seconds.
  path: Assets/World/Environment/Prefabs/Building3/ChairBackRest_low007.prefab
  artifactKey: Guid(97a79d2c78499ea4794421466f8c3845) Importer(2089858483,b0f066a214c2f5e87bad3c948f4d605d)
Start importing Assets/World/Environment/Prefabs/Building3/ChairBackRest_low007.prefab using Guid(97a79d2c78499ea4794421466f8c3845) Importer(2089858483,b0f066a214c2f5e87bad3c948f4d605d) (ScriptedImporter) -> (artifact id: '6ce81257c45ecd71f490efe0bd6f297d') in 0.0095154 seconds
Number of updated asset objects reloaded before import = 0Number of asset objects unloaded after import = 8

========================================================================
Received Import Request.
  Time since last request: 0.000049 seconds.
  path: Assets/World/Environment/Prefabs/Building3/ChairLegs_low001.prefab
  artifactKey: Guid(65c274f9691aa5b40a34373a12f06032) Importer(815301076,1909f56bfc062723c751e8b465ee728b)
Start importing Assets/World/Environment/Prefabs/Building3/ChairLegs_low001.prefab using Guid(65c274f9691aa5b40a34373a12f06032) Importer(815301076,1909f56bfc062723c751e8b465ee728b) (PreviewImporter) -> (artifact id: '37eb4bedabaa39a58c3660ef76faa7ed') in 0.0142611 seconds
Number of updated asset objects reloaded before import = 0Number of asset objects unloaded after import = 13

========================================================================
Received Import Request.
  Time since last request: 0.000027 seconds.
  path: Assets/World/Environment/Prefabs/Building3/BarStool_low005.prefab
  artifactKey: Guid(b9987290105e7e3419a9fc596bc61d1b) Importer(2089858483,b0f066a214c2f5e87bad3c948f4d605d)
Start importing Assets/World/Environment/Prefabs/Building3/BarStool_low005.prefab using Guid(b9987290105e7e3419a9fc596bc61d1b) Importer(2089858483,b0f066a214c2f5e87bad3c948f4d605d) (ScriptedImporter) -> (artifact id: 'fe7ce3839d6edbb2eaffe04bc8574ed0') in 0.0101339 seconds
Number of updated asset objects reloaded before import = 0Number of asset objects unloaded after import = 8

========================================================================
Received Import Request.
  Time since last request: 0.000026 seconds.
  path: Assets/World/Environment/Prefabs/Building3/Crate_low001.prefab
  artifactKey: Guid(fe239f9c159a7d74f8d8f861fd2afb44) Importer(2089858483,b0f066a214c2f5e87bad3c948f4d605d)
Start importing Assets/World/Environment/Prefabs/Building3/Crate_low001.prefab using Guid(fe239f9c159a7d74f8d8f861fd2afb44) Importer(2089858483,b0f066a214c2f5e87bad3c948f4d605d) (ScriptedImporter) -> (artifact id: '87533e71b99f8fe6df7d76d53e8c6abb') in 0.0102794 seconds
Number of updated asset objects reloaded before import = 0Number of asset objects unloaded after import = 8

========================================================================
Received Import Request.
  Time since last request: 0.000036 seconds.
  path: Assets/World/Environment/Prefabs/Building3/BullHorns_low.prefab
  artifactKey: Guid(09be48a2e86e2134d8125cb36be75106) Importer(2089858483,b0f066a214c2f5e87bad3c948f4d605d)
Start importing Assets/World/Environment/Prefabs/Building3/BullHorns_low.prefab using Guid(09be48a2e86e2134d8125cb36be75106) Importer(2089858483,b0f066a214c2f5e87bad3c948f4d605d) (ScriptedImporter) -> (artifact id: '59321a278b56d8ee6854075f25590ff6') in 0.0085835 seconds
Number of updated asset objects reloaded before import = 0Number of asset objects unloaded after import = 8

========================================================================
Received Import Request.
  Time since last request: 0.000036 seconds.
  path: Assets/World/Environment/Prefabs/Building3/ChairBackRest_low007.prefab
  artifactKey: Guid(97a79d2c78499ea4794421466f8c3845) Importer(815301076,1909f56bfc062723c751e8b465ee728b)
Start importing Assets/World/Environment/Prefabs/Building3/ChairBackRest_low007.prefab using Guid(97a79d2c78499ea4794421466f8c3845) Importer(815301076,1909f56bfc062723c751e8b465ee728b) (PreviewImporter) -> (artifact id: 'f919242ff4236a2ad22dae41af5c5867') in 0.0136151 seconds
Number of updated asset objects reloaded before import = 0Number of asset objects unloaded after import = 13

========================================================================
Received Import Request.
  Time since last request: 0.000038 seconds.
  path: Assets/World/Environment/Prefabs/Building3/SheriffBadgeHook_low.prefab
  artifactKey: Guid(4b41ab12e37e7eb4f90e89741bcfb298) Importer(815301076,1909f56bfc062723c751e8b465ee728b)
Start importing Assets/World/Environment/Prefabs/Building3/SheriffBadgeHook_low.prefab using Guid(4b41ab12e37e7eb4f90e89741bcfb298) Importer(815301076,1909f56bfc062723c751e8b465ee728b) (PreviewImporter) -> (artifact id: 'be31a7878821193e1b095946b103f0a2') in 0.0149704 seconds
Number of updated asset objects reloaded before import = 0Number of asset objects unloaded after import = 13

========================================================================
Received Import Request.
  Time since last request: 0.000033 seconds.
  path: Assets/World/Environment/Prefabs/Building3/StandardTable_low001.prefab
  artifactKey: Guid(08ec3713e3ce76440af60ffd5d5323f1) Importer(815301076,1909f56bfc062723c751e8b465ee728b)
Start importing Assets/World/Environment/Prefabs/Building3/StandardTable_low001.prefab using Guid(08ec3713e3ce76440af60ffd5d5323f1) Importer(815301076,1909f56bfc062723c751e8b465ee728b) (PreviewImporter) -> (artifact id: '0c6e1f7835318533ccea435d633c85f8') in 0.0155519 seconds
Number of updated asset objects reloaded before import = 0Number of asset objects unloaded after import = 13

========================================================================
Received Import Request.
  Time since last request: 0.000035 seconds.
  path: Assets/World/Environment/Prefabs/Building3/ChairFeetRests_low004.prefab
  artifactKey: Guid(0e4e305bad3a91c4ba0e1e026ee2a973) Importer(2089858483,b0f066a214c2f5e87bad3c948f4d605d)
Start importing Assets/World/Environment/Prefabs/Building3/ChairFeetRests_low004.prefab using Guid(0e4e305bad3a91c4ba0e1e026ee2a973) Importer(2089858483,b0f066a214c2f5e87bad3c948f4d605d) (ScriptedImporter) -> (artifact id: 'd541b7e4f497785521fc78b14233da46') in 0.0098728 seconds
Number of updated asset objects reloaded before import = 0Number of asset objects unloaded after import = 8

========================================================================
Received Import Request.
  Time since last request: 0.000050 seconds.
  path: Assets/World/Environment/Prefabs/Building3/ChairSeat_low.prefab
  artifactKey: Guid(7796a94b5bcfbca4faadaa1a8fa8c7fa) Importer(815301076,1909f56bfc062723c751e8b465ee728b)
Start importing Assets/World/Environment/Prefabs/Building3/ChairSeat_low.prefab using Guid(7796a94b5bcfbca4faadaa1a8fa8c7fa) Importer(815301076,1909f56bfc062723c751e8b465ee728b) (PreviewImporter) -> (artifact id: '88fcc52fd3d207c89ed252138861c9e8') in 0.0145538 seconds
Number of updated asset objects reloaded before import = 0Number of asset objects unloaded after import = 13

========================================================================
Received Import Request.
  Time since last request: 0.000031 seconds.
  path: Assets/World/Environment/Prefabs/Building3/WhiskyGlass_low005.prefab
  artifactKey: Guid(fdea2317cf34ed94fbfd38511a343ec9) Importer(2089858483,b0f066a214c2f5e87bad3c948f4d605d)
Start importing Assets/World/Environment/Prefabs/Building3/WhiskyGlass_low005.prefab using Guid(fdea2317cf34ed94fbfd38511a343ec9) Importer(2089858483,b0f066a214c2f5e87bad3c948f4d605d) (ScriptedImporter) -> (artifact id: '9e16c2062eec958ebbd815fca123d797') in 0.0090613 seconds
Number of updated asset objects reloaded before import = 0Number of asset objects unloaded after import = 8

========================================================================
Received Import Request.
  Time since last request: 0.000028 seconds.
  path: Assets/World/Environment/Prefabs/Building3/ChairLegs_low001.prefab
  artifactKey: Guid(65c274f9691aa5b40a34373a12f06032) Importer(2089858483,b0f066a214c2f5e87bad3c948f4d605d)
Start importing Assets/World/Environment/Prefabs/Building3/ChairLegs_low001.prefab using Guid(65c274f9691aa5b40a34373a12f06032) Importer(2089858483,b0f066a214c2f5e87bad3c948f4d605d) (ScriptedImporter) -> (artifact id: 'a86077bdcb27812804f6741fa3e1f321') in 0.0099205 seconds
Number of updated asset objects reloaded before import = 0Number of asset objects unloaded after import = 8

========================================================================
Received Import Request.
  Time since last request: 0.000030 seconds.
  path: Assets/World/Environment/Prefabs/Building3/RoundGlass_low001.prefab
  artifactKey: Guid(7ad6d8572f7b21d4a9947e9b1bda871a) Importer(2089858483,b0f066a214c2f5e87bad3c948f4d605d)
Start importing Assets/World/Environment/Prefabs/Building3/RoundGlass_low001.prefab using Guid(7ad6d8572f7b21d4a9947e9b1bda871a) Importer(2089858483,b0f066a214c2f5e87bad3c948f4d605d) (ScriptedImporter) -> (artifact id: 'b1ef074676474922007782d5f8a84464') in 0.0085039 seconds
Number of updated asset objects reloaded before import = 0Number of asset objects unloaded after import = 8

========================================================================
Received Import Request.
  Time since last request: 0.000041 seconds.
  path: Assets/World/Environment/Prefabs/Building3/SheriffBadge_low.prefab
  artifactKey: Guid(37c1f92196daa9b4f920870f410a3464) Importer(815301076,1909f56bfc062723c751e8b465ee728b)
Start importing Assets/World/Environment/Prefabs/Building3/SheriffBadge_low.prefab using Guid(37c1f92196daa9b4f920870f410a3464) Importer(815301076,1909f56bfc062723c751e8b465ee728b) (PreviewImporter) -> (artifact id: '795687670da19d1b1728a1a76daabb90') in 0.0133554 seconds
Number of updated asset objects reloaded before import = 0Number of asset objects unloaded after import = 13

========================================================================
Received Import Request.
  Time since last request: 0.000031 seconds.
  path: Assets/World/Environment/Prefabs/Building3/WantedPoster3.prefab
  artifactKey: Guid(a2d49b95575b12a41871d4c2ee0ee7e4) Importer(815301076,1909f56bfc062723c751e8b465ee728b)
Start importing Assets/World/Environment/Prefabs/Building3/WantedPoster3.prefab using Guid(a2d49b95575b12a41871d4c2ee0ee7e4) Importer(815301076,1909f56bfc062723c751e8b465ee728b) (PreviewImporter) -> (artifact id: 'e29b114ead16aad3ecbc5d50158d067e') in 0.0180409 seconds
Number of updated asset objects reloaded before import = 0Number of asset objects unloaded after import = 13

========================================================================
Received Import Request.
  Time since last request: 0.000025 seconds.
  path: Assets/World/Environment/Prefabs/Building3/WantedPoster4.prefab
  artifactKey: Guid(6b9c7b788d47afc4eb96336da808ebc4) Importer(815301076,1909f56bfc062723c751e8b465ee728b)
Start importing Assets/World/Environment/Prefabs/Building3/WantedPoster4.prefab using Guid(6b9c7b788d47afc4eb96336da808ebc4) Importer(815301076,1909f56bfc062723c751e8b465ee728b) (PreviewImporter) -> (artifact id: 'efea231cf5937fcc65087b62ca358228') in 0.0145302 seconds
Number of updated asset objects reloaded before import = 0Number of asset objects unloaded after import = 13

========================================================================
Received Import Request.
  Time since last request: 0.000030 seconds.
  path: Assets/World/Environment/Prefabs/Building3/BarStool_low004.prefab
  artifactKey: Guid(d1340d918182e304db39a12043ea5fcc) Importer(2089858483,b0f066a214c2f5e87bad3c948f4d605d)
Start importing Assets/World/Environment/Prefabs/Building3/BarStool_low004.prefab using Guid(d1340d918182e304db39a12043ea5fcc) Importer(2089858483,b0f066a214c2f5e87bad3c948f4d605d) (ScriptedImporter) -> (artifact id: '7122b6229d777dd2d02a18d829218cb8') in 0.0119464 seconds
Number of updated asset objects reloaded before import = 0Number of asset objects unloaded after import = 8

========================================================================
Received Import Request.
  Time since last request: 0.000043 seconds.
  path: Assets/World/Environment/Prefabs/Building3/ChairSeat_low007.prefab
  artifactKey: Guid(b6a7fee02744d3448bf34aa414010594) Importer(2089858483,b0f066a214c2f5e87bad3c948f4d605d)
Start importing Assets/World/Environment/Prefabs/Building3/ChairSeat_low007.prefab using Guid(b6a7fee02744d3448bf34aa414010594) Importer(2089858483,b0f066a214c2f5e87bad3c948f4d605d) (ScriptedImporter) -> (artifact id: '7d5b0328933e5d4451b56dc8f42e7cc0') in 0.010075 seconds
Number of updated asset objects reloaded before import = 0Number of asset objects unloaded after import = 8

========================================================================
Received Import Request.
  Time since last request: 0.000027 seconds.
  path: Assets/World/Environment/Prefabs/Building3/Bar_low.prefab
  artifactKey: Guid(62a502a7e3190f04ea55533a87b9ad7f) Importer(2089858483,b0f066a214c2f5e87bad3c948f4d605d)
Start importing Assets/World/Environment/Prefabs/Building3/Bar_low.prefab using Guid(62a502a7e3190f04ea55533a87b9ad7f) Importer(2089858483,b0f066a214c2f5e87bad3c948f4d605d) (ScriptedImporter) -> (artifact id: 'da91f2b52197ec942d60321c8585db86') in 0.0112543 seconds
Number of updated asset objects reloaded before import = 0Number of asset objects unloaded after import = 8

========================================================================
Received Import Request.
  Time since last request: 0.000032 seconds.
  path: Assets/World/Environment/Prefabs/Building3/ChairLegs_low004.prefab
  artifactKey: Guid(94721cb41bb5ba241a2bb5c8af2e94df) Importer(815301076,1909f56bfc062723c751e8b465ee728b)
Start importing Assets/World/Environment/Prefabs/Building3/ChairLegs_low004.prefab using Guid(94721cb41bb5ba241a2bb5c8af2e94df) Importer(815301076,1909f56bfc062723c751e8b465ee728b) (PreviewImporter) -> (artifact id: '83f366d93ad89351770e45aa7eb987b1') in 0.01708 seconds
Number of updated asset objects reloaded before import = 0Number of asset objects unloaded after import = 13

========================================================================
Received Import Request.
  Time since last request: 0.000031 seconds.
  path: Assets/World/Environment/Prefabs/Building3/AlcoholBottle008_low004.prefab
  artifactKey: Guid(7b3de33745a536e468fd7a0067932d64) Importer(815301076,1909f56bfc062723c751e8b465ee728b)
Start importing Assets/World/Environment/Prefabs/Building3/AlcoholBottle008_low004.prefab using Guid(7b3de33745a536e468fd7a0067932d64) Importer(815301076,1909f56bfc062723c751e8b465ee728b) (PreviewImporter) -> (artifact id: '878e8c238812caf464897225c8dc952b') in 0.0090948 seconds
Number of updated asset objects reloaded before import = 0Number of asset objects unloaded after import = 10

========================================================================
Received Import Request.
  Time since last request: 0.000038 seconds.
  path: Assets/World/Environment/Prefabs/Building3/KegTap_low.prefab
  artifactKey: Guid(d8e9b588579e69840999d77b284620d7) Importer(815301076,1909f56bfc062723c751e8b465ee728b)
Start importing Assets/World/Environment/Prefabs/Building3/KegTap_low.prefab using Guid(d8e9b588579e69840999d77b284620d7) Importer(815301076,1909f56bfc062723c751e8b465ee728b) (PreviewImporter) -> (artifact id: 'aeab2b630f7488227ce24706e2465186') in 0.0130045 seconds
Number of updated asset objects reloaded before import = 0Number of asset objects unloaded after import = 13

========================================================================
Received Import Request.
  Time since last request: 0.000026 seconds.
  path: Assets/World/Environment/Prefabs/Building3/WantedPoster2.prefab
  artifactKey: Guid(19a0eaacced2d7241b13475e75972089) Importer(815301076,1909f56bfc062723c751e8b465ee728b)
Start importing Assets/World/Environment/Prefabs/Building3/WantedPoster2.prefab using Guid(19a0eaacced2d7241b13475e75972089) Importer(815301076,1909f56bfc062723c751e8b465ee728b) (PreviewImporter) -> (artifact id: '46fbe0837be1071481e61cf55d8d91ec') in 0.0136984 seconds
Number of updated asset objects reloaded before import = 0Number of asset objects unloaded after import = 13

========================================================================
Received Import Request.
  Time since last request: 0.000036 seconds.
  path: Assets/World/Environment/Prefabs/Building3/CandleHolder_low001.prefab
  artifactKey: Guid(5eae6f2f77b72a440b8ef9f87bcc7923) Importer(2089858483,b0f066a214c2f5e87bad3c948f4d605d)
Start importing Assets/World/Environment/Prefabs/Building3/CandleHolder_low001.prefab using Guid(5eae6f2f77b72a440b8ef9f87bcc7923) Importer(2089858483,b0f066a214c2f5e87bad3c948f4d605d) (ScriptedImporter) -> (artifact id: 'b10ce6e072b8a789c7d543e6e1be21bb') in 0.0091335 seconds
Number of updated asset objects reloaded before import = 0Number of asset objects unloaded after import = 8

========================================================================
Received Import Request.
  Time since last request: 0.000031 seconds.
  path: Assets/World/Environment/Prefabs/Building3/BarStool_low002.prefab
  artifactKey: Guid(c60836cd170536a479fdbc3ac5815803) Importer(815301076,1909f56bfc062723c751e8b465ee728b)
Start importing Assets/World/Environment/Prefabs/Building3/BarStool_low002.prefab using Guid(c60836cd170536a479fdbc3ac5815803) Importer(815301076,1909f56bfc062723c751e8b465ee728b) (PreviewImporter) -> (artifact id: 'baf8112fcf393cf89b1681b65d7644f3') in 0.0128535 seconds
Number of updated asset objects reloaded before import = 0Number of asset objects unloaded after import = 14

========================================================================
Received Import Request.
  Time since last request: 0.000034 seconds.
  path: Assets/World/Environment/Prefabs/Building3/CandleHolder_low.prefab
  artifactKey: Guid(ace2716a9aeb2224b8d034b3abca8f8f) Importer(815301076,1909f56bfc062723c751e8b465ee728b)
Start importing Assets/World/Environment/Prefabs/Building3/CandleHolder_low.prefab using Guid(ace2716a9aeb2224b8d034b3abca8f8f) Importer(815301076,1909f56bfc062723c751e8b465ee728b) (PreviewImporter) -> (artifact id: '011245552d0864d7513b68bc160ac7bb') in 0.0142322 seconds
Number of updated asset objects reloaded before import = 0Number of asset objects unloaded after import = 12

========================================================================
Received Import Request.
  Time since last request: 0.000043 seconds.
  path: Assets/World/Environment/Prefabs/Building3/ChairSeat_low003.prefab
  artifactKey: Guid(5c2666b10dba9dc4a9977c6ee1ed2a09) Importer(815301076,1909f56bfc062723c751e8b465ee728b)
Start importing Assets/World/Environment/Prefabs/Building3/ChairSeat_low003.prefab using Guid(5c2666b10dba9dc4a9977c6ee1ed2a09) Importer(815301076,1909f56bfc062723c751e8b465ee728b) (PreviewImporter) -> (artifact id: '6514e57ba73661a38c9ffee412d74c6d') in 0.0151343 seconds
Number of updated asset objects reloaded before import = 0Number of asset objects unloaded after import = 13

========================================================================
Received Import Request.
  Time since last request: 0.000048 seconds.
  path: Assets/World/Environment/Prefabs/Building3/SheriffBadge_low001.prefab
  artifactKey: Guid(775af826215d9214fbca7e5bbeb7e338) Importer(815301076,1909f56bfc062723c751e8b465ee728b)
Start importing Assets/World/Environment/Prefabs/Building3/SheriffBadge_low001.prefab using Guid(775af826215d9214fbca7e5bbeb7e338) Importer(815301076,1909f56bfc062723c751e8b465ee728b) (PreviewImporter) -> (artifact id: '8692eb34254cf142c305d12df0b9acf2') in 0.0175474 seconds
Number of updated asset objects reloaded before import = 0Number of asset objects unloaded after import = 13

========================================================================
Received Import Request.
  Time since last request: 0.000028 seconds.
  path: Assets/World/Environment/Prefabs/Building3/CandleHolder_low.prefab
  artifactKey: Guid(ace2716a9aeb2224b8d034b3abca8f8f) Importer(2089858483,b0f066a214c2f5e87bad3c948f4d605d)
Start importing Assets/World/Environment/Prefabs/Building3/CandleHolder_low.prefab using Guid(ace2716a9aeb2224b8d034b3abca8f8f) Importer(2089858483,b0f066a214c2f5e87bad3c948f4d605d) (ScriptedImporter) -> (artifact id: '1f325c08a738315bf63ef85e498ff4b7') in 0.0239169 seconds
Number of updated asset objects reloaded before import = 0Number of asset objects unloaded after import = 8

========================================================================
Received Import Request.
  Time since last request: 0.000032 seconds.
  path: Assets/World/Environment/Prefabs/Building3/Moonshine004_low001.prefab
  artifactKey: Guid(7c19a57bc01e7354a9b61cdcb95893c3) Importer(815301076,1909f56bfc062723c751e8b465ee728b)
Start importing Assets/World/Environment/Prefabs/Building3/Moonshine004_low001.prefab using Guid(7c19a57bc01e7354a9b61cdcb95893c3) Importer(815301076,1909f56bfc062723c751e8b465ee728b) (PreviewImporter) -> (artifact id: '00abca8e05c2eae92315f385245ec002') in 0.0126971 seconds
Number of updated asset objects reloaded before import = 0Number of asset objects unloaded after import = 10

========================================================================
Received Import Request.
  Time since last request: 0.000045 seconds.
  path: Assets/World/Environment/Prefabs/Building3/ChairBackRest_low001.prefab
  artifactKey: Guid(d8b623e6ccf26b04e80a3079989d5fd0) Importer(2089858483,b0f066a214c2f5e87bad3c948f4d605d)
Start importing Assets/World/Environment/Prefabs/Building3/ChairBackRest_low001.prefab using Guid(d8b623e6ccf26b04e80a3079989d5fd0) Importer(2089858483,b0f066a214c2f5e87bad3c948f4d605d) (ScriptedImporter) -> (artifact id: '414e293f366c8ed6a22c5df8a132b848') in 0.0125913 seconds
Number of updated asset objects reloaded before import = 0Number of asset objects unloaded after import = 8

========================================================================
Received Import Request.
  Time since last request: 0.000033 seconds.
  path: Assets/World/Environment/Prefabs/Building3/StandardTable_low001.prefab
  artifactKey: Guid(08ec3713e3ce76440af60ffd5d5323f1) Importer(2089858483,b0f066a214c2f5e87bad3c948f4d605d)
Start importing Assets/World/Environment/Prefabs/Building3/StandardTable_low001.prefab using Guid(08ec3713e3ce76440af60ffd5d5323f1) Importer(2089858483,b0f066a214c2f5e87bad3c948f4d605d) (ScriptedImporter) -> (artifact id: 'b344d92f9a8005815b555b07243c8c53') in 0.0109141 seconds
Number of updated asset objects reloaded before import = 0Number of asset objects unloaded after import = 8

========================================================================
Received Import Request.
  Time since last request: 0.000029 seconds.
  path: Assets/World/Environment/Prefabs/Building3/ChairSeat_low003.prefab
  artifactKey: Guid(5c2666b10dba9dc4a9977c6ee1ed2a09) Importer(2089858483,b0f066a214c2f5e87bad3c948f4d605d)
Start importing Assets/World/Environment/Prefabs/Building3/ChairSeat_low003.prefab using Guid(5c2666b10dba9dc4a9977c6ee1ed2a09) Importer(2089858483,b0f066a214c2f5e87bad3c948f4d605d) (ScriptedImporter) -> (artifact id: '63e5dcbfcc39d75c9c53c38ba3ec4d13') in 0.0099132 seconds
Number of updated asset objects reloaded before import = 0Number of asset objects unloaded after import = 8

========================================================================
Received Import Request.
  Time since last request: 0.000032 seconds.
  path: Assets/World/Environment/Prefabs/Building3/Shelf_low.prefab
  artifactKey: Guid(2eeeff8db8415b2478b5bd5d40f684b5) Importer(2089858483,b0f066a214c2f5e87bad3c948f4d605d)
Start importing Assets/World/Environment/Prefabs/Building3/Shelf_low.prefab using Guid(2eeeff8db8415b2478b5bd5d40f684b5) Importer(2089858483,b0f066a214c2f5e87bad3c948f4d605d) (ScriptedImporter) -> (artifact id: 'a37926ae77ac0bdfa6069064356aa7a9') in 0.0097261 seconds
Number of updated asset objects reloaded before import = 0Number of asset objects unloaded after import = 8

========================================================================
Received Import Request.
  Time since last request: 0.000046 seconds.
  path: Assets/World/Environment/Prefabs/Building3/Crate_low002.prefab
  artifactKey: Guid(423fb7f6c13dcde488495f162b89e6a6) Importer(2089858483,b0f066a214c2f5e87bad3c948f4d605d)
Start importing Assets/World/Environment/Prefabs/Building3/Crate_low002.prefab using Guid(423fb7f6c13dcde488495f162b89e6a6) Importer(2089858483,b0f066a214c2f5e87bad3c948f4d605d) (ScriptedImporter) -> (artifact id: '6ef94f6cde01cb9e8c91fab506c643be') in 0.0090518 seconds
Number of updated asset objects reloaded before import = 0Number of asset objects unloaded after import = 8

========================================================================
Received Import Request.
  Time since last request: 0.000026 seconds.
  path: Assets/World/Environment/Prefabs/Building3/PokerTable_low001.prefab
  artifactKey: Guid(2a7d2db79fb682a44ac0fd98a6804382) Importer(2089858483,b0f066a214c2f5e87bad3c948f4d605d)
Start importing Assets/World/Environment/Prefabs/Building3/PokerTable_low001.prefab using Guid(2a7d2db79fb682a44ac0fd98a6804382) Importer(2089858483,b0f066a214c2f5e87bad3c948f4d605d) (ScriptedImporter) -> (artifact id: '3c99038315586b060219bf0637bb24c7') in 0.0082045 seconds
Number of updated asset objects reloaded before import = 0Number of asset objects unloaded after import = 8

========================================================================
Received Import Request.
  Time since last request: 0.000027 seconds.
  path: Assets/World/Environment/Prefabs/Building3/WhiskyGlass_low003.prefab
  artifactKey: Guid(21b0b2e2d1049d441b24ee8485bfdcdd) Importer(2089858483,b0f066a214c2f5e87bad3c948f4d605d)
Start importing Assets/World/Environment/Prefabs/Building3/WhiskyGlass_low003.prefab using Guid(21b0b2e2d1049d441b24ee8485bfdcdd) Importer(2089858483,b0f066a214c2f5e87bad3c948f4d605d) (ScriptedImporter) -> (artifact id: '449381c6f782f160f481c0b5c67d9b90') in 0.0083024 seconds
Number of updated asset objects reloaded before import = 0Number of asset objects unloaded after import = 8

========================================================================
Received Import Request.
  Time since last request: 0.000027 seconds.
  path: Assets/World/Environment/Prefabs/Building3/ChairFeetRests_low001.prefab
  artifactKey: Guid(c5a4b9abe9db08b4d96926f7217e270a) Importer(815301076,1909f56bfc062723c751e8b465ee728b)
Start importing Assets/World/Environment/Prefabs/Building3/ChairFeetRests_low001.prefab using Guid(c5a4b9abe9db08b4d96926f7217e270a) Importer(815301076,1909f56bfc062723c751e8b465ee728b) (PreviewImporter) -> (artifact id: 'cc49e53fe4a57be0eed0554a7d8dc4b3') in 0.0139426 seconds
Number of updated asset objects reloaded before import = 0Number of asset objects unloaded after import = 13

========================================================================
Received Import Request.
  Time since last request: 0.000057 seconds.
  path: Assets/World/Environment/Prefabs/Building3/Crate_low004.prefab
  artifactKey: Guid(8a79a189d27408548863fa654afbf138) Importer(815301076,1909f56bfc062723c751e8b465ee728b)
Start importing Assets/World/Environment/Prefabs/Building3/Crate_low004.prefab using Guid(8a79a189d27408548863fa654afbf138) Importer(815301076,1909f56bfc062723c751e8b465ee728b) (PreviewImporter) -> (artifact id: 'b478b8dd35ecfe777a470b31e47837e7') in 0.0116946 seconds
Number of updated asset objects reloaded before import = 0Number of asset objects unloaded after import = 10

========================================================================
Received Import Request.
  Time since last request: 0.000042 seconds.
  path: Assets/World/Environment/Prefabs/Building3/ChairFeetRests_low.prefab
  artifactKey: Guid(92a3c784df7a3454197fbc496388959b) Importer(815301076,1909f56bfc062723c751e8b465ee728b)
Start importing Assets/World/Environment/Prefabs/Building3/ChairFeetRests_low.prefab using Guid(92a3c784df7a3454197fbc496388959b) Importer(815301076,1909f56bfc062723c751e8b465ee728b) (PreviewImporter) -> (artifact id: 'acdc1435f46700d455f03f97135fc96f') in 0.0151555 seconds
Number of updated asset objects reloaded before import = 0Number of asset objects unloaded after import = 13

========================================================================
Received Import Request.
  Time since last request: 0.000027 seconds.
  path: Assets/World/Environment/Prefabs/Building3/ChairFeetRests_low002.prefab
  artifactKey: Guid(9cf4d586f84954a4fb188c5c1fd865a8) Importer(815301076,1909f56bfc062723c751e8b465ee728b)
Start importing Assets/World/Environment/Prefabs/Building3/ChairFeetRests_low002.prefab using Guid(9cf4d586f84954a4fb188c5c1fd865a8) Importer(815301076,1909f56bfc062723c751e8b465ee728b) (PreviewImporter) -> (artifact id: 'd6a62361611641f48261dd5b71e1443f') in 0.0146909 seconds
Number of updated asset objects reloaded before import = 0Number of asset objects unloaded after import = 13

========================================================================
Received Import Request.
  Time since last request: 0.000029 seconds.
  path: Assets/World/Environment/Prefabs/Building3/ChairSeat_low005.prefab
  artifactKey: Guid(1a4ba84cccf7971429501407f68c1f03) Importer(815301076,1909f56bfc062723c751e8b465ee728b)
Start importing Assets/World/Environment/Prefabs/Building3/ChairSeat_low005.prefab using Guid(1a4ba84cccf7971429501407f68c1f03) Importer(815301076,1909f56bfc062723c751e8b465ee728b) (PreviewImporter) -> (artifact id: '2d64d80634e85a1bef6b0cf8d2b5f382') in 0.0169687 seconds
Number of updated asset objects reloaded before import = 0Number of asset objects unloaded after import = 13

========================================================================
Received Import Request.
  Time since last request: 0.000032 seconds.
  path: Assets/World/Environment/Prefabs/Building3/WhiskyGlass_low009.prefab
  artifactKey: Guid(9e5a0989467d3364d97a24c6b73b46aa) Importer(2089858483,b0f066a214c2f5e87bad3c948f4d605d)
Start importing Assets/World/Environment/Prefabs/Building3/WhiskyGlass_low009.prefab using Guid(9e5a0989467d3364d97a24c6b73b46aa) Importer(2089858483,b0f066a214c2f5e87bad3c948f4d605d) (ScriptedImporter) -> (artifact id: '386ef92f1d8c3398f316ba07dcd63cf0') in 0.010315 seconds
Number of updated asset objects reloaded before import = 0Number of asset objects unloaded after import = 8

========================================================================
Received Import Request.
  Time since last request: 0.000048 seconds.
  path: Assets/World/Environment/Prefabs/Building3/ChairLegs_low006.prefab
  artifactKey: Guid(e192218de29ef0b4f9168cfbfd5c966f) Importer(815301076,1909f56bfc062723c751e8b465ee728b)
Start importing Assets/World/Environment/Prefabs/Building3/ChairLegs_low006.prefab using Guid(e192218de29ef0b4f9168cfbfd5c966f) Importer(815301076,1909f56bfc062723c751e8b465ee728b) (PreviewImporter) -> (artifact id: '101651a4dbf07eb6f4dbbdece91cdb59') in 0.0143545 seconds
Number of updated asset objects reloaded before import = 0Number of asset objects unloaded after import = 13

========================================================================
Received Import Request.
  Time since last request: 0.000028 seconds.
  path: Assets/World/Environment/Prefabs/Building3/BullHornsRope_low.prefab
  artifactKey: Guid(914c29fc22381f54e90974749a6270ef) Importer(815301076,1909f56bfc062723c751e8b465ee728b)
Start importing Assets/World/Environment/Prefabs/Building3/BullHornsRope_low.prefab using Guid(914c29fc22381f54e90974749a6270ef) Importer(815301076,1909f56bfc062723c751e8b465ee728b) (PreviewImporter) -> (artifact id: 'c6a370c744dce768f434a87fbcb510c7') in 0.0139851 seconds
Number of updated asset objects reloaded before import = 0Number of asset objects unloaded after import = 13

========================================================================
Received Import Request.
  Time since last request: 0.000027 seconds.
  path: Assets/World/Environment/Prefabs/Building3/SheriffBadge_low.prefab
  artifactKey: Guid(37c1f92196daa9b4f920870f410a3464) Importer(2089858483,b0f066a214c2f5e87bad3c948f4d605d)
Start importing Assets/World/Environment/Prefabs/Building3/SheriffBadge_low.prefab using Guid(37c1f92196daa9b4f920870f410a3464) Importer(2089858483,b0f066a214c2f5e87bad3c948f4d605d) (ScriptedImporter) -> (artifact id: 'b3833cb06ac79412e34df53a85e92458') in 0.0081537 seconds
Number of updated asset objects reloaded before import = 0Number of asset objects unloaded after import = 8

========================================================================
Received Import Request.
  Time since last request: 0.000032 seconds.
  path: Assets/World/Environment/Prefabs/Building3/AlcoholBottle008_low006.prefab
  artifactKey: Guid(d8556921891b9e54b815ce59941e8fa1) Importer(2089858483,b0f066a214c2f5e87bad3c948f4d605d)
Start importing Assets/World/Environment/Prefabs/Building3/AlcoholBottle008_low006.prefab using Guid(d8556921891b9e54b815ce59941e8fa1) Importer(2089858483,b0f066a214c2f5e87bad3c948f4d605d) (ScriptedImporter) -> (artifact id: '9f9701a8fc4110d106412b2dcfcd72f1') in 0.0094571 seconds
Number of updated asset objects reloaded before import = 0Number of asset objects unloaded after import = 8

========================================================================
Received Import Request.
  Time since last request: 0.000040 seconds.
  path: Assets/World/Environment/Prefabs/Building3/ChairLegs_low008.prefab
  artifactKey: Guid(65906b61de18ff748bef9a3aa7a35314) Importer(815301076,1909f56bfc062723c751e8b465ee728b)
Start importing Assets/World/Environment/Prefabs/Building3/ChairLegs_low008.prefab using Guid(65906b61de18ff748bef9a3aa7a35314) Importer(815301076,1909f56bfc062723c751e8b465ee728b) (PreviewImporter) -> (artifact id: '8d78e19874c0b5a2f8b03433a332f836') in 0.0131931 seconds
Number of updated asset objects reloaded before import = 0Number of asset objects unloaded after import = 13

========================================================================
Received Import Request.
  Time since last request: 0.000033 seconds.
  path: Assets/World/Environment/Prefabs/Building3/SheriffBadge_low001.prefab
  artifactKey: Guid(775af826215d9214fbca7e5bbeb7e338) Importer(2089858483,b0f066a214c2f5e87bad3c948f4d605d)
Start importing Assets/World/Environment/Prefabs/Building3/SheriffBadge_low001.prefab using Guid(775af826215d9214fbca7e5bbeb7e338) Importer(2089858483,b0f066a214c2f5e87bad3c948f4d605d) (ScriptedImporter) -> (artifact id: '382c0260d65cc184dd52a55666ffd0b7') in 0.0087501 seconds
Number of updated asset objects reloaded before import = 0Number of asset objects unloaded after import = 8

========================================================================
Received Import Request.
  Time since last request: 0.000044 seconds.
  path: Assets/World/Environment/Prefabs/Building3/WantedPoster2.prefab
  artifactKey: Guid(19a0eaacced2d7241b13475e75972089) Importer(2089858483,b0f066a214c2f5e87bad3c948f4d605d)
Start importing Assets/World/Environment/Prefabs/Building3/WantedPoster2.prefab using Guid(19a0eaacced2d7241b13475e75972089) Importer(2089858483,b0f066a214c2f5e87bad3c948f4d605d) (ScriptedImporter) -> (artifact id: '19ffcd8957b2884e1c14c70cb7e013a2') in 0.0090315 seconds
Number of updated asset objects reloaded before import = 0Number of asset objects unloaded after import = 8

========================================================================
Received Import Request.
  Time since last request: 0.000032 seconds.
  path: Assets/World/Environment/Prefabs/Building3/ChairFeetRests_low004.prefab
  artifactKey: Guid(0e4e305bad3a91c4ba0e1e026ee2a973) Importer(815301076,1909f56bfc062723c751e8b465ee728b)
Start importing Assets/World/Environment/Prefabs/Building3/ChairFeetRests_low004.prefab using Guid(0e4e305bad3a91c4ba0e1e026ee2a973) Importer(815301076,1909f56bfc062723c751e8b465ee728b) (PreviewImporter) -> (artifact id: 'cf4fc815a23318a478c783ced1942c7b') in 0.0146988 seconds
Number of updated asset objects reloaded before import = 0Number of asset objects unloaded after import = 13

========================================================================
Received Import Request.
  Time since last request: 0.000044 seconds.
  path: Assets/World/Environment/Prefabs/Building3/SheriffBadgePin_low001.prefab
  artifactKey: Guid(b0bb0fdf31835474b92853b3d6d37709) Importer(2089858483,b0f066a214c2f5e87bad3c948f4d605d)
Start importing Assets/World/Environment/Prefabs/Building3/SheriffBadgePin_low001.prefab using Guid(b0bb0fdf31835474b92853b3d6d37709) Importer(2089858483,b0f066a214c2f5e87bad3c948f4d605d) (ScriptedImporter) -> (artifact id: '21c7a5c6ba98683191736ab535106185') in 0.0089542 seconds
Number of updated asset objects reloaded before import = 0Number of asset objects unloaded after import = 8

========================================================================
Received Import Request.
  Time since last request: 0.000029 seconds.
  path: Assets/World/Environment/Prefabs/Building3/SheriffBadgePin_low.prefab
  artifactKey: Guid(28b25de9fb6bc13428a9952023274d65) Importer(2089858483,b0f066a214c2f5e87bad3c948f4d605d)
Start importing Assets/World/Environment/Prefabs/Building3/SheriffBadgePin_low.prefab using Guid(28b25de9fb6bc13428a9952023274d65) Importer(2089858483,b0f066a214c2f5e87bad3c948f4d605d) (ScriptedImporter) -> (artifact id: '80bf873740de6e4a050f7697c5d233e1') in 0.0091405 seconds
Number of updated asset objects reloaded before import = 0Number of asset objects unloaded after import = 8

========================================================================
Received Import Request.
  Time since last request: 0.000030 seconds.
  path: Assets/World/Environment/Prefabs/Building3/ChairSeat_low005.prefab
  artifactKey: Guid(1a4ba84cccf7971429501407f68c1f03) Importer(2089858483,b0f066a214c2f5e87bad3c948f4d605d)
Start importing Assets/World/Environment/Prefabs/Building3/ChairSeat_low005.prefab using Guid(1a4ba84cccf7971429501407f68c1f03) Importer(2089858483,b0f066a214c2f5e87bad3c948f4d605d) (ScriptedImporter) -> (artifact id: '6e285c63b65ce41798223208e6a53e41') in 0.00833 seconds
Number of updated asset objects reloaded before import = 0Number of asset objects unloaded after import = 8

========================================================================
Received Import Request.
  Time since last request: 0.000035 seconds.
  path: Assets/World/Environment/Prefabs/Building3/ChairFeetRests_low008.prefab
  artifactKey: Guid(299da99209699bc48950a2d3bf170460) Importer(2089858483,b0f066a214c2f5e87bad3c948f4d605d)
Start importing Assets/World/Environment/Prefabs/Building3/ChairFeetRests_low008.prefab using Guid(299da99209699bc48950a2d3bf170460) Importer(2089858483,b0f066a214c2f5e87bad3c948f4d605d) (ScriptedImporter) -> (artifact id: '4a9ed648d8e79c3ee920516f314e4a9a') in 0.0099628 seconds
Number of updated asset objects reloaded before import = 0Number of asset objects unloaded after import = 8

========================================================================
Received Import Request.
  Time since last request: 7.056315 seconds.
  path: Assets/World/Environment/Prefabs/Building3/Crate_low005.prefab
  artifactKey: Guid(0ace00d037978424497ae4593037373b) Importer(815301076,1909f56bfc062723c751e8b465ee728b)
Start importing Assets/World/Environment/Prefabs/Building3/Crate_low005.prefab using Guid(0ace00d037978424497ae4593037373b) Importer(815301076,1909f56bfc062723c751e8b465ee728b) (PreviewImporter) -> (artifact id: 'faa8352cbf2718f3c0da33ad53568b11') in 0.002354 seconds
Number of updated asset objects reloaded before import = 0Number of asset objects unloaded after import = 6

========================================================================
Received Import Request.
  Time since last request: 0.000022 seconds.
  path: Assets/World/Environment/Prefabs/Building3/SheriffHat_low.prefab
  artifactKey: Guid(84211330230472140aaa8ad75cbbec1c) Importer(815301076,1909f56bfc062723c751e8b465ee728b)
Start importing Assets/World/Environment/Prefabs/Building3/SheriffHat_low.prefab using Guid(84211330230472140aaa8ad75cbbec1c) Importer(815301076,1909f56bfc062723c751e8b465ee728b) (PreviewImporter) -> (artifact id: '5351b54460dde3981ca6421e47a1fbca') in 0.0025011 seconds
Number of updated asset objects reloaded before import = 0Number of asset objects unloaded after import = 6

========================================================================
Received Import Request.
  Time since last request: 0.000022 seconds.
  path: Assets/World/Environment/Prefabs/Building3/WantedBoard_low.prefab
  artifactKey: Guid(28066b5e4ef08e24ea4098184200147f) Importer(815301076,1909f56bfc062723c751e8b465ee728b)
Start importing Assets/World/Environment/Prefabs/Building3/WantedBoard_low.prefab using Guid(28066b5e4ef08e24ea4098184200147f) Importer(815301076,1909f56bfc062723c751e8b465ee728b) (PreviewImporter) -> (artifact id: '846d400110b4490c80ace8ae0e5e71b3') in 0.0020417 seconds
Number of updated asset objects reloaded before import = 0Number of asset objects unloaded after import = 6

========================================================================
Received Import Request.
  Time since last request: 0.000028 seconds.
  path: Assets/World/Environment/Prefabs/Building3/SheriffBadgePin_low.prefab
  artifactKey: Guid(28b25de9fb6bc13428a9952023274d65) Importer(815301076,1909f56bfc062723c751e8b465ee728b)
Start importing Assets/World/Environment/Prefabs/Building3/SheriffBadgePin_low.prefab using Guid(28b25de9fb6bc13428a9952023274d65) Importer(815301076,1909f56bfc062723c751e8b465ee728b) (PreviewImporter) -> (artifact id: '93a62e2b61422041c7ffb401c4c1fb6b') in 0.0019222 seconds
Number of updated asset objects reloaded before import = 0Number of asset objects unloaded after import = 6

========================================================================
Received Import Request.
  Time since last request: 0.000039 seconds.
  path: Assets/World/Environment/Prefabs/Building3/Moonshine004_low.prefab
  artifactKey: Guid(b62a711ab89501f40ad1eeaf755022ff) Importer(815301076,1909f56bfc062723c751e8b465ee728b)
Start importing Assets/World/Environment/Prefabs/Building3/Moonshine004_low.prefab using Guid(b62a711ab89501f40ad1eeaf755022ff) Importer(815301076,1909f56bfc062723c751e8b465ee728b) (PreviewImporter) -> (artifact id: '65336c0c033bf13b247b0f6c400616e4') in 0.0022987 seconds
Number of updated asset objects reloaded before import = 0Number of asset objects unloaded after import = 6

========================================================================
Received Import Request.
  Time since last request: 0.000025 seconds.
  path: Assets/World/Environment/Prefabs/Building3/SheriffBadgePin_low001.prefab
  artifactKey: Guid(b0bb0fdf31835474b92853b3d6d37709) Importer(815301076,1909f56bfc062723c751e8b465ee728b)
Start importing Assets/World/Environment/Prefabs/Building3/SheriffBadgePin_low001.prefab using Guid(b0bb0fdf31835474b92853b3d6d37709) Importer(815301076,1909f56bfc062723c751e8b465ee728b) (PreviewImporter) -> (artifact id: 'a08dfbb97d8a363c534b8354e794548c') in 0.0022671 seconds
Number of updated asset objects reloaded before import = 0Number of asset objects unloaded after import = 6

========================================================================
Received Import Request.
  Time since last request: 0.000024 seconds.
  path: Assets/World/Environment/Prefabs/Building3/StandardTable_low001.prefab
  artifactKey: Guid(08ec3713e3ce76440af60ffd5d5323f1) Importer(815301076,1909f56bfc062723c751e8b465ee728b)
Start importing Assets/World/Environment/Prefabs/Building3/StandardTable_low001.prefab using Guid(08ec3713e3ce76440af60ffd5d5323f1) Importer(815301076,1909f56bfc062723c751e8b465ee728b) (PreviewImporter) -> (artifact id: '9f9faa240902740d8170c804d440f7e4') in 0.003308 seconds
Number of updated asset objects reloaded before import = 0Number of asset objects unloaded after import = 6

========================================================================
Received Import Request.
  Time since last request: 0.000027 seconds.
  path: Assets/World/Environment/Prefabs/Building3/SheriffBadge_low.prefab
  artifactKey: Guid(37c1f92196daa9b4f920870f410a3464) Importer(815301076,1909f56bfc062723c751e8b465ee728b)
Start importing Assets/World/Environment/Prefabs/Building3/SheriffBadge_low.prefab using Guid(37c1f92196daa9b4f920870f410a3464) Importer(815301076,1909f56bfc062723c751e8b465ee728b) (PreviewImporter) -> (artifact id: '010c3903c8cfeceea0a206fbf72f0a84') in 0.0043456 seconds
Number of updated asset objects reloaded before import = 0Number of asset objects unloaded after import = 6

========================================================================
Received Import Request.
  Time since last request: 0.000030 seconds.
  path: Assets/World/Environment/Prefabs/Building3/WhiskyGlass_low004.prefab
  artifactKey: Guid(49088701f08a69041883468fadbcbd5c) Importer(815301076,1909f56bfc062723c751e8b465ee728b)
Start importing Assets/World/Environment/Prefabs/Building3/WhiskyGlass_low004.prefab using Guid(49088701f08a69041883468fadbcbd5c) Importer(815301076,1909f56bfc062723c751e8b465ee728b) (PreviewImporter) -> (artifact id: '2cb8c4547aa4269142a027a4e21da7f3') in 0.0020157 seconds
Number of updated asset objects reloaded before import = 0Number of asset objects unloaded after import = 6

========================================================================
Received Import Request.
  Time since last request: 0.000057 seconds.
  path: Assets/World/Environment/Prefabs/Building3/PokerTable_low001.prefab
  artifactKey: Guid(2a7d2db79fb682a44ac0fd98a6804382) Importer(815301076,1909f56bfc062723c751e8b465ee728b)
Start importing Assets/World/Environment/Prefabs/Building3/PokerTable_low001.prefab using Guid(2a7d2db79fb682a44ac0fd98a6804382) Importer(815301076,1909f56bfc062723c751e8b465ee728b) (PreviewImporter) -> (artifact id: '0f2ef1b598df757f9ccf3bc0418a05e1') in 0.0025036 seconds
Number of updated asset objects reloaded before import = 0Number of asset objects unloaded after import = 6

========================================================================
Received Import Request.
  Time since last request: 0.000032 seconds.
  path: Assets/World/Environment/Prefabs/Building3/RoundGlass_low003.prefab
  artifactKey: Guid(6c70d1d4dbea3d2448739ba8bab98bf8) Importer(815301076,1909f56bfc062723c751e8b465ee728b)
Start importing Assets/World/Environment/Prefabs/Building3/RoundGlass_low003.prefab using Guid(6c70d1d4dbea3d2448739ba8bab98bf8) Importer(815301076,1909f56bfc062723c751e8b465ee728b) (PreviewImporter) -> (artifact id: 'ed4ff8e9934232286a2139f533f1b7c4') in 0.0028501 seconds
Number of updated asset objects reloaded before import = 0Number of asset objects unloaded after import = 6

========================================================================
Received Import Request.
  Time since last request: 0.000029 seconds.
  path: Assets/World/Environment/Prefabs/Building3/RoundGlass_low006.prefab
  artifactKey: Guid(4a19c6f0ff9db1a49956769f7bc6d25f) Importer(815301076,1909f56bfc062723c751e8b465ee728b)
Start importing Assets/World/Environment/Prefabs/Building3/RoundGlass_low006.prefab using Guid(4a19c6f0ff9db1a49956769f7bc6d25f) Importer(815301076,1909f56bfc062723c751e8b465ee728b) (PreviewImporter) -> (artifact id: 'e4573d7993b697ca0f046814d334b161') in 0.005519 seconds
Number of updated asset objects reloaded before import = 0Number of asset objects unloaded after import = 6

========================================================================
Received Import Request.
  Time since last request: 0.000034 seconds.
  path: Assets/World/Environment/Prefabs/Building3/Shelf_low001.prefab
  artifactKey: Guid(7f4e38396d04b894b922d5de604279c6) Importer(815301076,1909f56bfc062723c751e8b465ee728b)
Start importing Assets/World/Environment/Prefabs/Building3/Shelf_low001.prefab using Guid(7f4e38396d04b894b922d5de604279c6) Importer(815301076,1909f56bfc062723c751e8b465ee728b) (PreviewImporter) -> (artifact id: '199441dcd8e41cbe5b7ad81944a0da8c') in 0.0021169 seconds
Number of updated asset objects reloaded before import = 0Number of asset objects unloaded after import = 6

========================================================================
Received Import Request.
  Time since last request: 2.919700 seconds.
  path: Assets/World/Environment/Prefabs/Building3/ChairSeat_low001.prefab
  artifactKey: Guid(a450c58392f1c264db117c58630f3893) Importer(815301076,1909f56bfc062723c751e8b465ee728b)
Start importing Assets/World/Environment/Prefabs/Building3/ChairSeat_low001.prefab using Guid(a450c58392f1c264db117c58630f3893) Importer(815301076,1909f56bfc062723c751e8b465ee728b) (PreviewImporter) -> (artifact id: 'a6268b37e717e3eb76e62e05ba2aa8ad') in 0.0029513 seconds
Number of updated asset objects reloaded before import = 0Number of asset objects unloaded after import = 6

========================================================================
Received Import Request.
  Time since last request: 0.000024 seconds.
  path: Assets/World/Environment/Prefabs/Building3/Crate_low003.prefab
  artifactKey: Guid(0f14c6697d83fab43a056eec28c697e5) Importer(815301076,1909f56bfc062723c751e8b465ee728b)
Start importing Assets/World/Environment/Prefabs/Building3/Crate_low003.prefab using Guid(0f14c6697d83fab43a056eec28c697e5) Importer(815301076,1909f56bfc062723c751e8b465ee728b) (PreviewImporter) -> (artifact id: '448c812ac9fe486a457c4136a7d9695e') in 0.0032875 seconds
Number of updated asset objects reloaded before import = 0Number of asset objects unloaded after import = 6

========================================================================
Received Import Request.
  Time since last request: 0.000023 seconds.
  path: Assets/World/Environment/Prefabs/Building3/ChairFeetRests_low006.prefab
  artifactKey: Guid(3e181addd3661194ebd26d013ca17930) Importer(815301076,1909f56bfc062723c751e8b465ee728b)
Start importing Assets/World/Environment/Prefabs/Building3/ChairFeetRests_low006.prefab using Guid(3e181addd3661194ebd26d013ca17930) Importer(815301076,1909f56bfc062723c751e8b465ee728b) (PreviewImporter) -> (artifact id: '188e7200e0449d73c46e66f09ae27e0f') in 0.0023531 seconds
Number of updated asset objects reloaded before import = 0Number of asset objects unloaded after import = 6

========================================================================
Received Import Request.
  Time since last request: 0.000027 seconds.
  path: Assets/World/Environment/Prefabs/Building3/CandleHolderHandle_low.prefab
  artifactKey: Guid(3e95ae19539bec845a722e7afb97c831) Importer(815301076,1909f56bfc062723c751e8b465ee728b)
Start importing Assets/World/Environment/Prefabs/Building3/CandleHolderHandle_low.prefab using Guid(3e95ae19539bec845a722e7afb97c831) Importer(815301076,1909f56bfc062723c751e8b465ee728b) (PreviewImporter) -> (artifact id: '0f4ef976db260bdeb01f54d5006e5235') in 0.0020977 seconds
Number of updated asset objects reloaded before import = 0Number of asset objects unloaded after import = 6

========================================================================
Received Import Request.
  Time since last request: 0.000038 seconds.
  path: Assets/World/Environment/Prefabs/Building3/ChairLegs_low005.prefab
  artifactKey: Guid(9dfc04f2daacdb640a636d63e9e186ae) Importer(815301076,1909f56bfc062723c751e8b465ee728b)
Start importing Assets/World/Environment/Prefabs/Building3/ChairLegs_low005.prefab using Guid(9dfc04f2daacdb640a636d63e9e186ae) Importer(815301076,1909f56bfc062723c751e8b465ee728b) (PreviewImporter) -> (artifact id: '85541bf8615dcdef15f9e66dbf72847c') in 0.0019832 seconds
Number of updated asset objects reloaded before import = 0Number of asset objects unloaded after import = 6

========================================================================
Received Import Request.
  Time since last request: 0.000029 seconds.
  path: Assets/World/Environment/Prefabs/Building3/AlcoholBottle010_low001.prefab
  artifactKey: Guid(d36e2220402f20c4291242453e38c965) Importer(815301076,1909f56bfc062723c751e8b465ee728b)
Start importing Assets/World/Environment/Prefabs/Building3/AlcoholBottle010_low001.prefab using Guid(d36e2220402f20c4291242453e38c965) Importer(815301076,1909f56bfc062723c751e8b465ee728b) (PreviewImporter) -> (artifact id: '7a5149d68345395886e5052a8f5b1cb5') in 0.0021577 seconds
Number of updated asset objects reloaded before import = 0Number of asset objects unloaded after import = 6

========================================================================
Received Import Request.
  Time since last request: 0.000023 seconds.
  path: Assets/World/Environment/Prefabs/Building3/AlcoholBottle008_low001.prefab
  artifactKey: Guid(d09cd65f4daa57c458e5283b613d79ac) Importer(815301076,1909f56bfc062723c751e8b465ee728b)
Start importing Assets/World/Environment/Prefabs/Building3/AlcoholBottle008_low001.prefab using Guid(d09cd65f4daa57c458e5283b613d79ac) Importer(815301076,1909f56bfc062723c751e8b465ee728b) (PreviewImporter) -> (artifact id: 'e35dd41ccb65a57a040bf6dc7c849fe7') in 0.0023367 seconds
Number of updated asset objects reloaded before import = 0Number of asset objects unloaded after import = 6

========================================================================
Received Import Request.
  Time since last request: 0.000021 seconds.
  path: Assets/World/Environment/Prefabs/Building3/ChairBackRest_low006.prefab
  artifactKey: Guid(95efacef290d9124cb1b2a9fbb9839d7) Importer(815301076,1909f56bfc062723c751e8b465ee728b)
Start importing Assets/World/Environment/Prefabs/Building3/ChairBackRest_low006.prefab using Guid(95efacef290d9124cb1b2a9fbb9839d7) Importer(815301076,1909f56bfc062723c751e8b465ee728b) (PreviewImporter) -> (artifact id: '20d125d3e24cf05dce4ea2eb847f1929') in 0.0023081 seconds
Number of updated asset objects reloaded before import = 0Number of asset objects unloaded after import = 6

========================================================================
Received Import Request.
  Time since last request: 0.000032 seconds.
  path: Assets/World/Environment/Prefabs/Building3/ChairFeetRests_low007.prefab
  artifactKey: Guid(d7db31c3854123946bbb1add31468e60) Importer(815301076,1909f56bfc062723c751e8b465ee728b)
Start importing Assets/World/Environment/Prefabs/Building3/ChairFeetRests_low007.prefab using Guid(d7db31c3854123946bbb1add31468e60) Importer(815301076,1909f56bfc062723c751e8b465ee728b) (PreviewImporter) -> (artifact id: '2279c628c1407904c03e0c3dcf9a19de') in 0.0020826 seconds
Number of updated asset objects reloaded before import = 0Number of asset objects unloaded after import = 6

========================================================================
Received Import Request.
  Time since last request: 0.000067 seconds.
  path: Assets/World/Environment/Prefabs/Building3/AlcoholBottle008_low004.prefab
  artifactKey: Guid(7b3de33745a536e468fd7a0067932d64) Importer(815301076,1909f56bfc062723c751e8b465ee728b)
Start importing Assets/World/Environment/Prefabs/Building3/AlcoholBottle008_low004.prefab using Guid(7b3de33745a536e468fd7a0067932d64) Importer(815301076,1909f56bfc062723c751e8b465ee728b) (PreviewImporter) -> (artifact id: '30cec2fc9a4519414b812c83395a8081') in 0.0025545 seconds
Number of updated asset objects reloaded before import = 0Number of asset objects unloaded after import = 6

========================================================================
Received Import Request.
  Time since last request: 0.000029 seconds.
  path: Assets/World/Environment/Prefabs/Building3/AlcoholBottle010_low.prefab
  artifactKey: Guid(f8861a88f78577b40a07c80d5415d273) Importer(815301076,1909f56bfc062723c751e8b465ee728b)
Start importing Assets/World/Environment/Prefabs/Building3/AlcoholBottle010_low.prefab using Guid(f8861a88f78577b40a07c80d5415d273) Importer(815301076,1909f56bfc062723c751e8b465ee728b) (PreviewImporter) -> (artifact id: 'cc72ed8a9bf160bfa3be66f14db90a4b') in 0.0031061 seconds
Number of updated asset objects reloaded before import = 0Number of asset objects unloaded after import = 6

========================================================================
Received Import Request.
  Time since last request: 0.000024 seconds.
  path: Assets/World/Environment/Prefabs/Building3/Crate_low001.prefab
  artifactKey: Guid(fe239f9c159a7d74f8d8f861fd2afb44) Importer(815301076,1909f56bfc062723c751e8b465ee728b)
Start importing Assets/World/Environment/Prefabs/Building3/Crate_low001.prefab using Guid(fe239f9c159a7d74f8d8f861fd2afb44) Importer(815301076,1909f56bfc062723c751e8b465ee728b) (PreviewImporter) -> (artifact id: 'c10f017d25a04a03e8e87dade4dd40e4') in 0.0026178 seconds
Number of updated asset objects reloaded before import = 0Number of asset objects unloaded after import = 6

========================================================================
Received Import Request.
  Time since last request: 0.000026 seconds.
  path: Assets/World/Environment/Prefabs/Building3/ChairSeat_low005.prefab
  artifactKey: Guid(1a4ba84cccf7971429501407f68c1f03) Importer(815301076,1909f56bfc062723c751e8b465ee728b)
Start importing Assets/World/Environment/Prefabs/Building3/ChairSeat_low005.prefab using Guid(1a4ba84cccf7971429501407f68c1f03) Importer(815301076,1909f56bfc062723c751e8b465ee728b) (PreviewImporter) -> (artifact id: 'e17943d9a0ec623fa8ebab75e99a1d06') in 0.0027367 seconds
Number of updated asset objects reloaded before import = 0Number of asset objects unloaded after import = 6

========================================================================
Received Import Request.
  Time since last request: 0.000031 seconds.
  path: Assets/World/Environment/Prefabs/Building3/AlcoholBottle008_low003.prefab
  artifactKey: Guid(956f6652c3c8dd74eb24319d9a7079e2) Importer(815301076,1909f56bfc062723c751e8b465ee728b)
Start importing Assets/World/Environment/Prefabs/Building3/AlcoholBottle008_low003.prefab using Guid(956f6652c3c8dd74eb24319d9a7079e2) Importer(815301076,1909f56bfc062723c751e8b465ee728b) (PreviewImporter) -> (artifact id: '389b8625fb4312abf1bd568238c2bc72') in 0.0021986 seconds
Number of updated asset objects reloaded before import = 0Number of asset objects unloaded after import = 6

========================================================================
Received Import Request.
  Time since last request: 0.000039 seconds.
  path: Assets/World/Environment/Prefabs/Building3/Crate_low.prefab
  artifactKey: Guid(cecb213864af1d048b09d1267f3637dc) Importer(815301076,1909f56bfc062723c751e8b465ee728b)
Start importing Assets/World/Environment/Prefabs/Building3/Crate_low.prefab using Guid(cecb213864af1d048b09d1267f3637dc) Importer(815301076,1909f56bfc062723c751e8b465ee728b) (PreviewImporter) -> (artifact id: 'a0d0611c21d8b644ae6dd9af9f9edd9a') in 0.0018908 seconds
Number of updated asset objects reloaded before import = 0Number of asset objects unloaded after import = 6

========================================================================
Received Import Request.
  Time since last request: 0.000047 seconds.
  path: Assets/World/Environment/Prefabs/Building3/ChairFeetRests_low004.prefab
  artifactKey: Guid(0e4e305bad3a91c4ba0e1e026ee2a973) Importer(815301076,1909f56bfc062723c751e8b465ee728b)
Start importing Assets/World/Environment/Prefabs/Building3/ChairFeetRests_low004.prefab using Guid(0e4e305bad3a91c4ba0e1e026ee2a973) Importer(815301076,1909f56bfc062723c751e8b465ee728b) (PreviewImporter) -> (artifact id: '0bcd2e3b1d02b5a74db007d484e915c8') in 0.0023996 seconds
Number of updated asset objects reloaded before import = 0Number of asset objects unloaded after import = 6

========================================================================
Received Import Request.
  Time since last request: 30.916396 seconds.
  path: Assets/World/Environment/Prefabs/Building3/ChairSeat_low001.prefab
  artifactKey: Guid(a450c58392f1c264db117c58630f3893) Importer(815301076,1909f56bfc062723c751e8b465ee728b)
Start importing Assets/World/Environment/Prefabs/Building3/ChairSeat_low001.prefab using Guid(a450c58392f1c264db117c58630f3893) Importer(815301076,1909f56bfc062723c751e8b465ee728b) (PreviewImporter) -> (artifact id: 'f92d76cc917399bff1c8294cbeedecd6') in 0.0161027 seconds
Number of updated asset objects reloaded before import = 0Number of asset objects unloaded after import = 13

========================================================================
Received Import Request.
  Time since last request: 0.000025 seconds.
  path: Assets/World/Environment/Prefabs/Building3/SheriffHat_low.prefab
  artifactKey: Guid(84211330230472140aaa8ad75cbbec1c) Importer(815301076,1909f56bfc062723c751e8b465ee728b)
Start importing Assets/World/Environment/Prefabs/Building3/SheriffHat_low.prefab using Guid(84211330230472140aaa8ad75cbbec1c) Importer(815301076,1909f56bfc062723c751e8b465ee728b) (PreviewImporter) -> (artifact id: '1bd66d84a8fbd50bb72d555b47be06f2') in 0.0167622 seconds
Number of updated asset objects reloaded before import = 0Number of asset objects unloaded after import = 13

========================================================================
Received Import Request.
  Time since last request: 0.000023 seconds.
  path: Assets/World/Environment/Prefabs/Building3/WantedBoard_low.prefab
  artifactKey: Guid(28066b5e4ef08e24ea4098184200147f) Importer(815301076,1909f56bfc062723c751e8b465ee728b)
Start importing Assets/World/Environment/Prefabs/Building3/WantedBoard_low.prefab using Guid(28066b5e4ef08e24ea4098184200147f) Importer(815301076,1909f56bfc062723c751e8b465ee728b) (PreviewImporter) -> (artifact id: 'd524cc36585dd88329e32e0bb06b16d1') in 0.0200515 seconds
Number of updated asset objects reloaded before import = 0Number of asset objects unloaded after import = 14

========================================================================
Received Import Request.
  Time since last request: 0.000030 seconds.
  path: Assets/World/Environment/Prefabs/Building3/OilLampHandle_low.prefab
  artifactKey: Guid(7041acea8cbeca844a1a7c49e6911447) Importer(815301076,1909f56bfc062723c751e8b465ee728b)
Start importing Assets/World/Environment/Prefabs/Building3/OilLampHandle_low.prefab using Guid(7041acea8cbeca844a1a7c49e6911447) Importer(815301076,1909f56bfc062723c751e8b465ee728b) (PreviewImporter) -> (artifact id: 'ae6ff441cb9037f64ac2356be8aaf2c4') in 0.0111393 seconds
Number of updated asset objects reloaded before import = 0Number of asset objects unloaded after import = 12

========================================================================
Received Import Request.
  Time since last request: 0.000037 seconds.
  path: Assets/World/Environment/Prefabs/Building3/WantedPoster013.prefab
  artifactKey: Guid(ae2970ed69ebd5840b7bd3940ef9d223) Importer(815301076,1909f56bfc062723c751e8b465ee728b)
Start importing Assets/World/Environment/Prefabs/Building3/WantedPoster013.prefab using Guid(ae2970ed69ebd5840b7bd3940ef9d223) Importer(815301076,1909f56bfc062723c751e8b465ee728b) (PreviewImporter) -> (artifact id: '0a06092184ae83b60bb606a335f53978') in 0.0122343 seconds
Number of updated asset objects reloaded before import = 0Number of asset objects unloaded after import = 13

========================================================================
Received Import Request.
  Time since last request: 0.000026 seconds.
  path: Assets/World/Environment/Prefabs/Building3/Crate_low005.prefab
  artifactKey: Guid(0ace00d037978424497ae4593037373b) Importer(815301076,1909f56bfc062723c751e8b465ee728b)
Start importing Assets/World/Environment/Prefabs/Building3/Crate_low005.prefab using Guid(0ace00d037978424497ae4593037373b) Importer(815301076,1909f56bfc062723c751e8b465ee728b) (PreviewImporter) -> (artifact id: '4115603fc17eb836e6b9d9ca8a2b2aba') in 0.0096099 seconds
Number of updated asset objects reloaded before import = 0Number of asset objects unloaded after import = 10

========================================================================
Received Import Request.
  Time since last request: 0.000027 seconds.
  path: Assets/World/Environment/Prefabs/Building3/WantedPoster010.prefab
  artifactKey: Guid(b466c63c932682741ac6b8200cddd433) Importer(815301076,1909f56bfc062723c751e8b465ee728b)
Start importing Assets/World/Environment/Prefabs/Building3/WantedPoster010.prefab using Guid(b466c63c932682741ac6b8200cddd433) Importer(815301076,1909f56bfc062723c751e8b465ee728b) (PreviewImporter) -> (artifact id: '8e3e9178d3ddc2d86fbff277879217d7') in 0.0123568 seconds
Number of updated asset objects reloaded before import = 0Number of asset objects unloaded after import = 13

========================================================================
Received Import Request.
  Time since last request: 0.000030 seconds.
  path: Assets/World/Environment/Prefabs/Building3/PokerTable_low.prefab
  artifactKey: Guid(9cb566192e7c4ad4d9f005b638995e45) Importer(815301076,1909f56bfc062723c751e8b465ee728b)
Start importing Assets/World/Environment/Prefabs/Building3/PokerTable_low.prefab using Guid(9cb566192e7c4ad4d9f005b638995e45) Importer(815301076,1909f56bfc062723c751e8b465ee728b) (PreviewImporter) -> (artifact id: '7e74bf978c7eac803352ee7759049157') in 0.0136497 seconds
Number of updated asset objects reloaded before import = 0Number of asset objects unloaded after import = 14

========================================================================
Received Import Request.
  Time since last request: 0.000031 seconds.
  path: Assets/World/Environment/Prefabs/Building3/RoundGlass_low004.prefab
  artifactKey: Guid(9710021530fa0c34e9d9017adff1bbef) Importer(815301076,1909f56bfc062723c751e8b465ee728b)
Start importing Assets/World/Environment/Prefabs/Building3/RoundGlass_low004.prefab using Guid(9710021530fa0c34e9d9017adff1bbef) Importer(815301076,1909f56bfc062723c751e8b465ee728b) (PreviewImporter) -> (artifact id: 'f816fdafcec91f7e3b2a13988c1f5741') in 0.0087926 seconds
Number of updated asset objects reloaded before import = 0Number of asset objects unloaded after import = 8

========================================================================
Received Import Request.
  Time since last request: 0.000034 seconds.
  path: Assets/World/Environment/Prefabs/Building3/WantedPoster3.prefab
  artifactKey: Guid(a2d49b95575b12a41871d4c2ee0ee7e4) Importer(815301076,1909f56bfc062723c751e8b465ee728b)
Start importing Assets/World/Environment/Prefabs/Building3/WantedPoster3.prefab using Guid(a2d49b95575b12a41871d4c2ee0ee7e4) Importer(815301076,1909f56bfc062723c751e8b465ee728b) (PreviewImporter) -> (artifact id: '31231f188b42a7e8dc93956e67e735d8') in 0.0129117 seconds
Number of updated asset objects reloaded before import = 0Number of asset objects unloaded after import = 13

========================================================================
Received Import Request.
  Time since last request: 0.000022 seconds.
  path: Assets/World/Environment/Prefabs/Building3/KegTap_low.prefab
  artifactKey: Guid(d8e9b588579e69840999d77b284620d7) Importer(815301076,1909f56bfc062723c751e8b465ee728b)
Start importing Assets/World/Environment/Prefabs/Building3/KegTap_low.prefab using Guid(d8e9b588579e69840999d77b284620d7) Importer(815301076,1909f56bfc062723c751e8b465ee728b) (PreviewImporter) -> (artifact id: '69ceb55c8f0dd15c2f7e7cd48573daed') in 0.0120886 seconds
Number of updated asset objects reloaded before import = 0Number of asset objects unloaded after import = 13

========================================================================
Received Import Request.
  Time since last request: 0.000024 seconds.
  path: Assets/World/Environment/Prefabs/Building3/SheriffBadge_low001.prefab
  artifactKey: Guid(775af826215d9214fbca7e5bbeb7e338) Importer(815301076,1909f56bfc062723c751e8b465ee728b)
Start importing Assets/World/Environment/Prefabs/Building3/SheriffBadge_low001.prefab using Guid(775af826215d9214fbca7e5bbeb7e338) Importer(815301076,1909f56bfc062723c751e8b465ee728b) (PreviewImporter) -> (artifact id: 'fa9f2b2c550675d3fa1953b747e0de39') in 0.013805 seconds
Number of updated asset objects reloaded before import = 0Number of asset objects unloaded after import = 13

========================================================================
Received Import Request.
  Time since last request: 0.000027 seconds.
  path: Assets/World/Environment/Prefabs/Building3/WhiskyGlass_low007.prefab
  artifactKey: Guid(975e4c5b27d1050439e4048577a61118) Importer(815301076,1909f56bfc062723c751e8b465ee728b)
Start importing Assets/World/Environment/Prefabs/Building3/WhiskyGlass_low007.prefab using Guid(975e4c5b27d1050439e4048577a61118) Importer(815301076,1909f56bfc062723c751e8b465ee728b) (PreviewImporter) -> (artifact id: '1f1aa5bf8ba66d0fac2094b0dd9fa270') in 0.0104801 seconds
Number of updated asset objects reloaded before import = 0Number of asset objects unloaded after import = 10

========================================================================
Received Import Request.
  Time since last request: 0.000032 seconds.
  path: Assets/World/Environment/Prefabs/Building3/WhiskyGlass_low006.prefab
  artifactKey: Guid(a49ad9b43a3cd98499d19e628efa948b) Importer(815301076,1909f56bfc062723c751e8b465ee728b)
Start importing Assets/World/Environment/Prefabs/Building3/WhiskyGlass_low006.prefab using Guid(a49ad9b43a3cd98499d19e628efa948b) Importer(815301076,1909f56bfc062723c751e8b465ee728b) (PreviewImporter) -> (artifact id: '4f7d41975b60b6220056a7f886d92955') in 0.0096899 seconds
Number of updated asset objects reloaded before import = 0Number of asset objects unloaded after import = 10

========================================================================
Received Import Request.
  Time since last request: 0.000030 seconds.
  path: Assets/World/Environment/Prefabs/Building3/WantedPoster1.prefab
  artifactKey: Guid(499f0fce6215e194a862a10f24ae5087) Importer(2089858483,b0f066a214c2f5e87bad3c948f4d605d)
Start importing Assets/World/Environment/Prefabs/Building3/WantedPoster1.prefab using Guid(499f0fce6215e194a862a10f24ae5087) Importer(2089858483,b0f066a214c2f5e87bad3c948f4d605d) (ScriptedImporter) -> (artifact id: 'a09317c8e5621fbb3c3e12e9678e3e26') in 0.0079198 seconds
Number of updated asset objects reloaded before import = 0Number of asset objects unloaded after import = 8

========================================================================
Received Import Request.
  Time since last request: 0.000027 seconds.
  path: Assets/World/Environment/Prefabs/Building3/WhiskyGlass_low007.prefab
  artifactKey: Guid(975e4c5b27d1050439e4048577a61118) Importer(2089858483,b0f066a214c2f5e87bad3c948f4d605d)
Start importing Assets/World/Environment/Prefabs/Building3/WhiskyGlass_low007.prefab using Guid(975e4c5b27d1050439e4048577a61118) Importer(2089858483,b0f066a214c2f5e87bad3c948f4d605d) (ScriptedImporter) -> (artifact id: '462ce43742c1ba467e7ceed5c6abe129') in 0.0078819 seconds
Number of updated asset objects reloaded before import = 0Number of asset objects unloaded after import = 8

========================================================================
Received Import Request.
  Time since last request: 0.000025 seconds.
  path: Assets/World/Environment/Prefabs/Building3/ChairBackRest_low008.prefab
  artifactKey: Guid(8a338bdaa66cb3d4a829fbc76bcdf49c) Importer(2089858483,b0f066a214c2f5e87bad3c948f4d605d)
Start importing Assets/World/Environment/Prefabs/Building3/ChairBackRest_low008.prefab using Guid(8a338bdaa66cb3d4a829fbc76bcdf49c) Importer(2089858483,b0f066a214c2f5e87bad3c948f4d605d) (ScriptedImporter) -> (artifact id: '4c03d529fc3421e53ace9bbc30539fa2') in 0.0151245 seconds
Number of updated asset objects reloaded before import = 0Number of asset objects unloaded after import = 8

========================================================================
Received Import Request.
  Time since last request: 0.000026 seconds.
  path: Assets/World/Environment/Prefabs/Building3/Crate_low.prefab
  artifactKey: Guid(cecb213864af1d048b09d1267f3637dc) Importer(2089858483,b0f066a214c2f5e87bad3c948f4d605d)
Start importing Assets/World/Environment/Prefabs/Building3/Crate_low.prefab using Guid(cecb213864af1d048b09d1267f3637dc) Importer(2089858483,b0f066a214c2f5e87bad3c948f4d605d) (ScriptedImporter) -> (artifact id: 'd9d98393ad1f403ca56738c77be31e7c') in 0.0106072 seconds
Number of updated asset objects reloaded before import = 0Number of asset objects unloaded after import = 8

========================================================================
Received Import Request.
  Time since last request: 0.000040 seconds.
  path: Assets/World/Environment/Prefabs/Building3/WhiskyGlass_low008.prefab
  artifactKey: Guid(9e39ad165df219c429f865dad660450c) Importer(2089858483,b0f066a214c2f5e87bad3c948f4d605d)
Start importing Assets/World/Environment/Prefabs/Building3/WhiskyGlass_low008.prefab using Guid(9e39ad165df219c429f865dad660450c) Importer(2089858483,b0f066a214c2f5e87bad3c948f4d605d) (ScriptedImporter) -> (artifact id: '00000000000000000000000000000000') in 0.0096666 seconds
Import Error Code:(4)
Message: Build asset version error: assets/world/environment/prefabs/building3/whiskyglass_low008.prefab in SourceAssetDB has modification time of '2026-04-16T19:27:15.146026Z' while content on disk has modification time of '2026-04-16T19:27:16.9918989Z'
  ERROR: Build asset version error: assets/world/environment/prefabs/building3/whiskyglass_low008.prefab in SourceAssetDB has modification time of '2026-04-16T19:27:15.146026Z' while content on disk has modification time of '2026-04-16T19:27:16.9918989Z'
Number of updated asset objects reloaded before import = 0Number of asset objects unloaded after import = 2

========================================================================
Received Import Request.
  Time since last request: 0.000032 seconds.
  path: Assets/World/Environment/Prefabs/Building3/Moonshine004_low001.prefab
  artifactKey: Guid(7c19a57bc01e7354a9b61cdcb95893c3) Importer(2089858483,b0f066a214c2f5e87bad3c948f4d605d)
Start importing Assets/World/Environment/Prefabs/Building3/Moonshine004_low001.prefab using Guid(7c19a57bc01e7354a9b61cdcb95893c3) Importer(2089858483,b0f066a214c2f5e87bad3c948f4d605d) (ScriptedImporter) -> (artifact id: 'ea9730aec114707a321494178a4fbc7b') in 0.0087445 seconds
Number of updated asset objects reloaded before import = 0Number of asset objects unloaded after import = 8

========================================================================
Received Import Request.
  Time since last request: 0.000025 seconds.
  path: Assets/World/Environment/Prefabs/Building3/ChairFeetRests_low007.prefab
  artifactKey: Guid(d7db31c3854123946bbb1add31468e60) Importer(2089858483,b0f066a214c2f5e87bad3c948f4d605d)
Start importing Assets/World/Environment/Prefabs/Building3/ChairFeetRests_low007.prefab using Guid(d7db31c3854123946bbb1add31468e60) Importer(2089858483,b0f066a214c2f5e87bad3c948f4d605d) (ScriptedImporter) -> (artifact id: '00000000000000000000000000000000') in 0.0077131 seconds
Import Error Code:(4)
Message: Build asset version error: assets/world/environment/prefabs/building3/chairfeetrests_low007.prefab in SourceAssetDB has modification time of '2026-04-16T19:27:15.168941Z' while content on disk has modification time of '2026-04-16T19:27:17.0165408Z'
  ERROR: Build asset version error: assets/world/environment/prefabs/building3/chairfeetrests_low007.prefab in SourceAssetDB has modification time of '2026-04-16T19:27:15.168941Z' while content on disk has modification time of '2026-04-16T19:27:17.0165408Z'
Number of updated asset objects reloaded before import = 0Number of asset objects unloaded after import = 2

========================================================================
Received Import Request.
  Time since last request: 0.000025 seconds.
  path: Assets/World/Environment/Prefabs/Building3/ChairSeat_low006.prefab
  artifactKey: Guid(6cde37a85d3aa8a4abda2c836e42a135) Importer(2089858483,b0f066a214c2f5e87bad3c948f4d605d)
Start importing Assets/World/Environment/Prefabs/Building3/ChairSeat_low006.prefab using Guid(6cde37a85d3aa8a4abda2c836e42a135) Importer(2089858483,b0f066a214c2f5e87bad3c948f4d605d) (ScriptedImporter) -> (artifact id: '999799d649b977f69f8ab0d7acdc823a') in 0.0040966 seconds
Number of updated asset objects reloaded before import = 0Number of asset objects unloaded after import = 0

========================================================================
Received Import Request.
  Time since last request: 0.297046 seconds.
  path: Assets/World/Environment/Prefabs/Building3/ChairSeat_low001.prefab
  artifactKey: Guid(a450c58392f1c264db117c58630f3893) Importer(815301076,1909f56bfc062723c751e8b465ee728b)
Start importing Assets/World/Environment/Prefabs/Building3/ChairSeat_low001.prefab using Guid(a450c58392f1c264db117c58630f3893) Importer(815301076,1909f56bfc062723c751e8b465ee728b) (PreviewImporter) -> (artifact id: 'a651ef048df1411180621fe2c4d4f486') in 0.0192292 seconds
Number of updated asset objects reloaded before import = 0Number of asset objects unloaded after import = 13

========================================================================
Received Import Request.
  Time since last request: 0.000022 seconds.
  path: Assets/World/Environment/Prefabs/Building3/SheriffHat_low.prefab
  artifactKey: Guid(84211330230472140aaa8ad75cbbec1c) Importer(815301076,1909f56bfc062723c751e8b465ee728b)
Start importing Assets/World/Environment/Prefabs/Building3/SheriffHat_low.prefab using Guid(84211330230472140aaa8ad75cbbec1c) Importer(815301076,1909f56bfc062723c751e8b465ee728b) (PreviewImporter) -> (artifact id: '45b2fafb946a75af5deeb0ee88c25b60') in 0.0266153 seconds
Number of updated asset objects reloaded before import = 0Number of asset objects unloaded after import = 13

========================================================================
Received Import Request.
  Time since last request: 0.000025 seconds.
  path: Assets/World/Environment/Prefabs/Building3/ChairSeat_low008.prefab
  artifactKey: Guid(86d2e7f6005611d4aa332be18e4fe166) Importer(815301076,1909f56bfc062723c751e8b465ee728b)
Start importing Assets/World/Environment/Prefabs/Building3/ChairSeat_low008.prefab using Guid(86d2e7f6005611d4aa332be18e4fe166) Importer(815301076,1909f56bfc062723c751e8b465ee728b) (PreviewImporter) -> (artifact id: '036ef2d5cfa7372f69c5725df0cdc950') in 0.0256521 seconds
Number of updated asset objects reloaded before import = 0Number of asset objects unloaded after import = 13

========================================================================
Received Import Request.
  Time since last request: 0.000031 seconds.
  path: Assets/World/Environment/Prefabs/Building3/OilLampHandle_low.prefab
  artifactKey: Guid(7041acea8cbeca844a1a7c49e6911447) Importer(815301076,1909f56bfc062723c751e8b465ee728b)
Start importing Assets/World/Environment/Prefabs/Building3/OilLampHandle_low.prefab using Guid(7041acea8cbeca844a1a7c49e6911447) Importer(815301076,1909f56bfc062723c751e8b465ee728b) (PreviewImporter) -> (artifact id: '80034aa17f4cb96a84daa1bac1326737') in 0.0142954 seconds
Number of updated asset objects reloaded before import = 0Number of asset objects unloaded after import = 12

========================================================================
Received Import Request.
  Time since last request: 0.000024 seconds.
  path: Assets/World/Environment/Prefabs/Building3/SheriffBadgePin_low.prefab
  artifactKey: Guid(28b25de9fb6bc13428a9952023274d65) Importer(815301076,1909f56bfc062723c751e8b465ee728b)
Start importing Assets/World/Environment/Prefabs/Building3/SheriffBadgePin_low.prefab using Guid(28b25de9fb6bc13428a9952023274d65) Importer(815301076,1909f56bfc062723c751e8b465ee728b) (PreviewImporter) -> (artifact id: '7cbf325e5353ffc87c1e2dfde135ceb8') in 0.0143466 seconds
Number of updated asset objects reloaded before import = 0Number of asset objects unloaded after import = 13

========================================================================
Received Import Request.
  Time since last request: 0.000033 seconds.
  path: Assets/World/Environment/Prefabs/Building3/Crate_low005.prefab
  artifactKey: Guid(0ace00d037978424497ae4593037373b) Importer(815301076,1909f56bfc062723c751e8b465ee728b)
Start importing Assets/World/Environment/Prefabs/Building3/Crate_low005.prefab using Guid(0ace00d037978424497ae4593037373b) Importer(815301076,1909f56bfc062723c751e8b465ee728b) (PreviewImporter) -> (artifact id: '8f3fbd4b79f92aa4595ec73379033905') in 0.0098528 seconds
Number of updated asset objects reloaded before import = 0Number of asset objects unloaded after import = 10

========================================================================
Received Import Request.
  Time since last request: 0.000039 seconds.
  path: Assets/World/Environment/Prefabs/Building3/RoundGlass_low005.prefab
  artifactKey: Guid(dc9ec995cc7a84b4e845a49b4cdd9e6b) Importer(815301076,1909f56bfc062723c751e8b465ee728b)
Start importing Assets/World/Environment/Prefabs/Building3/RoundGlass_low005.prefab using Guid(dc9ec995cc7a84b4e845a49b4cdd9e6b) Importer(815301076,1909f56bfc062723c751e8b465ee728b) (PreviewImporter) -> (artifact id: '21301b7cb5f3485b234fa99a83d29394') in 0.0084741 seconds
Number of updated asset objects reloaded before import = 0Number of asset objects unloaded after import = 8

========================================================================
Received Import Request.
  Time since last request: 0.000030 seconds.
  path: Assets/World/Environment/Prefabs/Building3/WhiskyGlass_low005.prefab
  artifactKey: Guid(fdea2317cf34ed94fbfd38511a343ec9) Importer(815301076,1909f56bfc062723c751e8b465ee728b)
Start importing Assets/World/Environment/Prefabs/Building3/WhiskyGlass_low005.prefab using Guid(fdea2317cf34ed94fbfd38511a343ec9) Importer(815301076,1909f56bfc062723c751e8b465ee728b) (PreviewImporter) -> (artifact id: '8c75acc0ffb82f303c186929d9bcd9df') in 0.0089895 seconds
Number of updated asset objects reloaded before import = 0Number of asset objects unloaded after import = 10

========================================================================
Received Import Request.
  Time since last request: 0.000036 seconds.
  path: Assets/World/Environment/Prefabs/Building3/OilLamp_low.prefab
  artifactKey: Guid(d1be9412cb270534db3348e4f0f5f308) Importer(815301076,1909f56bfc062723c751e8b465ee728b)
Start importing Assets/World/Environment/Prefabs/Building3/OilLamp_low.prefab using Guid(d1be9412cb270534db3348e4f0f5f308) Importer(815301076,1909f56bfc062723c751e8b465ee728b) (PreviewImporter) -> (artifact id: '3931587b047ad91bf22922e2f8e1c801') in 0.0132357 seconds
Number of updated asset objects reloaded before import = 0Number of asset objects unloaded after import = 12

========================================================================
Received Import Request.
  Time since last request: 0.000022 seconds.
  path: Assets/World/Environment/Prefabs/Building3/WantedPoster3.prefab
  artifactKey: Guid(a2d49b95575b12a41871d4c2ee0ee7e4) Importer(815301076,1909f56bfc062723c751e8b465ee728b)
Start importing Assets/World/Environment/Prefabs/Building3/WantedPoster3.prefab using Guid(a2d49b95575b12a41871d4c2ee0ee7e4) Importer(815301076,1909f56bfc062723c751e8b465ee728b) (PreviewImporter) -> (artifact id: '4e741e047a64447c0712b519f2c0a32e') in 0.0160839 seconds
Number of updated asset objects reloaded before import = 0Number of asset objects unloaded after import = 13

========================================================================
Received Import Request.
  Time since last request: 0.000021 seconds.
  path: Assets/World/Environment/Prefabs/Building3/WhiskyGlass_low004.prefab
  artifactKey: Guid(49088701f08a69041883468fadbcbd5c) Importer(815301076,1909f56bfc062723c751e8b465ee728b)
Start importing Assets/World/Environment/Prefabs/Building3/WhiskyGlass_low004.prefab using Guid(49088701f08a69041883468fadbcbd5c) Importer(815301076,1909f56bfc062723c751e8b465ee728b) (PreviewImporter) -> (artifact id: 'd0b22c6e43b3ed05d88be831edb2a5f3') in 0.0122667 seconds
Number of updated asset objects reloaded before import = 0Number of asset objects unloaded after import = 10

========================================================================
Received Import Request.
  Time since last request: 0.000027 seconds.
  path: Assets/World/Environment/Prefabs/Building3/OilLampBot_low.prefab
  artifactKey: Guid(cbc293ceacc969249bf4194326c9f8f8) Importer(815301076,1909f56bfc062723c751e8b465ee728b)
Start importing Assets/World/Environment/Prefabs/Building3/OilLampBot_low.prefab using Guid(cbc293ceacc969249bf4194326c9f8f8) Importer(815301076,1909f56bfc062723c751e8b465ee728b) (PreviewImporter) -> (artifact id: '284e8484f515c63aba5ac4b690d315c4') in 0.0164858 seconds
Number of updated asset objects reloaded before import = 0Number of asset objects unloaded after import = 12

========================================================================
Received Import Request.
  Time since last request: 0.000036 seconds.
  path: Assets/World/Environment/Prefabs/Building3/Moonshine004_low001.prefab
  artifactKey: Guid(7c19a57bc01e7354a9b61cdcb95893c3) Importer(815301076,1909f56bfc062723c751e8b465ee728b)
Start importing Assets/World/Environment/Prefabs/Building3/Moonshine004_low001.prefab using Guid(7c19a57bc01e7354a9b61cdcb95893c3) Importer(815301076,1909f56bfc062723c751e8b465ee728b) (PreviewImporter) -> (artifact id: 'e46eff2710cb52b64ad4deef79368df7') in 0.009379 seconds
Number of updated asset objects reloaded before import = 0Number of asset objects unloaded after import = 10

========================================================================
Received Import Request.
  Time since last request: 0.000027 seconds.
  path: Assets/World/Environment/Prefabs/Building3/SheriffHat_low001.prefab
  artifactKey: Guid(407a3ad1e23e3464b831270af8904199) Importer(815301076,1909f56bfc062723c751e8b465ee728b)
Start importing Assets/World/Environment/Prefabs/Building3/SheriffHat_low001.prefab using Guid(407a3ad1e23e3464b831270af8904199) Importer(815301076,1909f56bfc062723c751e8b465ee728b) (PreviewImporter) -> (artifact id: '50507f7e1b0d54b32d1475bfafea6c07') in 0.017347 seconds
Number of updated asset objects reloaded before import = 0Number of asset objects unloaded after import = 13

========================================================================
Received Import Request.
  Time since last request: 0.000025 seconds.
  path: Assets/World/Environment/Prefabs/Building3/RoundGlass_low006.prefab
  artifactKey: Guid(4a19c6f0ff9db1a49956769f7bc6d25f) Importer(815301076,1909f56bfc062723c751e8b465ee728b)
Start importing Assets/World/Environment/Prefabs/Building3/RoundGlass_low006.prefab using Guid(4a19c6f0ff9db1a49956769f7bc6d25f) Importer(815301076,1909f56bfc062723c751e8b465ee728b) (PreviewImporter) -> (artifact id: '00000000000000000000000000000000') in 0.0090991 seconds
Import Error Code:(4)
Message: Build asset version error: assets/world/environment/prefabs/building3/roundglass_low006.prefab in SourceAssetDB has modification time of '2026-04-16T19:27:17.0633127Z' while content on disk has modification time of '2026-04-16T19:27:18.5514566Z'
  ERROR: Build asset version error: assets/world/environment/prefabs/building3/roundglass_low006.prefab in SourceAssetDB has modification time of '2026-04-16T19:27:17.0633127Z' while content on disk has modification time of '2026-04-16T19:27:18.5514566Z'
Number of updated asset objects reloaded before import = 0Number of asset objects unloaded after import = 4

========================================================================
Received Import Request.
  Time since last request: 0.000028 seconds.
  path: Assets/World/Environment/Prefabs/Building3/Crate_low002.prefab
  artifactKey: Guid(423fb7f6c13dcde488495f162b89e6a6) Importer(815301076,1909f56bfc062723c751e8b465ee728b)
Start importing Assets/World/Environment/Prefabs/Building3/Crate_low002.prefab using Guid(423fb7f6c13dcde488495f162b89e6a6) Importer(815301076,1909f56bfc062723c751e8b465ee728b) (PreviewImporter) -> (artifact id: 'b9fa1f4ec9c252d3d50cc50556b36d62') in 0.0006654 seconds
Number of updated asset objects reloaded before import = 0Number of asset objects unloaded after import = 0

========================================================================
Received Import Request.
  Time since last request: 0.327202 seconds.
  path: Assets/World/Environment/Prefabs/Building3/ChairSeat_low001.prefab
  artifactKey: Guid(a450c58392f1c264db117c58630f3893) Importer(815301076,1909f56bfc062723c751e8b465ee728b)
Start importing Assets/World/Environment/Prefabs/Building3/ChairSeat_low001.prefab using Guid(a450c58392f1c264db117c58630f3893) Importer(815301076,1909f56bfc062723c751e8b465ee728b) (PreviewImporter) -> (artifact id: 'd448ada190fd34a2457a9e9c700f2a61') in 0.0174172 seconds
Number of updated asset objects reloaded before import = 0Number of asset objects unloaded after import = 13

========================================================================
Received Import Request.
  Time since last request: 0.000024 seconds.
  path: Assets/World/Environment/Prefabs/Building3/WhiskyGlass_low002.prefab
  artifactKey: Guid(a17ab17b4852c534fa89452368a1faef) Importer(815301076,1909f56bfc062723c751e8b465ee728b)
Start importing Assets/World/Environment/Prefabs/Building3/WhiskyGlass_low002.prefab using Guid(a17ab17b4852c534fa89452368a1faef) Importer(815301076,1909f56bfc062723c751e8b465ee728b) (PreviewImporter) -> (artifact id: '0f86a1cb1d168cba8a31a4a6c23dcc81') in 0.0117839 seconds
Number of updated asset objects reloaded before import = 0Number of asset objects unloaded after import = 10

========================================================================
Received Import Request.
  Time since last request: 0.000034 seconds.
  path: Assets/World/Environment/Prefabs/Building3/WhiskyGlass_low009.prefab
  artifactKey: Guid(9e5a0989467d3364d97a24c6b73b46aa) Importer(815301076,1909f56bfc062723c751e8b465ee728b)
Start importing Assets/World/Environment/Prefabs/Building3/WhiskyGlass_low009.prefab using Guid(9e5a0989467d3364d97a24c6b73b46aa) Importer(815301076,1909f56bfc062723c751e8b465ee728b) (PreviewImporter) -> (artifact id: '78519522f6e0058e918b337480b1034b') in 0.0096687 seconds
Number of updated asset objects reloaded before import = 0Number of asset objects unloaded after import = 10

========================================================================
Received Import Request.
  Time since last request: 0.000040 seconds.
  path: Assets/World/Environment/Prefabs/Building3/RoundGlass_low002.prefab
  artifactKey: Guid(ed866c1182296d54aa64fbcc9f50c445) Importer(815301076,1909f56bfc062723c751e8b465ee728b)
Start importing Assets/World/Environment/Prefabs/Building3/RoundGlass_low002.prefab using Guid(ed866c1182296d54aa64fbcc9f50c445) Importer(815301076,1909f56bfc062723c751e8b465ee728b) (PreviewImporter) -> (artifact id: '8f8b1a74616e81385a8118bdac5d1012') in 0.0096481 seconds
Number of updated asset objects reloaded before import = 0Number of asset objects unloaded after import = 10

========================================================================
Received Import Request.
  Time since last request: 0.000026 seconds.
  path: Assets/World/Environment/Prefabs/Building3/SheriffBadgeHook_low001.prefab
  artifactKey: Guid(1d5e7009fc4e6824594be2e924b78564) Importer(815301076,1909f56bfc062723c751e8b465ee728b)
Start importing Assets/World/Environment/Prefabs/Building3/SheriffBadgeHook_low001.prefab using Guid(1d5e7009fc4e6824594be2e924b78564) Importer(815301076,1909f56bfc062723c751e8b465ee728b) (PreviewImporter) -> (artifact id: 'd96e43b18ac12120fade5132e39aac47') in 0.013732 seconds
Number of updated asset objects reloaded before import = 0Number of asset objects unloaded after import = 13

========================================================================
Received Import Request.
  Time since last request: 0.000026 seconds.
  path: Assets/World/Environment/Prefabs/Building3/WhiskyGlass_low003.prefab
  artifactKey: Guid(21b0b2e2d1049d441b24ee8485bfdcdd) Importer(815301076,1909f56bfc062723c751e8b465ee728b)
Start importing Assets/World/Environment/Prefabs/Building3/WhiskyGlass_low003.prefab using Guid(21b0b2e2d1049d441b24ee8485bfdcdd) Importer(815301076,1909f56bfc062723c751e8b465ee728b) (PreviewImporter) -> (artifact id: 'e325c2e8e27b3a4d887465b6eec69213') in 0.0101439 seconds
Number of updated asset objects reloaded before import = 0Number of asset objects unloaded after import = 10

========================================================================
Received Import Request.
  Time since last request: 0.000025 seconds.
  path: Assets/World/Environment/Prefabs/Building3/KegSwitch_low.prefab
  artifactKey: Guid(e4730499c94663a4d98df7e6ced09975) Importer(815301076,1909f56bfc062723c751e8b465ee728b)
Start importing Assets/World/Environment/Prefabs/Building3/KegSwitch_low.prefab using Guid(e4730499c94663a4d98df7e6ced09975) Importer(815301076,1909f56bfc062723c751e8b465ee728b) (PreviewImporter) -> (artifact id: '5cefc1aa48e3cec9d6b1613f219dcff9') in 0.0131515 seconds
Number of updated asset objects reloaded before import = 0Number of asset objects unloaded after import = 13

========================================================================
Received Import Request.
  Time since last request: 0.000030 seconds.
  path: Assets/World/Environment/Prefabs/Building3/SheriffBadgePin_low001.prefab
  artifactKey: Guid(b0bb0fdf31835474b92853b3d6d37709) Importer(815301076,1909f56bfc062723c751e8b465ee728b)
Start importing Assets/World/Environment/Prefabs/Building3/SheriffBadgePin_low001.prefab using Guid(b0bb0fdf31835474b92853b3d6d37709) Importer(815301076,1909f56bfc062723c751e8b465ee728b) (PreviewImporter) -> (artifact id: '761afa31d6c69d0e1017465f93ef0659') in 0.0129448 seconds
Number of updated asset objects reloaded before import = 0Number of asset objects unloaded after import = 13

========================================================================
Received Import Request.
  Time since last request: 0.000033 seconds.
  path: Assets/World/Environment/Prefabs/Building3/OilLamp_low.prefab
  artifactKey: Guid(d1be9412cb270534db3348e4f0f5f308) Importer(815301076,1909f56bfc062723c751e8b465ee728b)
Start importing Assets/World/Environment/Prefabs/Building3/OilLamp_low.prefab using Guid(d1be9412cb270534db3348e4f0f5f308) Importer(815301076,1909f56bfc062723c751e8b465ee728b) (PreviewImporter) -> (artifact id: '089ba3aa9bf422c3ad7ffcf3efd57a2f') in 0.0166791 seconds
Number of updated asset objects reloaded before import = 0Number of asset objects unloaded after import = 12

========================================================================
Received Import Request.
  Time since last request: 0.000030 seconds.
  path: Assets/World/Environment/Prefabs/Building3/SheriffBadge_low.prefab
  artifactKey: Guid(37c1f92196daa9b4f920870f410a3464) Importer(815301076,1909f56bfc062723c751e8b465ee728b)
Start importing Assets/World/Environment/Prefabs/Building3/SheriffBadge_low.prefab using Guid(37c1f92196daa9b4f920870f410a3464) Importer(815301076,1909f56bfc062723c751e8b465ee728b) (PreviewImporter) -> (artifact id: '1904d1a2b1452ee171510a5e82529ecd') in 0.0153503 seconds
Number of updated asset objects reloaded before import = 0Number of asset objects unloaded after import = 13

========================================================================
Received Import Request.
  Time since last request: 0.000029 seconds.
  path: Assets/World/Environment/Prefabs/Building3/WantedPoster4.prefab
  artifactKey: Guid(6b9c7b788d47afc4eb96336da808ebc4) Importer(815301076,1909f56bfc062723c751e8b465ee728b)
Start importing Assets/World/Environment/Prefabs/Building3/WantedPoster4.prefab using Guid(6b9c7b788d47afc4eb96336da808ebc4) Importer(815301076,1909f56bfc062723c751e8b465ee728b) (PreviewImporter) -> (artifact id: '9a927c9deb77a1f62065fb3cb115acc8') in 0.0127375 seconds
Number of updated asset objects reloaded before import = 0Number of asset objects unloaded after import = 13

========================================================================
Received Import Request.
  Time since last request: 0.000027 seconds.
  path: Assets/World/Environment/Prefabs/Building3/SheriffBadge_low001.prefab
  artifactKey: Guid(775af826215d9214fbca7e5bbeb7e338) Importer(815301076,1909f56bfc062723c751e8b465ee728b)
Start importing Assets/World/Environment/Prefabs/Building3/SheriffBadge_low001.prefab using Guid(775af826215d9214fbca7e5bbeb7e338) Importer(815301076,1909f56bfc062723c751e8b465ee728b) (PreviewImporter) -> (artifact id: '64ee844a8b5ec4cc51e2cb7cf8d31bfc') in 0.0133613 seconds
Number of updated asset objects reloaded before import = 0Number of asset objects unloaded after import = 13

========================================================================
Received Import Request.
  Time since last request: 0.000040 seconds.
  path: Assets/World/Environment/Prefabs/Building3/Crate_low001.prefab
  artifactKey: Guid(fe239f9c159a7d74f8d8f861fd2afb44) Importer(815301076,1909f56bfc062723c751e8b465ee728b)
Start importing Assets/World/Environment/Prefabs/Building3/Crate_low001.prefab using Guid(fe239f9c159a7d74f8d8f861fd2afb44) Importer(815301076,1909f56bfc062723c751e8b465ee728b) (PreviewImporter) -> (artifact id: '37f5f486dc9857b339797715e8044e71') in 0.0097597 seconds
Number of updated asset objects reloaded before import = 0Number of asset objects unloaded after import = 10

========================================================================
Received Import Request.
  Time since last request: 0.000026 seconds.
  path: Assets/World/Environment/Prefabs/Building3/WhiskyGlass_low001.prefab
  artifactKey: Guid(4237d010826302a4b8646ee699ce433f) Importer(815301076,1909f56bfc062723c751e8b465ee728b)
Start importing Assets/World/Environment/Prefabs/Building3/WhiskyGlass_low001.prefab using Guid(4237d010826302a4b8646ee699ce433f) Importer(815301076,1909f56bfc062723c751e8b465ee728b) (PreviewImporter) -> (artifact id: '6f4c20bc3a14284d6f9f9c8871553781') in 0.0098204 seconds
Number of updated asset objects reloaded before import = 0Number of asset objects unloaded after import = 10

========================================================================
Received Import Request.
  Time since last request: 0.000021 seconds.
  path: Assets/World/Environment/Prefabs/Building3/Crate_low.prefab
  artifactKey: Guid(cecb213864af1d048b09d1267f3637dc) Importer(815301076,1909f56bfc062723c751e8b465ee728b)
Start importing Assets/World/Environment/Prefabs/Building3/Crate_low.prefab using Guid(cecb213864af1d048b09d1267f3637dc) Importer(815301076,1909f56bfc062723c751e8b465ee728b) (PreviewImporter) -> (artifact id: '3033de3186da74f8dd4b85dbc5a85633') in 0.0096369 seconds
Number of updated asset objects reloaded before import = 0Number of asset objects unloaded after import = 10

========================================================================
Received Import Request.
  Time since last request: 0.000024 seconds.
  path: Assets/World/Environment/Prefabs/Building3/Shelf_low.prefab
  artifactKey: Guid(2eeeff8db8415b2478b5bd5d40f684b5) Importer(815301076,1909f56bfc062723c751e8b465ee728b)
Start importing Assets/World/Environment/Prefabs/Building3/Shelf_low.prefab using Guid(2eeeff8db8415b2478b5bd5d40f684b5) Importer(815301076,1909f56bfc062723c751e8b465ee728b) (PreviewImporter) -> (artifact id: '00000000000000000000000000000000') in 0.0176483 seconds
Import Error Code:(4)
Message: Build asset version error: assets/world/environment/prefabs/building3/shelf_low.prefab in SourceAssetDB has modification time of '2026-04-16T19:27:18.5095896Z' while content on disk has modification time of '2026-04-16T19:27:19.9760707Z'
  ERROR: Build asset version error: assets/world/environment/prefabs/building3/shelf_low.prefab in SourceAssetDB has modification time of '2026-04-16T19:27:18.5095896Z' while content on disk has modification time of '2026-04-16T19:27:19.9760707Z'
Number of updated asset objects reloaded before import = 0Number of asset objects unloaded after import = 8

========================================================================
Received Import Request.
  Time since last request: 0.350961 seconds.
  path: Assets/World/Environment/Prefabs/Building3/ChairSeat_low001.prefab
  artifactKey: Guid(a450c58392f1c264db117c58630f3893) Importer(815301076,1909f56bfc062723c751e8b465ee728b)
Start importing Assets/World/Environment/Prefabs/Building3/ChairSeat_low001.prefab using Guid(a450c58392f1c264db117c58630f3893) Importer(815301076,1909f56bfc062723c751e8b465ee728b) (PreviewImporter) -> (artifact id: '34228a85064b6097491a1c0a855c4d1f') in 0.0186999 seconds
Number of updated asset objects reloaded before import = 0Number of asset objects unloaded after import = 13

========================================================================
Received Import Request.
  Time since last request: 0.000024 seconds.
  path: Assets/World/Environment/Prefabs/Building3/SheriffHat_low.prefab
  artifactKey: Guid(84211330230472140aaa8ad75cbbec1c) Importer(815301076,1909f56bfc062723c751e8b465ee728b)
Start importing Assets/World/Environment/Prefabs/Building3/SheriffHat_low.prefab using Guid(84211330230472140aaa8ad75cbbec1c) Importer(815301076,1909f56bfc062723c751e8b465ee728b) (PreviewImporter) -> (artifact id: '65b00b70aba0e652e1ba9be37a966c9d') in 0.0276339 seconds
Number of updated asset objects reloaded before import = 0Number of asset objects unloaded after import = 13

========================================================================
Received Import Request.
  Time since last request: 0.000038 seconds.
  path: Assets/World/Environment/Prefabs/Building3/ChairSeat_low008.prefab
  artifactKey: Guid(86d2e7f6005611d4aa332be18e4fe166) Importer(815301076,1909f56bfc062723c751e8b465ee728b)
Start importing Assets/World/Environment/Prefabs/Building3/ChairSeat_low008.prefab using Guid(86d2e7f6005611d4aa332be18e4fe166) Importer(815301076,1909f56bfc062723c751e8b465ee728b) (PreviewImporter) -> (artifact id: '1d6754a07cef84295c231128c95fdb73') in 0.0199917 seconds
Number of updated asset objects reloaded before import = 0Number of asset objects unloaded after import = 13

========================================================================
Received Import Request.
  Time since last request: 0.000023 seconds.
  path: Assets/World/Environment/Prefabs/Building3/OilLampHandle_low.prefab
  artifactKey: Guid(7041acea8cbeca844a1a7c49e6911447) Importer(815301076,1909f56bfc062723c751e8b465ee728b)
Start importing Assets/World/Environment/Prefabs/Building3/OilLampHandle_low.prefab using Guid(7041acea8cbeca844a1a7c49e6911447) Importer(815301076,1909f56bfc062723c751e8b465ee728b) (PreviewImporter) -> (artifact id: '19f6b485502a8cf30ccad77941afd646') in 0.0138901 seconds
Number of updated asset objects reloaded before import = 0Number of asset objects unloaded after import = 12

========================================================================
Received Import Request.
  Time since last request: 0.000027 seconds.
  path: Assets/World/Environment/Prefabs/Building3/WantedPoster013.prefab
  artifactKey: Guid(ae2970ed69ebd5840b7bd3940ef9d223) Importer(815301076,1909f56bfc062723c751e8b465ee728b)
Start importing Assets/World/Environment/Prefabs/Building3/WantedPoster013.prefab using Guid(ae2970ed69ebd5840b7bd3940ef9d223) Importer(815301076,1909f56bfc062723c751e8b465ee728b) (PreviewImporter) -> (artifact id: 'e613cd3b899d7f74bfcd0e8b25b7493d') in 0.0139438 seconds
Number of updated asset objects reloaded before import = 0Number of asset objects unloaded after import = 13

========================================================================
Received Import Request.
  Time since last request: 0.000029 seconds.
  path: Assets/World/Environment/Prefabs/Building3/Crate_low005.prefab
  artifactKey: Guid(0ace00d037978424497ae4593037373b) Importer(815301076,1909f56bfc062723c751e8b465ee728b)
Start importing Assets/World/Environment/Prefabs/Building3/Crate_low005.prefab using Guid(0ace00d037978424497ae4593037373b) Importer(815301076,1909f56bfc062723c751e8b465ee728b) (PreviewImporter) -> (artifact id: 'b68ebd12fbcf7cd0081881fea2325687') in 0.0092924 seconds
Number of updated asset objects reloaded before import = 0Number of asset objects unloaded after import = 10

========================================================================
Received Import Request.
  Time since last request: 0.000038 seconds.
  path: Assets/World/Environment/Prefabs/Building3/RoundGlass_low005.prefab
  artifactKey: Guid(dc9ec995cc7a84b4e845a49b4cdd9e6b) Importer(815301076,1909f56bfc062723c751e8b465ee728b)
Start importing Assets/World/Environment/Prefabs/Building3/RoundGlass_low005.prefab using Guid(dc9ec995cc7a84b4e845a49b4cdd9e6b) Importer(815301076,1909f56bfc062723c751e8b465ee728b) (PreviewImporter) -> (artifact id: '1b1fd72f35a531b01935022818d14017') in 0.0102503 seconds
Number of updated asset objects reloaded before import = 0Number of asset objects unloaded after import = 8

========================================================================
Received Import Request.
  Time since last request: 0.000025 seconds.
  path: Assets/World/Environment/Prefabs/Building3/WhiskyGlass_low005.prefab
  artifactKey: Guid(fdea2317cf34ed94fbfd38511a343ec9) Importer(815301076,1909f56bfc062723c751e8b465ee728b)
Start importing Assets/World/Environment/Prefabs/Building3/WhiskyGlass_low005.prefab using Guid(fdea2317cf34ed94fbfd38511a343ec9) Importer(815301076,1909f56bfc062723c751e8b465ee728b) (PreviewImporter) -> (artifact id: '5849b13ddf86398df431ee977dc6302f') in 0.0205261 seconds
Number of updated asset objects reloaded before import = 0Number of asset objects unloaded after import = 10

========================================================================
Received Import Request.
  Time since last request: 0.000033 seconds.
  path: Assets/World/Environment/Prefabs/Building3/OilLamp_low.prefab
  artifactKey: Guid(d1be9412cb270534db3348e4f0f5f308) Importer(815301076,1909f56bfc062723c751e8b465ee728b)
Start importing Assets/World/Environment/Prefabs/Building3/OilLamp_low.prefab using Guid(d1be9412cb270534db3348e4f0f5f308) Importer(815301076,1909f56bfc062723c751e8b465ee728b) (PreviewImporter) -> (artifact id: 'f745fb2adb0984fab64de1dc89e190f5') in 0.0157197 seconds
Number of updated asset objects reloaded before import = 0Number of asset objects unloaded after import = 12

========================================================================
Received Import Request.
  Time since last request: 0.000024 seconds.
  path: Assets/World/Environment/Prefabs/Building3/SheriffBadge_low.prefab
  artifactKey: Guid(37c1f92196daa9b4f920870f410a3464) Importer(815301076,1909f56bfc062723c751e8b465ee728b)
Start importing Assets/World/Environment/Prefabs/Building3/SheriffBadge_low.prefab using Guid(37c1f92196daa9b4f920870f410a3464) Importer(815301076,1909f56bfc062723c751e8b465ee728b) (PreviewImporter) -> (artifact id: '481962f8f30b8c79d6e63db698e08b77') in 0.0138283 seconds
Number of updated asset objects reloaded before import = 0Number of asset objects unloaded after import = 13

========================================================================
Received Import Request.
  Time since last request: 0.000031 seconds.
  path: Assets/World/Environment/Prefabs/Building3/WhiskyGlass_low004.prefab
  artifactKey: Guid(49088701f08a69041883468fadbcbd5c) Importer(815301076,1909f56bfc062723c751e8b465ee728b)
Start importing Assets/World/Environment/Prefabs/Building3/WhiskyGlass_low004.prefab using Guid(49088701f08a69041883468fadbcbd5c) Importer(815301076,1909f56bfc062723c751e8b465ee728b) (PreviewImporter) -> (artifact id: '8fc8b4b3c9af0b779cb29ca29f98a293') in 0.0119078 seconds
Number of updated asset objects reloaded before import = 0Number of asset objects unloaded after import = 10

========================================================================
Received Import Request.
  Time since last request: 0.000036 seconds.
  path: Assets/World/Environment/Prefabs/Building3/PokerTable_low001.prefab
  artifactKey: Guid(2a7d2db79fb682a44ac0fd98a6804382) Importer(815301076,1909f56bfc062723c751e8b465ee728b)
Start importing Assets/World/Environment/Prefabs/Building3/PokerTable_low001.prefab using Guid(2a7d2db79fb682a44ac0fd98a6804382) Importer(815301076,1909f56bfc062723c751e8b465ee728b) (PreviewImporter) -> (artifact id: '2b05aace74121f3cf8f9ad5c4f3c9d5a') in 0.0195182 seconds
Number of updated asset objects reloaded before import = 0Number of asset objects unloaded after import = 13

========================================================================
Received Import Request.
  Time since last request: 0.000035 seconds.
  path: Assets/World/Environment/Prefabs/Building3/Crate_low001.prefab
  artifactKey: Guid(fe239f9c159a7d74f8d8f861fd2afb44) Importer(815301076,1909f56bfc062723c751e8b465ee728b)
Start importing Assets/World/Environment/Prefabs/Building3/Crate_low001.prefab using Guid(fe239f9c159a7d74f8d8f861fd2afb44) Importer(815301076,1909f56bfc062723c751e8b465ee728b) (PreviewImporter) -> (artifact id: '6813eeba002bc7c43c6d6f95fd5596b2') in 0.0091997 seconds
Number of updated asset objects reloaded before import = 0Number of asset objects unloaded after import = 10

========================================================================
Received Import Request.
  Time since last request: 0.000026 seconds.
  path: Assets/World/Environment/Prefabs/Building3/Crate_low004.prefab
  artifactKey: Guid(8a79a189d27408548863fa654afbf138) Importer(815301076,1909f56bfc062723c751e8b465ee728b)
Start importing Assets/World/Environment/Prefabs/Building3/Crate_low004.prefab using Guid(8a79a189d27408548863fa654afbf138) Importer(815301076,1909f56bfc062723c751e8b465ee728b) (PreviewImporter) -> (artifact id: 'fa64c02b498331829e8a2c1a0e9ada0c') in 0.008902 seconds
Number of updated asset objects reloaded before import = 0Number of asset objects unloaded after import = 10

========================================================================
Received Import Request.
  Time since last request: 0.000023 seconds.
  path: Assets/World/Environment/Prefabs/Building3/RoundGlass_low006.prefab
  artifactKey: Guid(4a19c6f0ff9db1a49956769f7bc6d25f) Importer(815301076,1909f56bfc062723c751e8b465ee728b)
Start importing Assets/World/Environment/Prefabs/Building3/RoundGlass_low006.prefab using Guid(4a19c6f0ff9db1a49956769f7bc6d25f) Importer(815301076,1909f56bfc062723c751e8b465ee728b) (PreviewImporter) -> (artifact id: 'fbb8dc01656f46172d633deb1e6ce4cd') in 0.008748 seconds
Number of updated asset objects reloaded before import = 0Number of asset objects unloaded after import = 10

========================================================================
Received Import Request.
  Time since last request: 0.000035 seconds.
  path: Assets/World/Environment/Prefabs/Building3/Keg_low.prefab
  artifactKey: Guid(d506c825aeaa56249a333dfc5922ec84) Importer(815301076,1909f56bfc062723c751e8b465ee728b)
Start importing Assets/World/Environment/Prefabs/Building3/Keg_low.prefab using Guid(d506c825aeaa56249a333dfc5922ec84) Importer(815301076,1909f56bfc062723c751e8b465ee728b) (PreviewImporter) -> (artifact id: 'b1252989fd2797022ba02388dff744bf') in 0.0144554 seconds
Number of updated asset objects reloaded before import = 0Number of asset objects unloaded after import = 14

========================================================================
Received Import Request.
  Time since last request: 1.104717 seconds.
  path: Assets/World/Environment/Prefabs/Building3/ChairSeat_low001.prefab
  artifactKey: Guid(a450c58392f1c264db117c58630f3893) Importer(815301076,1909f56bfc062723c751e8b465ee728b)
Start importing Assets/World/Environment/Prefabs/Building3/ChairSeat_low001.prefab using Guid(a450c58392f1c264db117c58630f3893) Importer(815301076,1909f56bfc062723c751e8b465ee728b) (PreviewImporter) -> (artifact id: '252c86a943b4637f080e3f06f467db90') in 0.0148548 seconds
Number of updated asset objects reloaded before import = 0Number of asset objects unloaded after import = 13

========================================================================
Received Import Request.
  Time since last request: 0.000023 seconds.
  path: Assets/World/Environment/Prefabs/Building3/ChairSeat_low006.prefab
  artifactKey: Guid(6cde37a85d3aa8a4abda2c836e42a135) Importer(815301076,1909f56bfc062723c751e8b465ee728b)
Start importing Assets/World/Environment/Prefabs/Building3/ChairSeat_low006.prefab using Guid(6cde37a85d3aa8a4abda2c836e42a135) Importer(815301076,1909f56bfc062723c751e8b465ee728b) (PreviewImporter) -> (artifact id: '99a72f977168f4cbbe5cb8c05e470380') in 0.0136218 seconds
Number of updated asset objects reloaded before import = 0Number of asset objects unloaded after import = 13

========================================================================
Received Import Request.
  Time since last request: 0.000029 seconds.
  path: Assets/World/Environment/Prefabs/Building3/StandardTable_low.prefab
  artifactKey: Guid(70428a6b0f0c9fc49adf86822dfdbc53) Importer(815301076,1909f56bfc062723c751e8b465ee728b)
Start importing Assets/World/Environment/Prefabs/Building3/StandardTable_low.prefab using Guid(70428a6b0f0c9fc49adf86822dfdbc53) Importer(815301076,1909f56bfc062723c751e8b465ee728b) (PreviewImporter) -> (artifact id: '5e1331a34cb846e674b657f098fb8d33') in 0.0146245 seconds
Number of updated asset objects reloaded before import = 0Number of asset objects unloaded after import = 14

========================================================================
Received Import Request.
  Time since last request: 0.000038 seconds.
  path: Assets/World/Environment/Prefabs/Building3/OilLampHandle_low.prefab
  artifactKey: Guid(7041acea8cbeca844a1a7c49e6911447) Importer(815301076,1909f56bfc062723c751e8b465ee728b)
Start importing Assets/World/Environment/Prefabs/Building3/OilLampHandle_low.prefab using Guid(7041acea8cbeca844a1a7c49e6911447) Importer(815301076,1909f56bfc062723c751e8b465ee728b) (PreviewImporter) -> (artifact id: 'bd381bd693e6690339b5d9de679e5528') in 0.011589 seconds
Number of updated asset objects reloaded before import = 0Number of asset objects unloaded after import = 12

========================================================================
Received Import Request.
  Time since last request: 0.000023 seconds.
  path: Assets/World/Environment/Prefabs/Building3/WantedPoster013.prefab
  artifactKey: Guid(ae2970ed69ebd5840b7bd3940ef9d223) Importer(815301076,1909f56bfc062723c751e8b465ee728b)
Start importing Assets/World/Environment/Prefabs/Building3/WantedPoster013.prefab using Guid(ae2970ed69ebd5840b7bd3940ef9d223) Importer(815301076,1909f56bfc062723c751e8b465ee728b) (PreviewImporter) -> (artifact id: 'a35ff23e14b315b55976502b934e508d') in 0.0126675 seconds
Number of updated asset objects reloaded before import = 0Number of asset objects unloaded after import = 13

========================================================================
Received Import Request.
  Time since last request: 0.000023 seconds.
  path: Assets/World/Environment/Prefabs/Building3/Crate_low005.prefab
  artifactKey: Guid(0ace00d037978424497ae4593037373b) Importer(815301076,1909f56bfc062723c751e8b465ee728b)
Start importing Assets/World/Environment/Prefabs/Building3/Crate_low005.prefab using Guid(0ace00d037978424497ae4593037373b) Importer(815301076,1909f56bfc062723c751e8b465ee728b) (PreviewImporter) -> (artifact id: '9f0f8cd485e26745ed3460402a927793') in 0.008953 seconds
Number of updated asset objects reloaded before import = 0Number of asset objects unloaded after import = 10

========================================================================
Received Import Request.
  Time since last request: 0.000027 seconds.
  path: Assets/World/Environment/Prefabs/Building3/RoundGlass_low005.prefab
  artifactKey: Guid(dc9ec995cc7a84b4e845a49b4cdd9e6b) Importer(815301076,1909f56bfc062723c751e8b465ee728b)
Start importing Assets/World/Environment/Prefabs/Building3/RoundGlass_low005.prefab using Guid(dc9ec995cc7a84b4e845a49b4cdd9e6b) Importer(815301076,1909f56bfc062723c751e8b465ee728b) (PreviewImporter) -> (artifact id: '96f72e1a626253a3ef5bf2bb148046d7') in 0.0086133 seconds
Number of updated asset objects reloaded before import = 0Number of asset objects unloaded after import = 8

========================================================================
Received Import Request.
  Time since last request: 0.000026 seconds.
  path: Assets/World/Environment/Prefabs/Building3/WhiskyGlass_low005.prefab
  artifactKey: Guid(fdea2317cf34ed94fbfd38511a343ec9) Importer(815301076,1909f56bfc062723c751e8b465ee728b)
Start importing Assets/World/Environment/Prefabs/Building3/WhiskyGlass_low005.prefab using Guid(fdea2317cf34ed94fbfd38511a343ec9) Importer(815301076,1909f56bfc062723c751e8b465ee728b) (PreviewImporter) -> (artifact id: '71cff20c003ff80f251bced449210955') in 0.0089978 seconds
Number of updated asset objects reloaded before import = 0Number of asset objects unloaded after import = 10

========================================================================
Received Import Request.
  Time since last request: 0.000043 seconds.
  path: Assets/World/Environment/Prefabs/Building3/StandardTable_low001.prefab
  artifactKey: Guid(08ec3713e3ce76440af60ffd5d5323f1) Importer(815301076,1909f56bfc062723c751e8b465ee728b)
Start importing Assets/World/Environment/Prefabs/Building3/StandardTable_low001.prefab using Guid(08ec3713e3ce76440af60ffd5d5323f1) Importer(815301076,1909f56bfc062723c751e8b465ee728b) (PreviewImporter) -> (artifact id: '7c96d450aa22dff5399da9a497f95fc4') in 0.013841 seconds
Number of updated asset objects reloaded before import = 0Number of asset objects unloaded after import = 13

========================================================================
Received Import Request.
  Time since last request: 0.000025 seconds.
  path: Assets/World/Environment/Prefabs/Building3/SheriffBadge_low.prefab
  artifactKey: Guid(37c1f92196daa9b4f920870f410a3464) Importer(815301076,1909f56bfc062723c751e8b465ee728b)
Start importing Assets/World/Environment/Prefabs/Building3/SheriffBadge_low.prefab using Guid(37c1f92196daa9b4f920870f410a3464) Importer(815301076,1909f56bfc062723c751e8b465ee728b) (PreviewImporter) -> (artifact id: 'a4ff07288074ac740fe877a655f24216') in 0.0314029 seconds
Number of updated asset objects reloaded before import = 0Number of asset objects unloaded after import = 13

========================================================================
Received Import Request.
  Time since last request: 0.000035 seconds.
  path: Assets/World/Environment/Prefabs/Building3/KegTap_low.prefab
  artifactKey: Guid(d8e9b588579e69840999d77b284620d7) Importer(815301076,1909f56bfc062723c751e8b465ee728b)
Start importing Assets/World/Environment/Prefabs/Building3/KegTap_low.prefab using Guid(d8e9b588579e69840999d77b284620d7) Importer(815301076,1909f56bfc062723c751e8b465ee728b) (PreviewImporter) -> (artifact id: 'f873fb00725702d936f2b82a04f0e9d7') in 0.0130981 seconds
Number of updated asset objects reloaded before import = 0Number of asset objects unloaded after import = 13

========================================================================
Received Import Request.
  Time since last request: 0.000035 seconds.
  path: Assets/World/Environment/Prefabs/Building3/ChairSeat_low007.prefab
  artifactKey: Guid(b6a7fee02744d3448bf34aa414010594) Importer(815301076,1909f56bfc062723c751e8b465ee728b)
Start importing Assets/World/Environment/Prefabs/Building3/ChairSeat_low007.prefab using Guid(b6a7fee02744d3448bf34aa414010594) Importer(815301076,1909f56bfc062723c751e8b465ee728b) (PreviewImporter) -> (artifact id: '5fd8a13c155e04031a4e99b121ac91c2') in 0.0127083 seconds
Number of updated asset objects reloaded before import = 0Number of asset objects unloaded after import = 13

========================================================================
Received Import Request.
  Time since last request: 0.000038 seconds.
  path: Assets/World/Environment/Prefabs/Building3/WhiskyGlass_low007.prefab
  artifactKey: Guid(975e4c5b27d1050439e4048577a61118) Importer(815301076,1909f56bfc062723c751e8b465ee728b)
Start importing Assets/World/Environment/Prefabs/Building3/WhiskyGlass_low007.prefab using Guid(975e4c5b27d1050439e4048577a61118) Importer(815301076,1909f56bfc062723c751e8b465ee728b) (PreviewImporter) -> (artifact id: '147cd02cf1df40e0df09beef40118cca') in 0.0105669 seconds
Number of updated asset objects reloaded before import = 0Number of asset objects unloaded after import = 10

========================================================================
Received Import Request.
  Time since last request: 0.000024 seconds.
  path: Assets/World/Environment/Prefabs/Building3/WhiskyGlass_low001.prefab
  artifactKey: Guid(4237d010826302a4b8646ee699ce433f) Importer(815301076,1909f56bfc062723c751e8b465ee728b)
Start importing Assets/World/Environment/Prefabs/Building3/WhiskyGlass_low001.prefab using Guid(4237d010826302a4b8646ee699ce433f) Importer(815301076,1909f56bfc062723c751e8b465ee728b) (PreviewImporter) -> (artifact id: '170ab40eacd9868e27965a9becbc8b42') in 0.0100616 seconds
Number of updated asset objects reloaded before import = 0Number of asset objects unloaded after import = 10

========================================================================
Received Import Request.
  Time since last request: 0.000022 seconds.
  path: Assets/World/Environment/Prefabs/Building3/RoundGlass_low001.prefab
  artifactKey: Guid(7ad6d8572f7b21d4a9947e9b1bda871a) Importer(815301076,1909f56bfc062723c751e8b465ee728b)
Start importing Assets/World/Environment/Prefabs/Building3/RoundGlass_low001.prefab using Guid(7ad6d8572f7b21d4a9947e9b1bda871a) Importer(815301076,1909f56bfc062723c751e8b465ee728b) (PreviewImporter) -> (artifact id: 'a5899c3ac23807c6f2337c35ae1f95d6') in 0.0095258 seconds
Number of updated asset objects reloaded before import = 0Number of asset objects unloaded after import = 10

========================================================================
Received Import Request.
  Time since last request: 0.000030 seconds.
  path: Assets/World/Environment/Prefabs/Building3/RoundGlass_low007.prefab
  artifactKey: Guid(8db22c5816700834ab468340aa7edab1) Importer(815301076,1909f56bfc062723c751e8b465ee728b)
Start importing Assets/World/Environment/Prefabs/Building3/RoundGlass_low007.prefab using Guid(8db22c5816700834ab468340aa7edab1) Importer(815301076,1909f56bfc062723c751e8b465ee728b) (PreviewImporter) -> (artifact id: 'ebc684a937960b59e025624cb1dfb7b8') in 0.0088732 seconds
Number of updated asset objects reloaded before import = 0Number of asset objects unloaded after import = 10

========================================================================
Received Import Request.
  Time since last request: 1.740580 seconds.
  path: Assets/World/Environment/Prefabs/Building3/ChairSeat_low001.prefab
  artifactKey: Guid(a450c58392f1c264db117c58630f3893) Importer(815301076,1909f56bfc062723c751e8b465ee728b)
Start importing Assets/World/Environment/Prefabs/Building3/ChairSeat_low001.prefab using Guid(a450c58392f1c264db117c58630f3893) Importer(815301076,1909f56bfc062723c751e8b465ee728b) (PreviewImporter) -> (artifact id: '20bd0dc7fc560ae0c01054e8de8590c4') in 0.0154487 seconds
Number of updated asset objects reloaded before import = 0Number of asset objects unloaded after import = 13

========================================================================
Received Import Request.
  Time since last request: 0.000032 seconds.
  path: Assets/World/Environment/Prefabs/Building3/WhiskyGlass_low009.prefab
  artifactKey: Guid(9e5a0989467d3364d97a24c6b73b46aa) Importer(815301076,1909f56bfc062723c751e8b465ee728b)
Start importing Assets/World/Environment/Prefabs/Building3/WhiskyGlass_low009.prefab using Guid(9e5a0989467d3364d97a24c6b73b46aa) Importer(815301076,1909f56bfc062723c751e8b465ee728b) (PreviewImporter) -> (artifact id: '5ab3674d184017732b656e03766a14ca') in 0.0093634 seconds
Number of updated asset objects reloaded before import = 0Number of asset objects unloaded after import = 10

========================================================================
Received Import Request.
  Time since last request: 0.000024 seconds.
  path: Assets/World/Environment/Prefabs/Building3/RoundGlass_low002.prefab
  artifactKey: Guid(ed866c1182296d54aa64fbcc9f50c445) Importer(815301076,1909f56bfc062723c751e8b465ee728b)
Start importing Assets/World/Environment/Prefabs/Building3/RoundGlass_low002.prefab using Guid(ed866c1182296d54aa64fbcc9f50c445) Importer(815301076,1909f56bfc062723c751e8b465ee728b) (PreviewImporter) -> (artifact id: '210516a5e9feff42c41c6f6156b4a835') in 0.008877 seconds
Number of updated asset objects reloaded before import = 0Number of asset objects unloaded after import = 10

========================================================================
Received Import Request.
  Time since last request: 0.000037 seconds.
  path: Assets/World/Environment/Prefabs/Building3/SheriffBadgePin_low.prefab
  artifactKey: Guid(28b25de9fb6bc13428a9952023274d65) Importer(815301076,1909f56bfc062723c751e8b465ee728b)
Start importing Assets/World/Environment/Prefabs/Building3/SheriffBadgePin_low.prefab using Guid(28b25de9fb6bc13428a9952023274d65) Importer(815301076,1909f56bfc062723c751e8b465ee728b) (PreviewImporter) -> (artifact id: 'd294294a3bfaef44e1b682a3547c6cb4') in 0.0125132 seconds
Number of updated asset objects reloaded before import = 0Number of asset objects unloaded after import = 13

========================================================================
Received Import Request.
  Time since last request: 0.000030 seconds.
  path: Assets/World/Environment/Prefabs/Building3/SheriffBadgePin_low001.prefab
  artifactKey: Guid(b0bb0fdf31835474b92853b3d6d37709) Importer(815301076,1909f56bfc062723c751e8b465ee728b)
Start importing Assets/World/Environment/Prefabs/Building3/SheriffBadgePin_low001.prefab using Guid(b0bb0fdf31835474b92853b3d6d37709) Importer(815301076,1909f56bfc062723c751e8b465ee728b) (PreviewImporter) -> (artifact id: 'b194e2866daf1d8301c8a05016f49029') in 0.0151144 seconds
Number of updated asset objects reloaded before import = 0Number of asset objects unloaded after import = 13

========================================================================
Received Import Request.
  Time since last request: 0.000025 seconds.
  path: Assets/World/Environment/Prefabs/Building3/WhiskyGlass_low004.prefab
  artifactKey: Guid(49088701f08a69041883468fadbcbd5c) Importer(815301076,1909f56bfc062723c751e8b465ee728b)
Start importing Assets/World/Environment/Prefabs/Building3/WhiskyGlass_low004.prefab using Guid(49088701f08a69041883468fadbcbd5c) Importer(815301076,1909f56bfc062723c751e8b465ee728b) (PreviewImporter) -> (artifact id: '2c15ec9748106181eb615eeb0660319c') in 0.0234234 seconds
Number of updated asset objects reloaded before import = 0Number of asset objects unloaded after import = 10

========================================================================
Received Import Request.
  Time since last request: 0.000030 seconds.
  path: Assets/World/Environment/Prefabs/Building3/Moonshine004_low001.prefab
  artifactKey: Guid(7c19a57bc01e7354a9b61cdcb95893c3) Importer(815301076,1909f56bfc062723c751e8b465ee728b)
Start importing Assets/World/Environment/Prefabs/Building3/Moonshine004_low001.prefab using Guid(7c19a57bc01e7354a9b61cdcb95893c3) Importer(815301076,1909f56bfc062723c751e8b465ee728b) (PreviewImporter) -> (artifact id: 'a47b833c7fdf117549b2cb7e136105c4') in 0.0103584 seconds
Number of updated asset objects reloaded before import = 0Number of asset objects unloaded after import = 10

========================================================================
Received Import Request.
  Time since last request: 0.000042 seconds.
  path: Assets/World/Environment/Prefabs/Building3/RoundGlass_low003.prefab
  artifactKey: Guid(6c70d1d4dbea3d2448739ba8bab98bf8) Importer(815301076,1909f56bfc062723c751e8b465ee728b)
Start importing Assets/World/Environment/Prefabs/Building3/RoundGlass_low003.prefab using Guid(6c70d1d4dbea3d2448739ba8bab98bf8) Importer(815301076,1909f56bfc062723c751e8b465ee728b) (PreviewImporter) -> (artifact id: '8f73aaaa7bd41b3d26a67ee565a34c11') in 0.0085979 seconds
Number of updated asset objects reloaded before import = 0Number of asset objects unloaded after import = 10

========================================================================
Received Import Request.
  Time since last request: 0.000027 seconds.
  path: Assets/World/Environment/Prefabs/Building3/WhiskyGlass_low001.prefab
  artifactKey: Guid(4237d010826302a4b8646ee699ce433f) Importer(815301076,1909f56bfc062723c751e8b465ee728b)
Start importing Assets/World/Environment/Prefabs/Building3/WhiskyGlass_low001.prefab using Guid(4237d010826302a4b8646ee699ce433f) Importer(815301076,1909f56bfc062723c751e8b465ee728b) (PreviewImporter) -> (artifact id: 'c062143337088cd0d27a7f9272d973ca') in 0.0099037 seconds
Number of updated asset objects reloaded before import = 0Number of asset objects unloaded after import = 10

========================================================================
Received Import Request.
  Time since last request: 0.000027 seconds.
  path: Assets/World/Environment/Prefabs/Building3/Keg_low.prefab
  artifactKey: Guid(d506c825aeaa56249a333dfc5922ec84) Importer(815301076,1909f56bfc062723c751e8b465ee728b)
Start importing Assets/World/Environment/Prefabs/Building3/Keg_low.prefab using Guid(d506c825aeaa56249a333dfc5922ec84) Importer(815301076,1909f56bfc062723c751e8b465ee728b) (PreviewImporter) -> (artifact id: '732a97261b2abdaef072da25c2f03410') in 0.0273018 seconds
Number of updated asset objects reloaded before import = 0Number of asset objects unloaded after import = 14

========================================================================
Received Import Request.
  Time since last request: 0.405788 seconds.
  path: Assets/World/Environment/Prefabs/Building3/OilLampHandle_low.prefab
  artifactKey: Guid(7041acea8cbeca844a1a7c49e6911447) Importer(2089858483,b0f066a214c2f5e87bad3c948f4d605d)
Start importing Assets/World/Environment/Prefabs/Building3/OilLampHandle_low.prefab using Guid(7041acea8cbeca844a1a7c49e6911447) Importer(2089858483,b0f066a214c2f5e87bad3c948f4d605d) (ScriptedImporter) -> (artifact id: '913219ea834765383f3197280c9de72c') in 0.0111122 seconds
Number of updated asset objects reloaded before import = 0Number of asset objects unloaded after import = 8

========================================================================
Received Import Request.
  Time since last request: 0.000025 seconds.
  path: Assets/World/Environment/Prefabs/Building3/Keg_low.prefab
  artifactKey: Guid(d506c825aeaa56249a333dfc5922ec84) Importer(2089858483,b0f066a214c2f5e87bad3c948f4d605d)
Start importing Assets/World/Environment/Prefabs/Building3/Keg_low.prefab using Guid(d506c825aeaa56249a333dfc5922ec84) Importer(2089858483,b0f066a214c2f5e87bad3c948f4d605d) (ScriptedImporter) -> (artifact id: '7aa774f7c52f38028fb02a06f22906e0') in 0.0099402 seconds
Number of updated asset objects reloaded before import = 0Number of asset objects unloaded after import = 8

========================================================================
Received Import Request.
  Time since last request: 0.000030 seconds.
  path: Assets/World/Environment/Prefabs/Building3/Crate_low003.prefab
  artifactKey: Guid(0f14c6697d83fab43a056eec28c697e5) Importer(2089858483,b0f066a214c2f5e87bad3c948f4d605d)
Start importing Assets/World/Environment/Prefabs/Building3/Crate_low003.prefab using Guid(0f14c6697d83fab43a056eec28c697e5) Importer(2089858483,b0f066a214c2f5e87bad3c948f4d605d) (ScriptedImporter) -> (artifact id: 'cc2c723096c812ad1e663663c2724e41') in 0.0102992 seconds
Number of updated asset objects reloaded before import = 0Number of asset objects unloaded after import = 8

========================================================================
Received Import Request.
  Time since last request: 0.000026 seconds.
  path: Assets/World/Environment/Prefabs/Building3/ChairFeetRests_low001.prefab
  artifactKey: Guid(c5a4b9abe9db08b4d96926f7217e270a) Importer(2089858483,b0f066a214c2f5e87bad3c948f4d605d)
Start importing Assets/World/Environment/Prefabs/Building3/ChairFeetRests_low001.prefab using Guid(c5a4b9abe9db08b4d96926f7217e270a) Importer(2089858483,b0f066a214c2f5e87bad3c948f4d605d) (ScriptedImporter) -> (artifact id: '72041b8152e5a2ee61cec462dceb2952') in 0.0095169 seconds
Number of updated asset objects reloaded before import = 0Number of asset objects unloaded after import = 8

========================================================================
Received Import Request.
  Time since last request: 0.000024 seconds.
  path: Assets/World/Environment/Prefabs/Building3/AlcoholBottle008_low002.prefab
  artifactKey: Guid(edfb6a2cf0615a748896b1b3aea2f82a) Importer(2089858483,b0f066a214c2f5e87bad3c948f4d605d)
Start importing Assets/World/Environment/Prefabs/Building3/AlcoholBottle008_low002.prefab using Guid(edfb6a2cf0615a748896b1b3aea2f82a) Importer(2089858483,b0f066a214c2f5e87bad3c948f4d605d) (ScriptedImporter) -> (artifact id: 'c0e86cce5b724af8d8f0a3a887da4320') in 0.0089563 seconds
Number of updated asset objects reloaded before import = 0Number of asset objects unloaded after import = 8

========================================================================
Received Import Request.
  Time since last request: 0.000023 seconds.
  path: Assets/World/Environment/Prefabs/Building3/RoundGlass_low006.prefab
  artifactKey: Guid(4a19c6f0ff9db1a49956769f7bc6d25f) Importer(2089858483,b0f066a214c2f5e87bad3c948f4d605d)
Start importing Assets/World/Environment/Prefabs/Building3/RoundGlass_low006.prefab using Guid(4a19c6f0ff9db1a49956769f7bc6d25f) Importer(2089858483,b0f066a214c2f5e87bad3c948f4d605d) (ScriptedImporter) -> (artifact id: 'e7ff3b5a153634936345df5a687cac29') in 0.0079506 seconds
Number of updated asset objects reloaded before import = 0Number of asset objects unloaded after import = 8

========================================================================
Received Import Request.
  Time since last request: 0.000024 seconds.
  path: Assets/World/Environment/Prefabs/Building3/OilLamp_low.prefab
  artifactKey: Guid(d1be9412cb270534db3348e4f0f5f308) Importer(2089858483,b0f066a214c2f5e87bad3c948f4d605d)
Start importing Assets/World/Environment/Prefabs/Building3/OilLamp_low.prefab using Guid(d1be9412cb270534db3348e4f0f5f308) Importer(2089858483,b0f066a214c2f5e87bad3c948f4d605d) (ScriptedImporter) -> (artifact id: '6994917a04a6e66402cf0e4317c865d2') in 0.0082139 seconds
Number of updated asset objects reloaded before import = 0Number of asset objects unloaded after import = 8

========================================================================
Received Import Request.
  Time since last request: 0.000033 seconds.
  path: Assets/World/Environment/Prefabs/Building3/Moonshine004_low.prefab
  artifactKey: Guid(b62a711ab89501f40ad1eeaf755022ff) Importer(2089858483,b0f066a214c2f5e87bad3c948f4d605d)
Start importing Assets/World/Environment/Prefabs/Building3/Moonshine004_low.prefab using Guid(b62a711ab89501f40ad1eeaf755022ff) Importer(2089858483,b0f066a214c2f5e87bad3c948f4d605d) (ScriptedImporter) -> (artifact id: '7ebe7254ef360b28ee5890ff516926e6') in 0.0076044 seconds
Number of updated asset objects reloaded before import = 0Number of asset objects unloaded after import = 8

========================================================================
Received Import Request.
  Time since last request: 0.000023 seconds.
  path: Assets/World/Environment/Prefabs/Building3/Crate_low005.prefab
  artifactKey: Guid(0ace00d037978424497ae4593037373b) Importer(2089858483,b0f066a214c2f5e87bad3c948f4d605d)
Start importing Assets/World/Environment/Prefabs/Building3/Crate_low005.prefab using Guid(0ace00d037978424497ae4593037373b) Importer(2089858483,b0f066a214c2f5e87bad3c948f4d605d) (ScriptedImporter) -> (artifact id: 'f2d94a795186511748fac5998935c63c') in 0.0086588 seconds
Number of updated asset objects reloaded before import = 0Number of asset objects unloaded after import = 8

========================================================================
Received Import Request.
  Time since last request: 0.000022 seconds.
  path: Assets/World/Environment/Prefabs/Building3/CandleHolderHandle_low.prefab
  artifactKey: Guid(3e95ae19539bec845a722e7afb97c831) Importer(2089858483,b0f066a214c2f5e87bad3c948f4d605d)
Start importing Assets/World/Environment/Prefabs/Building3/CandleHolderHandle_low.prefab using Guid(3e95ae19539bec845a722e7afb97c831) Importer(2089858483,b0f066a214c2f5e87bad3c948f4d605d) (ScriptedImporter) -> (artifact id: 'e727eaba4da9c2ce975971d18c38fdd0') in 0.0073966 seconds
Number of updated asset objects reloaded before import = 0Number of asset objects unloaded after import = 8

========================================================================
Received Import Request.
  Time since last request: 0.000022 seconds.
  path: Assets/World/Environment/Prefabs/Building3/ChairLegs_low006.prefab
  artifactKey: Guid(e192218de29ef0b4f9168cfbfd5c966f) Importer(2089858483,b0f066a214c2f5e87bad3c948f4d605d)
Start importing Assets/World/Environment/Prefabs/Building3/ChairLegs_low006.prefab using Guid(e192218de29ef0b4f9168cfbfd5c966f) Importer(2089858483,b0f066a214c2f5e87bad3c948f4d605d) (ScriptedImporter) -> (artifact id: 'e640bc9beb6f4a7c13c496f4415a2c6c') in 0.0084565 seconds
Number of updated asset objects reloaded before import = 0Number of asset objects unloaded after import = 8

========================================================================
Received Import Request.
  Time since last request: 0.000029 seconds.
  path: Assets/World/Environment/Prefabs/Building3/ChairBackRest_low002.prefab
  artifactKey: Guid(a59e94be4c338d54a97ddcc8e0f76ca1) Importer(2089858483,b0f066a214c2f5e87bad3c948f4d605d)
Start importing Assets/World/Environment/Prefabs/Building3/ChairBackRest_low002.prefab using Guid(a59e94be4c338d54a97ddcc8e0f76ca1) Importer(2089858483,b0f066a214c2f5e87bad3c948f4d605d) (ScriptedImporter) -> (artifact id: '9cc12a734ff0d41029da2861327c1ca5') in 0.0098221 seconds
Number of updated asset objects reloaded before import = 0Number of asset objects unloaded after import = 8

========================================================================
Received Import Request.
  Time since last request: 0.000045 seconds.
  path: Assets/World/Environment/Prefabs/Building3/RoundGlass_low003.prefab
  artifactKey: Guid(6c70d1d4dbea3d2448739ba8bab98bf8) Importer(2089858483,b0f066a214c2f5e87bad3c948f4d605d)
Start importing Assets/World/Environment/Prefabs/Building3/RoundGlass_low003.prefab using Guid(6c70d1d4dbea3d2448739ba8bab98bf8) Importer(2089858483,b0f066a214c2f5e87bad3c948f4d605d) (ScriptedImporter) -> (artifact id: 'e6b55c52a3740998c251e71dd4dd12f4') in 0.0073157 seconds
Number of updated asset objects reloaded before import = 0Number of asset objects unloaded after import = 8

========================================================================
Received Import Request.
  Time since last request: 0.000026 seconds.
  path: Assets/World/Environment/Prefabs/Building3/SheriffHat_low.prefab
  artifactKey: Guid(84211330230472140aaa8ad75cbbec1c) Importer(2089858483,b0f066a214c2f5e87bad3c948f4d605d)
Start importing Assets/World/Environment/Prefabs/Building3/SheriffHat_low.prefab using Guid(84211330230472140aaa8ad75cbbec1c) Importer(2089858483,b0f066a214c2f5e87bad3c948f4d605d) (ScriptedImporter) -> (artifact id: 'dce336c464614ab8870bdc119da3f795') in 0.0080198 seconds
Number of updated asset objects reloaded before import = 0Number of asset objects unloaded after import = 8

========================================================================
Received Import Request.
  Time since last request: 0.000021 seconds.
  path: Assets/World/Environment/Prefabs/Building3/BarStool_low005.prefab
  artifactKey: Guid(b9987290105e7e3419a9fc596bc61d1b) Importer(2089858483,b0f066a214c2f5e87bad3c948f4d605d)
Start importing Assets/World/Environment/Prefabs/Building3/BarStool_low005.prefab using Guid(b9987290105e7e3419a9fc596bc61d1b) Importer(2089858483,b0f066a214c2f5e87bad3c948f4d605d) (ScriptedImporter) -> (artifact id: '42ea64cb3dc389726e7dab76f1468942') in 0.0169106 seconds
Number of updated asset objects reloaded before import = 0Number of asset objects unloaded after import = 8

========================================================================
Received Import Request.
  Time since last request: 0.000024 seconds.
  path: Assets/World/Environment/Prefabs/Building3/WhiskyGlass_low005.prefab
  artifactKey: Guid(fdea2317cf34ed94fbfd38511a343ec9) Importer(2089858483,b0f066a214c2f5e87bad3c948f4d605d)
Start importing Assets/World/Environment/Prefabs/Building3/WhiskyGlass_low005.prefab using Guid(fdea2317cf34ed94fbfd38511a343ec9) Importer(2089858483,b0f066a214c2f5e87bad3c948f4d605d) (ScriptedImporter) -> (artifact id: 'cc7cae7cd2cb5c9472f632d2bfb99a82') in 0.011205 seconds
Number of updated asset objects reloaded before import = 0Number of asset objects unloaded after import = 8

========================================================================
Received Import Request.
  Time since last request: 0.000030 seconds.
  path: Assets/World/Environment/Prefabs/Building3/WantedPoster012.prefab
  artifactKey: Guid(4e2336f93d5f7bb41bc41e19ec2741c2) Importer(2089858483,b0f066a214c2f5e87bad3c948f4d605d)
Start importing Assets/World/Environment/Prefabs/Building3/WantedPoster012.prefab using Guid(4e2336f93d5f7bb41bc41e19ec2741c2) Importer(2089858483,b0f066a214c2f5e87bad3c948f4d605d) (ScriptedImporter) -> (artifact id: '0b663052ac9966629e5d6587b89540a7') in 0.00962 seconds
Number of updated asset objects reloaded before import = 0Number of asset objects unloaded after import = 8

========================================================================
Received Import Request.
  Time since last request: 0.000032 seconds.
  path: Assets/World/Environment/Prefabs/Building3/ChairSeat_low007.prefab
  artifactKey: Guid(b6a7fee02744d3448bf34aa414010594) Importer(2089858483,b0f066a214c2f5e87bad3c948f4d605d)
Start importing Assets/World/Environment/Prefabs/Building3/ChairSeat_low007.prefab using Guid(b6a7fee02744d3448bf34aa414010594) Importer(2089858483,b0f066a214c2f5e87bad3c948f4d605d) (ScriptedImporter) -> (artifact id: 'f59c6bc771ca993400594ff15fd8e3d2') in 0.008644 seconds
Number of updated asset objects reloaded before import = 0Number of asset objects unloaded after import = 8

========================================================================
Received Import Request.
  Time since last request: 0.000021 seconds.
  path: Assets/World/Environment/Prefabs/Building3/CandleHolder_low001.prefab
  artifactKey: Guid(5eae6f2f77b72a440b8ef9f87bcc7923) Importer(2089858483,b0f066a214c2f5e87bad3c948f4d605d)
Start importing Assets/World/Environment/Prefabs/Building3/CandleHolder_low001.prefab using Guid(5eae6f2f77b72a440b8ef9f87bcc7923) Importer(2089858483,b0f066a214c2f5e87bad3c948f4d605d) (ScriptedImporter) -> (artifact id: 'cc2088b4efa9a8f12c5b605f8ae4c26d') in 0.0087868 seconds
Number of updated asset objects reloaded before import = 0Number of asset objects unloaded after import = 8

========================================================================
Received Import Request.
  Time since last request: 0.000022 seconds.
  path: Assets/World/Environment/Prefabs/Building3/StandardTable_low001.prefab
  artifactKey: Guid(08ec3713e3ce76440af60ffd5d5323f1) Importer(2089858483,b0f066a214c2f5e87bad3c948f4d605d)
Start importing Assets/World/Environment/Prefabs/Building3/StandardTable_low001.prefab using Guid(08ec3713e3ce76440af60ffd5d5323f1) Importer(2089858483,b0f066a214c2f5e87bad3c948f4d605d) (ScriptedImporter) -> (artifact id: '5e268188a5af17d48feaa6393b79e907') in 0.0091717 seconds
Number of updated asset objects reloaded before import = 0Number of asset objects unloaded after import = 8

========================================================================
Received Import Request.
  Time since last request: 0.000022 seconds.
  path: Assets/World/Environment/Prefabs/Building3/ChairSeat_low003.prefab
  artifactKey: Guid(5c2666b10dba9dc4a9977c6ee1ed2a09) Importer(2089858483,b0f066a214c2f5e87bad3c948f4d605d)
Start importing Assets/World/Environment/Prefabs/Building3/ChairSeat_low003.prefab using Guid(5c2666b10dba9dc4a9977c6ee1ed2a09) Importer(2089858483,b0f066a214c2f5e87bad3c948f4d605d) (ScriptedImporter) -> (artifact id: '9ccbedc43d19c5e34ec5e8520f48e26a') in 0.0080765 seconds
Number of updated asset objects reloaded before import = 0Number of asset objects unloaded after import = 8

========================================================================
Received Import Request.
  Time since last request: 0.000028 seconds.
  path: Assets/World/Environment/Prefabs/Building3/Shelf_low001.prefab
  artifactKey: Guid(7f4e38396d04b894b922d5de604279c6) Importer(2089858483,b0f066a214c2f5e87bad3c948f4d605d)
Start importing Assets/World/Environment/Prefabs/Building3/Shelf_low001.prefab using Guid(7f4e38396d04b894b922d5de604279c6) Importer(2089858483,b0f066a214c2f5e87bad3c948f4d605d) (ScriptedImporter) -> (artifact id: '42bda631238b3fd0f903f9022c43cf5a') in 0.0084555 seconds
Number of updated asset objects reloaded before import = 0Number of asset objects unloaded after import = 8

========================================================================
Received Import Request.
  Time since last request: 0.000030 seconds.
  path: Assets/World/Environment/Prefabs/Building3/ChairLegs_low.prefab
  artifactKey: Guid(3fee631ad668127478c124225bb6cab6) Importer(2089858483,b0f066a214c2f5e87bad3c948f4d605d)
Start importing Assets/World/Environment/Prefabs/Building3/ChairLegs_low.prefab using Guid(3fee631ad668127478c124225bb6cab6) Importer(2089858483,b0f066a214c2f5e87bad3c948f4d605d) (ScriptedImporter) -> (artifact id: 'a53e94c1ad93217a46758544fcd5f182') in 0.0097591 seconds
Number of updated asset objects reloaded before import = 0Number of asset objects unloaded after import = 8

========================================================================
Received Import Request.
  Time since last request: 0.000024 seconds.
  path: Assets/World/Environment/Prefabs/Building3/SheriffBadge_low.prefab
  artifactKey: Guid(37c1f92196daa9b4f920870f410a3464) Importer(2089858483,b0f066a214c2f5e87bad3c948f4d605d)
Start importing Assets/World/Environment/Prefabs/Building3/SheriffBadge_low.prefab using Guid(37c1f92196daa9b4f920870f410a3464) Importer(2089858483,b0f066a214c2f5e87bad3c948f4d605d) (ScriptedImporter) -> (artifact id: '4ca5e8671cc733b33fe8c9230b2cc9b1') in 0.008382 seconds
Number of updated asset objects reloaded before import = 0Number of asset objects unloaded after import = 8

========================================================================
Received Import Request.
  Time since last request: 0.000024 seconds.
  path: Assets/World/Environment/Prefabs/Building3/AlcoholBottle008_low006.prefab
  artifactKey: Guid(d8556921891b9e54b815ce59941e8fa1) Importer(2089858483,b0f066a214c2f5e87bad3c948f4d605d)
Start importing Assets/World/Environment/Prefabs/Building3/AlcoholBottle008_low006.prefab using Guid(d8556921891b9e54b815ce59941e8fa1) Importer(2089858483,b0f066a214c2f5e87bad3c948f4d605d) (ScriptedImporter) -> (artifact id: '1a7b8421798d4c16afc813b5ac979c60') in 0.008222 seconds
Number of updated asset objects reloaded before import = 0Number of asset objects unloaded after import = 8

========================================================================
Received Import Request.
  Time since last request: 0.000023 seconds.
  path: Assets/World/Environment/Prefabs/Building3/Bar_low001.prefab
  artifactKey: Guid(3d66e2e47b6d4e440bdaa7ea5d953621) Importer(2089858483,b0f066a214c2f5e87bad3c948f4d605d)
Start importing Assets/World/Environment/Prefabs/Building3/Bar_low001.prefab using Guid(3d66e2e47b6d4e440bdaa7ea5d953621) Importer(2089858483,b0f066a214c2f5e87bad3c948f4d605d) (ScriptedImporter) -> (artifact id: '01862ebe75ad6006af719c4dc55a7138') in 0.0084692 seconds
Number of updated asset objects reloaded before import = 0Number of asset objects unloaded after import = 8

========================================================================
Received Import Request.
  Time since last request: 0.000030 seconds.
  path: Assets/World/Environment/Prefabs/Building3/StandardTable_low.prefab
  artifactKey: Guid(70428a6b0f0c9fc49adf86822dfdbc53) Importer(2089858483,b0f066a214c2f5e87bad3c948f4d605d)
Start importing Assets/World/Environment/Prefabs/Building3/StandardTable_low.prefab using Guid(70428a6b0f0c9fc49adf86822dfdbc53) Importer(2089858483,b0f066a214c2f5e87bad3c948f4d605d) (ScriptedImporter) -> (artifact id: '47e6a4aa9f40563accafcb171daff65a') in 0.008374 seconds
Number of updated asset objects reloaded before import = 0Number of asset objects unloaded after import = 8

========================================================================
Received Import Request.
  Time since last request: 0.000036 seconds.
  path: Assets/World/Environment/Prefabs/Building3/WantedPoster3.prefab
  artifactKey: Guid(a2d49b95575b12a41871d4c2ee0ee7e4) Importer(2089858483,b0f066a214c2f5e87bad3c948f4d605d)
Start importing Assets/World/Environment/Prefabs/Building3/WantedPoster3.prefab using Guid(a2d49b95575b12a41871d4c2ee0ee7e4) Importer(2089858483,b0f066a214c2f5e87bad3c948f4d605d) (ScriptedImporter) -> (artifact id: 'faa200866e506adb564b0cde5fb2f70a') in 0.0114324 seconds
Number of updated asset objects reloaded before import = 0Number of asset objects unloaded after import = 8

========================================================================
Received Import Request.
  Time since last request: 0.802215 seconds.
  path: Assets/World/Environment/Prefabs/Building3/WhiskyGlass_low006.prefab
  artifactKey: Guid(a49ad9b43a3cd98499d19e628efa948b) Importer(2089858483,b0f066a214c2f5e87bad3c948f4d605d)
Start importing Assets/World/Environment/Prefabs/Building3/WhiskyGlass_low006.prefab using Guid(a49ad9b43a3cd98499d19e628efa948b) Importer(2089858483,b0f066a214c2f5e87bad3c948f4d605d) (ScriptedImporter) -> (artifact id: 'caabe61131a15ea2c9098b8dd79e6050') in 0.0085092 seconds
Number of updated asset objects reloaded before import = 0Number of asset objects unloaded after import = 8

========================================================================
Received Import Request.
  Time since last request: 1.259606 seconds.
  path: Assets/World/Environment/Prefabs/Building3/ChairSeat_low001.prefab
  artifactKey: Guid(a450c58392f1c264db117c58630f3893) Importer(815301076,1909f56bfc062723c751e8b465ee728b)
Start importing Assets/World/Environment/Prefabs/Building3/ChairSeat_low001.prefab using Guid(a450c58392f1c264db117c58630f3893) Importer(815301076,1909f56bfc062723c751e8b465ee728b) (PreviewImporter) -> (artifact id: '9377c298f251d5f4a29d3fa058a7ca09') in 0.0289168 seconds
Number of updated asset objects reloaded before import = 0Number of asset objects unloaded after import = 13

========================================================================
Received Import Request.
  Time since last request: 0.000028 seconds.
  path: Assets/World/Environment/Prefabs/Building3/SheriffHat_low.prefab
  artifactKey: Guid(84211330230472140aaa8ad75cbbec1c) Importer(815301076,1909f56bfc062723c751e8b465ee728b)
Start importing Assets/World/Environment/Prefabs/Building3/SheriffHat_low.prefab using Guid(84211330230472140aaa8ad75cbbec1c) Importer(815301076,1909f56bfc062723c751e8b465ee728b) (PreviewImporter) -> (artifact id: 'fd8ce95946d3066f0adb1fc965b7bf18') in 0.0198884 seconds
Number of updated asset objects reloaded before import = 0Number of asset objects unloaded after import = 13

========================================================================
Received Import Request.
  Time since last request: 0.000038 seconds.
  path: Assets/World/Environment/Prefabs/Building3/ChairLegs_low005.prefab
  artifactKey: Guid(9dfc04f2daacdb640a636d63e9e186ae) Importer(2089858483,b0f066a214c2f5e87bad3c948f4d605d)
Start importing Assets/World/Environment/Prefabs/Building3/ChairLegs_low005.prefab using Guid(9dfc04f2daacdb640a636d63e9e186ae) Importer(2089858483,b0f066a214c2f5e87bad3c948f4d605d) (ScriptedImporter) -> (artifact id: '6cfb771a12e0f777017f5df260d68c12') in 0.0098123 seconds
Number of updated asset objects reloaded before import = 0Number of asset objects unloaded after import = 8

========================================================================
Received Import Request.
  Time since last request: 0.000024 seconds.
  path: Assets/World/Environment/Prefabs/Building3/Crate_low003.prefab
  artifactKey: Guid(0f14c6697d83fab43a056eec28c697e5) Importer(2089858483,b0f066a214c2f5e87bad3c948f4d605d)
Start importing Assets/World/Environment/Prefabs/Building3/Crate_low003.prefab using Guid(0f14c6697d83fab43a056eec28c697e5) Importer(2089858483,b0f066a214c2f5e87bad3c948f4d605d) (ScriptedImporter) -> (artifact id: '66cfdacc348422e6973b58def1d0404b') in 0.0080484 seconds
Number of updated asset objects reloaded before import = 0Number of asset objects unloaded after import = 8

========================================================================
Received Import Request.
  Time since last request: 0.000031 seconds.
  path: Assets/World/Environment/Prefabs/Building3/WhiskyGlass_low009.prefab
  artifactKey: Guid(9e5a0989467d3364d97a24c6b73b46aa) Importer(815301076,1909f56bfc062723c751e8b465ee728b)
Start importing Assets/World/Environment/Prefabs/Building3/WhiskyGlass_low009.prefab using Guid(9e5a0989467d3364d97a24c6b73b46aa) Importer(815301076,1909f56bfc062723c751e8b465ee728b) (PreviewImporter) -> (artifact id: '6354c04dce29a45a709e084af81ae826') in 0.0096471 seconds
Number of updated asset objects reloaded before import = 0Number of asset objects unloaded after import = 10

========================================================================
Received Import Request.
  Time since last request: 0.000024 seconds.
  path: Assets/World/Environment/Prefabs/Building3/StandardTable_low.prefab
  artifactKey: Guid(70428a6b0f0c9fc49adf86822dfdbc53) Importer(815301076,1909f56bfc062723c751e8b465ee728b)
Start importing Assets/World/Environment/Prefabs/Building3/StandardTable_low.prefab using Guid(70428a6b0f0c9fc49adf86822dfdbc53) Importer(815301076,1909f56bfc062723c751e8b465ee728b) (PreviewImporter) -> (artifact id: 'db3be6cd7c275435184b28ea282f196e') in 0.0129964 seconds
Number of updated asset objects reloaded before import = 0Number of asset objects unloaded after import = 14

========================================================================
Received Import Request.
  Time since last request: 0.000030 seconds.
  path: Assets/World/Environment/Prefabs/Building3/ChairSeat_low008.prefab
  artifactKey: Guid(86d2e7f6005611d4aa332be18e4fe166) Importer(815301076,1909f56bfc062723c751e8b465ee728b)
Start importing Assets/World/Environment/Prefabs/Building3/ChairSeat_low008.prefab using Guid(86d2e7f6005611d4aa332be18e4fe166) Importer(815301076,1909f56bfc062723c751e8b465ee728b) (PreviewImporter) -> (artifact id: 'd9c036f2e7c30aa17f9c6e511d9fbcf3') in 0.0134193 seconds
Number of updated asset objects reloaded before import = 0Number of asset objects unloaded after import = 13

========================================================================
Received Import Request.
  Time since last request: 0.000036 seconds.
  path: Assets/World/Environment/Prefabs/Building3/RoundGlass_low006.prefab
  artifactKey: Guid(4a19c6f0ff9db1a49956769f7bc6d25f) Importer(2089858483,b0f066a214c2f5e87bad3c948f4d605d)
Start importing Assets/World/Environment/Prefabs/Building3/RoundGlass_low006.prefab using Guid(4a19c6f0ff9db1a49956769f7bc6d25f) Importer(2089858483,b0f066a214c2f5e87bad3c948f4d605d) (ScriptedImporter) -> (artifact id: '08661a255202e22c72e1b2776dcd8c15') in 0.0077971 seconds
Number of updated asset objects reloaded before import = 0Number of asset objects unloaded after import = 8

========================================================================
Received Import Request.
  Time since last request: 0.000023 seconds.
  path: Assets/World/Environment/Prefabs/Building3/OilLamp_low.prefab
  artifactKey: Guid(d1be9412cb270534db3348e4f0f5f308) Importer(2089858483,b0f066a214c2f5e87bad3c948f4d605d)
Start importing Assets/World/Environment/Prefabs/Building3/OilLamp_low.prefab using Guid(d1be9412cb270534db3348e4f0f5f308) Importer(2089858483,b0f066a214c2f5e87bad3c948f4d605d) (ScriptedImporter) -> (artifact id: '95d67b07b35c282f4b4c16535a953c10') in 0.0080108 seconds
Number of updated asset objects reloaded before import = 0Number of asset objects unloaded after import = 8

========================================================================
Received Import Request.
  Time since last request: 0.000028 seconds.
  path: Assets/World/Environment/Prefabs/Building3/SheriffBadgeHook_low001.prefab
  artifactKey: Guid(1d5e7009fc4e6824594be2e924b78564) Importer(815301076,1909f56bfc062723c751e8b465ee728b)
Start importing Assets/World/Environment/Prefabs/Building3/SheriffBadgeHook_low001.prefab using Guid(1d5e7009fc4e6824594be2e924b78564) Importer(815301076,1909f56bfc062723c751e8b465ee728b) (PreviewImporter) -> (artifact id: 'b44cea86196031829d9ddbdaa48bd261') in 0.0144343 seconds
Number of updated asset objects reloaded before import = 0Number of asset objects unloaded after import = 13

========================================================================
Received Import Request.
  Time since last request: 0.000031 seconds.
  path: Assets/World/Environment/Prefabs/Building3/AlcoholBottle008_low003.prefab
  artifactKey: Guid(956f6652c3c8dd74eb24319d9a7079e2) Importer(2089858483,b0f066a214c2f5e87bad3c948f4d605d)
Start importing Assets/World/Environment/Prefabs/Building3/AlcoholBottle008_low003.prefab using Guid(956f6652c3c8dd74eb24319d9a7079e2) Importer(2089858483,b0f066a214c2f5e87bad3c948f4d605d) (ScriptedImporter) -> (artifact id: '4abafcc9506dc60ee744d38bedced04e') in 0.0099567 seconds
Number of updated asset objects reloaded before import = 0Number of asset objects unloaded after import = 8

========================================================================
Received Import Request.
  Time since last request: 0.000031 seconds.
  path: Assets/World/Environment/Prefabs/Building3/BarStool_low002.prefab
  artifactKey: Guid(c60836cd170536a479fdbc3ac5815803) Importer(2089858483,b0f066a214c2f5e87bad3c948f4d605d)
Start importing Assets/World/Environment/Prefabs/Building3/BarStool_low002.prefab using Guid(c60836cd170536a479fdbc3ac5815803) Importer(2089858483,b0f066a214c2f5e87bad3c948f4d605d) (ScriptedImporter) -> (artifact id: '2a78c6bc6ca8271f07f60dd540092296') in 0.007903 seconds
Number of updated asset objects reloaded before import = 0Number of asset objects unloaded after import = 8

========================================================================
Received Import Request.
  Time since last request: 0.000037 seconds.
  path: Assets/World/Environment/Prefabs/Building3/SheriffBadgePin_low.prefab
  artifactKey: Guid(28b25de9fb6bc13428a9952023274d65) Importer(815301076,1909f56bfc062723c751e8b465ee728b)
Start importing Assets/World/Environment/Prefabs/Building3/SheriffBadgePin_low.prefab using Guid(28b25de9fb6bc13428a9952023274d65) Importer(815301076,1909f56bfc062723c751e8b465ee728b) (PreviewImporter) -> (artifact id: 'bf36de75a2328427ff6ad8975a1d6241') in 0.0218265 seconds
Number of updated asset objects reloaded before import = 0Number of asset objects unloaded after import = 13

========================================================================
Received Import Request.
  Time since last request: 0.000025 seconds.
  path: Assets/World/Environment/Prefabs/Building3/ChairBackRest_low006.prefab
  artifactKey: Guid(95efacef290d9124cb1b2a9fbb9839d7) Importer(2089858483,b0f066a214c2f5e87bad3c948f4d605d)
Start importing Assets/World/Environment/Prefabs/Building3/ChairBackRest_low006.prefab using Guid(95efacef290d9124cb1b2a9fbb9839d7) Importer(2089858483,b0f066a214c2f5e87bad3c948f4d605d) (ScriptedImporter) -> (artifact id: '01cbd35fcdf7afd99544115d57e88043') in 0.0097158 seconds
Number of updated asset objects reloaded before import = 0Number of asset objects unloaded after import = 8

========================================================================
Received Import Request.
  Time since last request: 0.000025 seconds.
  path: Assets/World/Environment/Prefabs/Building3/WantedPoster4.prefab
  artifactKey: Guid(6b9c7b788d47afc4eb96336da808ebc4) Importer(2089858483,b0f066a214c2f5e87bad3c948f4d605d)
Start importing Assets/World/Environment/Prefabs/Building3/WantedPoster4.prefab using Guid(6b9c7b788d47afc4eb96336da808ebc4) Importer(2089858483,b0f066a214c2f5e87bad3c948f4d605d) (ScriptedImporter) -> (artifact id: '57db3b10ed385480d23e761ae73399fa') in 0.0085426 seconds
Number of updated asset objects reloaded before import = 0Number of asset objects unloaded after import = 8

========================================================================
Received Import Request.
  Time since last request: 0.000032 seconds.
  path: Assets/World/Environment/Prefabs/Building3/AlcoholBottle008_low004.prefab
  artifactKey: Guid(7b3de33745a536e468fd7a0067932d64) Importer(2089858483,b0f066a214c2f5e87bad3c948f4d605d)
Start importing Assets/World/Environment/Prefabs/Building3/AlcoholBottle008_low004.prefab using Guid(7b3de33745a536e468fd7a0067932d64) Importer(2089858483,b0f066a214c2f5e87bad3c948f4d605d) (ScriptedImporter) -> (artifact id: '248138ffd7f8294a265c6df217421fb5') in 0.0075919 seconds
Number of updated asset objects reloaded before import = 0Number of asset objects unloaded after import = 8

========================================================================
Received Import Request.
  Time since last request: 0.000040 seconds.
  path: Assets/World/Environment/Prefabs/Building3/ChairFeetRests_low.prefab
  artifactKey: Guid(92a3c784df7a3454197fbc496388959b) Importer(2089858483,b0f066a214c2f5e87bad3c948f4d605d)
Start importing Assets/World/Environment/Prefabs/Building3/ChairFeetRests_low.prefab using Guid(92a3c784df7a3454197fbc496388959b) Importer(2089858483,b0f066a214c2f5e87bad3c948f4d605d) (ScriptedImporter) -> (artifact id: '6331591bfac457e22b0f02e649ef4ae5') in 0.0162174 seconds
Number of updated asset objects reloaded before import = 0Number of asset objects unloaded after import = 8

========================================================================
Received Import Request.
  Time since last request: 0.000023 seconds.
  path: Assets/World/Environment/Prefabs/Building3/ChairFeetRests_low003.prefab
  artifactKey: Guid(7f7da952c1f07464ab1e7e05278d9b25) Importer(2089858483,b0f066a214c2f5e87bad3c948f4d605d)
Start importing Assets/World/Environment/Prefabs/Building3/ChairFeetRests_low003.prefab using Guid(7f7da952c1f07464ab1e7e05278d9b25) Importer(2089858483,b0f066a214c2f5e87bad3c948f4d605d) (ScriptedImporter) -> (artifact id: 'b70b8bdf6dd1f89cdedaf236f74c4343') in 0.0080168 seconds
Number of updated asset objects reloaded before import = 0Number of asset objects unloaded after import = 8

========================================================================
Received Import Request.
  Time since last request: 0.000026 seconds.
  path: Assets/World/Environment/Prefabs/Building3/WantedPoster010.prefab
  artifactKey: Guid(b466c63c932682741ac6b8200cddd433) Importer(815301076,1909f56bfc062723c751e8b465ee728b)
Start importing Assets/World/Environment/Prefabs/Building3/WantedPoster010.prefab using Guid(b466c63c932682741ac6b8200cddd433) Importer(815301076,1909f56bfc062723c751e8b465ee728b) (PreviewImporter) -> (artifact id: '770d24deb8ff33b52f82517742fa110e') in 0.0144895 seconds
Number of updated asset objects reloaded before import = 0Number of asset objects unloaded after import = 13

========================================================================
Received Import Request.
  Time since last request: 0.000029 seconds.
  path: Assets/World/Environment/Prefabs/Building3/ChairSeat_low002.prefab
  artifactKey: Guid(b65d1b1866cc837478102efd17c6f03f) Importer(2089858483,b0f066a214c2f5e87bad3c948f4d605d)
Start importing Assets/World/Environment/Prefabs/Building3/ChairSeat_low002.prefab using Guid(b65d1b1866cc837478102efd17c6f03f) Importer(2089858483,b0f066a214c2f5e87bad3c948f4d605d) (ScriptedImporter) -> (artifact id: 'cfe619b414aab7e82d430c3ed777b208') in 0.0095923 seconds
Number of updated asset objects reloaded before import = 0Number of asset objects unloaded after import = 8

========================================================================
Received Import Request.
  Time since last request: 0.000039 seconds.
  path: Assets/World/Environment/Prefabs/Building3/ChairBackRest_low007.prefab
  artifactKey: Guid(97a79d2c78499ea4794421466f8c3845) Importer(2089858483,b0f066a214c2f5e87bad3c948f4d605d)
Start importing Assets/World/Environment/Prefabs/Building3/ChairBackRest_low007.prefab using Guid(97a79d2c78499ea4794421466f8c3845) Importer(2089858483,b0f066a214c2f5e87bad3c948f4d605d) (ScriptedImporter) -> (artifact id: '00000000000000000000000000000000') in 0.0084792 seconds
Import Error Code:(4)
Message: Build asset version error: assets/world/environment/prefabs/building3/chairbackrest_low007.prefab in SourceAssetDB has modification time of '2026-04-16T19:27:30.0998333Z' while content on disk has modification time of '2026-04-16T19:27:32.0214128Z'
  ERROR: Build asset version error: assets/world/environment/prefabs/building3/chairbackrest_low007.prefab in SourceAssetDB has modification time of '2026-04-16T19:27:30.0998333Z' while content on disk has modification time of '2026-04-16T19:27:32.0214128Z'
Number of updated asset objects reloaded before import = 0Number of asset objects unloaded after import = 2

========================================================================
Received Import Request.
  Time since last request: 0.000025 seconds.
  path: Assets/World/Environment/Prefabs/Building3/ChairLegs_low008.prefab
  artifactKey: Guid(65906b61de18ff748bef9a3aa7a35314) Importer(2089858483,b0f066a214c2f5e87bad3c948f4d605d)
Start importing Assets/World/Environment/Prefabs/Building3/ChairLegs_low008.prefab using Guid(65906b61de18ff748bef9a3aa7a35314) Importer(2089858483,b0f066a214c2f5e87bad3c948f4d605d) (ScriptedImporter) -> (artifact id: '00000000000000000000000000000000') in 0.0103501 seconds
Import Error Code:(4)
Message: Build asset version error: assets/world/environment/prefabs/building3/chairlegs_low008.prefab in SourceAssetDB has modification time of '2026-04-16T19:27:30.1557649Z' while content on disk has modification time of '2026-04-16T19:27:32.089115Z'
  ERROR: Build asset version error: assets/world/environment/prefabs/building3/chairlegs_low008.prefab in SourceAssetDB has modification time of '2026-04-16T19:27:30.1557649Z' while content on disk has modification time of '2026-04-16T19:27:32.089115Z'
Number of updated asset objects reloaded before import = 0Number of asset objects unloaded after import = 2

========================================================================
Received Import Request.
  Time since last request: 0.000026 seconds.
  path: Assets/World/Environment/Prefabs/Building3/PokerTable_low.prefab
  artifactKey: Guid(9cb566192e7c4ad4d9f005b638995e45) Importer(815301076,1909f56bfc062723c751e8b465ee728b)
Start importing Assets/World/Environment/Prefabs/Building3/PokerTable_low.prefab using Guid(9cb566192e7c4ad4d9f005b638995e45) Importer(815301076,1909f56bfc062723c751e8b465ee728b) (PreviewImporter) -> (artifact id: 'a81bc8fd529728e1f12b5bdb5dbd4a7f') in 0.0005992 seconds
Number of updated asset objects reloaded before import = 0Number of asset objects unloaded after import = 0

========================================================================
Received Import Request.
  Time since last request: 0.314225 seconds.
  path: Assets/World/Environment/Prefabs/Building3/ChairSeat_low001.prefab
  artifactKey: Guid(a450c58392f1c264db117c58630f3893) Importer(815301076,1909f56bfc062723c751e8b465ee728b)
Start importing Assets/World/Environment/Prefabs/Building3/ChairSeat_low001.prefab using Guid(a450c58392f1c264db117c58630f3893) Importer(815301076,1909f56bfc062723c751e8b465ee728b) (PreviewImporter) -> (artifact id: '73f82a5f50325fcd6eec2c12fa5974d7') in 0.0199728 seconds
Number of updated asset objects reloaded before import = 0Number of asset objects unloaded after import = 13

========================================================================
Received Import Request.
  Time since last request: 0.000028 seconds.
  path: Assets/World/Environment/Prefabs/Building3/WantedPoster012.prefab
  artifactKey: Guid(4e2336f93d5f7bb41bc41e19ec2741c2) Importer(815301076,1909f56bfc062723c751e8b465ee728b)
Start importing Assets/World/Environment/Prefabs/Building3/WantedPoster012.prefab using Guid(4e2336f93d5f7bb41bc41e19ec2741c2) Importer(815301076,1909f56bfc062723c751e8b465ee728b) (PreviewImporter) -> (artifact id: '3e33c5860c68aa4cf31fdb745888e582') in 0.0147651 seconds
Number of updated asset objects reloaded before import = 0Number of asset objects unloaded after import = 13

========================================================================
Received Import Request.
  Time since last request: 0.000024 seconds.
  path: Assets/World/Environment/Prefabs/Building3/StandardTable_low.prefab
  artifactKey: Guid(70428a6b0f0c9fc49adf86822dfdbc53) Importer(815301076,1909f56bfc062723c751e8b465ee728b)
Start importing Assets/World/Environment/Prefabs/Building3/StandardTable_low.prefab using Guid(70428a6b0f0c9fc49adf86822dfdbc53) Importer(815301076,1909f56bfc062723c751e8b465ee728b) (PreviewImporter) -> (artifact id: 'e0817d64d49130861374888d48dc052d') in 0.023622 seconds
Number of updated asset objects reloaded before import = 0Number of asset objects unloaded after import = 14

========================================================================
Received Import Request.
  Time since last request: 0.000039 seconds.
  path: Assets/World/Environment/Prefabs/Building3/Crate_low003.prefab
  artifactKey: Guid(0f14c6697d83fab43a056eec28c697e5) Importer(815301076,1909f56bfc062723c751e8b465ee728b)
Start importing Assets/World/Environment/Prefabs/Building3/Crate_low003.prefab using Guid(0f14c6697d83fab43a056eec28c697e5) Importer(815301076,1909f56bfc062723c751e8b465ee728b) (PreviewImporter) -> (artifact id: '6025e94028097d851099dc461d5ea962') in 0.0099915 seconds
Number of updated asset objects reloaded before import = 0Number of asset objects unloaded after import = 10

========================================================================
Received Import Request.
  Time since last request: 0.000031 seconds.
  path: Assets/World/Environment/Prefabs/Building3/SheriffBadgeHook_low001.prefab
  artifactKey: Guid(1d5e7009fc4e6824594be2e924b78564) Importer(815301076,1909f56bfc062723c751e8b465ee728b)
Start importing Assets/World/Environment/Prefabs/Building3/SheriffBadgeHook_low001.prefab using Guid(1d5e7009fc4e6824594be2e924b78564) Importer(815301076,1909f56bfc062723c751e8b465ee728b) (PreviewImporter) -> (artifact id: '1c3926c1b05b90651af40292200e893a') in 0.0129453 seconds
Number of updated asset objects reloaded before import = 0Number of asset objects unloaded after import = 13

========================================================================
Received Import Request.
  Time since last request: 0.000035 seconds.
  path: Assets/World/Environment/Prefabs/Building3/RoundGlass_low.prefab
  artifactKey: Guid(bd7c7798e1bfb4c4eabdd2c687b563db) Importer(815301076,1909f56bfc062723c751e8b465ee728b)
Start importing Assets/World/Environment/Prefabs/Building3/RoundGlass_low.prefab using Guid(bd7c7798e1bfb4c4eabdd2c687b563db) Importer(815301076,1909f56bfc062723c751e8b465ee728b) (PreviewImporter) -> (artifact id: 'c789eb5e21360f0007a5273bb6624410') in 0.0097905 seconds
Number of updated asset objects reloaded before import = 0Number of asset objects unloaded after import = 10

========================================================================
Received Import Request.
  Time since last request: 0.000024 seconds.
  path: Assets/World/Environment/Prefabs/Building3/KegSwitch_low.prefab
  artifactKey: Guid(e4730499c94663a4d98df7e6ced09975) Importer(815301076,1909f56bfc062723c751e8b465ee728b)
Start importing Assets/World/Environment/Prefabs/Building3/KegSwitch_low.prefab using Guid(e4730499c94663a4d98df7e6ced09975) Importer(815301076,1909f56bfc062723c751e8b465ee728b) (PreviewImporter) -> (artifact id: '087bf44002fe77849e3924c843732f0a') in 0.0125691 seconds
Number of updated asset objects reloaded before import = 0Number of asset objects unloaded after import = 13

========================================================================
Received Import Request.
  Time since last request: 0.000028 seconds.
  path: Assets/World/Environment/Prefabs/Building3/SheriffBadgePin_low001.prefab
  artifactKey: Guid(b0bb0fdf31835474b92853b3d6d37709) Importer(815301076,1909f56bfc062723c751e8b465ee728b)
Start importing Assets/World/Environment/Prefabs/Building3/SheriffBadgePin_low001.prefab using Guid(b0bb0fdf31835474b92853b3d6d37709) Importer(815301076,1909f56bfc062723c751e8b465ee728b) (PreviewImporter) -> (artifact id: '5a38fbae07f1c45f4b3e096ad711135b') in 0.0170462 seconds
Number of updated asset objects reloaded before import = 0Number of asset objects unloaded after import = 13

========================================================================
Received Import Request.
  Time since last request: 0.000033 seconds.
  path: Assets/World/Environment/Prefabs/Building3/OilLamp_low.prefab
  artifactKey: Guid(d1be9412cb270534db3348e4f0f5f308) Importer(815301076,1909f56bfc062723c751e8b465ee728b)
Start importing Assets/World/Environment/Prefabs/Building3/OilLamp_low.prefab using Guid(d1be9412cb270534db3348e4f0f5f308) Importer(815301076,1909f56bfc062723c751e8b465ee728b) (PreviewImporter) -> (artifact id: '8918db1cb4fb21223592370e49257bcd') in 0.0125551 seconds
Number of updated asset objects reloaded before import = 0Number of asset objects unloaded after import = 12

========================================================================
Received Import Request.
  Time since last request: 0.000024 seconds.
  path: Assets/World/Environment/Prefabs/Building3/WantedBoard_low001.prefab
  artifactKey: Guid(41e868878061acb42af66947b960830d) Importer(815301076,1909f56bfc062723c751e8b465ee728b)
Start importing Assets/World/Environment/Prefabs/Building3/WantedBoard_low001.prefab using Guid(41e868878061acb42af66947b960830d) Importer(815301076,1909f56bfc062723c751e8b465ee728b) (PreviewImporter) -> (artifact id: 'cfb6c451061247d6c4783f671c7b6deb') in 0.0145216 seconds
Number of updated asset objects reloaded before import = 0Number of asset objects unloaded after import = 13

========================================================================
Received Import Request.
  Time since last request: 0.000045 seconds.
  path: Assets/World/Environment/Prefabs/Building3/WantedPoster4.prefab
  artifactKey: Guid(6b9c7b788d47afc4eb96336da808ebc4) Importer(815301076,1909f56bfc062723c751e8b465ee728b)
Start importing Assets/World/Environment/Prefabs/Building3/WantedPoster4.prefab using Guid(6b9c7b788d47afc4eb96336da808ebc4) Importer(815301076,1909f56bfc062723c751e8b465ee728b) (PreviewImporter) -> (artifact id: 'bc5e270122594c0810dd36918440090a') in 0.0136798 seconds
Number of updated asset objects reloaded before import = 0Number of asset objects unloaded after import = 13

========================================================================
Received Import Request.
  Time since last request: 0.000026 seconds.
  path: Assets/World/Environment/Prefabs/Building3/SheriffBadge_low001.prefab
  artifactKey: Guid(775af826215d9214fbca7e5bbeb7e338) Importer(815301076,1909f56bfc062723c751e8b465ee728b)
Start importing Assets/World/Environment/Prefabs/Building3/SheriffBadge_low001.prefab using Guid(775af826215d9214fbca7e5bbeb7e338) Importer(815301076,1909f56bfc062723c751e8b465ee728b) (PreviewImporter) -> (artifact id: '19105eea73746b1a525592869fdebe3b') in 0.0133177 seconds
Number of updated asset objects reloaded before import = 0Number of asset objects unloaded after import = 13

========================================================================
Received Import Request.
  Time since last request: 0.000035 seconds.
  path: Assets/World/Environment/Prefabs/Building3/WhiskyGlass_low007.prefab
  artifactKey: Guid(975e4c5b27d1050439e4048577a61118) Importer(815301076,1909f56bfc062723c751e8b465ee728b)
Start importing Assets/World/Environment/Prefabs/Building3/WhiskyGlass_low007.prefab using Guid(975e4c5b27d1050439e4048577a61118) Importer(815301076,1909f56bfc062723c751e8b465ee728b) (PreviewImporter) -> (artifact id: 'aa43173eed62944a7f5ce807e6916a99') in 0.0081678 seconds
Number of updated asset objects reloaded before import = 0Number of asset objects unloaded after import = 10

========================================================================
Received Import Request.
  Time since last request: 0.000025 seconds.
  path: Assets/World/Environment/Prefabs/Building3/Crate_low004.prefab
  artifactKey: Guid(8a79a189d27408548863fa654afbf138) Importer(815301076,1909f56bfc062723c751e8b465ee728b)
Start importing Assets/World/Environment/Prefabs/Building3/Crate_low004.prefab using Guid(8a79a189d27408548863fa654afbf138) Importer(815301076,1909f56bfc062723c751e8b465ee728b) (PreviewImporter) -> (artifact id: 'c170b3c91b47c1f70b9b991f2a582b47') in 0.0088244 seconds
Number of updated asset objects reloaded before import = 0Number of asset objects unloaded after import = 10

========================================================================
Received Import Request.
  Time since last request: 0.000026 seconds.
  path: Assets/World/Environment/Prefabs/Building3/ChairSeat_low005.prefab
  artifactKey: Guid(1a4ba84cccf7971429501407f68c1f03) Importer(815301076,1909f56bfc062723c751e8b465ee728b)
Start importing Assets/World/Environment/Prefabs/Building3/ChairSeat_low005.prefab using Guid(1a4ba84cccf7971429501407f68c1f03) Importer(815301076,1909f56bfc062723c751e8b465ee728b) (PreviewImporter) -> (artifact id: '376d79e5ffced7346415494bd08cbc8f') in 0.0131834 seconds
Number of updated asset objects reloaded before import = 0Number of asset objects unloaded after import = 13

========================================================================
Received Import Request.
  Time since last request: 0.000023 seconds.
  path: Assets/World/Environment/Prefabs/Building3/Shelf_low.prefab
  artifactKey: Guid(2eeeff8db8415b2478b5bd5d40f684b5) Importer(815301076,1909f56bfc062723c751e8b465ee728b)
Start importing Assets/World/Environment/Prefabs/Building3/Shelf_low.prefab using Guid(2eeeff8db8415b2478b5bd5d40f684b5) Importer(815301076,1909f56bfc062723c751e8b465ee728b) (PreviewImporter) -> (artifact id: '5e3a84772307821bc6392bc23ade499a') in 0.0168382 seconds
Number of updated asset objects reloaded before import = 0Number of asset objects unloaded after import = 14

========================================================================
Received Import Request.
  Time since last request: 0.961415 seconds.
  path: Assets/World/Environment/Prefabs/Building3/ChairSeat_low001.prefab
  artifactKey: Guid(a450c58392f1c264db117c58630f3893) Importer(815301076,1909f56bfc062723c751e8b465ee728b)
Start importing Assets/World/Environment/Prefabs/Building3/ChairSeat_low001.prefab using Guid(a450c58392f1c264db117c58630f3893) Importer(815301076,1909f56bfc062723c751e8b465ee728b) (PreviewImporter) -> (artifact id: 'b647c495c49dcbdc0ba701ea900c4fe1') in 0.0158258 seconds
Number of updated asset objects reloaded before import = 0Number of asset objects unloaded after import = 13

========================================================================
Received Import Request.
  Time since last request: 0.000024 seconds.
  path: Assets/World/Environment/Prefabs/Building3/SheriffHat_low.prefab
  artifactKey: Guid(84211330230472140aaa8ad75cbbec1c) Importer(815301076,1909f56bfc062723c751e8b465ee728b)
Start importing Assets/World/Environment/Prefabs/Building3/SheriffHat_low.prefab using Guid(84211330230472140aaa8ad75cbbec1c) Importer(815301076,1909f56bfc062723c751e8b465ee728b) (PreviewImporter) -> (artifact id: '4cb8701073b0270b707517c8ef018438') in 0.015881 seconds
Number of updated asset objects reloaded before import = 0Number of asset objects unloaded after import = 13

========================================================================
Received Import Request.
  Time since last request: 0.000036 seconds.
  path: Assets/World/Environment/Prefabs/Building3/WantedBoard_low.prefab
  artifactKey: Guid(28066b5e4ef08e24ea4098184200147f) Importer(815301076,1909f56bfc062723c751e8b465ee728b)
Start importing Assets/World/Environment/Prefabs/Building3/WantedBoard_low.prefab using Guid(28066b5e4ef08e24ea4098184200147f) Importer(815301076,1909f56bfc062723c751e8b465ee728b) (PreviewImporter) -> (artifact id: '8ac9680c20f10aef6c6cdd148e0d5134') in 0.0174001 seconds
Number of updated asset objects reloaded before import = 0Number of asset objects unloaded after import = 14

========================================================================
Received Import Request.
  Time since last request: 0.000023 seconds.
  path: Assets/World/Environment/Prefabs/Building3/Crate_low003.prefab
  artifactKey: Guid(0f14c6697d83fab43a056eec28c697e5) Importer(815301076,1909f56bfc062723c751e8b465ee728b)
Start importing Assets/World/Environment/Prefabs/Building3/Crate_low003.prefab using Guid(0f14c6697d83fab43a056eec28c697e5) Importer(815301076,1909f56bfc062723c751e8b465ee728b) (PreviewImporter) -> (artifact id: 'd7b3721d70f93acdc4735da0de10e915') in 0.0111434 seconds
Number of updated asset objects reloaded before import = 0Number of asset objects unloaded after import = 10

========================================================================
Received Import Request.
  Time since last request: 0.000026 seconds.
  path: Assets/World/Environment/Prefabs/Building3/WhiskyGlass_low.prefab
  artifactKey: Guid(ccca5e632ccd1df41acc1998d49d754a) Importer(815301076,1909f56bfc062723c751e8b465ee728b)
Start importing Assets/World/Environment/Prefabs/Building3/WhiskyGlass_low.prefab using Guid(ccca5e632ccd1df41acc1998d49d754a) Importer(815301076,1909f56bfc062723c751e8b465ee728b) (PreviewImporter) -> (artifact id: '726cf04443fbfb107e5d6fd38a3ffeff') in 0.0115341 seconds
Number of updated asset objects reloaded before import = 0Number of asset objects unloaded after import = 10

========================================================================
Received Import Request.
  Time since last request: 0.000026 seconds.
  path: Assets/World/Environment/Prefabs/Building3/RoundGlass_low.prefab
  artifactKey: Guid(bd7c7798e1bfb4c4eabdd2c687b563db) Importer(815301076,1909f56bfc062723c751e8b465ee728b)
Start importing Assets/World/Environment/Prefabs/Building3/RoundGlass_low.prefab using Guid(bd7c7798e1bfb4c4eabdd2c687b563db) Importer(815301076,1909f56bfc062723c751e8b465ee728b) (PreviewImporter) -> (artifact id: '226819df699200f860aa5d0dc5d9b18b') in 0.0130912 seconds
Number of updated asset objects reloaded before import = 0Number of asset objects unloaded after import = 10

========================================================================
Received Import Request.
  Time since last request: 0.000038 seconds.
  path: Assets/World/Environment/Prefabs/Building3/RoundGlass_low005.prefab
  artifactKey: Guid(dc9ec995cc7a84b4e845a49b4cdd9e6b) Importer(815301076,1909f56bfc062723c751e8b465ee728b)
Start importing Assets/World/Environment/Prefabs/Building3/RoundGlass_low005.prefab using Guid(dc9ec995cc7a84b4e845a49b4cdd9e6b) Importer(815301076,1909f56bfc062723c751e8b465ee728b) (PreviewImporter) -> (artifact id: 'a48e1aed8699fd8dd774b9968f26aff9') in 0.009761 seconds
Number of updated asset objects reloaded before import = 0Number of asset objects unloaded after import = 8

========================================================================
Received Import Request.
  Time since last request: 0.000024 seconds.
  path: Assets/World/Environment/Prefabs/Building3/WhiskyGlass_low005.prefab
  artifactKey: Guid(fdea2317cf34ed94fbfd38511a343ec9) Importer(815301076,1909f56bfc062723c751e8b465ee728b)
Start importing Assets/World/Environment/Prefabs/Building3/WhiskyGlass_low005.prefab using Guid(fdea2317cf34ed94fbfd38511a343ec9) Importer(815301076,1909f56bfc062723c751e8b465ee728b) (PreviewImporter) -> (artifact id: '129ee26153c520d0c6404e89c0bfe46d') in 0.010071 seconds
Number of updated asset objects reloaded before import = 0Number of asset objects unloaded after import = 10

========================================================================
Received Import Request.
  Time since last request: 0.000039 seconds.
  path: Assets/World/Environment/Prefabs/Building3/OilLamp_low.prefab
  artifactKey: Guid(d1be9412cb270534db3348e4f0f5f308) Importer(815301076,1909f56bfc062723c751e8b465ee728b)
Start importing Assets/World/Environment/Prefabs/Building3/OilLamp_low.prefab using Guid(d1be9412cb270534db3348e4f0f5f308) Importer(815301076,1909f56bfc062723c751e8b465ee728b) (PreviewImporter) -> (artifact id: '47ea5a9eb1221298e7fde681dee46292') in 0.0124706 seconds
Number of updated asset objects reloaded before import = 0Number of asset objects unloaded after import = 12

========================================================================
Received Import Request.
  Time since last request: 0.000034 seconds.
  path: Assets/World/Environment/Prefabs/Building3/WantedPoster3.prefab
  artifactKey: Guid(a2d49b95575b12a41871d4c2ee0ee7e4) Importer(815301076,1909f56bfc062723c751e8b465ee728b)
Start importing Assets/World/Environment/Prefabs/Building3/WantedPoster3.prefab using Guid(a2d49b95575b12a41871d4c2ee0ee7e4) Importer(815301076,1909f56bfc062723c751e8b465ee728b) (PreviewImporter) -> (artifact id: '16bf1ed77e7ee63eb1c3044f11c4a4da') in 0.0135057 seconds
Number of updated asset objects reloaded before import = 0Number of asset objects unloaded after import = 13

========================================================================
Received Import Request.
  Time since last request: 0.000040 seconds.
  path: Assets/World/Environment/Prefabs/Building3/KegTap_low.prefab
  artifactKey: Guid(d8e9b588579e69840999d77b284620d7) Importer(815301076,1909f56bfc062723c751e8b465ee728b)
Start importing Assets/World/Environment/Prefabs/Building3/KegTap_low.prefab using Guid(d8e9b588579e69840999d77b284620d7) Importer(815301076,1909f56bfc062723c751e8b465ee728b) (PreviewImporter) -> (artifact id: '7bfb5bba70af68da5c69a1118aa67b8f') in 0.0177744 seconds
Number of updated asset objects reloaded before import = 0Number of asset objects unloaded after import = 13

========================================================================
Received Import Request.
  Time since last request: 0.000037 seconds.
  path: Assets/World/Environment/Prefabs/Building3/ChairSeat_low007.prefab
  artifactKey: Guid(b6a7fee02744d3448bf34aa414010594) Importer(815301076,1909f56bfc062723c751e8b465ee728b)
Start importing Assets/World/Environment/Prefabs/Building3/ChairSeat_low007.prefab using Guid(b6a7fee02744d3448bf34aa414010594) Importer(815301076,1909f56bfc062723c751e8b465ee728b) (PreviewImporter) -> (artifact id: 'aeab68cef983447a3d34689a4384cd66') in 0.0126788 seconds
Number of updated asset objects reloaded before import = 0Number of asset objects unloaded after import = 13

========================================================================
Received Import Request.
  Time since last request: 0.000025 seconds.
  path: Assets/World/Environment/Prefabs/Building3/WhiskyGlass_low007.prefab
  artifactKey: Guid(975e4c5b27d1050439e4048577a61118) Importer(815301076,1909f56bfc062723c751e8b465ee728b)
Start importing Assets/World/Environment/Prefabs/Building3/WhiskyGlass_low007.prefab using Guid(975e4c5b27d1050439e4048577a61118) Importer(815301076,1909f56bfc062723c751e8b465ee728b) (PreviewImporter) -> (artifact id: '008153fd78b6d5ba0545070367f78e9b') in 0.0089445 seconds
Number of updated asset objects reloaded before import = 0Number of asset objects unloaded after import = 10

========================================================================
Received Import Request.
  Time since last request: 0.000030 seconds.
  path: Assets/World/Environment/Prefabs/Building3/WhiskyGlass_low006.prefab
  artifactKey: Guid(a49ad9b43a3cd98499d19e628efa948b) Importer(815301076,1909f56bfc062723c751e8b465ee728b)
Start importing Assets/World/Environment/Prefabs/Building3/WhiskyGlass_low006.prefab using Guid(a49ad9b43a3cd98499d19e628efa948b) Importer(815301076,1909f56bfc062723c751e8b465ee728b) (PreviewImporter) -> (artifact id: '691c80527a086168d49d02cb5ba14fde') in 0.0094486 seconds
Number of updated asset objects reloaded before import = 0Number of asset objects unloaded after import = 10

========================================================================
Received Import Request.
  Time since last request: 0.000040 seconds.
  path: Assets/World/Environment/Prefabs/Building3/RoundGlass_low001.prefab
  artifactKey: Guid(7ad6d8572f7b21d4a9947e9b1bda871a) Importer(815301076,1909f56bfc062723c751e8b465ee728b)
Start importing Assets/World/Environment/Prefabs/Building3/RoundGlass_low001.prefab using Guid(7ad6d8572f7b21d4a9947e9b1bda871a) Importer(815301076,1909f56bfc062723c751e8b465ee728b) (PreviewImporter) -> (artifact id: 'd24dc72f9f5b065439783c05fbc01ede') in 0.0098552 seconds
Number of updated asset objects reloaded before import = 0Number of asset objects unloaded after import = 10

========================================================================
Received Import Request.
  Time since last request: 0.000035 seconds.
  path: Assets/World/Environment/Prefabs/Building3/RoundGlass_low007.prefab
  artifactKey: Guid(8db22c5816700834ab468340aa7edab1) Importer(815301076,1909f56bfc062723c751e8b465ee728b)
Start importing Assets/World/Environment/Prefabs/Building3/RoundGlass_low007.prefab using Guid(8db22c5816700834ab468340aa7edab1) Importer(815301076,1909f56bfc062723c751e8b465ee728b) (PreviewImporter) -> (artifact id: '15c643d456aa6c63d595086b87de0bd2') in 0.0095755 seconds
Number of updated asset objects reloaded before import = 0Number of asset objects unloaded after import = 10

========================================================================
Received Import Request.
  Time since last request: 1.489639 seconds.
  path: Assets/World/Environment/Prefabs/Building3/ChairSeat_low001.prefab
  artifactKey: Guid(a450c58392f1c264db117c58630f3893) Importer(815301076,1909f56bfc062723c751e8b465ee728b)
Start importing Assets/World/Environment/Prefabs/Building3/ChairSeat_low001.prefab using Guid(a450c58392f1c264db117c58630f3893) Importer(815301076,1909f56bfc062723c751e8b465ee728b) (PreviewImporter) -> (artifact id: 'c1fb6a9df0196c9d97ed5a94a12aca02') in 0.0161474 seconds
Number of updated asset objects reloaded before import = 0Number of asset objects unloaded after import = 13

========================================================================
Received Import Request.
  Time since last request: 0.000038 seconds.
  path: Assets/World/Environment/Prefabs/Building3/WhiskyGlass_low002.prefab
  artifactKey: Guid(a17ab17b4852c534fa89452368a1faef) Importer(815301076,1909f56bfc062723c751e8b465ee728b)
Start importing Assets/World/Environment/Prefabs/Building3/WhiskyGlass_low002.prefab using Guid(a17ab17b4852c534fa89452368a1faef) Importer(815301076,1909f56bfc062723c751e8b465ee728b) (PreviewImporter) -> (artifact id: 'a8b98f92592d729e7a455128bc07332d') in 0.0099021 seconds
Number of updated asset objects reloaded before import = 0Number of asset objects unloaded after import = 10

========================================================================
Received Import Request.
  Time since last request: 0.000037 seconds.
  path: Assets/World/Environment/Prefabs/Building3/WhiskyGlass_low009.prefab
  artifactKey: Guid(9e5a0989467d3364d97a24c6b73b46aa) Importer(815301076,1909f56bfc062723c751e8b465ee728b)
Start importing Assets/World/Environment/Prefabs/Building3/WhiskyGlass_low009.prefab using Guid(9e5a0989467d3364d97a24c6b73b46aa) Importer(815301076,1909f56bfc062723c751e8b465ee728b) (PreviewImporter) -> (artifact id: '85974e2b271f5e8f389526ce993b395f') in 0.0083416 seconds
Number of updated asset objects reloaded before import = 0Number of asset objects unloaded after import = 10

========================================================================
Received Import Request.
  Time since last request: 0.000024 seconds.
  path: Assets/World/Environment/Prefabs/Building3/RoundGlass_low002.prefab
  artifactKey: Guid(ed866c1182296d54aa64fbcc9f50c445) Importer(815301076,1909f56bfc062723c751e8b465ee728b)
Start importing Assets/World/Environment/Prefabs/Building3/RoundGlass_low002.prefab using Guid(ed866c1182296d54aa64fbcc9f50c445) Importer(815301076,1909f56bfc062723c751e8b465ee728b) (PreviewImporter) -> (artifact id: '9f4c5874483d9113920c57f3846f9ede') in 0.0081388 seconds
Number of updated asset objects reloaded before import = 0Number of asset objects unloaded after import = 10

========================================================================
Received Import Request.
  Time since last request: 0.000026 seconds.
  path: Assets/World/Environment/Prefabs/Building3/SheriffBadgeHook_low001.prefab
  artifactKey: Guid(1d5e7009fc4e6824594be2e924b78564) Importer(815301076,1909f56bfc062723c751e8b465ee728b)
Start importing Assets/World/Environment/Prefabs/Building3/SheriffBadgeHook_low001.prefab using Guid(1d5e7009fc4e6824594be2e924b78564) Importer(815301076,1909f56bfc062723c751e8b465ee728b) (PreviewImporter) -> (artifact id: 'de66b4637d6cf5f01f3af2d44b2df858') in 0.0115136 seconds
Number of updated asset objects reloaded before import = 0Number of asset objects unloaded after import = 13

========================================================================
Received Import Request.
  Time since last request: 0.000027 seconds.
  path: Assets/World/Environment/Prefabs/Building3/WhiskyGlass_low003.prefab
  artifactKey: Guid(21b0b2e2d1049d441b24ee8485bfdcdd) Importer(815301076,1909f56bfc062723c751e8b465ee728b)
Start importing Assets/World/Environment/Prefabs/Building3/WhiskyGlass_low003.prefab using Guid(21b0b2e2d1049d441b24ee8485bfdcdd) Importer(815301076,1909f56bfc062723c751e8b465ee728b) (PreviewImporter) -> (artifact id: '59ae5c27eceaf56d6e96201d8a382724') in 0.0086027 seconds
Number of updated asset objects reloaded before import = 0Number of asset objects unloaded after import = 10

========================================================================
Received Import Request.
  Time since last request: 0.000031 seconds.
  path: Assets/World/Environment/Prefabs/Building3/Moonshine004_low.prefab
  artifactKey: Guid(b62a711ab89501f40ad1eeaf755022ff) Importer(815301076,1909f56bfc062723c751e8b465ee728b)
Start importing Assets/World/Environment/Prefabs/Building3/Moonshine004_low.prefab using Guid(b62a711ab89501f40ad1eeaf755022ff) Importer(815301076,1909f56bfc062723c751e8b465ee728b) (PreviewImporter) -> (artifact id: 'a40835180b956fe4947a44989f1152a8') in 0.0081198 seconds
Number of updated asset objects reloaded before import = 0Number of asset objects unloaded after import = 10

========================================================================
Received Import Request.
  Time since last request: 0.000041 seconds.
  path: Assets/World/Environment/Prefabs/Building3/SheriffBadgePin_low001.prefab
  artifactKey: Guid(b0bb0fdf31835474b92853b3d6d37709) Importer(815301076,1909f56bfc062723c751e8b465ee728b)
Start importing Assets/World/Environment/Prefabs/Building3/SheriffBadgePin_low001.prefab using Guid(b0bb0fdf31835474b92853b3d6d37709) Importer(815301076,1909f56bfc062723c751e8b465ee728b) (PreviewImporter) -> (artifact id: 'dd3e7d29ca428bcac4cbb298241bff77') in 0.0116275 seconds
Number of updated asset objects reloaded before import = 0Number of asset objects unloaded after import = 13

========================================================================
Received Import Request.
  Time since last request: 0.000026 seconds.
  path: Assets/World/Environment/Prefabs/Building3/OilLamp_low.prefab
  artifactKey: Guid(d1be9412cb270534db3348e4f0f5f308) Importer(815301076,1909f56bfc062723c751e8b465ee728b)
Start importing Assets/World/Environment/Prefabs/Building3/OilLamp_low.prefab using Guid(d1be9412cb270534db3348e4f0f5f308) Importer(815301076,1909f56bfc062723c751e8b465ee728b) (PreviewImporter) -> (artifact id: 'df03cca4d5bc8230dd137bbfc0f84c4e') in 0.0126182 seconds
Number of updated asset objects reloaded before import = 0Number of asset objects unloaded after import = 12

========================================================================
Received Import Request.
  Time since last request: 0.000025 seconds.
  path: Assets/World/Environment/Prefabs/Building3/SheriffBadge_low.prefab
  artifactKey: Guid(37c1f92196daa9b4f920870f410a3464) Importer(815301076,1909f56bfc062723c751e8b465ee728b)
Start importing Assets/World/Environment/Prefabs/Building3/SheriffBadge_low.prefab using Guid(37c1f92196daa9b4f920870f410a3464) Importer(815301076,1909f56bfc062723c751e8b465ee728b) (PreviewImporter) -> (artifact id: 'ef69675bcabb5ae1c4fd3629a1228a7e') in 0.0123415 seconds
Number of updated asset objects reloaded before import = 0Number of asset objects unloaded after import = 13

========================================================================
Received Import Request.
  Time since last request: 0.000026 seconds.
  path: Assets/World/Environment/Prefabs/Building3/WhiskyGlass_low004.prefab
  artifactKey: Guid(49088701f08a69041883468fadbcbd5c) Importer(815301076,1909f56bfc062723c751e8b465ee728b)
Start importing Assets/World/Environment/Prefabs/Building3/WhiskyGlass_low004.prefab using Guid(49088701f08a69041883468fadbcbd5c) Importer(815301076,1909f56bfc062723c751e8b465ee728b) (PreviewImporter) -> (artifact id: '33c03ad40fab53560fa282f58eb752ba') in 0.0092704 seconds
Number of updated asset objects reloaded before import = 0Number of asset objects unloaded after import = 10

========================================================================
Received Import Request.
  Time since last request: 0.000027 seconds.
  path: Assets/World/Environment/Prefabs/Building3/PokerTable_low001.prefab
  artifactKey: Guid(2a7d2db79fb682a44ac0fd98a6804382) Importer(815301076,1909f56bfc062723c751e8b465ee728b)
Start importing Assets/World/Environment/Prefabs/Building3/PokerTable_low001.prefab using Guid(2a7d2db79fb682a44ac0fd98a6804382) Importer(815301076,1909f56bfc062723c751e8b465ee728b) (PreviewImporter) -> (artifact id: '8b20b829a2c6c4e8dd088c7c0711989f') in 0.0165196 seconds
Number of updated asset objects reloaded before import = 0Number of asset objects unloaded after import = 13

========================================================================
Received Import Request.
  Time since last request: 0.000037 seconds.
  path: Assets/World/Environment/Prefabs/Building3/Crate_low001.prefab
  artifactKey: Guid(fe239f9c159a7d74f8d8f861fd2afb44) Importer(815301076,1909f56bfc062723c751e8b465ee728b)
Start importing Assets/World/Environment/Prefabs/Building3/Crate_low001.prefab using Guid(fe239f9c159a7d74f8d8f861fd2afb44) Importer(815301076,1909f56bfc062723c751e8b465ee728b) (PreviewImporter) -> (artifact id: '9e94823286a0332325b8bfc597626224') in 0.0099238 seconds
Number of updated asset objects reloaded before import = 0Number of asset objects unloaded after import = 10

========================================================================
Received Import Request.
  Time since last request: 0.000026 seconds.
  path: Assets/World/Environment/Prefabs/Building3/Crate_low004.prefab
  artifactKey: Guid(8a79a189d27408548863fa654afbf138) Importer(815301076,1909f56bfc062723c751e8b465ee728b)
Start importing Assets/World/Environment/Prefabs/Building3/Crate_low004.prefab using Guid(8a79a189d27408548863fa654afbf138) Importer(815301076,1909f56bfc062723c751e8b465ee728b) (PreviewImporter) -> (artifact id: '7d33bd00cd61c0cfa2321ecd0ebe4596') in 0.0090483 seconds
Number of updated asset objects reloaded before import = 0Number of asset objects unloaded after import = 10

========================================================================
Received Import Request.
  Time since last request: 0.000081 seconds.
  path: Assets/World/Environment/Prefabs/Building3/RoundGlass_low006.prefab
  artifactKey: Guid(4a19c6f0ff9db1a49956769f7bc6d25f) Importer(815301076,1909f56bfc062723c751e8b465ee728b)
Start importing Assets/World/Environment/Prefabs/Building3/RoundGlass_low006.prefab using Guid(4a19c6f0ff9db1a49956769f7bc6d25f) Importer(815301076,1909f56bfc062723c751e8b465ee728b) (PreviewImporter) -> (artifact id: '5ad1b3b9fb1aaa83b77809cd6721c58c') in 0.0082596 seconds
Number of updated asset objects reloaded before import = 0Number of asset objects unloaded after import = 10

========================================================================
Received Import Request.
  Time since last request: 0.000028 seconds.
  path: Assets/World/Environment/Prefabs/Building3/Crate_low002.prefab
  artifactKey: Guid(423fb7f6c13dcde488495f162b89e6a6) Importer(815301076,1909f56bfc062723c751e8b465ee728b)
Start importing Assets/World/Environment/Prefabs/Building3/Crate_low002.prefab using Guid(423fb7f6c13dcde488495f162b89e6a6) Importer(815301076,1909f56bfc062723c751e8b465ee728b) (PreviewImporter) -> (artifact id: '06fea26f0ab5f50bcb50ef598d9be1cf') in 0.0087795 seconds
Number of updated asset objects reloaded before import = 0Number of asset objects unloaded after import = 10

========================================================================
Received Import Request.
  Time since last request: 0.644098 seconds.
  path: Assets/World/Environment/Prefabs/Building3/ChairSeat_low001.prefab
  artifactKey: Guid(a450c58392f1c264db117c58630f3893) Importer(815301076,1909f56bfc062723c751e8b465ee728b)
Start importing Assets/World/Environment/Prefabs/Building3/ChairSeat_low001.prefab using Guid(a450c58392f1c264db117c58630f3893) Importer(815301076,1909f56bfc062723c751e8b465ee728b) (PreviewImporter) -> (artifact id: 'e23e23a73e0157b8b3b32404f96a02b5') in 0.017428 seconds
Number of updated asset objects reloaded before import = 0Number of asset objects unloaded after import = 13

========================================================================
Received Import Request.
  Time since last request: 0.000024 seconds.
  path: Assets/World/Environment/Prefabs/Building3/WhiskyGlass_low002.prefab
  artifactKey: Guid(a17ab17b4852c534fa89452368a1faef) Importer(815301076,1909f56bfc062723c751e8b465ee728b)
Start importing Assets/World/Environment/Prefabs/Building3/WhiskyGlass_low002.prefab using Guid(a17ab17b4852c534fa89452368a1faef) Importer(815301076,1909f56bfc062723c751e8b465ee728b) (PreviewImporter) -> (artifact id: '45e94af57e0e2f54289f2a97f69e5fe2') in 0.0120755 seconds
Number of updated asset objects reloaded before import = 0Number of asset objects unloaded after import = 10

========================================================================
Received Import Request.
  Time since last request: 0.000025 seconds.
  path: Assets/World/Environment/Prefabs/Building3/WhiskyGlass_low009.prefab
  artifactKey: Guid(9e5a0989467d3364d97a24c6b73b46aa) Importer(815301076,1909f56bfc062723c751e8b465ee728b)
Start importing Assets/World/Environment/Prefabs/Building3/WhiskyGlass_low009.prefab using Guid(9e5a0989467d3364d97a24c6b73b46aa) Importer(815301076,1909f56bfc062723c751e8b465ee728b) (PreviewImporter) -> (artifact id: 'ef20cc41d1d0326e8855e11eaab5207d') in 0.0090237 seconds
Number of updated asset objects reloaded before import = 0Number of asset objects unloaded after import = 10

========================================================================
Received Import Request.
  Time since last request: 0.000031 seconds.
  path: Assets/World/Environment/Prefabs/Building3/RoundGlass_low002.prefab
  artifactKey: Guid(ed866c1182296d54aa64fbcc9f50c445) Importer(815301076,1909f56bfc062723c751e8b465ee728b)
Start importing Assets/World/Environment/Prefabs/Building3/RoundGlass_low002.prefab using Guid(ed866c1182296d54aa64fbcc9f50c445) Importer(815301076,1909f56bfc062723c751e8b465ee728b) (PreviewImporter) -> (artifact id: '49aafb309a70ae974f9a48d066124c63') in 0.0277307 seconds
Number of updated asset objects reloaded before import = 0Number of asset objects unloaded after import = 10

========================================================================
Received Import Request.
  Time since last request: 0.000048 seconds.
  path: Assets/World/Environment/Prefabs/Building3/SheriffBadgeHook_low001.prefab
  artifactKey: Guid(1d5e7009fc4e6824594be2e924b78564) Importer(815301076,1909f56bfc062723c751e8b465ee728b)
Start importing Assets/World/Environment/Prefabs/Building3/SheriffBadgeHook_low001.prefab using Guid(1d5e7009fc4e6824594be2e924b78564) Importer(815301076,1909f56bfc062723c751e8b465ee728b) (PreviewImporter) -> (artifact id: '725549da6cfd79076647e6a8267eeebc') in 0.0134007 seconds
Number of updated asset objects reloaded before import = 0Number of asset objects unloaded after import = 13

========================================================================
Received Import Request.
  Time since last request: 0.000024 seconds.
  path: Assets/World/Environment/Prefabs/Building3/WhiskyGlass_low003.prefab
  artifactKey: Guid(21b0b2e2d1049d441b24ee8485bfdcdd) Importer(815301076,1909f56bfc062723c751e8b465ee728b)
Start importing Assets/World/Environment/Prefabs/Building3/WhiskyGlass_low003.prefab using Guid(21b0b2e2d1049d441b24ee8485bfdcdd) Importer(815301076,1909f56bfc062723c751e8b465ee728b) (PreviewImporter) -> (artifact id: 'b56407c34e13ea5fb1a3363eb913b45f') in 0.0094864 seconds
Number of updated asset objects reloaded before import = 0Number of asset objects unloaded after import = 10

========================================================================
Received Import Request.
  Time since last request: 0.000022 seconds.
  path: Assets/World/Environment/Prefabs/Building3/KegSwitch_low.prefab
  artifactKey: Guid(e4730499c94663a4d98df7e6ced09975) Importer(815301076,1909f56bfc062723c751e8b465ee728b)
Start importing Assets/World/Environment/Prefabs/Building3/KegSwitch_low.prefab using Guid(e4730499c94663a4d98df7e6ced09975) Importer(815301076,1909f56bfc062723c751e8b465ee728b) (PreviewImporter) -> (artifact id: 'fe3ef858ea503fc70306d25fbdb11c31') in 0.014332 seconds
Number of updated asset objects reloaded before import = 0Number of asset objects unloaded after import = 13

========================================================================
Received Import Request.
  Time since last request: 0.000024 seconds.
  path: Assets/World/Environment/Prefabs/Building3/SheriffBadgePin_low001.prefab
  artifactKey: Guid(b0bb0fdf31835474b92853b3d6d37709) Importer(815301076,1909f56bfc062723c751e8b465ee728b)
Start importing Assets/World/Environment/Prefabs/Building3/SheriffBadgePin_low001.prefab using Guid(b0bb0fdf31835474b92853b3d6d37709) Importer(815301076,1909f56bfc062723c751e8b465ee728b) (PreviewImporter) -> (artifact id: 'dcae54f86daeb592d9b4f4829112dfb8') in 0.0135978 seconds
Number of updated asset objects reloaded before import = 0Number of asset objects unloaded after import = 13

========================================================================
Received Import Request.
  Time since last request: 0.000028 seconds.
  path: Assets/World/Environment/Prefabs/Building3/StandardTable_low001.prefab
  artifactKey: Guid(08ec3713e3ce76440af60ffd5d5323f1) Importer(815301076,1909f56bfc062723c751e8b465ee728b)
Start importing Assets/World/Environment/Prefabs/Building3/StandardTable_low001.prefab using Guid(08ec3713e3ce76440af60ffd5d5323f1) Importer(815301076,1909f56bfc062723c751e8b465ee728b) (PreviewImporter) -> (artifact id: '57e26afa63b9d06a85ae91667f3b6b54') in 0.0243083 seconds
Number of updated asset objects reloaded before import = 0Number of asset objects unloaded after import = 13

========================================================================
Received Import Request.
  Time since last request: 0.000045 seconds.
  path: Assets/World/Environment/Prefabs/Building3/WantedPoster3.prefab
  artifactKey: Guid(a2d49b95575b12a41871d4c2ee0ee7e4) Importer(815301076,1909f56bfc062723c751e8b465ee728b)
Start importing Assets/World/Environment/Prefabs/Building3/WantedPoster3.prefab using Guid(a2d49b95575b12a41871d4c2ee0ee7e4) Importer(815301076,1909f56bfc062723c751e8b465ee728b) (PreviewImporter) -> (artifact id: 'cf0eb5524128e26a8cf16dd0edfc2acf') in 0.0162957 seconds
Number of updated asset objects reloaded before import = 0Number of asset objects unloaded after import = 13

========================================================================
Received Import Request.
  Time since last request: 0.000021 seconds.
  path: Assets/World/Environment/Prefabs/Building3/WantedPoster4.prefab
  artifactKey: Guid(6b9c7b788d47afc4eb96336da808ebc4) Importer(815301076,1909f56bfc062723c751e8b465ee728b)
Start importing Assets/World/Environment/Prefabs/Building3/WantedPoster4.prefab using Guid(6b9c7b788d47afc4eb96336da808ebc4) Importer(815301076,1909f56bfc062723c751e8b465ee728b) (PreviewImporter) -> (artifact id: 'eb9a607ff0c55111431cdd6ec3c65b9f') in 0.0147469 seconds
Number of updated asset objects reloaded before import = 0Number of asset objects unloaded after import = 13

========================================================================
Received Import Request.
  Time since last request: 0.000022 seconds.
  path: Assets/World/Environment/Prefabs/Building3/SheriffBadge_low001.prefab
  artifactKey: Guid(775af826215d9214fbca7e5bbeb7e338) Importer(815301076,1909f56bfc062723c751e8b465ee728b)
Start importing Assets/World/Environment/Prefabs/Building3/SheriffBadge_low001.prefab using Guid(775af826215d9214fbca7e5bbeb7e338) Importer(815301076,1909f56bfc062723c751e8b465ee728b) (PreviewImporter) -> (artifact id: '3a06067bc30c60f2a0af28a358ce75dc') in 0.0307205 seconds
Number of updated asset objects reloaded before import = 0Number of asset objects unloaded after import = 13

========================================================================
Received Import Request.
  Time since last request: 0.000031 seconds.
  path: Assets/World/Environment/Prefabs/Building3/WhiskyGlass_low007.prefab
  artifactKey: Guid(975e4c5b27d1050439e4048577a61118) Importer(815301076,1909f56bfc062723c751e8b465ee728b)
Start importing Assets/World/Environment/Prefabs/Building3/WhiskyGlass_low007.prefab using Guid(975e4c5b27d1050439e4048577a61118) Importer(815301076,1909f56bfc062723c751e8b465ee728b) (PreviewImporter) -> (artifact id: '29ee7495b56c143fbbcbff97fa5a532e') in 0.0092913 seconds
Number of updated asset objects reloaded before import = 0Number of asset objects unloaded after import = 10

========================================================================
Received Import Request.
  Time since last request: 0.000058 seconds.
  path: Assets/World/Environment/Prefabs/Building3/WhiskyGlass_low006.prefab
  artifactKey: Guid(a49ad9b43a3cd98499d19e628efa948b) Importer(815301076,1909f56bfc062723c751e8b465ee728b)
Start importing Assets/World/Environment/Prefabs/Building3/WhiskyGlass_low006.prefab using Guid(a49ad9b43a3cd98499d19e628efa948b) Importer(815301076,1909f56bfc062723c751e8b465ee728b) (PreviewImporter) -> (artifact id: 'df94115e52b76a10e08f585c8af2f5e2') in 0.0088586 seconds
Number of updated asset objects reloaded before import = 0Number of asset objects unloaded after import = 10

========================================================================
Received Import Request.
  Time since last request: 0.000023 seconds.
  path: Assets/World/Environment/Prefabs/Building3/RoundGlass_low006.prefab
  artifactKey: Guid(4a19c6f0ff9db1a49956769f7bc6d25f) Importer(815301076,1909f56bfc062723c751e8b465ee728b)
Start importing Assets/World/Environment/Prefabs/Building3/RoundGlass_low006.prefab using Guid(4a19c6f0ff9db1a49956769f7bc6d25f) Importer(815301076,1909f56bfc062723c751e8b465ee728b) (PreviewImporter) -> (artifact id: '1ddde0f12f7c58a22b4979ee35be5a44') in 0.0086825 seconds
Number of updated asset objects reloaded before import = 0Number of asset objects unloaded after import = 10

========================================================================
Received Import Request.
  Time since last request: 0.000023 seconds.
  path: Assets/World/Environment/Prefabs/Building3/Crate_low002.prefab
  artifactKey: Guid(423fb7f6c13dcde488495f162b89e6a6) Importer(815301076,1909f56bfc062723c751e8b465ee728b)
Start importing Assets/World/Environment/Prefabs/Building3/Crate_low002.prefab using Guid(423fb7f6c13dcde488495f162b89e6a6) Importer(815301076,1909f56bfc062723c751e8b465ee728b) (PreviewImporter) -> (artifact id: '57818ffe82168d5c6e4cb716dc43aad7') in 0.0095315 seconds
Number of updated asset objects reloaded before import = 0Number of asset objects unloaded after import = 10

========================================================================
Received Import Request.
  Time since last request: 1.394627 seconds.
  path: Assets/World/Environment/Prefabs/Building3/OilLampHandle_low.prefab
  artifactKey: Guid(7041acea8cbeca844a1a7c49e6911447) Importer(2089858483,b0f066a214c2f5e87bad3c948f4d605d)
Start importing Assets/World/Environment/Prefabs/Building3/OilLampHandle_low.prefab using Guid(7041acea8cbeca844a1a7c49e6911447) Importer(2089858483,b0f066a214c2f5e87bad3c948f4d605d) (ScriptedImporter) -> (artifact id: 'b6ade147017c766c8feadb57f789591e') in 0.0087166 seconds
Number of updated asset objects reloaded before import = 0Number of asset objects unloaded after import = 8

========================================================================
Received Import Request.
  Time since last request: 0.000025 seconds.
  path: Assets/World/Environment/Prefabs/Building3/ChairBackRest_low003.prefab
  artifactKey: Guid(f5b3fa210a571ad428b95a51e6544aeb) Importer(2089858483,b0f066a214c2f5e87bad3c948f4d605d)
Start importing Assets/World/Environment/Prefabs/Building3/ChairBackRest_low003.prefab using Guid(f5b3fa210a571ad428b95a51e6544aeb) Importer(2089858483,b0f066a214c2f5e87bad3c948f4d605d) (ScriptedImporter) -> (artifact id: 'b8fb2dd441cdbfcb12fc76059536d552') in 0.0095541 seconds
Number of updated asset objects reloaded before import = 0Number of asset objects unloaded after import = 8

========================================================================
Received Import Request.
  Time since last request: 0.000033 seconds.
  path: Assets/World/Environment/Prefabs/Building3/RoundGlass_low004.prefab
  artifactKey: Guid(9710021530fa0c34e9d9017adff1bbef) Importer(2089858483,b0f066a214c2f5e87bad3c948f4d605d)
Start importing Assets/World/Environment/Prefabs/Building3/RoundGlass_low004.prefab using Guid(9710021530fa0c34e9d9017adff1bbef) Importer(2089858483,b0f066a214c2f5e87bad3c948f4d605d) (ScriptedImporter) -> (artifact id: '51b3ba62ff7be618a5e867d5b85bfdcd') in 0.0075548 seconds
Number of updated asset objects reloaded before import = 0Number of asset objects unloaded after import = 8

========================================================================
Received Import Request.
  Time since last request: 0.000029 seconds.
  path: Assets/World/Environment/Prefabs/Building3/PokerTable_low.prefab
  artifactKey: Guid(9cb566192e7c4ad4d9f005b638995e45) Importer(2089858483,b0f066a214c2f5e87bad3c948f4d605d)
Start importing Assets/World/Environment/Prefabs/Building3/PokerTable_low.prefab using Guid(9cb566192e7c4ad4d9f005b638995e45) Importer(2089858483,b0f066a214c2f5e87bad3c948f4d605d) (ScriptedImporter) -> (artifact id: '33e23b57fcde9a5540ebd02a1c089bf3') in 0.0082289 seconds
Number of updated asset objects reloaded before import = 0Number of asset objects unloaded after import = 8

========================================================================
Received Import Request.
  Time since last request: 0.000028 seconds.
  path: Assets/World/Environment/Prefabs/Building3/ChairLegs_low008.prefab
  artifactKey: Guid(65906b61de18ff748bef9a3aa7a35314) Importer(2089858483,b0f066a214c2f5e87bad3c948f4d605d)
Start importing Assets/World/Environment/Prefabs/Building3/ChairLegs_low008.prefab using Guid(65906b61de18ff748bef9a3aa7a35314) Importer(2089858483,b0f066a214c2f5e87bad3c948f4d605d) (ScriptedImporter) -> (artifact id: '4674707395914b5badb565f963cc1c90') in 0.007947 seconds
Number of updated asset objects reloaded before import = 0Number of asset objects unloaded after import = 8

========================================================================
Received Import Request.
  Time since last request: 0.000025 seconds.
  path: Assets/World/Environment/Prefabs/Building3/ChairFeetRests_low004.prefab
  artifactKey: Guid(0e4e305bad3a91c4ba0e1e026ee2a973) Importer(2089858483,b0f066a214c2f5e87bad3c948f4d605d)
Start importing Assets/World/Environment/Prefabs/Building3/ChairFeetRests_low004.prefab using Guid(0e4e305bad3a91c4ba0e1e026ee2a973) Importer(2089858483,b0f066a214c2f5e87bad3c948f4d605d) (ScriptedImporter) -> (artifact id: '3aca398abb0f58375f63805419d12f97') in 0.0076844 seconds
Number of updated asset objects reloaded before import = 0Number of asset objects unloaded after import = 8

========================================================================
Received Import Request.
  Time since last request: 0.000027 seconds.
  path: Assets/World/Environment/Prefabs/Building3/RoundGlass_low002.prefab
  artifactKey: Guid(ed866c1182296d54aa64fbcc9f50c445) Importer(2089858483,b0f066a214c2f5e87bad3c948f4d605d)
Start importing Assets/World/Environment/Prefabs/Building3/RoundGlass_low002.prefab using Guid(ed866c1182296d54aa64fbcc9f50c445) Importer(2089858483,b0f066a214c2f5e87bad3c948f4d605d) (ScriptedImporter) -> (artifact id: '1730eb98e9762840ab98f9379aaf8147') in 0.010725 seconds
Number of updated asset objects reloaded before import = 0Number of asset objects unloaded after import = 8

========================================================================
Received Import Request.
  Time since last request: 0.000038 seconds.
  path: Assets/World/Environment/Prefabs/Building3/SheriffBadgeHook_low.prefab
  artifactKey: Guid(4b41ab12e37e7eb4f90e89741bcfb298) Importer(2089858483,b0f066a214c2f5e87bad3c948f4d605d)
Start importing Assets/World/Environment/Prefabs/Building3/SheriffBadgeHook_low.prefab using Guid(4b41ab12e37e7eb4f90e89741bcfb298) Importer(2089858483,b0f066a214c2f5e87bad3c948f4d605d) (ScriptedImporter) -> (artifact id: '596ce8e12cb506a39064a81c710725a9') in 0.0108407 seconds
Number of updated asset objects reloaded before import = 0Number of asset objects unloaded after import = 8

========================================================================
Received Import Request.
  Time since last request: 0.000025 seconds.
  path: Assets/World/Environment/Prefabs/Building3/CandleHolder_low001.prefab
  artifactKey: Guid(5eae6f2f77b72a440b8ef9f87bcc7923) Importer(2089858483,b0f066a214c2f5e87bad3c948f4d605d)
Start importing Assets/World/Environment/Prefabs/Building3/CandleHolder_low001.prefab using Guid(5eae6f2f77b72a440b8ef9f87bcc7923) Importer(2089858483,b0f066a214c2f5e87bad3c948f4d605d) (ScriptedImporter) -> (artifact id: '1a9314743b5fbd5a035770a749673b52') in 0.0101015 seconds
Number of updated asset objects reloaded before import = 0Number of asset objects unloaded after import = 8

========================================================================
Received Import Request.
  Time since last request: 0.000022 seconds.
  path: Assets/World/Environment/Prefabs/Building3/ChairSeat_low003.prefab
  artifactKey: Guid(5c2666b10dba9dc4a9977c6ee1ed2a09) Importer(2089858483,b0f066a214c2f5e87bad3c948f4d605d)
Start importing Assets/World/Environment/Prefabs/Building3/ChairSeat_low003.prefab using Guid(5c2666b10dba9dc4a9977c6ee1ed2a09) Importer(2089858483,b0f066a214c2f5e87bad3c948f4d605d) (ScriptedImporter) -> (artifact id: '20589824fd2374273880abf5e1471c3e') in 0.0092089 seconds
Number of updated asset objects reloaded before import = 0Number of asset objects unloaded after import = 8

========================================================================
Received Import Request.
  Time since last request: 0.000023 seconds.
  path: Assets/World/Environment/Prefabs/Building3/Shelf_low001.prefab
  artifactKey: Guid(7f4e38396d04b894b922d5de604279c6) Importer(2089858483,b0f066a214c2f5e87bad3c948f4d605d)
Start importing Assets/World/Environment/Prefabs/Building3/Shelf_low001.prefab using Guid(7f4e38396d04b894b922d5de604279c6) Importer(2089858483,b0f066a214c2f5e87bad3c948f4d605d) (ScriptedImporter) -> (artifact id: 'cfcb633998e6034839d11625e6a69720') in 0.0084269 seconds
Number of updated asset objects reloaded before import = 0Number of asset objects unloaded after import = 8

========================================================================
Received Import Request.
  Time since last request: 0.000030 seconds.
  path: Assets/World/Environment/Prefabs/Building3/WantedPoster013.prefab
  artifactKey: Guid(ae2970ed69ebd5840b7bd3940ef9d223) Importer(2089858483,b0f066a214c2f5e87bad3c948f4d605d)
Start importing Assets/World/Environment/Prefabs/Building3/WantedPoster013.prefab using Guid(ae2970ed69ebd5840b7bd3940ef9d223) Importer(2089858483,b0f066a214c2f5e87bad3c948f4d605d) (ScriptedImporter) -> (artifact id: '041b0f0a4ed762a2ece53dd7fe8c8fd5') in 0.008252 seconds
Number of updated asset objects reloaded before import = 0Number of asset objects unloaded after import = 8

========================================================================
Received Import Request.
  Time since last request: 0.000032 seconds.
  path: Assets/World/Environment/Prefabs/Building3/ChairLegs_low.prefab
  artifactKey: Guid(3fee631ad668127478c124225bb6cab6) Importer(2089858483,b0f066a214c2f5e87bad3c948f4d605d)
Start importing Assets/World/Environment/Prefabs/Building3/ChairLegs_low.prefab using Guid(3fee631ad668127478c124225bb6cab6) Importer(2089858483,b0f066a214c2f5e87bad3c948f4d605d) (ScriptedImporter) -> (artifact id: '56b1df93bfa3ab3d142551199b05736d') in 0.0082749 seconds
Number of updated asset objects reloaded before import = 0Number of asset objects unloaded after import = 8

========================================================================
Received Import Request.
  Time since last request: 0.000024 seconds.
  path: Assets/World/Environment/Prefabs/Building3/KegSwitch_low.prefab
  artifactKey: Guid(e4730499c94663a4d98df7e6ced09975) Importer(2089858483,b0f066a214c2f5e87bad3c948f4d605d)
Start importing Assets/World/Environment/Prefabs/Building3/KegSwitch_low.prefab using Guid(e4730499c94663a4d98df7e6ced09975) Importer(2089858483,b0f066a214c2f5e87bad3c948f4d605d) (ScriptedImporter) -> (artifact id: '5f8d3868a60e7e99fbcb719deeb2b01a') in 0.0080752 seconds
Number of updated asset objects reloaded before import = 0Number of asset objects unloaded after import = 8

========================================================================
Received Import Request.
  Time since last request: 0.000031 seconds.
  path: Assets/World/Environment/Prefabs/Building3/SheriffBadge_low001.prefab
  artifactKey: Guid(775af826215d9214fbca7e5bbeb7e338) Importer(2089858483,b0f066a214c2f5e87bad3c948f4d605d)
Start importing Assets/World/Environment/Prefabs/Building3/SheriffBadge_low001.prefab using Guid(775af826215d9214fbca7e5bbeb7e338) Importer(2089858483,b0f066a214c2f5e87bad3c948f4d605d) (ScriptedImporter) -> (artifact id: 'c1bb4c732729d7bb412e57e2058fb9c5') in 0.0157005 seconds
Number of updated asset objects reloaded before import = 0Number of asset objects unloaded after import = 8

========================================================================
Received Import Request.
  Time since last request: 0.000024 seconds.
  path: Assets/World/Environment/Prefabs/Building3/SheriffBadgePin_low001.prefab
  artifactKey: Guid(b0bb0fdf31835474b92853b3d6d37709) Importer(2089858483,b0f066a214c2f5e87bad3c948f4d605d)
Start importing Assets/World/Environment/Prefabs/Building3/SheriffBadgePin_low001.prefab using Guid(b0bb0fdf31835474b92853b3d6d37709) Importer(2089858483,b0f066a214c2f5e87bad3c948f4d605d) (ScriptedImporter) -> (artifact id: 'f95a36f0c17f80c85de6dd00aa38ab5c') in 0.0105698 seconds
Number of updated asset objects reloaded before import = 0Number of asset objects unloaded after import = 8

========================================================================
Received Import Request.
  Time since last request: 0.000025 seconds.
  path: Assets/World/Environment/Prefabs/Building3/ChairSeat_low005.prefab
  artifactKey: Guid(1a4ba84cccf7971429501407f68c1f03) Importer(2089858483,b0f066a214c2f5e87bad3c948f4d605d)
Start importing Assets/World/Environment/Prefabs/Building3/ChairSeat_low005.prefab using Guid(1a4ba84cccf7971429501407f68c1f03) Importer(2089858483,b0f066a214c2f5e87bad3c948f4d605d) (ScriptedImporter) -> (artifact id: 'b26870e5ec592855a69a45db8f71e1a3') in 0.0089142 seconds
Number of updated asset objects reloaded before import = 0Number of asset objects unloaded after import = 8

========================================================================
Received Import Request.
  Time since last request: 0.964836 seconds.
  path: Assets/World/Environment/Prefabs/Building3/WhiskyGlass_low006.prefab
  artifactKey: Guid(a49ad9b43a3cd98499d19e628efa948b) Importer(2089858483,b0f066a214c2f5e87bad3c948f4d605d)
Start importing Assets/World/Environment/Prefabs/Building3/WhiskyGlass_low006.prefab using Guid(a49ad9b43a3cd98499d19e628efa948b) Importer(2089858483,b0f066a214c2f5e87bad3c948f4d605d) (ScriptedImporter) -> (artifact id: '68369b1992f7076c8cfb998da892ee55') in 0.0104825 seconds
Number of updated asset objects reloaded before import = 0Number of asset objects unloaded after import = 8

========================================================================
Received Import Request.
  Time since last request: 0.000026 seconds.
  path: Assets/World/Environment/Prefabs/Building3/BullHornsRope_low.prefab
  artifactKey: Guid(914c29fc22381f54e90974749a6270ef) Importer(2089858483,b0f066a214c2f5e87bad3c948f4d605d)
Start importing Assets/World/Environment/Prefabs/Building3/BullHornsRope_low.prefab using Guid(914c29fc22381f54e90974749a6270ef) Importer(2089858483,b0f066a214c2f5e87bad3c948f4d605d) (ScriptedImporter) -> (artifact id: '2a2bd0ff6fc46604a25bfb223e0497cf') in 0.0091072 seconds
Number of updated asset objects reloaded before import = 0Number of asset objects unloaded after import = 8

========================================================================
Received Import Request.
  Time since last request: 0.000024 seconds.
  path: Assets/World/Environment/Prefabs/Building3/Crate_low003.prefab
  artifactKey: Guid(0f14c6697d83fab43a056eec28c697e5) Importer(2089858483,b0f066a214c2f5e87bad3c948f4d605d)
Start importing Assets/World/Environment/Prefabs/Building3/Crate_low003.prefab using Guid(0f14c6697d83fab43a056eec28c697e5) Importer(2089858483,b0f066a214c2f5e87bad3c948f4d605d) (ScriptedImporter) -> (artifact id: 'af8ad146e2f50502f334667c85e4b451') in 0.0096949 seconds
Number of updated asset objects reloaded before import = 0Number of asset objects unloaded after import = 8

========================================================================
Received Import Request.
  Time since last request: 0.000033 seconds.
  path: Assets/World/Environment/Prefabs/Building3/AlcoholBottle008_low002.prefab
  artifactKey: Guid(edfb6a2cf0615a748896b1b3aea2f82a) Importer(2089858483,b0f066a214c2f5e87bad3c948f4d605d)
Start importing Assets/World/Environment/Prefabs/Building3/AlcoholBottle008_low002.prefab using Guid(edfb6a2cf0615a748896b1b3aea2f82a) Importer(2089858483,b0f066a214c2f5e87bad3c948f4d605d) (ScriptedImporter) -> (artifact id: '113ed8474e7f70370a93985727829edd') in 0.0099669 seconds
Number of updated asset objects reloaded before import = 0Number of asset objects unloaded after import = 8

========================================================================
Received Import Request.
  Time since last request: 0.000021 seconds.
  path: Assets/World/Environment/Prefabs/Building3/SheriffBadgeHook_low001.prefab
  artifactKey: Guid(1d5e7009fc4e6824594be2e924b78564) Importer(2089858483,b0f066a214c2f5e87bad3c948f4d605d)
Start importing Assets/World/Environment/Prefabs/Building3/SheriffBadgeHook_low001.prefab using Guid(1d5e7009fc4e6824594be2e924b78564) Importer(2089858483,b0f066a214c2f5e87bad3c948f4d605d) (ScriptedImporter) -> (artifact id: 'e6b82ea9252e3eaddd6af79aa10bbbcf') in 0.0106023 seconds
Number of updated asset objects reloaded before import = 0Number of asset objects unloaded after import = 8

========================================================================
Received Import Request.
  Time since last request: 0.000032 seconds.
  path: Assets/World/Environment/Prefabs/Building3/ChairSeat_low001.prefab
  artifactKey: Guid(a450c58392f1c264db117c58630f3893) Importer(2089858483,b0f066a214c2f5e87bad3c948f4d605d)
Start importing Assets/World/Environment/Prefabs/Building3/ChairSeat_low001.prefab using Guid(a450c58392f1c264db117c58630f3893) Importer(2089858483,b0f066a214c2f5e87bad3c948f4d605d) (ScriptedImporter) -> (artifact id: '931cf87351622af06d1c0c25d3c609b6') in 0.0087793 seconds
Number of updated asset objects reloaded before import = 0Number of asset objects unloaded after import = 8

========================================================================
Received Import Request.
  Time since last request: 0.000027 seconds.
  path: Assets/World/Environment/Prefabs/Building3/Moonshine004_low.prefab
  artifactKey: Guid(b62a711ab89501f40ad1eeaf755022ff) Importer(2089858483,b0f066a214c2f5e87bad3c948f4d605d)
Start importing Assets/World/Environment/Prefabs/Building3/Moonshine004_low.prefab using Guid(b62a711ab89501f40ad1eeaf755022ff) Importer(2089858483,b0f066a214c2f5e87bad3c948f4d605d) (ScriptedImporter) -> (artifact id: 'fc0ccfa3d2e7f34011355a99dfb8eb5f') in 0.0072972 seconds
Number of updated asset objects reloaded before import = 0Number of asset objects unloaded after import = 8

========================================================================
Received Import Request.
  Time since last request: 0.000028 seconds.
  path: Assets/World/Environment/Prefabs/Building3/ChairBackRest_low004.prefab
  artifactKey: Guid(fb9679ca7f320a54e8a8f438a04f04e3) Importer(2089858483,b0f066a214c2f5e87bad3c948f4d605d)
Start importing Assets/World/Environment/Prefabs/Building3/ChairBackRest_low004.prefab using Guid(fb9679ca7f320a54e8a8f438a04f04e3) Importer(2089858483,b0f066a214c2f5e87bad3c948f4d605d) (ScriptedImporter) -> (artifact id: '01faadfd76f4a65ce4447ff1bb1ed9f7') in 0.0094186 seconds
Number of updated asset objects reloaded before import = 0Number of asset objects unloaded after import = 8

========================================================================
Received Import Request.
  Time since last request: 0.000035 seconds.
  path: Assets/World/Environment/Prefabs/Building3/Crate_low005.prefab
  artifactKey: Guid(0ace00d037978424497ae4593037373b) Importer(2089858483,b0f066a214c2f5e87bad3c948f4d605d)
Start importing Assets/World/Environment/Prefabs/Building3/Crate_low005.prefab using Guid(0ace00d037978424497ae4593037373b) Importer(2089858483,b0f066a214c2f5e87bad3c948f4d605d) (ScriptedImporter) -> (artifact id: '4e288407fca49635eca1e2c70091fc25') in 0.0081 seconds
Number of updated asset objects reloaded before import = 0Number of asset objects unloaded after import = 8

========================================================================
Received Import Request.
  Time since last request: 0.000023 seconds.
  path: Assets/World/Environment/Prefabs/Building3/ChairBackRest_low006.prefab
  artifactKey: Guid(95efacef290d9124cb1b2a9fbb9839d7) Importer(2089858483,b0f066a214c2f5e87bad3c948f4d605d)
Start importing Assets/World/Environment/Prefabs/Building3/ChairBackRest_low006.prefab using Guid(95efacef290d9124cb1b2a9fbb9839d7) Importer(2089858483,b0f066a214c2f5e87bad3c948f4d605d) (ScriptedImporter) -> (artifact id: '5e7995918d3cf445cf57579bf5e54dd6') in 0.0080885 seconds
Number of updated asset objects reloaded before import = 0Number of asset objects unloaded after import = 8

========================================================================
Received Import Request.
  Time since last request: 0.000025 seconds.
  path: Assets/World/Environment/Prefabs/Building3/AlcoholBottle008_low004.prefab
  artifactKey: Guid(7b3de33745a536e468fd7a0067932d64) Importer(2089858483,b0f066a214c2f5e87bad3c948f4d605d)
Start importing Assets/World/Environment/Prefabs/Building3/AlcoholBottle008_low004.prefab using Guid(7b3de33745a536e468fd7a0067932d64) Importer(2089858483,b0f066a214c2f5e87bad3c948f4d605d) (ScriptedImporter) -> (artifact id: 'fe8122dddeddc6c1cc6c4e38dfbf87ef') in 0.0086938 seconds
Number of updated asset objects reloaded before import = 0Number of asset objects unloaded after import = 8

========================================================================
Received Import Request.
  Time since last request: 0.000023 seconds.
  path: Assets/World/Environment/Prefabs/Building3/WantedBoard_low001.prefab
  artifactKey: Guid(41e868878061acb42af66947b960830d) Importer(2089858483,b0f066a214c2f5e87bad3c948f4d605d)
Start importing Assets/World/Environment/Prefabs/Building3/WantedBoard_low001.prefab using Guid(41e868878061acb42af66947b960830d) Importer(2089858483,b0f066a214c2f5e87bad3c948f4d605d) (ScriptedImporter) -> (artifact id: 'dd8be523bed939b10f066e651e7bf33b') in 0.0090022 seconds
Number of updated asset objects reloaded before import = 0Number of asset objects unloaded after import = 8

========================================================================
Received Import Request.
  Time since last request: 6.815078 seconds.
  path: Assets/World/Environment/Prefabs/Building3/ChairFeetRests_low006.prefab
  artifactKey: Guid(3e181addd3661194ebd26d013ca17930) Importer(815301076,1909f56bfc062723c751e8b465ee728b)
Start importing Assets/World/Environment/Prefabs/Building3/ChairFeetRests_low006.prefab using Guid(3e181addd3661194ebd26d013ca17930) Importer(815301076,1909f56bfc062723c751e8b465ee728b) (PreviewImporter) -> (artifact id: 'be20f5ba089b2b08f5c391d8920e86ad') in 0.0191626 seconds
Number of updated asset objects reloaded before import = 0Number of asset objects unloaded after import = 13

========================================================================
Received Import Request.
  Time since last request: 0.000027 seconds.
  path: Assets/World/Environment/Prefabs/Building3/ChairBackRest_low001.prefab
  artifactKey: Guid(d8b623e6ccf26b04e80a3079989d5fd0) Importer(815301076,1909f56bfc062723c751e8b465ee728b)
Start importing Assets/World/Environment/Prefabs/Building3/ChairBackRest_low001.prefab using Guid(d8b623e6ccf26b04e80a3079989d5fd0) Importer(815301076,1909f56bfc062723c751e8b465ee728b) (PreviewImporter) -> (artifact id: '9fd479a8a2a20b46d73125ce7f6f596d') in 0.0181362 seconds
Number of updated asset objects reloaded before import = 0Number of asset objects unloaded after import = 13

========================================================================
Received Import Request.
  Time since last request: 0.000037 seconds.
  path: Assets/World/Environment/Prefabs/Building3/BullHornsBack_low.prefab
  artifactKey: Guid(f9d13952174b94e4eb630273bfcf4368) Importer(815301076,1909f56bfc062723c751e8b465ee728b)
Start importing Assets/World/Environment/Prefabs/Building3/BullHornsBack_low.prefab using Guid(f9d13952174b94e4eb630273bfcf4368) Importer(815301076,1909f56bfc062723c751e8b465ee728b) (PreviewImporter) -> (artifact id: '58c4a231f103d28915cb1a631a51cedc') in 0.0171513 seconds
Number of updated asset objects reloaded before import = 0Number of asset objects unloaded after import = 13

========================================================================
Received Import Request.
  Time since last request: 0.000030 seconds.
  path: Assets/World/Environment/Prefabs/Building3/Bar_low001.prefab
  artifactKey: Guid(3d66e2e47b6d4e440bdaa7ea5d953621) Importer(815301076,1909f56bfc062723c751e8b465ee728b)
Start importing Assets/World/Environment/Prefabs/Building3/Bar_low001.prefab using Guid(3d66e2e47b6d4e440bdaa7ea5d953621) Importer(815301076,1909f56bfc062723c751e8b465ee728b) (PreviewImporter) -> (artifact id: 'a22b4f07d7f43d93a6c12fbf1ea30d07') in 0.0166833 seconds
Number of updated asset objects reloaded before import = 0Number of asset objects unloaded after import = 14

========================================================================
Received Import Request.
  Time since last request: 0.000032 seconds.
  path: Assets/World/Environment/Prefabs/Building3/ChairBackRest_low005.prefab
  artifactKey: Guid(d370d64ca49105a409c6b1f5595bc988) Importer(815301076,1909f56bfc062723c751e8b465ee728b)
Start importing Assets/World/Environment/Prefabs/Building3/ChairBackRest_low005.prefab using Guid(d370d64ca49105a409c6b1f5595bc988) Importer(815301076,1909f56bfc062723c751e8b465ee728b) (PreviewImporter) -> (artifact id: 'e1ffd8a26ecfdc032b4db60f16ea2eb0') in 0.0146408 seconds
Number of updated asset objects reloaded before import = 0Number of asset objects unloaded after import = 13

========================================================================
Received Import Request.
  Time since last request: 0.000043 seconds.
  path: Assets/World/Environment/Prefabs/Building3/AlcoholBottle008_low002.prefab
  artifactKey: Guid(edfb6a2cf0615a748896b1b3aea2f82a) Importer(815301076,1909f56bfc062723c751e8b465ee728b)
Start importing Assets/World/Environment/Prefabs/Building3/AlcoholBottle008_low002.prefab using Guid(edfb6a2cf0615a748896b1b3aea2f82a) Importer(815301076,1909f56bfc062723c751e8b465ee728b) (PreviewImporter) -> (artifact id: 'a6d8b00f73fe18343dcfca3f493b388a') in 0.0102746 seconds
Number of updated asset objects reloaded before import = 0Number of asset objects unloaded after import = 10

========================================================================
Received Import Request.
  Time since last request: 0.000039 seconds.
  path: Assets/World/Environment/Prefabs/Building3/ChairBackRest_low007.prefab
  artifactKey: Guid(97a79d2c78499ea4794421466f8c3845) Importer(815301076,1909f56bfc062723c751e8b465ee728b)
Start importing Assets/World/Environment/Prefabs/Building3/ChairBackRest_low007.prefab using Guid(97a79d2c78499ea4794421466f8c3845) Importer(815301076,1909f56bfc062723c751e8b465ee728b) (PreviewImporter) -> (artifact id: '3767590a3584f9638e857a48fd73e7a7') in 0.0175535 seconds
Number of updated asset objects reloaded before import = 0Number of asset objects unloaded after import = 13

========================================================================
Received Import Request.
  Time since last request: 0.000045 seconds.
  path: Assets/World/Environment/Prefabs/Building3/AlcoholBottle008_low004.prefab
  artifactKey: Guid(7b3de33745a536e468fd7a0067932d64) Importer(815301076,1909f56bfc062723c751e8b465ee728b)
Start importing Assets/World/Environment/Prefabs/Building3/AlcoholBottle008_low004.prefab using Guid(7b3de33745a536e468fd7a0067932d64) Importer(815301076,1909f56bfc062723c751e8b465ee728b) (PreviewImporter) -> (artifact id: '5d2355cc36f731ebdf5087858d321a45') in 0.0109607 seconds
Number of updated asset objects reloaded before import = 0Number of asset objects unloaded after import = 10

========================================================================
Received Import Request.
  Time since last request: 0.000025 seconds.
  path: Assets/World/Environment/Prefabs/Building3/AlcoholBottle010_low.prefab
  artifactKey: Guid(f8861a88f78577b40a07c80d5415d273) Importer(815301076,1909f56bfc062723c751e8b465ee728b)
Start importing Assets/World/Environment/Prefabs/Building3/AlcoholBottle010_low.prefab using Guid(f8861a88f78577b40a07c80d5415d273) Importer(815301076,1909f56bfc062723c751e8b465ee728b) (PreviewImporter) -> (artifact id: '29cbf1a36c0d36c0909a9fc10c8d2c7b') in 0.0093064 seconds
Number of updated asset objects reloaded before import = 0Number of asset objects unloaded after import = 10

========================================================================
Received Import Request.
  Time since last request: 0.000025 seconds.
  path: Assets/World/Environment/Prefabs/Building3/AlcoholBottle008_low005.prefab
  artifactKey: Guid(d9a3465e6e6e7784d8d15f0890372620) Importer(815301076,1909f56bfc062723c751e8b465ee728b)
Start importing Assets/World/Environment/Prefabs/Building3/AlcoholBottle008_low005.prefab using Guid(d9a3465e6e6e7784d8d15f0890372620) Importer(815301076,1909f56bfc062723c751e8b465ee728b) (PreviewImporter) -> (artifact id: '1b3a5cb648e09864eee7a2c71f319aa5') in 0.010691 seconds
Number of updated asset objects reloaded before import = 0Number of asset objects unloaded after import = 10

========================================================================
Received Import Request.
  Time since last request: 0.000026 seconds.
  path: Assets/World/Environment/Prefabs/Building3/ChairLegs_low006.prefab
  artifactKey: Guid(e192218de29ef0b4f9168cfbfd5c966f) Importer(815301076,1909f56bfc062723c751e8b465ee728b)
Start importing Assets/World/Environment/Prefabs/Building3/ChairLegs_low006.prefab using Guid(e192218de29ef0b4f9168cfbfd5c966f) Importer(815301076,1909f56bfc062723c751e8b465ee728b) (PreviewImporter) -> (artifact id: '77d6de97c4bd785698432b737c33dd5b') in 0.0154115 seconds
Number of updated asset objects reloaded before import = 0Number of asset objects unloaded after import = 13

========================================================================
Received Import Request.
  Time since last request: 0.000061 seconds.
  path: Assets/World/Environment/Prefabs/Building3/AlcoholBottle008_low003.prefab
  artifactKey: Guid(956f6652c3c8dd74eb24319d9a7079e2) Importer(815301076,1909f56bfc062723c751e8b465ee728b)
Start importing Assets/World/Environment/Prefabs/Building3/AlcoholBottle008_low003.prefab using Guid(956f6652c3c8dd74eb24319d9a7079e2) Importer(815301076,1909f56bfc062723c751e8b465ee728b) (PreviewImporter) -> (artifact id: '3838bcda83bfd6e98d150330a70306c2') in 0.011271 seconds
Number of updated asset objects reloaded before import = 0Number of asset objects unloaded after import = 10

========================================================================
Received Import Request.
  Time since last request: 0.000026 seconds.
  path: Assets/World/Environment/Prefabs/Building3/BarStool_low.prefab
  artifactKey: Guid(76cc46f127bc0ed4688bacfc4c599b20) Importer(815301076,1909f56bfc062723c751e8b465ee728b)
Start importing Assets/World/Environment/Prefabs/Building3/BarStool_low.prefab using Guid(76cc46f127bc0ed4688bacfc4c599b20) Importer(815301076,1909f56bfc062723c751e8b465ee728b) (PreviewImporter) -> (artifact id: '6dc85594ba0ea1b8efc716fe3638ee7b') in 0.0167768 seconds
Number of updated asset objects reloaded before import = 0Number of asset objects unloaded after import = 14

========================================================================
Received Import Request.
  Time since last request: 13.935224 seconds.
  path: Assets/World/Environment/Prefabs/Building3/ChairFeetRests_low006.prefab
  artifactKey: Guid(3e181addd3661194ebd26d013ca17930) Importer(815301076,1909f56bfc062723c751e8b465ee728b)
Start importing Assets/World/Environment/Prefabs/Building3/ChairFeetRests_low006.prefab using Guid(3e181addd3661194ebd26d013ca17930) Importer(815301076,1909f56bfc062723c751e8b465ee728b) (PreviewImporter) -> (artifact id: 'd47035b29bc6d1124871aaa2954fc091') in 0.0443535 seconds
Number of updated asset objects reloaded before import = 0Number of asset objects unloaded after import = 13

========================================================================
Received Import Request.
  Time since last request: 0.000024 seconds.
  path: Assets/World/Environment/Prefabs/Building3/ChairLegs_low005.prefab
  artifactKey: Guid(9dfc04f2daacdb640a636d63e9e186ae) Importer(815301076,1909f56bfc062723c751e8b465ee728b)
Start importing Assets/World/Environment/Prefabs/Building3/ChairLegs_low005.prefab using Guid(9dfc04f2daacdb640a636d63e9e186ae) Importer(815301076,1909f56bfc062723c751e8b465ee728b) (PreviewImporter) -> (artifact id: '010319f069dbf4286d1e044ef727a868') in 0.018098 seconds
Number of updated asset objects reloaded before import = 0Number of asset objects unloaded after import = 13

========================================================================
Received Import Request.
  Time since last request: 0.000026 seconds.
  path: Assets/World/Environment/Prefabs/Building3/ChairLegs_low.prefab
  artifactKey: Guid(3fee631ad668127478c124225bb6cab6) Importer(815301076,1909f56bfc062723c751e8b465ee728b)
Start importing Assets/World/Environment/Prefabs/Building3/ChairLegs_low.prefab using Guid(3fee631ad668127478c124225bb6cab6) Importer(815301076,1909f56bfc062723c751e8b465ee728b) (PreviewImporter) -> (artifact id: '22cdb6ddec51d503214820e8f7b5a2f8') in 0.0143111 seconds
Number of updated asset objects reloaded before import = 0Number of asset objects unloaded after import = 13

========================================================================
Received Import Request.
  Time since last request: 0.000036 seconds.
  path: Assets/World/Environment/Prefabs/Building3/ChairLegs_low008.prefab
  artifactKey: Guid(65906b61de18ff748bef9a3aa7a35314) Importer(815301076,1909f56bfc062723c751e8b465ee728b)
Start importing Assets/World/Environment/Prefabs/Building3/ChairLegs_low008.prefab using Guid(65906b61de18ff748bef9a3aa7a35314) Importer(815301076,1909f56bfc062723c751e8b465ee728b) (PreviewImporter) -> (artifact id: '13facc10f0bc3cc841bea4da44722ddd') in 0.0123486 seconds
Number of updated asset objects reloaded before import = 0Number of asset objects unloaded after import = 13

========================================================================
Received Import Request.
  Time since last request: 0.063414 seconds.
  path: Assets/World/Environment/Prefabs/Building3/OilLampHandle_low.prefab
  artifactKey: Guid(7041acea8cbeca844a1a7c49e6911447) Importer(2089858483,b0f066a214c2f5e87bad3c948f4d605d)
Start importing Assets/World/Environment/Prefabs/Building3/OilLampHandle_low.prefab using Guid(7041acea8cbeca844a1a7c49e6911447) Importer(2089858483,b0f066a214c2f5e87bad3c948f4d605d) (ScriptedImporter) -> (artifact id: '37bd683d007bb1bb2ec291c9aab75ad6') in 0.0138547 seconds
Number of updated asset objects reloaded before import = 0Number of asset objects unloaded after import = 8

========================================================================
Received Import Request.
  Time since last request: 0.000022 seconds.
  path: Assets/World/Environment/Prefabs/Building3/BullHornsRope_low.prefab
  artifactKey: Guid(914c29fc22381f54e90974749a6270ef) Importer(2089858483,b0f066a214c2f5e87bad3c948f4d605d)
Start importing Assets/World/Environment/Prefabs/Building3/BullHornsRope_low.prefab using Guid(914c29fc22381f54e90974749a6270ef) Importer(2089858483,b0f066a214c2f5e87bad3c948f4d605d) (ScriptedImporter) -> (artifact id: 'de92c2eb2aaa5a8234114d0733c569d8') in 0.0100421 seconds
Number of updated asset objects reloaded before import = 0Number of asset objects unloaded after import = 8

========================================================================
Received Import Request.
  Time since last request: 0.000025 seconds.
  path: Assets/World/Environment/Prefabs/Building3/WantedBoard_low.prefab
  artifactKey: Guid(28066b5e4ef08e24ea4098184200147f) Importer(2089858483,b0f066a214c2f5e87bad3c948f4d605d)
Start importing Assets/World/Environment/Prefabs/Building3/WantedBoard_low.prefab using Guid(28066b5e4ef08e24ea4098184200147f) Importer(2089858483,b0f066a214c2f5e87bad3c948f4d605d) (ScriptedImporter) -> (artifact id: '752468a4bb96863e07f36638bf3d8963') in 0.0096829 seconds
Number of updated asset objects reloaded before import = 0Number of asset objects unloaded after import = 8

========================================================================
Received Import Request.
  Time since last request: 0.000043 seconds.
  path: Assets/World/Environment/Prefabs/Building3/ChairBackRest_low008.prefab
  artifactKey: Guid(8a338bdaa66cb3d4a829fbc76bcdf49c) Importer(2089858483,b0f066a214c2f5e87bad3c948f4d605d)
Start importing Assets/World/Environment/Prefabs/Building3/ChairBackRest_low008.prefab using Guid(8a338bdaa66cb3d4a829fbc76bcdf49c) Importer(2089858483,b0f066a214c2f5e87bad3c948f4d605d) (ScriptedImporter) -> (artifact id: 'ce0d135a8664bc0d6f69bdceb5af3741') in 0.0087628 seconds
Number of updated asset objects reloaded before import = 0Number of asset objects unloaded after import = 8

========================================================================
Received Import Request.
  Time since last request: 0.000023 seconds.
  path: Assets/World/Environment/Prefabs/Building3/Crate_low.prefab
  artifactKey: Guid(cecb213864af1d048b09d1267f3637dc) Importer(2089858483,b0f066a214c2f5e87bad3c948f4d605d)
Start importing Assets/World/Environment/Prefabs/Building3/Crate_low.prefab using Guid(cecb213864af1d048b09d1267f3637dc) Importer(2089858483,b0f066a214c2f5e87bad3c948f4d605d) (ScriptedImporter) -> (artifact id: '1baf9f6b7de672d3f90513e9e3b788c5') in 0.0081189 seconds
Number of updated asset objects reloaded before import = 0Number of asset objects unloaded after import = 8

========================================================================
Received Import Request.
  Time since last request: 0.000022 seconds.
  path: Assets/World/Environment/Prefabs/Building3/ChairSeat_low001.prefab
  artifactKey: Guid(a450c58392f1c264db117c58630f3893) Importer(2089858483,b0f066a214c2f5e87bad3c948f4d605d)
Start importing Assets/World/Environment/Prefabs/Building3/ChairSeat_low001.prefab using Guid(a450c58392f1c264db117c58630f3893) Importer(2089858483,b0f066a214c2f5e87bad3c948f4d605d) (ScriptedImporter) -> (artifact id: '9b43d585c6c34af3f85508b4a789fd40') in 0.0074213 seconds
Number of updated asset objects reloaded before import = 0Number of asset objects unloaded after import = 8

========================================================================
Received Import Request.
  Time since last request: 0.000024 seconds.
  path: Assets/World/Environment/Prefabs/Building3/Moonshine004_low001.prefab
  artifactKey: Guid(7c19a57bc01e7354a9b61cdcb95893c3) Importer(2089858483,b0f066a214c2f5e87bad3c948f4d605d)
Start importing Assets/World/Environment/Prefabs/Building3/Moonshine004_low001.prefab using Guid(7c19a57bc01e7354a9b61cdcb95893c3) Importer(2089858483,b0f066a214c2f5e87bad3c948f4d605d) (ScriptedImporter) -> (artifact id: '634d3339db5984a528ac90c11cefc8ad') in 0.0085566 seconds
Number of updated asset objects reloaded before import = 0Number of asset objects unloaded after import = 8

========================================================================
Received Import Request.
  Time since last request: 0.000028 seconds.
  path: Assets/World/Environment/Prefabs/Building3/ChairFeetRests_low007.prefab
  artifactKey: Guid(d7db31c3854123946bbb1add31468e60) Importer(2089858483,b0f066a214c2f5e87bad3c948f4d605d)
Start importing Assets/World/Environment/Prefabs/Building3/ChairFeetRests_low007.prefab using Guid(d7db31c3854123946bbb1add31468e60) Importer(2089858483,b0f066a214c2f5e87bad3c948f4d605d) (ScriptedImporter) -> (artifact id: 'dd5bdb8dd43c5a442f7a9899defb2e66') in 0.0086799 seconds
Number of updated asset objects reloaded before import = 0Number of asset objects unloaded after import = 8

========================================================================
Received Import Request.
  Time since last request: 0.000042 seconds.
  path: Assets/World/Environment/Prefabs/Building3/ChairSeat_low006.prefab
  artifactKey: Guid(6cde37a85d3aa8a4abda2c836e42a135) Importer(2089858483,b0f066a214c2f5e87bad3c948f4d605d)
Start importing Assets/World/Environment/Prefabs/Building3/ChairSeat_low006.prefab using Guid(6cde37a85d3aa8a4abda2c836e42a135) Importer(2089858483,b0f066a214c2f5e87bad3c948f4d605d) (ScriptedImporter) -> (artifact id: 'c8fcec2c206a671f3ff9a26ce919b8f0') in 0.008199 seconds
Number of updated asset objects reloaded before import = 0Number of asset objects unloaded after import = 8

========================================================================
Received Import Request.
  Time since last request: 0.000023 seconds.
  path: Assets/World/Environment/Prefabs/Building3/RoundGlass_low007.prefab
  artifactKey: Guid(8db22c5816700834ab468340aa7edab1) Importer(2089858483,b0f066a214c2f5e87bad3c948f4d605d)
Start importing Assets/World/Environment/Prefabs/Building3/RoundGlass_low007.prefab using Guid(8db22c5816700834ab468340aa7edab1) Importer(2089858483,b0f066a214c2f5e87bad3c948f4d605d) (ScriptedImporter) -> (artifact id: 'a95f201b001df314a880a315c7cc92b8') in 0.0091699 seconds
Number of updated asset objects reloaded before import = 0Number of asset objects unloaded after import = 8

========================================================================
Received Import Request.
  Time since last request: 0.000025 seconds.
  path: Assets/World/Environment/Prefabs/Building3/CandleHolderHandle_low.prefab
  artifactKey: Guid(3e95ae19539bec845a722e7afb97c831) Importer(2089858483,b0f066a214c2f5e87bad3c948f4d605d)
Start importing Assets/World/Environment/Prefabs/Building3/CandleHolderHandle_low.prefab using Guid(3e95ae19539bec845a722e7afb97c831) Importer(2089858483,b0f066a214c2f5e87bad3c948f4d605d) (ScriptedImporter) -> (artifact id: '2bba6aec73adf34eb72d81b74e9cde6e') in 0.0163134 seconds
Number of updated asset objects reloaded before import = 0Number of asset objects unloaded after import = 8

========================================================================
Received Import Request.
  Time since last request: 0.000026 seconds.
  path: Assets/World/Environment/Prefabs/Building3/BarStool_low.prefab
  artifactKey: Guid(76cc46f127bc0ed4688bacfc4c599b20) Importer(2089858483,b0f066a214c2f5e87bad3c948f4d605d)
Start importing Assets/World/Environment/Prefabs/Building3/BarStool_low.prefab using Guid(76cc46f127bc0ed4688bacfc4c599b20) Importer(2089858483,b0f066a214c2f5e87bad3c948f4d605d) (ScriptedImporter) -> (artifact id: 'a4d57b33e03d6b91c94e169d5b0d1042') in 0.0104192 seconds
Number of updated asset objects reloaded before import = 0Number of asset objects unloaded after import = 8

========================================================================
Received Import Request.
  Time since last request: 0.000034 seconds.
  path: Assets/World/Environment/Prefabs/Building3/ChairFeetRests_low005.prefab
  artifactKey: Guid(fae630c1bd52a8841a4fc907bf8af2c7) Importer(2089858483,b0f066a214c2f5e87bad3c948f4d605d)
Start importing Assets/World/Environment/Prefabs/Building3/ChairFeetRests_low005.prefab using Guid(fae630c1bd52a8841a4fc907bf8af2c7) Importer(2089858483,b0f066a214c2f5e87bad3c948f4d605d) (ScriptedImporter) -> (artifact id: '71329266a9bf17b0243a308d9ff45495') in 0.0105132 seconds
Number of updated asset objects reloaded before import = 0Number of asset objects unloaded after import = 8

========================================================================
Received Import Request.
  Time since last request: 0.000040 seconds.
  path: Assets/World/Environment/Prefabs/Building3/WhiskyGlass_low004.prefab
  artifactKey: Guid(49088701f08a69041883468fadbcbd5c) Importer(2089858483,b0f066a214c2f5e87bad3c948f4d605d)
Start importing Assets/World/Environment/Prefabs/Building3/WhiskyGlass_low004.prefab using Guid(49088701f08a69041883468fadbcbd5c) Importer(2089858483,b0f066a214c2f5e87bad3c948f4d605d) (ScriptedImporter) -> (artifact id: '70b360c0fd7e07ac70f8d8e9e7314356') in 0.0084295 seconds
Number of updated asset objects reloaded before import = 0Number of asset objects unloaded after import = 8

========================================================================
Received Import Request.
  Time since last request: 0.000030 seconds.
  path: Assets/World/Environment/Prefabs/Building3/SheriffHat_low.prefab
  artifactKey: Guid(84211330230472140aaa8ad75cbbec1c) Importer(2089858483,b0f066a214c2f5e87bad3c948f4d605d)
Start importing Assets/World/Environment/Prefabs/Building3/SheriffHat_low.prefab using Guid(84211330230472140aaa8ad75cbbec1c) Importer(2089858483,b0f066a214c2f5e87bad3c948f4d605d) (ScriptedImporter) -> (artifact id: '00fc0d421856f7106fe107141cbaaa22') in 0.0090399 seconds
Number of updated asset objects reloaded before import = 0Number of asset objects unloaded after import = 8

========================================================================
Received Import Request.
  Time since last request: 0.000025 seconds.
  path: Assets/World/Environment/Prefabs/Building3/BarStool_low005.prefab
  artifactKey: Guid(b9987290105e7e3419a9fc596bc61d1b) Importer(2089858483,b0f066a214c2f5e87bad3c948f4d605d)
Start importing Assets/World/Environment/Prefabs/Building3/BarStool_low005.prefab using Guid(b9987290105e7e3419a9fc596bc61d1b) Importer(2089858483,b0f066a214c2f5e87bad3c948f4d605d) (ScriptedImporter) -> (artifact id: '41e1feecab765c3e636bcde2f6667716') in 0.0083426 seconds
Number of updated asset objects reloaded before import = 0Number of asset objects unloaded after import = 8

========================================================================
Received Import Request.
  Time since last request: 0.000029 seconds.
  path: Assets/World/Environment/Prefabs/Building3/WhiskyGlass_low001.prefab
  artifactKey: Guid(4237d010826302a4b8646ee699ce433f) Importer(2089858483,b0f066a214c2f5e87bad3c948f4d605d)
Start importing Assets/World/Environment/Prefabs/Building3/WhiskyGlass_low001.prefab using Guid(4237d010826302a4b8646ee699ce433f) Importer(2089858483,b0f066a214c2f5e87bad3c948f4d605d) (ScriptedImporter) -> (artifact id: 'f693a23e231d97f44c6abb095001d28b') in 0.0092606 seconds
Number of updated asset objects reloaded before import = 0Number of asset objects unloaded after import = 8

========================================================================
Received Import Request.
  Time since last request: 0.000031 seconds.
  path: Assets/World/Environment/Prefabs/Building3/ChairLegs_low001.prefab
  artifactKey: Guid(65c274f9691aa5b40a34373a12f06032) Importer(2089858483,b0f066a214c2f5e87bad3c948f4d605d)
Start importing Assets/World/Environment/Prefabs/Building3/ChairLegs_low001.prefab using Guid(65c274f9691aa5b40a34373a12f06032) Importer(2089858483,b0f066a214c2f5e87bad3c948f4d605d) (ScriptedImporter) -> (artifact id: 'df00aa22788e8097a58b109c44e9ce81') in 0.0094444 seconds
Number of updated asset objects reloaded before import = 0Number of asset objects unloaded after import = 8

========================================================================
Received Import Request.
  Time since last request: 0.000031 seconds.
  path: Assets/World/Environment/Prefabs/Building3/BarStool_low004.prefab
  artifactKey: Guid(d1340d918182e304db39a12043ea5fcc) Importer(2089858483,b0f066a214c2f5e87bad3c948f4d605d)
Start importing Assets/World/Environment/Prefabs/Building3/BarStool_low004.prefab using Guid(d1340d918182e304db39a12043ea5fcc) Importer(2089858483,b0f066a214c2f5e87bad3c948f4d605d) (ScriptedImporter) -> (artifact id: 'c8ed41fa64707d8867eaf9acd9f62ab8') in 0.0092206 seconds
Number of updated asset objects reloaded before import = 0Number of asset objects unloaded after import = 8

========================================================================
Received Import Request.
  Time since last request: 0.000029 seconds.
  path: Assets/World/Environment/Prefabs/Building3/ChairBackRest_low005.prefab
  artifactKey: Guid(d370d64ca49105a409c6b1f5595bc988) Importer(2089858483,b0f066a214c2f5e87bad3c948f4d605d)
Start importing Assets/World/Environment/Prefabs/Building3/ChairBackRest_low005.prefab using Guid(d370d64ca49105a409c6b1f5595bc988) Importer(2089858483,b0f066a214c2f5e87bad3c948f4d605d) (ScriptedImporter) -> (artifact id: '4617ae1e40fe741a2ede88f86bb4986a') in 0.0102872 seconds
Number of updated asset objects reloaded before import = 0Number of asset objects unloaded after import = 8

========================================================================
Received Import Request.
  Time since last request: 0.000024 seconds.
  path: Assets/World/Environment/Prefabs/Building3/WantedPoster011.prefab
  artifactKey: Guid(49b9ddad84fe6174da7a97cf195c6054) Importer(2089858483,b0f066a214c2f5e87bad3c948f4d605d)
Start importing Assets/World/Environment/Prefabs/Building3/WantedPoster011.prefab using Guid(49b9ddad84fe6174da7a97cf195c6054) Importer(2089858483,b0f066a214c2f5e87bad3c948f4d605d) (ScriptedImporter) -> (artifact id: '8a955f0097520feae343b7fefa98481b') in 0.0087428 seconds
Number of updated asset objects reloaded before import = 0Number of asset objects unloaded after import = 8

========================================================================
Received Import Request.
  Time since last request: 0.000025 seconds.
  path: Assets/World/Environment/Prefabs/Building3/ChairSeat_low004.prefab
  artifactKey: Guid(38f0bc6c9ad09b3419ca0bf59412fca5) Importer(2089858483,b0f066a214c2f5e87bad3c948f4d605d)
Start importing Assets/World/Environment/Prefabs/Building3/ChairSeat_low004.prefab using Guid(38f0bc6c9ad09b3419ca0bf59412fca5) Importer(2089858483,b0f066a214c2f5e87bad3c948f4d605d) (ScriptedImporter) -> (artifact id: '1206ede868f2ba8a0f80f092e91049b9') in 0.0085973 seconds
Number of updated asset objects reloaded before import = 0Number of asset objects unloaded after import = 8

========================================================================
Received Import Request.
  Time since last request: 0.000037 seconds.
  path: Assets/World/Environment/Prefabs/Building3/Shelf_low001.prefab
  artifactKey: Guid(7f4e38396d04b894b922d5de604279c6) Importer(2089858483,b0f066a214c2f5e87bad3c948f4d605d)
Start importing Assets/World/Environment/Prefabs/Building3/Shelf_low001.prefab using Guid(7f4e38396d04b894b922d5de604279c6) Importer(2089858483,b0f066a214c2f5e87bad3c948f4d605d) (ScriptedImporter) -> (artifact id: '6a7fae607a4bbf92ef987c6825cac538') in 0.0079648 seconds
Number of updated asset objects reloaded before import = 0Number of asset objects unloaded after import = 8

========================================================================
Received Import Request.
  Time since last request: 0.000023 seconds.
  path: Assets/World/Environment/Prefabs/Building3/AlcoholBottle008_low.prefab
  artifactKey: Guid(948e692c2961a8f46a4046f9b2d1342c) Importer(2089858483,b0f066a214c2f5e87bad3c948f4d605d)
Start importing Assets/World/Environment/Prefabs/Building3/AlcoholBottle008_low.prefab using Guid(948e692c2961a8f46a4046f9b2d1342c) Importer(2089858483,b0f066a214c2f5e87bad3c948f4d605d) (ScriptedImporter) -> (artifact id: '84b5f4f62a4412f113436cab4846c971') in 0.0085149 seconds
Number of updated asset objects reloaded before import = 0Number of asset objects unloaded after import = 8

========================================================================
Received Import Request.
  Time since last request: 0.000025 seconds.
  path: Assets/World/Environment/Prefabs/Building3/ChairLegs_low007.prefab
  artifactKey: Guid(47093a4eb6e91eb40bb0b8c5ce551157) Importer(2089858483,b0f066a214c2f5e87bad3c948f4d605d)
Start importing Assets/World/Environment/Prefabs/Building3/ChairLegs_low007.prefab using Guid(47093a4eb6e91eb40bb0b8c5ce551157) Importer(2089858483,b0f066a214c2f5e87bad3c948f4d605d) (ScriptedImporter) -> (artifact id: 'ea305775ce1124cbe00a0e65ddd5dcf6') in 0.0084504 seconds
Number of updated asset objects reloaded before import = 0Number of asset objects unloaded after import = 8

========================================================================
Received Import Request.
  Time since last request: 0.000027 seconds.
  path: Assets/World/Environment/Prefabs/Building3/AlcoholBottle008_low006.prefab
  artifactKey: Guid(d8556921891b9e54b815ce59941e8fa1) Importer(2089858483,b0f066a214c2f5e87bad3c948f4d605d)
Start importing Assets/World/Environment/Prefabs/Building3/AlcoholBottle008_low006.prefab using Guid(d8556921891b9e54b815ce59941e8fa1) Importer(2089858483,b0f066a214c2f5e87bad3c948f4d605d) (ScriptedImporter) -> (artifact id: 'bbc1a90eebbbd4906763a113fb2ff21c') in 0.0074789 seconds
Number of updated asset objects reloaded before import = 0Number of asset objects unloaded after import = 8

========================================================================
Received Import Request.
  Time since last request: 0.000027 seconds.
  path: Assets/World/Environment/Prefabs/Building3/ChairSeat_low.prefab
  artifactKey: Guid(7796a94b5bcfbca4faadaa1a8fa8c7fa) Importer(2089858483,b0f066a214c2f5e87bad3c948f4d605d)
Start importing Assets/World/Environment/Prefabs/Building3/ChairSeat_low.prefab using Guid(7796a94b5bcfbca4faadaa1a8fa8c7fa) Importer(2089858483,b0f066a214c2f5e87bad3c948f4d605d) (ScriptedImporter) -> (artifact id: 'b7071ed3d8736e70b5c7ef360d4e65dd') in 0.008747 seconds
Number of updated asset objects reloaded before import = 0Number of asset objects unloaded after import = 8

========================================================================
Received Import Request.
  Time since last request: 0.000034 seconds.
  path: Assets/World/Environment/Prefabs/Building3/AlcoholBottle008_low005.prefab
  artifactKey: Guid(d9a3465e6e6e7784d8d15f0890372620) Importer(2089858483,b0f066a214c2f5e87bad3c948f4d605d)
Start importing Assets/World/Environment/Prefabs/Building3/AlcoholBottle008_low005.prefab using Guid(d9a3465e6e6e7784d8d15f0890372620) Importer(2089858483,b0f066a214c2f5e87bad3c948f4d605d) (ScriptedImporter) -> (artifact id: '8e0092663c14960c2a198bb45fb6309e') in 0.0083582 seconds
Number of updated asset objects reloaded before import = 0Number of asset objects unloaded after import = 8

========================================================================
Received Import Request.
  Time since last request: 0.000030 seconds.
  path: Assets/World/Environment/Prefabs/Building3/ChairBackRest_low.prefab
  artifactKey: Guid(030aa3879a808a245ae47347199cc4e3) Importer(2089858483,b0f066a214c2f5e87bad3c948f4d605d)
Start importing Assets/World/Environment/Prefabs/Building3/ChairBackRest_low.prefab using Guid(030aa3879a808a245ae47347199cc4e3) Importer(2089858483,b0f066a214c2f5e87bad3c948f4d605d) (ScriptedImporter) -> (artifact id: '20f7944a714b83dce7a746d42b5d5082') in 0.0089665 seconds
Number of updated asset objects reloaded before import = 0Number of asset objects unloaded after import = 8

========================================================================
Received Import Request.
  Time since last request: 1.876227 seconds.
  path: Assets/World/Environment/Prefabs/Building3/ChairBackRest_low002.prefab
  artifactKey: Guid(a59e94be4c338d54a97ddcc8e0f76ca1) Importer(815301076,1909f56bfc062723c751e8b465ee728b)
Start importing Assets/World/Environment/Prefabs/Building3/ChairBackRest_low002.prefab using Guid(a59e94be4c338d54a97ddcc8e0f76ca1) Importer(815301076,1909f56bfc062723c751e8b465ee728b) (PreviewImporter) -> (artifact id: '411cbbfaafe26117e0ac1812b001035f') in 0.0223963 seconds
Number of updated asset objects reloaded before import = 0Number of asset objects unloaded after import = 13

========================================================================
Received Import Request.
  Time since last request: 0.000033 seconds.
  path: Assets/World/Environment/Prefabs/Building3/ChairBackRest_low006.prefab
  artifactKey: Guid(95efacef290d9124cb1b2a9fbb9839d7) Importer(815301076,1909f56bfc062723c751e8b465ee728b)
Start importing Assets/World/Environment/Prefabs/Building3/ChairBackRest_low006.prefab using Guid(95efacef290d9124cb1b2a9fbb9839d7) Importer(815301076,1909f56bfc062723c751e8b465ee728b) (PreviewImporter) -> (artifact id: '7ef6efc4b463779e0e17f52afccfacb8') in 0.0135507 seconds
Number of updated asset objects reloaded before import = 0Number of asset objects unloaded after import = 13

========================================================================
Received Import Request.
  Time since last request: 0.000039 seconds.
  path: Assets/World/Environment/Prefabs/Building3/ChairFeetRests_low002.prefab
  artifactKey: Guid(9cf4d586f84954a4fb188c5c1fd865a8) Importer(815301076,1909f56bfc062723c751e8b465ee728b)
Start importing Assets/World/Environment/Prefabs/Building3/ChairFeetRests_low002.prefab using Guid(9cf4d586f84954a4fb188c5c1fd865a8) Importer(815301076,1909f56bfc062723c751e8b465ee728b) (PreviewImporter) -> (artifact id: 'bbc09131acf16f1b316373c7b148ea6a') in 0.015266 seconds
Number of updated asset objects reloaded before import = 0Number of asset objects unloaded after import = 13

========================================================================
Received Import Request.
  Time since last request: 7.871557 seconds.
  path: Assets/World/Environment/Prefabs/Building3/BarStool_low002.prefab
  artifactKey: Guid(c60836cd170536a479fdbc3ac5815803) Importer(815301076,1909f56bfc062723c751e8b465ee728b)
Start importing Assets/World/Environment/Prefabs/Building3/BarStool_low002.prefab using Guid(c60836cd170536a479fdbc3ac5815803) Importer(815301076,1909f56bfc062723c751e8b465ee728b) (PreviewImporter) -> (artifact id: '6486fe026aa7562e16ef82120f92fd17') in 0.013168 seconds
Number of updated asset objects reloaded before import = 0Number of asset objects unloaded after import = 14

========================================================================
Received Import Request.
  Time since last request: 0.000026 seconds.
  path: Assets/World/Environment/Prefabs/Building3/BullHornsBack_low.prefab
  artifactKey: Guid(f9d13952174b94e4eb630273bfcf4368) Importer(815301076,1909f56bfc062723c751e8b465ee728b)
Start importing Assets/World/Environment/Prefabs/Building3/BullHornsBack_low.prefab using Guid(f9d13952174b94e4eb630273bfcf4368) Importer(815301076,1909f56bfc062723c751e8b465ee728b) (PreviewImporter) -> (artifact id: 'e3fc1ecc0abced34d7f9e97ad859410e') in 0.0162334 seconds
Number of updated asset objects reloaded before import = 0Number of asset objects unloaded after import = 13

========================================================================
Received Import Request.
  Time since last request: 0.000034 seconds.
  path: Assets/World/Environment/Prefabs/Building3/AlcoholBottle008_low.prefab
  artifactKey: Guid(948e692c2961a8f46a4046f9b2d1342c) Importer(815301076,1909f56bfc062723c751e8b465ee728b)
Start importing Assets/World/Environment/Prefabs/Building3/AlcoholBottle008_low.prefab using Guid(948e692c2961a8f46a4046f9b2d1342c) Importer(815301076,1909f56bfc062723c751e8b465ee728b) (PreviewImporter) -> (artifact id: '89ffbe3811870b34855bb2b1da2c4265') in 0.0118976 seconds
Number of updated asset objects reloaded before import = 0Number of asset objects unloaded after import = 10

========================================================================
Received Import Request.
  Time since last request: 0.000030 seconds.
  path: Assets/World/Environment/Prefabs/Building3/BullHorns_low.prefab
  artifactKey: Guid(09be48a2e86e2134d8125cb36be75106) Importer(815301076,1909f56bfc062723c751e8b465ee728b)
Start importing Assets/World/Environment/Prefabs/Building3/BullHorns_low.prefab using Guid(09be48a2e86e2134d8125cb36be75106) Importer(815301076,1909f56bfc062723c751e8b465ee728b) (PreviewImporter) -> (artifact id: 'f39032c15b10dfed5afe1a8a04b9312e') in 0.0171689 seconds
Number of updated asset objects reloaded before import = 0Number of asset objects unloaded after import = 13

========================================================================
Received Import Request.
  Time since last request: 0.000028 seconds.
  path: Assets/World/Environment/Prefabs/Building3/BullHornsRope_low.prefab
  artifactKey: Guid(914c29fc22381f54e90974749a6270ef) Importer(815301076,1909f56bfc062723c751e8b465ee728b)
Start importing Assets/World/Environment/Prefabs/Building3/BullHornsRope_low.prefab using Guid(914c29fc22381f54e90974749a6270ef) Importer(815301076,1909f56bfc062723c751e8b465ee728b) (PreviewImporter) -> (artifact id: 'cadbe8d801b6b4433dfebd2e45a20162') in 0.0144549 seconds
Number of updated asset objects reloaded before import = 0Number of asset objects unloaded after import = 13

========================================================================
Received Import Request.
  Time since last request: 0.000034 seconds.
  path: Assets/World/Environment/Prefabs/Building3/AlcoholBottle008_low006.prefab
  artifactKey: Guid(d8556921891b9e54b815ce59941e8fa1) Importer(815301076,1909f56bfc062723c751e8b465ee728b)
Start importing Assets/World/Environment/Prefabs/Building3/AlcoholBottle008_low006.prefab using Guid(d8556921891b9e54b815ce59941e8fa1) Importer(815301076,1909f56bfc062723c751e8b465ee728b) (PreviewImporter) -> (artifact id: 'f4487bfe71988836aaf84fbbef06c113') in 0.0096093 seconds
Number of updated asset objects reloaded before import = 0Number of asset objects unloaded after import = 10

========================================================================
Received Import Request.
  Time since last request: 6.822452 seconds.
  path: Assets/World/Environment/Prefabs/Building3/Crate_low005.prefab
  artifactKey: Guid(0ace00d037978424497ae4593037373b) Importer(815301076,1909f56bfc062723c751e8b465ee728b)
Start importing Assets/World/Environment/Prefabs/Building3/Crate_low005.prefab using Guid(0ace00d037978424497ae4593037373b) Importer(815301076,1909f56bfc062723c751e8b465ee728b) (PreviewImporter) -> (artifact id: '9752b9260433d405c0b8582f429097ee') in 0.0120355 seconds
Number of updated asset objects reloaded before import = 0Number of asset objects unloaded after import = 10

========================================================================
Received Import Request.
  Time since last request: 0.000024 seconds.
  path: Assets/World/Environment/Prefabs/Building3/SheriffHat_low.prefab
  artifactKey: Guid(84211330230472140aaa8ad75cbbec1c) Importer(815301076,1909f56bfc062723c751e8b465ee728b)
Start importing Assets/World/Environment/Prefabs/Building3/SheriffHat_low.prefab using Guid(84211330230472140aaa8ad75cbbec1c) Importer(815301076,1909f56bfc062723c751e8b465ee728b) (PreviewImporter) -> (artifact id: 'ea93f54393452f3c535061e959413828') in 0.0134722 seconds
Number of updated asset objects reloaded before import = 0Number of asset objects unloaded after import = 13

========================================================================
Received Import Request.
  Time since last request: 0.000024 seconds.
  path: Assets/World/Environment/Prefabs/Building3/RoundGlass_low002.prefab
  artifactKey: Guid(ed866c1182296d54aa64fbcc9f50c445) Importer(815301076,1909f56bfc062723c751e8b465ee728b)
Start importing Assets/World/Environment/Prefabs/Building3/RoundGlass_low002.prefab using Guid(ed866c1182296d54aa64fbcc9f50c445) Importer(815301076,1909f56bfc062723c751e8b465ee728b) (PreviewImporter) -> (artifact id: '26b8fb535cbca66df8c6fca7e1ee6318') in 0.0105661 seconds
Number of updated asset objects reloaded before import = 0Number of asset objects unloaded after import = 10

========================================================================
Received Import Request.
  Time since last request: 0.000037 seconds.
  path: Assets/World/Environment/Prefabs/Building3/SheriffBadgeHook_low001.prefab
  artifactKey: Guid(1d5e7009fc4e6824594be2e924b78564) Importer(815301076,1909f56bfc062723c751e8b465ee728b)
Start importing Assets/World/Environment/Prefabs/Building3/SheriffBadgeHook_low001.prefab using Guid(1d5e7009fc4e6824594be2e924b78564) Importer(815301076,1909f56bfc062723c751e8b465ee728b) (PreviewImporter) -> (artifact id: '981e03dbcd35604934fb0206f2e41541') in 0.01494 seconds
Number of updated asset objects reloaded before import = 0Number of asset objects unloaded after import = 13

========================================================================
Received Import Request.
  Time since last request: 0.000025 seconds.
  path: Assets/World/Environment/Prefabs/Building3/WhiskyGlass_low003.prefab
  artifactKey: Guid(21b0b2e2d1049d441b24ee8485bfdcdd) Importer(815301076,1909f56bfc062723c751e8b465ee728b)
Start importing Assets/World/Environment/Prefabs/Building3/WhiskyGlass_low003.prefab using Guid(21b0b2e2d1049d441b24ee8485bfdcdd) Importer(815301076,1909f56bfc062723c751e8b465ee728b) (PreviewImporter) -> (artifact id: '60daa4f1c7279369df0a79a9fa46f18f') in 0.0098411 seconds
Number of updated asset objects reloaded before import = 0Number of asset objects unloaded after import = 10

========================================================================
Received Import Request.
  Time since last request: 0.000032 seconds.
  path: Assets/World/Environment/Prefabs/Building3/WantedPoster010.prefab
  artifactKey: Guid(b466c63c932682741ac6b8200cddd433) Importer(815301076,1909f56bfc062723c751e8b465ee728b)
Start importing Assets/World/Environment/Prefabs/Building3/WantedPoster010.prefab using Guid(b466c63c932682741ac6b8200cddd433) Importer(815301076,1909f56bfc062723c751e8b465ee728b) (PreviewImporter) -> (artifact id: 'bf64dcb614d687f71898e4e61b29c9d3') in 0.0162884 seconds
Number of updated asset objects reloaded before import = 0Number of asset objects unloaded after import = 13

========================================================================
Received Import Request.
  Time since last request: 0.000029 seconds.
  path: Assets/World/Environment/Prefabs/Building3/StandardTable_low001.prefab
  artifactKey: Guid(08ec3713e3ce76440af60ffd5d5323f1) Importer(815301076,1909f56bfc062723c751e8b465ee728b)
Start importing Assets/World/Environment/Prefabs/Building3/StandardTable_low001.prefab using Guid(08ec3713e3ce76440af60ffd5d5323f1) Importer(815301076,1909f56bfc062723c751e8b465ee728b) (PreviewImporter) -> (artifact id: 'c2b458a69b33cbc783b2243930ea8a86') in 0.0145668 seconds
Number of updated asset objects reloaded before import = 0Number of asset objects unloaded after import = 13

========================================================================
Received Import Request.
  Time since last request: 0.000040 seconds.
  path: Assets/World/Environment/Prefabs/Building3/RoundGlass_low004.prefab
  artifactKey: Guid(9710021530fa0c34e9d9017adff1bbef) Importer(815301076,1909f56bfc062723c751e8b465ee728b)
Start importing Assets/World/Environment/Prefabs/Building3/RoundGlass_low004.prefab using Guid(9710021530fa0c34e9d9017adff1bbef) Importer(815301076,1909f56bfc062723c751e8b465ee728b) (PreviewImporter) -> (artifact id: '64e559eec0ed40d4a3dfe3b100a91892') in 0.0103158 seconds
Number of updated asset objects reloaded before import = 0Number of asset objects unloaded after import = 8

========================================================================
Received Import Request.
  Time since last request: 0.000025 seconds.
  path: Assets/World/Environment/Prefabs/Building3/WantedPoster011.prefab
  artifactKey: Guid(49b9ddad84fe6174da7a97cf195c6054) Importer(815301076,1909f56bfc062723c751e8b465ee728b)
Start importing Assets/World/Environment/Prefabs/Building3/WantedPoster011.prefab using Guid(49b9ddad84fe6174da7a97cf195c6054) Importer(815301076,1909f56bfc062723c751e8b465ee728b) (PreviewImporter) -> (artifact id: 'b1b150d99a5b9214721506b2554765cc') in 0.0161962 seconds
Number of updated asset objects reloaded before import = 0Number of asset objects unloaded after import = 13

========================================================================
Received Import Request.
  Time since last request: 0.000023 seconds.
  path: Assets/World/Environment/Prefabs/Building3/OilLampBot_low.prefab
  artifactKey: Guid(cbc293ceacc969249bf4194326c9f8f8) Importer(815301076,1909f56bfc062723c751e8b465ee728b)
Start importing Assets/World/Environment/Prefabs/Building3/OilLampBot_low.prefab using Guid(cbc293ceacc969249bf4194326c9f8f8) Importer(815301076,1909f56bfc062723c751e8b465ee728b) (PreviewImporter) -> (artifact id: '5c53fc964f0569681ee54590fb39ebee') in 0.0163246 seconds
Number of updated asset objects reloaded before import = 0Number of asset objects unloaded after import = 12

========================================================================
Received Import Request.
  Time since last request: 0.000038 seconds.
  path: Assets/World/Environment/Prefabs/Building3/WhiskyGlass_low007.prefab
  artifactKey: Guid(975e4c5b27d1050439e4048577a61118) Importer(815301076,1909f56bfc062723c751e8b465ee728b)
Start importing Assets/World/Environment/Prefabs/Building3/WhiskyGlass_low007.prefab using Guid(975e4c5b27d1050439e4048577a61118) Importer(815301076,1909f56bfc062723c751e8b465ee728b) (PreviewImporter) -> (artifact id: '50c41d3b20ec878f568b1bf7cb20330f') in 0.0104832 seconds
Number of updated asset objects reloaded before import = 0Number of asset objects unloaded after import = 10

========================================================================
Received Import Request.
  Time since last request: 0.000036 seconds.
  path: Assets/World/Environment/Prefabs/Building3/RoundGlass_low006.prefab
  artifactKey: Guid(4a19c6f0ff9db1a49956769f7bc6d25f) Importer(815301076,1909f56bfc062723c751e8b465ee728b)
Start importing Assets/World/Environment/Prefabs/Building3/RoundGlass_low006.prefab using Guid(4a19c6f0ff9db1a49956769f7bc6d25f) Importer(815301076,1909f56bfc062723c751e8b465ee728b) (PreviewImporter) -> (artifact id: 'b0a6d991ecdda58495f2b600399fff65') in 0.0104976 seconds
Number of updated asset objects reloaded before import = 0Number of asset objects unloaded after import = 10

========================================================================
Received Import Request.
  Time since last request: 0.000024 seconds.
  path: Assets/World/Environment/Prefabs/Building3/RoundGlass_low007.prefab
  artifactKey: Guid(8db22c5816700834ab468340aa7edab1) Importer(815301076,1909f56bfc062723c751e8b465ee728b)
Start importing Assets/World/Environment/Prefabs/Building3/RoundGlass_low007.prefab using Guid(8db22c5816700834ab468340aa7edab1) Importer(815301076,1909f56bfc062723c751e8b465ee728b) (PreviewImporter) -> (artifact id: '54754aedd266f64a87e4f3715fe4cdda') in 0.0092538 seconds
Number of updated asset objects reloaded before import = 0Number of asset objects unloaded after import = 10

========================================================================
Received Import Request.
  Time since last request: 0.000026 seconds.
  path: Assets/World/Environment/Prefabs/Building3/OilLampHandle_low.prefab
  artifactKey: Guid(7041acea8cbeca844a1a7c49e6911447) Importer(2089858483,b0f066a214c2f5e87bad3c948f4d605d)
Start importing Assets/World/Environment/Prefabs/Building3/OilLampHandle_low.prefab using Guid(7041acea8cbeca844a1a7c49e6911447) Importer(2089858483,b0f066a214c2f5e87bad3c948f4d605d) (ScriptedImporter) -> (artifact id: '8c964f3dfc94727274da0fa8046ded9a') in 0.0086168 seconds
Number of updated asset objects reloaded before import = 0Number of asset objects unloaded after import = 8

========================================================================
Received Import Request.
  Time since last request: 0.000025 seconds.
  path: Assets/World/Environment/Prefabs/Building3/Keg_low.prefab
  artifactKey: Guid(d506c825aeaa56249a333dfc5922ec84) Importer(2089858483,b0f066a214c2f5e87bad3c948f4d605d)
Start importing Assets/World/Environment/Prefabs/Building3/Keg_low.prefab using Guid(d506c825aeaa56249a333dfc5922ec84) Importer(2089858483,b0f066a214c2f5e87bad3c948f4d605d) (ScriptedImporter) -> (artifact id: '90a64f57afa646217ad6f5ca5d323cf6') in 0.0073549 seconds
Number of updated asset objects reloaded before import = 0Number of asset objects unloaded after import = 8

========================================================================
Received Import Request.
  Time since last request: 0.000029 seconds.
  path: Assets/World/Environment/Prefabs/Building3/Crate_low003.prefab
  artifactKey: Guid(0f14c6697d83fab43a056eec28c697e5) Importer(2089858483,b0f066a214c2f5e87bad3c948f4d605d)
Start importing Assets/World/Environment/Prefabs/Building3/Crate_low003.prefab using Guid(0f14c6697d83fab43a056eec28c697e5) Importer(2089858483,b0f066a214c2f5e87bad3c948f4d605d) (ScriptedImporter) -> (artifact id: '4c4245ee4966944474ec622ccea3005a') in 0.0085844 seconds
Number of updated asset objects reloaded before import = 0Number of asset objects unloaded after import = 8

========================================================================
Received Import Request.
  Time since last request: 0.000036 seconds.
  path: Assets/World/Environment/Prefabs/Building3/ChairFeetRests_low006.prefab
  artifactKey: Guid(3e181addd3661194ebd26d013ca17930) Importer(2089858483,b0f066a214c2f5e87bad3c948f4d605d)
Start importing Assets/World/Environment/Prefabs/Building3/ChairFeetRests_low006.prefab using Guid(3e181addd3661194ebd26d013ca17930) Importer(2089858483,b0f066a214c2f5e87bad3c948f4d605d) (ScriptedImporter) -> (artifact id: '1c1522ac1726b64508db4bb6ed850af8') in 0.0173228 seconds
Number of updated asset objects reloaded before import = 0Number of asset objects unloaded after import = 8

========================================================================
Received Import Request.
  Time since last request: 0.000025 seconds.
  path: Assets/World/Environment/Prefabs/Building3/BullHornsBack_low.prefab
  artifactKey: Guid(f9d13952174b94e4eb630273bfcf4368) Importer(2089858483,b0f066a214c2f5e87bad3c948f4d605d)
Start importing Assets/World/Environment/Prefabs/Building3/BullHornsBack_low.prefab using Guid(f9d13952174b94e4eb630273bfcf4368) Importer(2089858483,b0f066a214c2f5e87bad3c948f4d605d) (ScriptedImporter) -> (artifact id: '4dbfef2fe67422ed9ccec188453fba86') in 0.0079021 seconds
Number of updated asset objects reloaded before import = 0Number of asset objects unloaded after import = 8

========================================================================
Received Import Request.
  Time since last request: 0.000024 seconds.
  path: Assets/World/Environment/Prefabs/Building3/WhiskyGlass_low008.prefab
  artifactKey: Guid(9e39ad165df219c429f865dad660450c) Importer(2089858483,b0f066a214c2f5e87bad3c948f4d605d)
Start importing Assets/World/Environment/Prefabs/Building3/WhiskyGlass_low008.prefab using Guid(9e39ad165df219c429f865dad660450c) Importer(2089858483,b0f066a214c2f5e87bad3c948f4d605d) (ScriptedImporter) -> (artifact id: '467665ec85c65009358721db5edf36a7') in 0.0076474 seconds
Number of updated asset objects reloaded before import = 0Number of asset objects unloaded after import = 8

========================================================================
Received Import Request.
  Time since last request: 0.000025 seconds.
  path: Assets/World/Environment/Prefabs/Building3/ChairLegs_low004.prefab
  artifactKey: Guid(94721cb41bb5ba241a2bb5c8af2e94df) Importer(2089858483,b0f066a214c2f5e87bad3c948f4d605d)
Start importing Assets/World/Environment/Prefabs/Building3/ChairLegs_low004.prefab using Guid(94721cb41bb5ba241a2bb5c8af2e94df) Importer(2089858483,b0f066a214c2f5e87bad3c948f4d605d) (ScriptedImporter) -> (artifact id: '3cb0551634e909664b03e09b9b244e6a') in 0.0082481 seconds
Number of updated asset objects reloaded before import = 0Number of asset objects unloaded after import = 8

========================================================================
Received Import Request.
  Time since last request: 0.000024 seconds.
  path: Assets/World/Environment/Prefabs/Building3/ChairBackRest_low004.prefab
  artifactKey: Guid(fb9679ca7f320a54e8a8f438a04f04e3) Importer(2089858483,b0f066a214c2f5e87bad3c948f4d605d)
Start importing Assets/World/Environment/Prefabs/Building3/ChairBackRest_low004.prefab using Guid(fb9679ca7f320a54e8a8f438a04f04e3) Importer(2089858483,b0f066a214c2f5e87bad3c948f4d605d) (ScriptedImporter) -> (artifact id: '95abe63ed2a002923162822dfd887a77') in 0.0075768 seconds
Number of updated asset objects reloaded before import = 0Number of asset objects unloaded after import = 8

========================================================================
Received Import Request.
  Time since last request: 0.000031 seconds.
  path: Assets/World/Environment/Prefabs/Building3/ChairSeat_low006.prefab
  artifactKey: Guid(6cde37a85d3aa8a4abda2c836e42a135) Importer(2089858483,b0f066a214c2f5e87bad3c948f4d605d)
Start importing Assets/World/Environment/Prefabs/Building3/ChairSeat_low006.prefab using Guid(6cde37a85d3aa8a4abda2c836e42a135) Importer(2089858483,b0f066a214c2f5e87bad3c948f4d605d) (ScriptedImporter) -> (artifact id: '3a7992e2868f2248f6fd978b2726f9e7') in 0.0092576 seconds
Number of updated asset objects reloaded before import = 0Number of asset objects unloaded after import = 8

========================================================================
Received Import Request.
  Time since last request: 0.000033 seconds.
  path: Assets/World/Environment/Prefabs/Building3/ChairBackRest_low006.prefab
  artifactKey: Guid(95efacef290d9124cb1b2a9fbb9839d7) Importer(2089858483,b0f066a214c2f5e87bad3c948f4d605d)
Start importing Assets/World/Environment/Prefabs/Building3/ChairBackRest_low006.prefab using Guid(95efacef290d9124cb1b2a9fbb9839d7) Importer(2089858483,b0f066a214c2f5e87bad3c948f4d605d) (ScriptedImporter) -> (artifact id: 'eeb55c7adfab34e4111572703f7eba51') in 0.0083969 seconds
Number of updated asset objects reloaded before import = 0Number of asset objects unloaded after import = 8

========================================================================
Received Import Request.
  Time since last request: 0.000027 seconds.
  path: Assets/World/Environment/Prefabs/Building3/AlcoholBottle008_low004.prefab
  artifactKey: Guid(7b3de33745a536e468fd7a0067932d64) Importer(2089858483,b0f066a214c2f5e87bad3c948f4d605d)
Start importing Assets/World/Environment/Prefabs/Building3/AlcoholBottle008_low004.prefab using Guid(7b3de33745a536e468fd7a0067932d64) Importer(2089858483,b0f066a214c2f5e87bad3c948f4d605d) (ScriptedImporter) -> (artifact id: 'c28eaedd27fd31c047370368b11fd088') in 0.0080931 seconds
Number of updated asset objects reloaded before import = 0Number of asset objects unloaded after import = 8

========================================================================
Received Import Request.
  Time since last request: 0.000024 seconds.
  path: Assets/World/Environment/Prefabs/Building3/ChairFeetRests_low.prefab
  artifactKey: Guid(92a3c784df7a3454197fbc496388959b) Importer(2089858483,b0f066a214c2f5e87bad3c948f4d605d)
Start importing Assets/World/Environment/Prefabs/Building3/ChairFeetRests_low.prefab using Guid(92a3c784df7a3454197fbc496388959b) Importer(2089858483,b0f066a214c2f5e87bad3c948f4d605d) (ScriptedImporter) -> (artifact id: '0936f072981048d0a2754059d238c08f') in 0.0082491 seconds
Number of updated asset objects reloaded before import = 0Number of asset objects unloaded after import = 8

========================================================================
Received Import Request.
  Time since last request: 0.000198 seconds.
  path: Assets/World/Environment/Prefabs/Building3/ChairFeetRests_low005.prefab
  artifactKey: Guid(fae630c1bd52a8841a4fc907bf8af2c7) Importer(2089858483,b0f066a214c2f5e87bad3c948f4d605d)
Start importing Assets/World/Environment/Prefabs/Building3/ChairFeetRests_low005.prefab using Guid(fae630c1bd52a8841a4fc907bf8af2c7) Importer(2089858483,b0f066a214c2f5e87bad3c948f4d605d) (ScriptedImporter) -> (artifact id: '5370f570571bbc3220a142a710b41551') in 0.0078558 seconds
Number of updated asset objects reloaded before import = 0Number of asset objects unloaded after import = 8

========================================================================
Received Import Request.
  Time since last request: 0.000037 seconds.
  path: Assets/World/Environment/Prefabs/Building3/WhiskyGlass_low004.prefab
  artifactKey: Guid(49088701f08a69041883468fadbcbd5c) Importer(2089858483,b0f066a214c2f5e87bad3c948f4d605d)
Start importing Assets/World/Environment/Prefabs/Building3/WhiskyGlass_low004.prefab using Guid(49088701f08a69041883468fadbcbd5c) Importer(2089858483,b0f066a214c2f5e87bad3c948f4d605d) (ScriptedImporter) -> (artifact id: '66c8c9359cfa5c9bbb276a09661d8aed') in 0.0083632 seconds
Number of updated asset objects reloaded before import = 0Number of asset objects unloaded after import = 8

========================================================================
Received Import Request.
  Time since last request: 0.000024 seconds.
  path: Assets/World/Environment/Prefabs/Building3/ChairBackRest_low007.prefab
  artifactKey: Guid(97a79d2c78499ea4794421466f8c3845) Importer(2089858483,b0f066a214c2f5e87bad3c948f4d605d)
Start importing Assets/World/Environment/Prefabs/Building3/ChairBackRest_low007.prefab using Guid(97a79d2c78499ea4794421466f8c3845) Importer(2089858483,b0f066a214c2f5e87bad3c948f4d605d) (ScriptedImporter) -> (artifact id: '00000000000000000000000000000000') in 0.0081274 seconds
Import Error Code:(4)
Message: Build asset version error: assets/world/environment/prefabs/building3/chairbackrest_low007.prefab in SourceAssetDB has modification time of '2026-04-16T19:28:25.1112897Z' while content on disk has modification time of '2026-04-16T19:28:27.4660855Z'
  ERROR: Build asset version error: assets/world/environment/prefabs/building3/chairbackrest_low007.prefab in SourceAssetDB has modification time of '2026-04-16T19:28:25.1112897Z' while content on disk has modification time of '2026-04-16T19:28:27.4660855Z'
Number of updated asset objects reloaded before import = 0Number of asset objects unloaded after import = 2

========================================================================
Received Import Request.
  Time since last request: 0.000024 seconds.
  path: Assets/World/Environment/Prefabs/Building3/BullHorns_low.prefab
  artifactKey: Guid(09be48a2e86e2134d8125cb36be75106) Importer(2089858483,b0f066a214c2f5e87bad3c948f4d605d)
Start importing Assets/World/Environment/Prefabs/Building3/BullHorns_low.prefab using Guid(09be48a2e86e2134d8125cb36be75106) Importer(2089858483,b0f066a214c2f5e87bad3c948f4d605d) (ScriptedImporter) -> (artifact id: '65f48f51fb819251820f0d09b6c999bd') in 0.0084118 seconds
Number of updated asset objects reloaded before import = 0Number of asset objects unloaded after import = 8

========================================================================
Received Import Request.
  Time since last request: 0.342261 seconds.
  path: Assets/World/Environment/Prefabs/Building3/Crate_low005.prefab
  artifactKey: Guid(0ace00d037978424497ae4593037373b) Importer(815301076,1909f56bfc062723c751e8b465ee728b)
Start importing Assets/World/Environment/Prefabs/Building3/Crate_low005.prefab using Guid(0ace00d037978424497ae4593037373b) Importer(815301076,1909f56bfc062723c751e8b465ee728b) (PreviewImporter) -> (artifact id: '2bcbc38f7f3bc90841924e5d4d844442') in 0.0120072 seconds
Number of updated asset objects reloaded before import = 0Number of asset objects unloaded after import = 10

========================================================================
Received Import Request.
  Time since last request: 0.000027 seconds.
  path: Assets/World/Environment/Prefabs/Building3/SheriffHat_low.prefab
  artifactKey: Guid(84211330230472140aaa8ad75cbbec1c) Importer(815301076,1909f56bfc062723c751e8b465ee728b)
Start importing Assets/World/Environment/Prefabs/Building3/SheriffHat_low.prefab using Guid(84211330230472140aaa8ad75cbbec1c) Importer(815301076,1909f56bfc062723c751e8b465ee728b) (PreviewImporter) -> (artifact id: 'c299bdf45567db69c2c410e669817cdf') in 0.0217773 seconds
Number of updated asset objects reloaded before import = 0Number of asset objects unloaded after import = 13

========================================================================
Received Import Request.
  Time since last request: 0.000026 seconds.
  path: Assets/World/Environment/Prefabs/Building3/RoundGlass_low002.prefab
  artifactKey: Guid(ed866c1182296d54aa64fbcc9f50c445) Importer(815301076,1909f56bfc062723c751e8b465ee728b)
Start importing Assets/World/Environment/Prefabs/Building3/RoundGlass_low002.prefab using Guid(ed866c1182296d54aa64fbcc9f50c445) Importer(815301076,1909f56bfc062723c751e8b465ee728b) (PreviewImporter) -> (artifact id: '6a349c4d1cf8c761a210ba26175465c9') in 0.022336 seconds
Number of updated asset objects reloaded before import = 0Number of asset objects unloaded after import = 10

========================================================================
Received Import Request.
  Time since last request: 0.000057 seconds.
  path: Assets/World/Environment/Prefabs/Building3/SheriffBadgePin_low.prefab
  artifactKey: Guid(28b25de9fb6bc13428a9952023274d65) Importer(815301076,1909f56bfc062723c751e8b465ee728b)
Start importing Assets/World/Environment/Prefabs/Building3/SheriffBadgePin_low.prefab using Guid(28b25de9fb6bc13428a9952023274d65) Importer(815301076,1909f56bfc062723c751e8b465ee728b) (PreviewImporter) -> (artifact id: '116dc8119d2bc933b4e79416d1dd4a59') in 0.0169921 seconds
Number of updated asset objects reloaded before import = 0Number of asset objects unloaded after import = 13

========================================================================
Received Import Request.
  Time since last request: 0.000021 seconds.
  path: Assets/World/Environment/Prefabs/Building3/RoundGlass_low.prefab
  artifactKey: Guid(bd7c7798e1bfb4c4eabdd2c687b563db) Importer(815301076,1909f56bfc062723c751e8b465ee728b)
Start importing Assets/World/Environment/Prefabs/Building3/RoundGlass_low.prefab using Guid(bd7c7798e1bfb4c4eabdd2c687b563db) Importer(815301076,1909f56bfc062723c751e8b465ee728b) (PreviewImporter) -> (artifact id: 'dff4fc9d1f3d44f3bbb16b01db047d90') in 0.0119458 seconds
Number of updated asset objects reloaded before import = 0Number of asset objects unloaded after import = 10

========================================================================
Received Import Request.
  Time since last request: 0.000032 seconds.
  path: Assets/World/Environment/Prefabs/Building3/WantedPoster1.prefab
  artifactKey: Guid(499f0fce6215e194a862a10f24ae5087) Importer(815301076,1909f56bfc062723c751e8b465ee728b)
Start importing Assets/World/Environment/Prefabs/Building3/WantedPoster1.prefab using Guid(499f0fce6215e194a862a10f24ae5087) Importer(815301076,1909f56bfc062723c751e8b465ee728b) (PreviewImporter) -> (artifact id: 'e78a6cb8d867a71ab14756506269e041') in 0.0184413 seconds
Number of updated asset objects reloaded before import = 0Number of asset objects unloaded after import = 13

========================================================================
Received Import Request.
  Time since last request: 0.000024 seconds.
  path: Assets/World/Environment/Prefabs/Building3/SheriffBadgeHook_low.prefab
  artifactKey: Guid(4b41ab12e37e7eb4f90e89741bcfb298) Importer(815301076,1909f56bfc062723c751e8b465ee728b)
Start importing Assets/World/Environment/Prefabs/Building3/SheriffBadgeHook_low.prefab using Guid(4b41ab12e37e7eb4f90e89741bcfb298) Importer(815301076,1909f56bfc062723c751e8b465ee728b) (PreviewImporter) -> (artifact id: 'f1e3066822c5d5063f7527397d1c330e') in 0.0305051 seconds
Number of updated asset objects reloaded before import = 0Number of asset objects unloaded after import = 13

========================================================================
Received Import Request.
  Time since last request: 0.000033 seconds.
  path: Assets/World/Environment/Prefabs/Building3/SheriffBadge_low.prefab
  artifactKey: Guid(37c1f92196daa9b4f920870f410a3464) Importer(815301076,1909f56bfc062723c751e8b465ee728b)
Start importing Assets/World/Environment/Prefabs/Building3/SheriffBadge_low.prefab using Guid(37c1f92196daa9b4f920870f410a3464) Importer(815301076,1909f56bfc062723c751e8b465ee728b) (PreviewImporter) -> (artifact id: '148afb2650c48323c14241cdd787e488') in 0.0140797 seconds
Number of updated asset objects reloaded before import = 0Number of asset objects unloaded after import = 13

========================================================================
Received Import Request.
  Time since last request: 0.000025 seconds.
  path: Assets/World/Environment/Prefabs/Building3/WhiskyGlass_low004.prefab
  artifactKey: Guid(49088701f08a69041883468fadbcbd5c) Importer(815301076,1909f56bfc062723c751e8b465ee728b)
Start importing Assets/World/Environment/Prefabs/Building3/WhiskyGlass_low004.prefab using Guid(49088701f08a69041883468fadbcbd5c) Importer(815301076,1909f56bfc062723c751e8b465ee728b) (PreviewImporter) -> (artifact id: 'eff7105789ece8971bc097ec31e48fe6') in 0.0095809 seconds
Number of updated asset objects reloaded before import = 0Number of asset objects unloaded after import = 10

========================================================================
Received Import Request.
  Time since last request: 0.000025 seconds.
  path: Assets/World/Environment/Prefabs/Building3/OilLampBot_low.prefab
  artifactKey: Guid(cbc293ceacc969249bf4194326c9f8f8) Importer(815301076,1909f56bfc062723c751e8b465ee728b)
Start importing Assets/World/Environment/Prefabs/Building3/OilLampBot_low.prefab using Guid(cbc293ceacc969249bf4194326c9f8f8) Importer(815301076,1909f56bfc062723c751e8b465ee728b) (PreviewImporter) -> (artifact id: '436cfb45a337e97cbb29f1452fb21010') in 0.0127111 seconds
Number of updated asset objects reloaded before import = 0Number of asset objects unloaded after import = 12

========================================================================
Received Import Request.
  Time since last request: 0.000031 seconds.
  path: Assets/World/Environment/Prefabs/Building3/WhiskyGlass_low007.prefab
  artifactKey: Guid(975e4c5b27d1050439e4048577a61118) Importer(815301076,1909f56bfc062723c751e8b465ee728b)
Start importing Assets/World/Environment/Prefabs/Building3/WhiskyGlass_low007.prefab using Guid(975e4c5b27d1050439e4048577a61118) Importer(815301076,1909f56bfc062723c751e8b465ee728b) (PreviewImporter) -> (artifact id: 'dc416f47df966acf3b54d0333d82de8d') in 0.0094312 seconds
Number of updated asset objects reloaded before import = 0Number of asset objects unloaded after import = 10

========================================================================
Received Import Request.
  Time since last request: 0.000038 seconds.
  path: Assets/World/Environment/Prefabs/Building3/WhiskyGlass_low001.prefab
  artifactKey: Guid(4237d010826302a4b8646ee699ce433f) Importer(815301076,1909f56bfc062723c751e8b465ee728b)
Start importing Assets/World/Environment/Prefabs/Building3/WhiskyGlass_low001.prefab using Guid(4237d010826302a4b8646ee699ce433f) Importer(815301076,1909f56bfc062723c751e8b465ee728b) (PreviewImporter) -> (artifact id: 'efdf05b50a53ef9b671122394c58361d') in 0.009651 seconds
Number of updated asset objects reloaded before import = 0Number of asset objects unloaded after import = 10

========================================================================
Received Import Request.
  Time since last request: 0.000024 seconds.
  path: Assets/World/Environment/Prefabs/Building3/Shelf_low001.prefab
  artifactKey: Guid(7f4e38396d04b894b922d5de604279c6) Importer(815301076,1909f56bfc062723c751e8b465ee728b)
Start importing Assets/World/Environment/Prefabs/Building3/Shelf_low001.prefab using Guid(7f4e38396d04b894b922d5de604279c6) Importer(815301076,1909f56bfc062723c751e8b465ee728b) (PreviewImporter) -> (artifact id: 'fd1fcf21925cf044a297f5727e38ed97') in 0.0195367 seconds
Number of updated asset objects reloaded before import = 0Number of asset objects unloaded after import = 14

========================================================================
Received Import Request.
  Time since last request: 1.057973 seconds.
  path: Assets/World/Environment/Prefabs/Building3/Crate_low005.prefab
  artifactKey: Guid(0ace00d037978424497ae4593037373b) Importer(815301076,1909f56bfc062723c751e8b465ee728b)
Start importing Assets/World/Environment/Prefabs/Building3/Crate_low005.prefab using Guid(0ace00d037978424497ae4593037373b) Importer(815301076,1909f56bfc062723c751e8b465ee728b) (PreviewImporter) -> (artifact id: 'bfdb9643c8520d9619d9014632145bdb') in 0.0122007 seconds
Number of updated asset objects reloaded before import = 0Number of asset objects unloaded after import = 10

========================================================================
Received Import Request.
  Time since last request: 0.000028 seconds.
  path: Assets/World/Environment/Prefabs/Building3/SheriffHat_low.prefab
  artifactKey: Guid(84211330230472140aaa8ad75cbbec1c) Importer(815301076,1909f56bfc062723c751e8b465ee728b)
Start importing Assets/World/Environment/Prefabs/Building3/SheriffHat_low.prefab using Guid(84211330230472140aaa8ad75cbbec1c) Importer(815301076,1909f56bfc062723c751e8b465ee728b) (PreviewImporter) -> (artifact id: '7709a9c66c789e3c419763126647cab5') in 0.0142023 seconds
Number of updated asset objects reloaded before import = 0Number of asset objects unloaded after import = 13

========================================================================
Received Import Request.
  Time since last request: 0.000037 seconds.
  path: Assets/World/Environment/Prefabs/Building3/StandardTable_low.prefab
  artifactKey: Guid(70428a6b0f0c9fc49adf86822dfdbc53) Importer(815301076,1909f56bfc062723c751e8b465ee728b)
Start importing Assets/World/Environment/Prefabs/Building3/StandardTable_low.prefab using Guid(70428a6b0f0c9fc49adf86822dfdbc53) Importer(815301076,1909f56bfc062723c751e8b465ee728b) (PreviewImporter) -> (artifact id: 'd018e834b9618ad6fa9d7f203164a37e') in 0.019207 seconds
Number of updated asset objects reloaded before import = 0Number of asset objects unloaded after import = 14

========================================================================
Received Import Request.
  Time since last request: 0.000033 seconds.
  path: Assets/World/Environment/Prefabs/Building3/WhiskyGlass_low.prefab
  artifactKey: Guid(ccca5e632ccd1df41acc1998d49d754a) Importer(815301076,1909f56bfc062723c751e8b465ee728b)
Start importing Assets/World/Environment/Prefabs/Building3/WhiskyGlass_low.prefab using Guid(ccca5e632ccd1df41acc1998d49d754a) Importer(815301076,1909f56bfc062723c751e8b465ee728b) (PreviewImporter) -> (artifact id: 'd5a192150df5eea6190d345f32859295') in 0.0097229 seconds
Number of updated asset objects reloaded before import = 0Number of asset objects unloaded after import = 10

========================================================================
Received Import Request.
  Time since last request: 0.000027 seconds.
  path: Assets/World/Environment/Prefabs/Building3/WhiskyGlass_low003.prefab
  artifactKey: Guid(21b0b2e2d1049d441b24ee8485bfdcdd) Importer(815301076,1909f56bfc062723c751e8b465ee728b)
Start importing Assets/World/Environment/Prefabs/Building3/WhiskyGlass_low003.prefab using Guid(21b0b2e2d1049d441b24ee8485bfdcdd) Importer(815301076,1909f56bfc062723c751e8b465ee728b) (PreviewImporter) -> (artifact id: 'd430f5971343bcfe35c8d7309f452331') in 0.0094378 seconds
Number of updated asset objects reloaded before import = 0Number of asset objects unloaded after import = 10

========================================================================
Received Import Request.
  Time since last request: 0.000027 seconds.
  path: Assets/World/Environment/Prefabs/Building3/WantedPoster010.prefab
  artifactKey: Guid(b466c63c932682741ac6b8200cddd433) Importer(815301076,1909f56bfc062723c751e8b465ee728b)
Start importing Assets/World/Environment/Prefabs/Building3/WantedPoster010.prefab using Guid(b466c63c932682741ac6b8200cddd433) Importer(815301076,1909f56bfc062723c751e8b465ee728b) (PreviewImporter) -> (artifact id: '7720243902e2fc168e6dcb9b086974b6') in 0.0135246 seconds
Number of updated asset objects reloaded before import = 0Number of asset objects unloaded after import = 13

========================================================================
Received Import Request.
  Time since last request: 0.000030 seconds.
  path: Assets/World/Environment/Prefabs/Building3/PokerTable_low.prefab
  artifactKey: Guid(9cb566192e7c4ad4d9f005b638995e45) Importer(815301076,1909f56bfc062723c751e8b465ee728b)
Start importing Assets/World/Environment/Prefabs/Building3/PokerTable_low.prefab using Guid(9cb566192e7c4ad4d9f005b638995e45) Importer(815301076,1909f56bfc062723c751e8b465ee728b) (PreviewImporter) -> (artifact id: '2b7499fef8db66ac7df8303f1cefad50') in 0.0157 seconds
Number of updated asset objects reloaded before import = 0Number of asset objects unloaded after import = 14

========================================================================
Received Import Request.
  Time since last request: 0.000045 seconds.
  path: Assets/World/Environment/Prefabs/Building3/WantedBoard_low001.prefab
  artifactKey: Guid(41e868878061acb42af66947b960830d) Importer(815301076,1909f56bfc062723c751e8b465ee728b)
Start importing Assets/World/Environment/Prefabs/Building3/WantedBoard_low001.prefab using Guid(41e868878061acb42af66947b960830d) Importer(815301076,1909f56bfc062723c751e8b465ee728b) (PreviewImporter) -> (artifact id: '9e9db1d15e00475b2e8a4abe297e11c1') in 0.0133578 seconds
Number of updated asset objects reloaded before import = 0Number of asset objects unloaded after import = 13

========================================================================
Received Import Request.
  Time since last request: 0.000027 seconds.
  path: Assets/World/Environment/Prefabs/Building3/WantedPoster4.prefab
  artifactKey: Guid(6b9c7b788d47afc4eb96336da808ebc4) Importer(815301076,1909f56bfc062723c751e8b465ee728b)
Start importing Assets/World/Environment/Prefabs/Building3/WantedPoster4.prefab using Guid(6b9c7b788d47afc4eb96336da808ebc4) Importer(815301076,1909f56bfc062723c751e8b465ee728b) (PreviewImporter) -> (artifact id: '58017003d0c2651e1c5a7d228ca9a2c8') in 0.0143115 seconds
Number of updated asset objects reloaded before import = 0Number of asset objects unloaded after import = 13

========================================================================
Received Import Request.
  Time since last request: 0.000044 seconds.
  path: Assets/World/Environment/Prefabs/Building3/PokerTable_low001.prefab
  artifactKey: Guid(2a7d2db79fb682a44ac0fd98a6804382) Importer(815301076,1909f56bfc062723c751e8b465ee728b)
Start importing Assets/World/Environment/Prefabs/Building3/PokerTable_low001.prefab using Guid(2a7d2db79fb682a44ac0fd98a6804382) Importer(815301076,1909f56bfc062723c751e8b465ee728b) (PreviewImporter) -> (artifact id: 'd4430e750008bfe812f85f23f84d5104') in 0.0143576 seconds
Number of updated asset objects reloaded before import = 0Number of asset objects unloaded after import = 13

========================================================================
Received Import Request.
  Time since last request: 0.000023 seconds.
  path: Assets/World/Environment/Prefabs/Building3/RoundGlass_low003.prefab
  artifactKey: Guid(6c70d1d4dbea3d2448739ba8bab98bf8) Importer(815301076,1909f56bfc062723c751e8b465ee728b)
Start importing Assets/World/Environment/Prefabs/Building3/RoundGlass_low003.prefab using Guid(6c70d1d4dbea3d2448739ba8bab98bf8) Importer(815301076,1909f56bfc062723c751e8b465ee728b) (PreviewImporter) -> (artifact id: '7257349f9921fe2508eb9b5b95f0947f') in 0.008753 seconds
Number of updated asset objects reloaded before import = 0Number of asset objects unloaded after import = 10

========================================================================
Received Import Request.
  Time since last request: 0.000153 seconds.
  path: Assets/World/Environment/Prefabs/Building3/RoundGlass_low006.prefab
  artifactKey: Guid(4a19c6f0ff9db1a49956769f7bc6d25f) Importer(815301076,1909f56bfc062723c751e8b465ee728b)
Start importing Assets/World/Environment/Prefabs/Building3/RoundGlass_low006.prefab using Guid(4a19c6f0ff9db1a49956769f7bc6d25f) Importer(815301076,1909f56bfc062723c751e8b465ee728b) (PreviewImporter) -> (artifact id: '2fd405d33fa0d0a0d860f0e6e172fe0a') in 0.009998 seconds
Number of updated asset objects reloaded before import = 0Number of asset objects unloaded after import = 10

========================================================================
Received Import Request.
  Time since last request: 0.000038 seconds.
  path: Assets/World/Environment/Prefabs/Building3/RoundGlass_low007.prefab
  artifactKey: Guid(8db22c5816700834ab468340aa7edab1) Importer(815301076,1909f56bfc062723c751e8b465ee728b)
Start importing Assets/World/Environment/Prefabs/Building3/RoundGlass_low007.prefab using Guid(8db22c5816700834ab468340aa7edab1) Importer(815301076,1909f56bfc062723c751e8b465ee728b) (PreviewImporter) -> (artifact id: '7b9cd9757f5f76d507fb01da5f10996c') in 0.0129514 seconds
Number of updated asset objects reloaded before import = 0Number of asset objects unloaded after import = 10

========================================================================
Received Import Request.
  Time since last request: 5.861876 seconds.
  path: Assets/World/Environment/Prefabs/Building3/ChairLegs_low007.prefab
  artifactKey: Guid(47093a4eb6e91eb40bb0b8c5ce551157) Importer(2089858483,b0f066a214c2f5e87bad3c948f4d605d)
Start importing Assets/World/Environment/Prefabs/Building3/ChairLegs_low007.prefab using Guid(47093a4eb6e91eb40bb0b8c5ce551157) Importer(2089858483,b0f066a214c2f5e87bad3c948f4d605d) (ScriptedImporter) -> (artifact id: '839eae4e693b0193658fd5c63846e981') in 0.0105973 seconds
Number of updated asset objects reloaded before import = 0Number of asset objects unloaded after import = 8

========================================================================
Received Import Request.
  Time since last request: 0.000031 seconds.
  path: Assets/World/Environment/Prefabs/Building3/BarStool_low002.prefab
  artifactKey: Guid(c60836cd170536a479fdbc3ac5815803) Importer(2089858483,b0f066a214c2f5e87bad3c948f4d605d)
Start importing Assets/World/Environment/Prefabs/Building3/BarStool_low002.prefab using Guid(c60836cd170536a479fdbc3ac5815803) Importer(2089858483,b0f066a214c2f5e87bad3c948f4d605d) (ScriptedImporter) -> (artifact id: 'cc61cf89890d5377c260c62ffa202199') in 0.0097349 seconds
Number of updated asset objects reloaded before import = 0Number of asset objects unloaded after import = 8

========================================================================
Received Import Request.
  Time since last request: 0.000068 seconds.
  path: Assets/World/Environment/Prefabs/Building3/RoundGlass_low007.prefab
  artifactKey: Guid(8db22c5816700834ab468340aa7edab1) Importer(2089858483,b0f066a214c2f5e87bad3c948f4d605d)
Start importing Assets/World/Environment/Prefabs/Building3/RoundGlass_low007.prefab using Guid(8db22c5816700834ab468340aa7edab1) Importer(2089858483,b0f066a214c2f5e87bad3c948f4d605d) (ScriptedImporter) -> (artifact id: '30bd60093542601e3fa9e06dd410c134') in 0.0100947 seconds
Number of updated asset objects reloaded before import = 0Number of asset objects unloaded after import = 8

========================================================================
Received Import Request.
  Time since last request: 0.000028 seconds.
  path: Assets/World/Environment/Prefabs/Building3/WantedPoster4.prefab
  artifactKey: Guid(6b9c7b788d47afc4eb96336da808ebc4) Importer(2089858483,b0f066a214c2f5e87bad3c948f4d605d)
Start importing Assets/World/Environment/Prefabs/Building3/WantedPoster4.prefab using Guid(6b9c7b788d47afc4eb96336da808ebc4) Importer(2089858483,b0f066a214c2f5e87bad3c948f4d605d) (ScriptedImporter) -> (artifact id: '2b93d2c787f8ceceb402db10852741d3') in 0.0088609 seconds
Number of updated asset objects reloaded before import = 0Number of asset objects unloaded after import = 8

========================================================================
Received Import Request.
  Time since last request: 0.000026 seconds.
  path: Assets/World/Environment/Prefabs/Building3/BarStool_low.prefab
  artifactKey: Guid(76cc46f127bc0ed4688bacfc4c599b20) Importer(2089858483,b0f066a214c2f5e87bad3c948f4d605d)
Start importing Assets/World/Environment/Prefabs/Building3/BarStool_low.prefab using Guid(76cc46f127bc0ed4688bacfc4c599b20) Importer(2089858483,b0f066a214c2f5e87bad3c948f4d605d) (ScriptedImporter) -> (artifact id: '631909b4d8ef3167b81dc86784ecdf23') in 0.010978 seconds
Number of updated asset objects reloaded before import = 0Number of asset objects unloaded after import = 8

========================================================================
Received Import Request.
  Time since last request: 0.000029 seconds.
  path: Assets/World/Environment/Prefabs/Building3/ChairFeetRests_low003.prefab
  artifactKey: Guid(7f7da952c1f07464ab1e7e05278d9b25) Importer(2089858483,b0f066a214c2f5e87bad3c948f4d605d)
Start importing Assets/World/Environment/Prefabs/Building3/ChairFeetRests_low003.prefab using Guid(7f7da952c1f07464ab1e7e05278d9b25) Importer(2089858483,b0f066a214c2f5e87bad3c948f4d605d) (ScriptedImporter) -> (artifact id: 'c6e7ba7af5514e9292fda2b959aea9cf') in 0.0105949 seconds
Number of updated asset objects reloaded before import = 0Number of asset objects unloaded after import = 8

========================================================================
Received Import Request.
  Time since last request: 0.000036 seconds.
  path: Assets/World/Environment/Prefabs/Building3/PokerTable_low.prefab
  artifactKey: Guid(9cb566192e7c4ad4d9f005b638995e45) Importer(2089858483,b0f066a214c2f5e87bad3c948f4d605d)
Start importing Assets/World/Environment/Prefabs/Building3/PokerTable_low.prefab using Guid(9cb566192e7c4ad4d9f005b638995e45) Importer(2089858483,b0f066a214c2f5e87bad3c948f4d605d) (ScriptedImporter) -> (artifact id: 'f4ead40cbeb80e8572f198e710a90590') in 0.0090489 seconds
Number of updated asset objects reloaded before import = 0Number of asset objects unloaded after import = 8

========================================================================
Received Import Request.
  Time since last request: 0.000045 seconds.
  path: Assets/World/Environment/Prefabs/Building3/BarStool_low005.prefab
  artifactKey: Guid(b9987290105e7e3419a9fc596bc61d1b) Importer(2089858483,b0f066a214c2f5e87bad3c948f4d605d)
Start importing Assets/World/Environment/Prefabs/Building3/BarStool_low005.prefab using Guid(b9987290105e7e3419a9fc596bc61d1b) Importer(2089858483,b0f066a214c2f5e87bad3c948f4d605d) (ScriptedImporter) -> (artifact id: 'a8fc24c12197ccced709c7da107f361c') in 0.0103331 seconds
Number of updated asset objects reloaded before import = 0Number of asset objects unloaded after import = 8

========================================================================
Received Import Request.
  Time since last request: 0.000031 seconds.
  path: Assets/World/Environment/Prefabs/Building3/RoundGlass_low001.prefab
  artifactKey: Guid(7ad6d8572f7b21d4a9947e9b1bda871a) Importer(2089858483,b0f066a214c2f5e87bad3c948f4d605d)
Start importing Assets/World/Environment/Prefabs/Building3/RoundGlass_low001.prefab using Guid(7ad6d8572f7b21d4a9947e9b1bda871a) Importer(2089858483,b0f066a214c2f5e87bad3c948f4d605d) (ScriptedImporter) -> (artifact id: '07321dff7f9db35825b284fbd2b04be0') in 0.0101317 seconds
Number of updated asset objects reloaded before import = 0Number of asset objects unloaded after import = 8

========================================================================
Received Import Request.
  Time since last request: 0.000025 seconds.
  path: Assets/World/Environment/Prefabs/Building3/BarStool_low004.prefab
  artifactKey: Guid(d1340d918182e304db39a12043ea5fcc) Importer(2089858483,b0f066a214c2f5e87bad3c948f4d605d)
Start importing Assets/World/Environment/Prefabs/Building3/BarStool_low004.prefab using Guid(d1340d918182e304db39a12043ea5fcc) Importer(2089858483,b0f066a214c2f5e87bad3c948f4d605d) (ScriptedImporter) -> (artifact id: 'fde88535b386a3b77206610990654785') in 0.00874 seconds
Number of updated asset objects reloaded before import = 0Number of asset objects unloaded after import = 8

========================================================================
Received Import Request.
  Time since last request: 0.000029 seconds.
  path: Assets/World/Environment/Prefabs/Building3/ChairBackRest_low005.prefab
  artifactKey: Guid(d370d64ca49105a409c6b1f5595bc988) Importer(2089858483,b0f066a214c2f5e87bad3c948f4d605d)
Start importing Assets/World/Environment/Prefabs/Building3/ChairBackRest_low005.prefab using Guid(d370d64ca49105a409c6b1f5595bc988) Importer(2089858483,b0f066a214c2f5e87bad3c948f4d605d) (ScriptedImporter) -> (artifact id: '76f6bc077f474650358bbab23814d9e8') in 0.0086138 seconds
Number of updated asset objects reloaded before import = 0Number of asset objects unloaded after import = 8

========================================================================
Received Import Request.
  Time since last request: 0.000028 seconds.
  path: Assets/World/Environment/Prefabs/Building3/CandleHolder_low.prefab
  artifactKey: Guid(ace2716a9aeb2224b8d034b3abca8f8f) Importer(2089858483,b0f066a214c2f5e87bad3c948f4d605d)
Start importing Assets/World/Environment/Prefabs/Building3/CandleHolder_low.prefab using Guid(ace2716a9aeb2224b8d034b3abca8f8f) Importer(2089858483,b0f066a214c2f5e87bad3c948f4d605d) (ScriptedImporter) -> (artifact id: 'cbf17eb4a01d36ce5780be6b7482ffe9') in 0.0085053 seconds
Number of updated asset objects reloaded before import = 0Number of asset objects unloaded after import = 8

========================================================================
Received Import Request.
  Time since last request: 0.000051 seconds.
  path: Assets/World/Environment/Prefabs/Building3/ChairSeat_low004.prefab
  artifactKey: Guid(38f0bc6c9ad09b3419ca0bf59412fca5) Importer(2089858483,b0f066a214c2f5e87bad3c948f4d605d)
Start importing Assets/World/Environment/Prefabs/Building3/ChairSeat_low004.prefab using Guid(38f0bc6c9ad09b3419ca0bf59412fca5) Importer(2089858483,b0f066a214c2f5e87bad3c948f4d605d) (ScriptedImporter) -> (artifact id: '86844938b5c39153916c9b28a3b76bae') in 0.0172514 seconds
Number of updated asset objects reloaded before import = 0Number of asset objects unloaded after import = 8

========================================================================
Received Import Request.
  Time since last request: 0.000036 seconds.
  path: Assets/World/Environment/Prefabs/Building3/Crate_low002.prefab
  artifactKey: Guid(423fb7f6c13dcde488495f162b89e6a6) Importer(2089858483,b0f066a214c2f5e87bad3c948f4d605d)
Start importing Assets/World/Environment/Prefabs/Building3/Crate_low002.prefab using Guid(423fb7f6c13dcde488495f162b89e6a6) Importer(2089858483,b0f066a214c2f5e87bad3c948f4d605d) (ScriptedImporter) -> (artifact id: '47cf7060a08217c293b9390cce1a8aac') in 0.0076709 seconds
Number of updated asset objects reloaded before import = 0Number of asset objects unloaded after import = 8

========================================================================
Received Import Request.
  Time since last request: 0.000027 seconds.
  path: Assets/World/Environment/Prefabs/Building3/AlcoholBottle008_low.prefab
  artifactKey: Guid(948e692c2961a8f46a4046f9b2d1342c) Importer(2089858483,b0f066a214c2f5e87bad3c948f4d605d)
Start importing Assets/World/Environment/Prefabs/Building3/AlcoholBottle008_low.prefab using Guid(948e692c2961a8f46a4046f9b2d1342c) Importer(2089858483,b0f066a214c2f5e87bad3c948f4d605d) (ScriptedImporter) -> (artifact id: '4b86865ef74fa56e341d8f48ae6cf5c3') in 0.0076559 seconds
Number of updated asset objects reloaded before import = 0Number of asset objects unloaded after import = 8

========================================================================
Received Import Request.
  Time since last request: 0.000027 seconds.
  path: Assets/World/Environment/Prefabs/Building3/KegSwitch_low.prefab
  artifactKey: Guid(e4730499c94663a4d98df7e6ced09975) Importer(2089858483,b0f066a214c2f5e87bad3c948f4d605d)
Start importing Assets/World/Environment/Prefabs/Building3/KegSwitch_low.prefab using Guid(e4730499c94663a4d98df7e6ced09975) Importer(2089858483,b0f066a214c2f5e87bad3c948f4d605d) (ScriptedImporter) -> (artifact id: '4ec21d31a3faeb378aa87a6cbb2f6f9b') in 0.0091127 seconds
Number of updated asset objects reloaded before import = 0Number of asset objects unloaded after import = 8

========================================================================
Received Import Request.
  Time since last request: 0.000047 seconds.
  path: Assets/World/Environment/Prefabs/Building3/AlcoholBottle010_low.prefab
  artifactKey: Guid(f8861a88f78577b40a07c80d5415d273) Importer(2089858483,b0f066a214c2f5e87bad3c948f4d605d)
Start importing Assets/World/Environment/Prefabs/Building3/AlcoholBottle010_low.prefab using Guid(f8861a88f78577b40a07c80d5415d273) Importer(2089858483,b0f066a214c2f5e87bad3c948f4d605d) (ScriptedImporter) -> (artifact id: '7a614d2d6c941ba9e8652d9ff948d00f') in 0.0083682 seconds
Number of updated asset objects reloaded before import = 0Number of asset objects unloaded after import = 8

========================================================================
Received Import Request.
  Time since last request: 0.000027 seconds.
  path: Assets/World/Environment/Prefabs/Building3/ChairSeat_low.prefab
  artifactKey: Guid(7796a94b5bcfbca4faadaa1a8fa8c7fa) Importer(2089858483,b0f066a214c2f5e87bad3c948f4d605d)
Start importing Assets/World/Environment/Prefabs/Building3/ChairSeat_low.prefab using Guid(7796a94b5bcfbca4faadaa1a8fa8c7fa) Importer(2089858483,b0f066a214c2f5e87bad3c948f4d605d) (ScriptedImporter) -> (artifact id: '34925f1592e7aaf4afaad15d162a4233') in 0.0077591 seconds
Number of updated asset objects reloaded before import = 0Number of asset objects unloaded after import = 8

========================================================================
Received Import Request.
  Time since last request: 0.000025 seconds.
  path: Assets/World/Environment/Prefabs/Building3/AlcoholBottle008_low005.prefab
  artifactKey: Guid(d9a3465e6e6e7784d8d15f0890372620) Importer(2089858483,b0f066a214c2f5e87bad3c948f4d605d)
Start importing Assets/World/Environment/Prefabs/Building3/AlcoholBottle008_low005.prefab using Guid(d9a3465e6e6e7784d8d15f0890372620) Importer(2089858483,b0f066a214c2f5e87bad3c948f4d605d) (ScriptedImporter) -> (artifact id: '213aa2e4a696a20c351caf04f985a679') in 0.009843 seconds
Number of updated asset objects reloaded before import = 0Number of asset objects unloaded after import = 8

========================================================================
Received Import Request.
  Time since last request: 0.000029 seconds.
  path: Assets/World/Environment/Prefabs/Building3/ChairBackRest_low.prefab
  artifactKey: Guid(030aa3879a808a245ae47347199cc4e3) Importer(2089858483,b0f066a214c2f5e87bad3c948f4d605d)
Start importing Assets/World/Environment/Prefabs/Building3/ChairBackRest_low.prefab using Guid(030aa3879a808a245ae47347199cc4e3) Importer(2089858483,b0f066a214c2f5e87bad3c948f4d605d) (ScriptedImporter) -> (artifact id: '53305a6c94e8ed68de8cf5c245c633f0') in 0.0078575 seconds
Number of updated asset objects reloaded before import = 0Number of asset objects unloaded after import = 8

========================================================================
Received Import Request.
  Time since last request: 0.509433 seconds.
  path: Assets/World/Environment/Prefabs/Building3/OilLampHandle_low.prefab
  artifactKey: Guid(7041acea8cbeca844a1a7c49e6911447) Importer(2089858483,b0f066a214c2f5e87bad3c948f4d605d)
Start importing Assets/World/Environment/Prefabs/Building3/OilLampHandle_low.prefab using Guid(7041acea8cbeca844a1a7c49e6911447) Importer(2089858483,b0f066a214c2f5e87bad3c948f4d605d) (ScriptedImporter) -> (artifact id: '84e4c1c36d182a9059788c7f3b77a60f') in 0.0102295 seconds
Number of updated asset objects reloaded before import = 0Number of asset objects unloaded after import = 8

========================================================================
Received Import Request.
  Time since last request: 0.000034 seconds.
  path: Assets/World/Environment/Prefabs/Building3/WantedPoster1.prefab
  artifactKey: Guid(499f0fce6215e194a862a10f24ae5087) Importer(2089858483,b0f066a214c2f5e87bad3c948f4d605d)
Start importing Assets/World/Environment/Prefabs/Building3/WantedPoster1.prefab using Guid(499f0fce6215e194a862a10f24ae5087) Importer(2089858483,b0f066a214c2f5e87bad3c948f4d605d) (ScriptedImporter) -> (artifact id: '2ed85698f10859cc1cd23f0866860aa5') in 0.0104061 seconds
Number of updated asset objects reloaded before import = 0Number of asset objects unloaded after import = 8

========================================================================
Received Import Request.
  Time since last request: 0.000028 seconds.
  path: Assets/World/Environment/Prefabs/Building3/Crate_low003.prefab
  artifactKey: Guid(0f14c6697d83fab43a056eec28c697e5) Importer(2089858483,b0f066a214c2f5e87bad3c948f4d605d)
Start importing Assets/World/Environment/Prefabs/Building3/Crate_low003.prefab using Guid(0f14c6697d83fab43a056eec28c697e5) Importer(2089858483,b0f066a214c2f5e87bad3c948f4d605d) (ScriptedImporter) -> (artifact id: 'fe0ec064f1b32fc7c537f50467ca3d3d') in 0.0098342 seconds
Number of updated asset objects reloaded before import = 0Number of asset objects unloaded after import = 8

========================================================================
Received Import Request.
  Time since last request: 0.000035 seconds.
  path: Assets/World/Environment/Prefabs/Building3/ChairFeetRests_low006.prefab
  artifactKey: Guid(3e181addd3661194ebd26d013ca17930) Importer(2089858483,b0f066a214c2f5e87bad3c948f4d605d)
Start importing Assets/World/Environment/Prefabs/Building3/ChairFeetRests_low006.prefab using Guid(3e181addd3661194ebd26d013ca17930) Importer(2089858483,b0f066a214c2f5e87bad3c948f4d605d) (ScriptedImporter) -> (artifact id: '31e259aa5a5a31111a1b88296f4f4f1f') in 0.0091058 seconds
Number of updated asset objects reloaded before import = 0Number of asset objects unloaded after import = 8

========================================================================
Received Import Request.
  Time since last request: 0.000029 seconds.
  path: Assets/World/Environment/Prefabs/Building3/BullHornsBack_low.prefab
  artifactKey: Guid(f9d13952174b94e4eb630273bfcf4368) Importer(2089858483,b0f066a214c2f5e87bad3c948f4d605d)
Start importing Assets/World/Environment/Prefabs/Building3/BullHornsBack_low.prefab using Guid(f9d13952174b94e4eb630273bfcf4368) Importer(2089858483,b0f066a214c2f5e87bad3c948f4d605d) (ScriptedImporter) -> (artifact id: '356836144f15665068069d499a6dbe73') in 0.0093094 seconds
Number of updated asset objects reloaded before import = 0Number of asset objects unloaded after import = 8

========================================================================
Received Import Request.
  Time since last request: 0.000038 seconds.
  path: Assets/World/Environment/Prefabs/Building3/WhiskyGlass_low008.prefab
  artifactKey: Guid(9e39ad165df219c429f865dad660450c) Importer(2089858483,b0f066a214c2f5e87bad3c948f4d605d)
Start importing Assets/World/Environment/Prefabs/Building3/WhiskyGlass_low008.prefab using Guid(9e39ad165df219c429f865dad660450c) Importer(2089858483,b0f066a214c2f5e87bad3c948f4d605d) (ScriptedImporter) -> (artifact id: '579269ba8b475149ffb00fa80b8f56f4') in 0.0086287 seconds
Number of updated asset objects reloaded before import = 0Number of asset objects unloaded after import = 8

========================================================================
Received Import Request.
  Time since last request: 0.000043 seconds.
  path: Assets/World/Environment/Prefabs/Building3/ChairLegs_low004.prefab
  artifactKey: Guid(94721cb41bb5ba241a2bb5c8af2e94df) Importer(2089858483,b0f066a214c2f5e87bad3c948f4d605d)
Start importing Assets/World/Environment/Prefabs/Building3/ChairLegs_low004.prefab using Guid(94721cb41bb5ba241a2bb5c8af2e94df) Importer(2089858483,b0f066a214c2f5e87bad3c948f4d605d) (ScriptedImporter) -> (artifact id: 'ad44616bc36736369be792385ceee415') in 0.0083332 seconds
Number of updated asset objects reloaded before import = 0Number of asset objects unloaded after import = 8

========================================================================
Received Import Request.
  Time since last request: 0.000037 seconds.
  path: Assets/World/Environment/Prefabs/Building3/ChairFeetRests_low007.prefab
  artifactKey: Guid(d7db31c3854123946bbb1add31468e60) Importer(2089858483,b0f066a214c2f5e87bad3c948f4d605d)
Start importing Assets/World/Environment/Prefabs/Building3/ChairFeetRests_low007.prefab using Guid(d7db31c3854123946bbb1add31468e60) Importer(2089858483,b0f066a214c2f5e87bad3c948f4d605d) (ScriptedImporter) -> (artifact id: '4f728236cb96ebc037c7f948bc7ed270') in 0.0093094 seconds
Number of updated asset objects reloaded before import = 0Number of asset objects unloaded after import = 8

========================================================================
Received Import Request.
  Time since last request: 0.000026 seconds.
  path: Assets/World/Environment/Prefabs/Building3/WantedBoard_low001.prefab
  artifactKey: Guid(41e868878061acb42af66947b960830d) Importer(2089858483,b0f066a214c2f5e87bad3c948f4d605d)
Start importing Assets/World/Environment/Prefabs/Building3/WantedBoard_low001.prefab using Guid(41e868878061acb42af66947b960830d) Importer(2089858483,b0f066a214c2f5e87bad3c948f4d605d) (ScriptedImporter) -> (artifact id: '19396752932ff991597b05fab72669e3') in 0.0114149 seconds
Number of updated asset objects reloaded before import = 0Number of asset objects unloaded after import = 8

Editor requested this worker to shutdown with reason: Scaling down because of idle timeout
AssetImportWorker is now disconnected from the server
Process exiting
Exiting without the bug reporter. Application will terminate with return code 0