[Licensing::Module] Trying to connect to existing licensing client channel...
Built from '6000.3/staging' branch; Version is '6000.3.3f1 (ef04196de0d6) revision 15664153'; Using compiler version '194234433'; Build Type 'Release'
OS: 'Windows 11  (10.0.26200) 64bit Core' Language: 'cs' Physical Memory: 31701 MB
[Licensing::IpcConnector] Successfully connected to: "LicenseClient-Martin" at "2026-01-23T11:10:16.5502586Z"
BatchMode: 1, IsHumanControllingUs: 0, StartBugReporterOnCrash: 0, Is64bit: 1
Date: 2026-01-23T11:10:16Z

COMMAND LINE ARGUMENTS:
C:\Program Files\Unity\Hub\Editor\6000.3.3f1\Editor\Unity.exe
-adb2
-batchMode
-noUpm
-name
AssetImportWorker0
-projectPath
C:/Users/Martin/Downloads/dominik_repo/maturitniprace/devGame
-logFile
Logs/AssetImportWorker0.log
-srvPort
50708
-licensingIpc
LicenseClient-Martin
-job-worker-count
5
-background-job-worker-count
8
-gc-helper-count
1
-name
AssetImport
Successfully changed project path to: C:/Users/Martin/Downloads/dominik_repo/maturitniprace/devGame
C:/Users/Martin/Downloads/dominik_repo/maturitniprace/devGame
[UnityMemory] Configuration Parameters - Can be set up in boot.config
    "memorysetup-temp-allocator-size-nav-mesh-worker=65536"
    "memorysetup-temp-allocator-size-audio-worker=65536"
    "memorysetup-temp-allocator-size-gfx=262144"
    "memorysetup-allocator-temp-initial-block-size-main=262144"
    "memorysetup-allocator-temp-initial-block-size-worker=262144"
    "memorysetup-temp-allocator-size-background-worker=32768"
    "memorysetup-temp-allocator-size-job-worker=262144"
    "memorysetup-temp-allocator-size-preload-manager=33554432"
    "memorysetup-temp-allocator-size-gi-baking-worker=262144"
    "memorysetup-temp-allocator-size-gi-baking-worker=262144"
    "memorysetup-temp-allocator-size-gi-baking-worker=262144"
    "memorysetup-temp-allocator-size-gi-baking-worker=262144"
    "memorysetup-temp-allocator-size-gi-baking-worker=262144"
    "memorysetup-bucket-allocator-granularity=16"
    "memorysetup-bucket-allocator-bucket-count=8"
    "memorysetup-bucket-allocator-block-size=33554432"
    "memorysetup-bucket-allocator-block-count=8"
    "memorysetup-main-allocator-block-size=16777216"
    "memorysetup-thread-allocator-block-size=16777216"
    "memorysetup-gfx-main-allocator-block-size=16777216"
    "memorysetup-gfx-thread-allocator-block-size=16777216"
    "memorysetup-cache-allocator-block-size=4194304"
    "memorysetup-typetree-allocator-block-size=2097152"
    "memorysetup-profiler-bucket-allocator-granularity=16"
    "memorysetup-profiler-bucket-allocator-bucket-count=8"
    "memorysetup-profiler-bucket-allocator-block-size=33554432"
    "memorysetup-profiler-bucket-allocator-block-count=8"
    "memorysetup-profiler-allocator-block-size=16777216"
    "memorysetup-profiler-editor-allocator-block-size=1048576"
    "memorysetup-temp-allocator-size-main=16777216"
    "memorysetup-job-temp-allocator-block-size=2097152"
    "memorysetup-job-temp-allocator-block-size-background=1048576"
    "memorysetup-job-temp-allocator-reduction-small-platforms=262144"
    "memorysetup-temp-allocator-size-cloud-worker=32768"
Player connection [42568]  Target information:

Player connection [42568]  * "[IP] 192.168.68.53 [Port] 0 [Flags] 2 [Guid] 863713466 [EditorId] 863713466 [Version] 1048832 [Id] WindowsEditor(7,DESKTOP-BH2HPD8) [Debug] 1 [PackageName] WindowsEditor [ProjectName] Editor" 

Player connection [42568] Host joined multi-casting on [225.0.0.222:54997]...
Player connection [42568] Host joined alternative multi-casting on [225.0.0.222:34997]...
JobSystem: Creating JobQueue using job-worker-count value 5
Input System module state changed to: Initialized.
[Physics::Module] Initialized fallback backend.
[Physics::Module] Id: 0xdecafbad
Library Redirect Path: Library/
[Physics::Module] Selected backend.
[Physics::Module] Name: PhysX
[Physics::Module] Id: 0xf2b8ea05
[Physics::Module] SDK Version: 4.1.2
[Physics::Module] Integration Version: 1.0.0
[Physics::Module] Threading Mode: Multi-Threaded
Refreshing native plugins compatible for Editor in 7.82 ms, found 2 plugins.
Preloading 0 native plugins for Editor in 0.00 ms.
Initialize engine version: 6000.3.3f1 (ef04196de0d6)
[Subsystems] Discovering subsystems at path C:/Program Files/Unity/Hub/Editor/6000.3.3f1/Editor/Data/Resources/UnitySubsystems
[Subsystems] Discovering subsystems at path C:/Users/Martin/Downloads/dominik_repo/maturitniprace/devGame/Assets
GfxDevice: creating device client; kGfxThreadingModeNonThreaded
Direct3D:
    Version:  Direct3D 11.0 [level 11.1]
    Renderer: NVIDIA GeForce RTX 3070 (ID=0x2488)
    Vendor:   NVIDIA
    VRAM:     8018 MB
    Driver:   32.0.15.8097
Shader 'Hidden/Universal Render Pipeline/FallbackError': fallback shader 'Hidden/Core/FallbackError' not found
Shader 'Hidden/Universal Render Pipeline/StencilDeferred': fallback shader 'Hidden/Universal Render Pipeline/FallbackError' not found
Shader 'Hidden/Universal Render Pipeline/ClusterDeferred': fallback shader 'Hidden/Universal Render Pipeline/FallbackError' not found
Shader 'Universal Render Pipeline/Nature/SpeedTree7': fallback shader 'Hidden/Universal Render Pipeline/FallbackError' not found
Shader 'Universal Render Pipeline/Nature/SpeedTree7': dependency 'BillboardShader' shader 'Universal Render Pipeline/Nature/SpeedTree7 Billboard' not found
Shader 'Universal Render Pipeline/Lit': fallback shader 'Hidden/Universal Render Pipeline/FallbackError' not found
Shader 'Universal Render Pipeline/Particles/Unlit': fallback shader 'Hidden/Universal Render Pipeline/FallbackError' not found
Shader 'WFX/Transparent Diffuse': fallback shader 'Particles/Alpha Blended' not found
Shader 'Universal Render Pipeline/Simple Lit': fallback shader 'Hidden/Universal Render Pipeline/FallbackError' not found
Shader 'Universal Render Pipeline/VR/SpatialMapping/Occlusion': fallback shader 'Hidden/Universal Render Pipeline/FallbackError' not found
Shader 'WFX/Transparent Specular': fallback shader 'Particles/Alpha Blended' not found
Shader 'Universal Render Pipeline/VR/SpatialMapping/Wireframe': fallback shader 'Hidden/Universal Render Pipeline/FallbackError' not found
Shader 'Universal Render Pipeline/Nature/SpeedTree8': fallback shader 'Hidden/Universal Render Pipeline/FallbackError' not found
Shader 'Universal Render Pipeline/Particles/Simple Lit': fallback shader 'Universal Render Pipeline/Particles/Unlit' not found
Shader 'Universal Render Pipeline/Particles/Lit': fallback shader 'Universal Render Pipeline/Particles/Simple Lit' not found
Shader 'Universal Render Pipeline/Nature/SpeedTree7 Billboard': fallback shader 'Hidden/Universal Render Pipeline/FallbackError' not found
Shader 'Universal Render Pipeline/Complex Lit': fallback shader 'Hidden/Universal Render Pipeline/FallbackError' not found
Shader 'Hidden/Universal Render Pipeline/Terrain/Lit (Add Pass)': fallback shader 'Hidden/Universal Render Pipeline/FallbackError' not found
Shader 'TextMeshPro/Distance Field Overlay': fallback shader 'TextMeshPro/Mobile/Distance Field' not found
Shader 'Universal Render Pipeline/Baked Lit': fallback shader 'Universal Render Pipeline/Unlit' not found
Shader 'TextMeshPro/Distance Field SSD': fallback shader 'TextMeshPro/Mobile/Distance Field' not found
Shader 'TextMeshPro/Distance Field': fallback shader 'TextMeshPro/Mobile/Distance Field' not found
Shader 'Universal Render Pipeline/Unlit': fallback shader 'Hidden/Universal Render Pipeline/FallbackError' not found
Initialize mono
Mono path[0] = 'C:/Program Files/Unity/Hub/Editor/6000.3.3f1/Editor/Data/Managed'
Mono path[1] = 'C:/Program Files/Unity/Hub/Editor/6000.3.3f1/Editor/Data/MonoBleedingEdge/lib/mono/unityjit-win32'
Mono config path = 'C:/Program Files/Unity/Hub/Editor/6000.3.3f1/Editor/Data/MonoBleedingEdge/etc'
Using monoOptions --debugger-agent=transport=dt_socket,embedding=1,server=y,suspend=n,address=127.0.0.1:56972
Begin MonoManager ReloadAssembly
Registering precompiled unity dll's ...
Register platform support module: C:/Program Files/Unity/Hub/Editor/6000.3.3f1/Editor/Data/PlaybackEngines/WindowsStandaloneSupport/UnityEditor.WindowsStandalone.Extensions.dll
Registered in 0.002769 seconds.
[Licensing::Client] Handshaking with LicensingClient:
  Version:                 1.17.4+4293ba1
  Session Id:              c9c1fe261ec5416eb3acc41f3354f7ec
  Correlation Id:          fc3f6bb37f628097782775999fa7704b
  External correlation Id: 7393709378849730026
  Machine Id:              00CTUCjZj0TovAVXi7ICp8/DbyI=
[Licensing::Module] Successfully connected to LicensingClient on channel: "LicenseClient-Martin" (connect: 0.00s, validation: 0.00s, handshake: 1.04s)
[Licensing::IpcConnector] Successfully connected to: "LicenseClient-Martin-notifications" at "2026-01-23T11:10:17.5957444Z"
[Licensing::Module] Licensing Background thread has ended after 1.05s
- Loaded All Assemblies, in  0.410 seconds
Native extension for WindowsStandalone target not found
Mono: successfully reloaded assembly
- Finished resetting the current domain, in  0.396 seconds
Domain Reload Profiling: 801ms
	BeginReloadAssembly (137ms)
		ExecutionOrderSort (0ms)
		DisableScriptedObjects (0ms)
		BackupInstance (0ms)
		ReleaseScriptingObjects (0ms)
		CreateAndSetChildDomain (1ms)
	RebuildCommonClasses (44ms)
	RebuildNativeTypeToScriptingClass (16ms)
	initialDomainReloadingComplete (51ms)
	LoadAllAssembliesAndSetupDomain (156ms)
		LoadAssemblies (133ms)
		RebuildTransferFunctionScriptingTraits (0ms)
		AnalyzeDomain (153ms)
			TypeCache.Refresh (151ms)
				TypeCache.ScanAssembly (136ms)
			BuildScriptInfoCaches (0ms)
			ResolveRequiredComponents (0ms)
	FinalizeReload (396ms)
		ReleaseScriptCaches (0ms)
		RebuildScriptCaches (0ms)
		SetupLoadedEditorAssemblies (349ms)
			LogAssemblyErrors (0ms)
			InitializePlatformSupportModulesInManaged (41ms)
			SetLoadedEditorAssemblies (2ms)
			BeforeProcessingInitializeOnLoad (80ms)
			ProcessInitializeOnLoadAttributes (152ms)
			ProcessInitializeOnLoadMethodAttributes (74ms)
			AfterProcessingInitializeOnLoad (0ms)
			EditorAssembliesLoaded (0ms)
		ExecutionOrderSort2 (0ms)
		AwakeInstancesAfterBackupRestoration (0ms)
========================================================================
Worker process is ready to serve import requests
Import Worker Mode flag is 0x00
Begin MonoManager ReloadAssembly
[Licensing::Client] Successfully resolved entitlement details
[Licensing::Module] License group:
  Id: 1374554797541-UnityPersXXXX
  Product: Unity Personal
  Type: Assigned
  Expiration: Unlimited
Symbol file LoadedFromMemory is not a mono symbol file
- Loaded All Assemblies, in  0.871 seconds
Refreshing native plugins compatible for Editor in 4.07 ms, found 2 plugins.
Shader 'Universal Render Pipeline/Terrain/Lit': fallback shader 'Hidden/Universal Render Pipeline/FallbackError' not found
Shader 'Universal Render Pipeline/Terrain/Lit': dependency 'AddPassShader' shader 'Hidden/Universal Render Pipeline/Terrain/Lit (Add Pass)' not found
Shader 'Universal Render Pipeline/Terrain/Lit': dependency 'BaseMapShader' shader 'Hidden/Universal Render Pipeline/Terrain/Lit (Base Pass)' not found
Shader 'Universal Render Pipeline/Terrain/Lit': dependency 'BaseMapGenShader' shader 'Hidden/Universal Render Pipeline/Terrain/Lit (Basemap Gen)' not found
Native extension for WindowsStandalone target not found
Package Manager log level set to [2]
[Package Manager] Failed to launch server process. Reason: Unity was launched with the -noUpm command-line argument
[Package Manager] Unable to send message (not connected to server process).
[Package Manager] Cannot connect to Unity Package Manager local server
Refreshing native plugins compatible for Editor in 4.91 ms, found 2 plugins.
Mono: successfully reloaded assembly
- Finished resetting the current domain, in  0.876 seconds
Domain Reload Profiling: 1742ms
	BeginReloadAssembly (191ms)
		ExecutionOrderSort (0ms)
		DisableScriptedObjects (6ms)
		BackupInstance (0ms)
		ReleaseScriptingObjects (0ms)
		CreateAndSetChildDomain (38ms)
	RebuildCommonClasses (33ms)
	RebuildNativeTypeToScriptingClass (17ms)
	initialDomainReloadingComplete (37ms)
	LoadAllAssembliesAndSetupDomain (586ms)
		LoadAssemblies (394ms)
		RebuildTransferFunctionScriptingTraits (0ms)
		AnalyzeDomain (285ms)
			TypeCache.Refresh (216ms)
				TypeCache.ScanAssembly (201ms)
			BuildScriptInfoCaches (56ms)
			ResolveRequiredComponents (9ms)
	FinalizeReload (877ms)
		ReleaseScriptCaches (0ms)
		RebuildScriptCaches (0ms)
		SetupLoadedEditorAssemblies (689ms)
			LogAssemblyErrors (0ms)
			InitializePlatformSupportModulesInManaged (2ms)
			SetLoadedEditorAssemblies (4ms)
			BeforeProcessingInitializeOnLoad (147ms)
			ProcessInitializeOnLoadAttributes (350ms)
			ProcessInitializeOnLoadMethodAttributes (181ms)
			AfterProcessingInitializeOnLoad (6ms)
			EditorAssembliesLoaded (0ms)
		ExecutionOrderSort2 (0ms)
		AwakeInstancesAfterBackupRestoration (7ms)
WARNING: Shader Unsupported: 'Hidden/Universal Render Pipeline/Terrain/Lit (Base Pass)' - All subshaders removed
WARNING: Shader Did you use #pragma only_renderers and omit this platform?
WARNING: Shader If subshaders removal was intentional, you may have forgotten turning Fallback off?
WARNING: Shader Unsupported: 'Hidden/Universal Render Pipeline/Terrain/Lit (Base Pass)' - All subshaders removed
WARNING: Shader Did you use #pragma only_renderers and omit this platform?
WARNING: Shader If subshaders removal was intentional, you may have forgotten turning Fallback off?
Shader 'WFX/Transparent Diffuse': fallback shader 'Particles/Alpha Blended' not found
Shader 'WFX/Transparent Specular': fallback shader 'Particles/Alpha Blended' not found
Launched and connected shader compiler UnityShaderCompiler.exe after 0.01 seconds
Refreshing native plugins compatible for Editor in 4.89 ms, found 2 plugins.
Preloading 0 native plugins for Editor in 0.00 ms.
Unloading 18 Unused Serialized files (Serialized files now loaded: 0)
Unloading 6088 unused Assets / (4.8 MB). Loaded Objects now: 6879.
Memory consumption went from 151.9 MB to 147.0 MB.
Total: 14.537800 ms (FindLiveObjects: 0.946500 ms CreateObjectMapping: 0.771400 ms MarkObjects: 10.171200 ms  DeleteObjects: 2.647600 ms)

========================================================================
Received Import Request.
  Time since last request: 665970.598586 seconds.
  path: Assets/MobileDependencyResolver/Editor/1.2.185/Google.VersionHandlerImpl.dll
  artifactKey: Guid(e2831157d94e4d15998dcb6ad1418057) Importer(2089858483,b0f066a214c2f5e87bad3c948f4d605d)
Start importing Assets/MobileDependencyResolver/Editor/1.2.185/Google.VersionHandlerImpl.dll using Guid(e2831157d94e4d15998dcb6ad1418057) Importer(2089858483,b0f066a214c2f5e87bad3c948f4d605d) (ScriptedImporter) -> (artifact id: 'bfbea1df5001e2a27ccb773826fd0378') in 0.0828712 seconds
Number of updated asset objects reloaded before import = 0Number of asset objects unloaded after import = 0

========================================================================
Received Import Request.
  Time since last request: 0.000018 seconds.
  path: Assets/Game/TextMesh Pro/Shaders/TMP_SDF-Surface.shader
  artifactKey: Guid(f7ada0af4f174f0694ca6a487b8f543d) Importer(2089858483,b0f066a214c2f5e87bad3c948f4d605d)
Start importing Assets/Game/TextMesh Pro/Shaders/TMP_SDF-Surface.shader using Guid(f7ada0af4f174f0694ca6a487b8f543d) Importer(2089858483,b0f066a214c2f5e87bad3c948f4d605d) (ScriptedImporter) -> (artifact id: 'e754dc1ccb991625eaf7367cbf34e012') in 0.0160538 seconds
Number of updated asset objects reloaded before import = 0Number of asset objects unloaded after import = 1

========================================================================
Received Import Request.
  Time since last request: 0.000018 seconds.
  path: Assets/Game/Scenes/Playground/ReflectionProbe-1.exr
  artifactKey: Guid(5515cbebf3ef1144ebf8d50ed9091e17) Importer(2089858483,b0f066a214c2f5e87bad3c948f4d605d)
Start importing Assets/Game/Scenes/Playground/ReflectionProbe-1.exr using Guid(5515cbebf3ef1144ebf8d50ed9091e17) Importer(2089858483,b0f066a214c2f5e87bad3c948f4d605d) (ScriptedImporter) -> (artifact id: '10f6450217a83972e8824651b6ab67e1') in 0.0355883 seconds
Number of updated asset objects reloaded before import = 0Number of asset objects unloaded after import = 1

========================================================================
Received Import Request.
  Time since last request: 0.000016 seconds.
  path: Assets/World/Environment/Skybox/6sidedCosmicCoolCloud.mat
  artifactKey: Guid(f531e09e2ad2fb440b4eed7605863143) Importer(2089858483,b0f066a214c2f5e87bad3c948f4d605d)
Start importing Assets/World/Environment/Skybox/6sidedCosmicCoolCloud.mat using Guid(f531e09e2ad2fb440b4eed7605863143) Importer(2089858483,b0f066a214c2f5e87bad3c948f4d605d) (ScriptedImporter) -> (artifact id: 'fd51a08161099737605c2a8cd0ba38bb') in 0.0415862 seconds
Number of updated asset objects reloaded before import = 0Number of asset objects unloaded after import = 7

========================================================================
Received Import Request.
  Time since last request: 0.000024 seconds.
  path: Assets/Game/TextMesh Pro/Shaders/TMPro_Properties.cginc
  artifactKey: Guid(3997e2241185407d80309a82f9148466) Importer(2089858483,b0f066a214c2f5e87bad3c948f4d605d)
Start importing Assets/Game/TextMesh Pro/Shaders/TMPro_Properties.cginc using Guid(3997e2241185407d80309a82f9148466) Importer(2089858483,b0f066a214c2f5e87bad3c948f4d605d) (ScriptedImporter) -> (artifact id: '7a8f04d75a2c48d27d8620b33807b2da') in 0.0099024 seconds
Number of updated asset objects reloaded before import = 0Number of asset objects unloaded after import = 1

========================================================================
Received Import Request.
  Time since last request: 0.000014 seconds.
  path: Assets/Game/Animations/door-close.anim
  artifactKey: Guid(94796954f4addac4d9b7ffb4f1f62a93) Importer(2089858483,b0f066a214c2f5e87bad3c948f4d605d)
Start importing Assets/Game/Animations/door-close.anim using Guid(94796954f4addac4d9b7ffb4f1f62a93) Importer(2089858483,b0f066a214c2f5e87bad3c948f4d605d) (ScriptedImporter) -> (artifact id: 'ff98feaf663d6ee6528fd3acf6f19c89') in 0.019123 seconds
Number of updated asset objects reloaded before import = 0Number of asset objects unloaded after import = 1

========================================================================
Received Import Request.
  Time since last request: 0.000013 seconds.
  path: Assets/Game/TextMesh Pro/Shaders/TMP_Bitmap-Custom-Atlas.shader
  artifactKey: Guid(48bb5f55d8670e349b6e614913f9d910) Importer(2089858483,b0f066a214c2f5e87bad3c948f4d605d)
Start importing Assets/Game/TextMesh Pro/Shaders/TMP_Bitmap-Custom-Atlas.shader using Guid(48bb5f55d8670e349b6e614913f9d910) Importer(2089858483,b0f066a214c2f5e87bad3c948f4d605d) (ScriptedImporter) -> (artifact id: 'd47b11e612ecdb61abe4f5b52dbb8319') in 0.0109231 seconds
Number of updated asset objects reloaded before import = 0Number of asset objects unloaded after import = 1

========================================================================
Received Import Request.
  Time since last request: 0.000012 seconds.
  path: Assets/Materials/1-fine-sand-seamless-texture.jpg
  artifactKey: Guid(32d92a30b26dbff4e9b496cb5d2ab8d3) Importer(2089858483,b0f066a214c2f5e87bad3c948f4d605d)
Start importing Assets/Materials/1-fine-sand-seamless-texture.jpg using Guid(32d92a30b26dbff4e9b496cb5d2ab8d3) Importer(2089858483,b0f066a214c2f5e87bad3c948f4d605d) (ScriptedImporter) -> (artifact id: '3c04ed0389769281c8f4f7fd1346d6de') in 0.0265089 seconds
Number of updated asset objects reloaded before import = 0Number of asset objects unloaded after import = 1

========================================================================
Received Import Request.
  Time since last request: 0.000015 seconds.
  path: Assets/World/Effects/SmokePuffNormal.tif
  artifactKey: Guid(efd4dede8adddca4082ffcca4d120af5) Importer(2089858483,b0f066a214c2f5e87bad3c948f4d605d)
Start importing Assets/World/Effects/SmokePuffNormal.tif using Guid(efd4dede8adddca4082ffcca4d120af5) Importer(2089858483,b0f066a214c2f5e87bad3c948f4d605d) (ScriptedImporter) -> (artifact id: 'a307b42f9dd1d9642ab54783eab870aa') in 0.0162295 seconds
Number of updated asset objects reloaded before import = 0Number of asset objects unloaded after import = 1

========================================================================
Received Import Request.
  Time since last request: 0.000021 seconds.
  path: Assets/Game/TextMesh Pro/Shaders/TMPro_Mobile.cginc
  artifactKey: Guid(c334973cef89a9840b0b0c507e0377ab) Importer(2089858483,b0f066a214c2f5e87bad3c948f4d605d)
Start importing Assets/Game/TextMesh Pro/Shaders/TMPro_Mobile.cginc using Guid(c334973cef89a9840b0b0c507e0377ab) Importer(2089858483,b0f066a214c2f5e87bad3c948f4d605d) (ScriptedImporter) -> (artifact id: '7472dc0d8313132f9a1582a398479398') in 0.0113034 seconds
Number of updated asset objects reloaded before import = 0Number of asset objects unloaded after import = 1

========================================================================
Received Import Request.
  Time since last request: 0.000016 seconds.
  path: Assets/DefaultVolumeProfile.asset
  artifactKey: Guid(3abcbd7e6188ec8459a54319dd05cfe9) Importer(2089858483,b0f066a214c2f5e87bad3c948f4d605d)
Start importing Assets/DefaultVolumeProfile.asset using Guid(3abcbd7e6188ec8459a54319dd05cfe9) Importer(2089858483,b0f066a214c2f5e87bad3c948f4d605d) (ScriptedImporter) -> (artifact id: '8f4ab37e4a66db620d4c9fde55dae40e') in 0.0109571 seconds
Number of updated asset objects reloaded before import = 0Number of asset objects unloaded after import = 0

========================================================================
Received Import Request.
  Time since last request: 0.000013 seconds.
  path: Assets/Game/TutorialInfo/Scripts/Readme.cs
  artifactKey: Guid(fcf7219bab7fe46a1ad266029b2fee19) Importer(2089858483,b0f066a214c2f5e87bad3c948f4d605d)
Start importing Assets/Game/TutorialInfo/Scripts/Readme.cs using Guid(fcf7219bab7fe46a1ad266029b2fee19) Importer(2089858483,b0f066a214c2f5e87bad3c948f4d605d) (ScriptedImporter) -> (artifact id: 'f231893705a3d75804043cd0f495fb66') in 0.0145097 seconds
Number of updated asset objects reloaded before import = 0Number of asset objects unloaded after import = 0

========================================================================
Received Import Request.
  Time since last request: 0.000012 seconds.
  path: Assets/Game/Scenes/Playground/ReflectionProbe-2.exr
  artifactKey: Guid(c49ef192a57a5af42a728163b2468c8a) Importer(2089858483,b0f066a214c2f5e87bad3c948f4d605d)
Start importing Assets/Game/Scenes/Playground/ReflectionProbe-2.exr using Guid(c49ef192a57a5af42a728163b2468c8a) Importer(2089858483,b0f066a214c2f5e87bad3c948f4d605d) (ScriptedImporter) -> (artifact id: '247c2a9e4ed3e9b7bf09d4e206edcf90') in 0.0194804 seconds
Number of updated asset objects reloaded before import = 0Number of asset objects unloaded after import = 1

========================================================================
Received Import Request.
  Time since last request: 0.000017 seconds.
  path: Assets/Game/InputSystem/StarterAssets.inputactions
  artifactKey: Guid(4419d82f33d36e848b3ed5af4c8da37e) Importer(2089858483,b0f066a214c2f5e87bad3c948f4d605d)
Start importing Assets/Game/InputSystem/StarterAssets.inputactions using Guid(4419d82f33d36e848b3ed5af4c8da37e) Importer(2089858483,b0f066a214c2f5e87bad3c948f4d605d) (ScriptedImporter) -> (artifact id: '48437be9c685e56c56edc175ce33684b') in 0.1452421 seconds
Number of updated asset objects reloaded before import = 0Number of asset objects unloaded after import = 7

========================================================================
Received Import Request.
  Time since last request: 0.000020 seconds.
  path: Assets/World/Environment/Shaders/RMHTransparency.shader
  artifactKey: Guid(95f553c3a5e5ffe48886c3ed73288373) Importer(2089858483,b0f066a214c2f5e87bad3c948f4d605d)
Start importing Assets/World/Environment/Shaders/RMHTransparency.shader using Guid(95f553c3a5e5ffe48886c3ed73288373) Importer(2089858483,b0f066a214c2f5e87bad3c948f4d605d) (ScriptedImporter) -> (artifact id: '3d88881372da278f0189b46c0a6b9d94') in 0.0140973 seconds
Number of updated asset objects reloaded before import = 0Number of asset objects unloaded after import = 1

========================================================================
Received Import Request.
  Time since last request: 0.000023 seconds.
  path: Assets/Game/Mobile/UI/UI_Icon_Look.png
  artifactKey: Guid(af0ae2dbf3d1efb4f82af377950704a2) Importer(2089858483,b0f066a214c2f5e87bad3c948f4d605d)
Start importing Assets/Game/Mobile/UI/UI_Icon_Look.png using Guid(af0ae2dbf3d1efb4f82af377950704a2) Importer(2089858483,b0f066a214c2f5e87bad3c948f4d605d) (ScriptedImporter) -> (artifact id: 'ab786fadb8fbbe41805ce03464bdaa69') in 0.0271631 seconds
Number of updated asset objects reloaded before import = 0Number of asset objects unloaded after import = 3

========================================================================
Received Import Request.
  Time since last request: 0.000017 seconds.
  path: Assets/Game/UniversalRenderPipelineAsset_Renderer.asset
  artifactKey: Guid(635ecd48c25793d459ce38c1c0495493) Importer(2089858483,b0f066a214c2f5e87bad3c948f4d605d)
Start importing Assets/Game/UniversalRenderPipelineAsset_Renderer.asset using Guid(635ecd48c25793d459ce38c1c0495493) Importer(2089858483,b0f066a214c2f5e87bad3c948f4d605d) (ScriptedImporter) -> (artifact id: '6e3e50f74c15068a5f7ab79807ca5a31') in 0.0326364 seconds
Number of updated asset objects reloaded before import = 0Number of asset objects unloaded after import = 1

========================================================================
Received Import Request.
  Time since last request: 0.000014 seconds.
  path: Assets/Game/TextMesh Pro/Shaders/TMP_SDF-Surface-Mobile.shader
  artifactKey: Guid(85187c2149c549c5b33f0cdb02836b17) Importer(2089858483,b0f066a214c2f5e87bad3c948f4d605d)
Start importing Assets/Game/TextMesh Pro/Shaders/TMP_SDF-Surface-Mobile.shader using Guid(85187c2149c549c5b33f0cdb02836b17) Importer(2089858483,b0f066a214c2f5e87bad3c948f4d605d) (ScriptedImporter) -> (artifact id: '3b3447a9b72ad696b6af31885d3c4626') in 0.0109077 seconds
Number of updated asset objects reloaded before import = 0Number of asset objects unloaded after import = 1

========================================================================
Received Import Request.
  Time since last request: 0.000015 seconds.
  path: Assets/Game/Mobile/UI/UI_Circle_Bevel_Base.png
  artifactKey: Guid(b74c31d447d2f5d41a61081bdf5e7126) Importer(2089858483,b0f066a214c2f5e87bad3c948f4d605d)
Start importing Assets/Game/Mobile/UI/UI_Circle_Bevel_Base.png using Guid(b74c31d447d2f5d41a61081bdf5e7126) Importer(2089858483,b0f066a214c2f5e87bad3c948f4d605d) (ScriptedImporter) -> (artifact id: '80f20aa0b703e5dfcfae16f8be35b54b') in 0.0150143 seconds
Number of updated asset objects reloaded before import = 0Number of asset objects unloaded after import = 3

========================================================================
Received Import Request.
  Time since last request: 0.000013 seconds.
  path: Assets/Game/TutorialInfo/Icons/ReadMeImg.PNG
  artifactKey: Guid(44a17a5b205fcd349a24700e6f5615bd) Importer(2089858483,b0f066a214c2f5e87bad3c948f4d605d)
Start importing Assets/Game/TutorialInfo/Icons/ReadMeImg.PNG using Guid(44a17a5b205fcd349a24700e6f5615bd) Importer(2089858483,b0f066a214c2f5e87bad3c948f4d605d) (ScriptedImporter) -> (artifact id: '20f81226ce274f73944f048697db5530') in 0.0147781 seconds
Number of updated asset objects reloaded before import = 0Number of asset objects unloaded after import = 1

========================================================================
Received Import Request.
  Time since last request: 0.000023 seconds.
  path: Assets/Game/TextMesh Pro/Shaders/TMPro.cginc
  artifactKey: Guid(407bc68d299748449bbf7f48ee690f8d) Importer(2089858483,b0f066a214c2f5e87bad3c948f4d605d)
Start importing Assets/Game/TextMesh Pro/Shaders/TMPro.cginc using Guid(407bc68d299748449bbf7f48ee690f8d) Importer(2089858483,b0f066a214c2f5e87bad3c948f4d605d) (ScriptedImporter) -> (artifact id: 'd66d192592ce9d9047e692fdcd1945dd') in 0.0100597 seconds
Number of updated asset objects reloaded before import = 0Number of asset objects unloaded after import = 1

========================================================================
Received Import Request.
  Time since last request: 0.000014 seconds.
  path: Assets/World/Scripts/EmitterPositionController.cs
  artifactKey: Guid(507e95f5800b74640b19ddd14811ab16) Importer(2089858483,b0f066a214c2f5e87bad3c948f4d605d)
Start importing Assets/World/Scripts/EmitterPositionController.cs using Guid(507e95f5800b74640b19ddd14811ab16) Importer(2089858483,b0f066a214c2f5e87bad3c948f4d605d) (ScriptedImporter) -> (artifact id: 'b80f3e54c36c197e615186e98c1af168') in 0.0117999 seconds
Number of updated asset objects reloaded before import = 0Number of asset objects unloaded after import = 0

========================================================================
Received Import Request.
  Time since last request: 0.000015 seconds.
  path: Assets/Game/Mobile/UI/UI_Circle_Faded.png
  artifactKey: Guid(90ded0611e490aa4ba6961afbfc2280d) Importer(2089858483,b0f066a214c2f5e87bad3c948f4d605d)
Start importing Assets/Game/Mobile/UI/UI_Circle_Faded.png using Guid(90ded0611e490aa4ba6961afbfc2280d) Importer(2089858483,b0f066a214c2f5e87bad3c948f4d605d) (ScriptedImporter) -> (artifact id: '9c3f2a3e18ea6316c13c439542f59f22') in 0.0282125 seconds
Number of updated asset objects reloaded before import = 0Number of asset objects unloaded after import = 3

========================================================================
Received Import Request.
  Time since last request: 0.000013 seconds.
  path: Assets/Game/TextMesh Pro/Sprites/EmojiOne.json
  artifactKey: Guid(8f05276190cf498a8153f6cbe761d4e6) Importer(2089858483,b0f066a214c2f5e87bad3c948f4d605d)
Start importing Assets/Game/TextMesh Pro/Sprites/EmojiOne.json using Guid(8f05276190cf498a8153f6cbe761d4e6) Importer(2089858483,b0f066a214c2f5e87bad3c948f4d605d) (ScriptedImporter) -> (artifact id: 'a3054d3fe5c8253d7c6e8c27af0b1a75') in 0.0090126 seconds
Number of updated asset objects reloaded before import = 0Number of asset objects unloaded after import = 1

========================================================================
Received Import Request.
  Time since last request: 0.000014 seconds.
  path: Assets/World/Effects/Point Light.prefab
  artifactKey: Guid(fae8ca27a2f00324eb9ce26f4d96e3dd) Importer(2089858483,b0f066a214c2f5e87bad3c948f4d605d)
Start importing Assets/World/Effects/Point Light.prefab using Guid(fae8ca27a2f00324eb9ce26f4d96e3dd) Importer(2089858483,b0f066a214c2f5e87bad3c948f4d605d) (ScriptedImporter) -> (artifact id: '670bc7fcaa9a5dc29f6f20dfd241c54c') in 0.0402938 seconds
Number of updated asset objects reloaded before import = 0Number of asset objects unloaded after import = 6

========================================================================
Received Import Request.
  Time since last request: 0.867395 seconds.
  path: Assets/World/Environment/Skybox/Cloudymorning.mat
  artifactKey: Guid(d9dca9ae1786c394f9e79c637aa9a7bf) Importer(2089858483,b0f066a214c2f5e87bad3c948f4d605d)
Start importing Assets/World/Environment/Skybox/Cloudymorning.mat using Guid(d9dca9ae1786c394f9e79c637aa9a7bf) Importer(2089858483,b0f066a214c2f5e87bad3c948f4d605d) (ScriptedImporter) -> (artifact id: '4cbb06babada450ace4f09771b7204a6') in 0.051599 seconds
Number of updated asset objects reloaded before import = 0Number of asset objects unloaded after import = 2

========================================================================
Received Import Request.
  Time since last request: 0.000013 seconds.
  path: Assets/World/Environment/Skybox/PlanetaryEarth.mat
  artifactKey: Guid(16bc8a9d5451ca44d8f70575adbece3a) Importer(2089858483,b0f066a214c2f5e87bad3c948f4d605d)
Start importing Assets/World/Environment/Skybox/PlanetaryEarth.mat using Guid(16bc8a9d5451ca44d8f70575adbece3a) Importer(2089858483,b0f066a214c2f5e87bad3c948f4d605d) (ScriptedImporter) -> (artifact id: 'a9cb0bd2649cbb01d83961f20f35a023') in 0.0287145 seconds
Number of updated asset objects reloaded before import = 0Number of asset objects unloaded after import = 2

========================================================================
Received Import Request.
  Time since last request: 0.000017 seconds.
  path: Assets/Weapons/eretichable Technologies/Revolver Gun (Low Poly)/Materials/Revolver_LP.mat
  artifactKey: Guid(e8011926287f5f74d88aeaede538a238) Importer(2089858483,b0f066a214c2f5e87bad3c948f4d605d)
Start importing Assets/Weapons/eretichable Technologies/Revolver Gun (Low Poly)/Materials/Revolver_LP.mat using Guid(e8011926287f5f74d88aeaede538a238) Importer(2089858483,b0f066a214c2f5e87bad3c948f4d605d) (ScriptedImporter) -> (artifact id: '032b868eaf3f40049a732128b6188cc9') in 0.0159473 seconds
Number of updated asset objects reloaded before import = 0Number of asset objects unloaded after import = 2

========================================================================
Received Import Request.
  Time since last request: 0.000018 seconds.
  path: Assets/Game/AIImport/Human Animations/Materials/HumanAnimations_ColorPalette.mat
  artifactKey: Guid(b44c59c990ba60c4789e158a0272b59c) Importer(2089858483,b0f066a214c2f5e87bad3c948f4d605d)
Start importing Assets/Game/AIImport/Human Animations/Materials/HumanAnimations_ColorPalette.mat using Guid(b44c59c990ba60c4789e158a0272b59c) Importer(2089858483,b0f066a214c2f5e87bad3c948f4d605d) (ScriptedImporter) -> (artifact id: '6b55de7e85e0997856f187da28af0b3a') in 0.0103842 seconds
Number of updated asset objects reloaded before import = 0Number of asset objects unloaded after import = 2

========================================================================
Received Import Request.
  Time since last request: 0.000017 seconds.
  path: Assets/Game/Animations/NPC/Masked Poses/Human@ObjectGripHands01.fbx
  artifactKey: Guid(a92ad04671c1e2c42ab2feb0e9ac684c) Importer(2089858483,b0f066a214c2f5e87bad3c948f4d605d)
Start importing Assets/Game/Animations/NPC/Masked Poses/Human@ObjectGripHands01.fbx using Guid(a92ad04671c1e2c42ab2feb0e9ac684c) Importer(2089858483,b0f066a214c2f5e87bad3c948f4d605d) (ScriptedImporter) -> (artifact id: 'ce5974dc459f06e05021df140e92be2b') in 0.0273403 seconds
Number of updated asset objects reloaded before import = 0Number of asset objects unloaded after import = 120

========================================================================
Received Import Request.
  Time since last request: 0.000013 seconds.
  path: Assets/Game/Animations/NPC/Masked Poses/HumanF@WeaponHoldPolearm01.fbx
  artifactKey: Guid(40f0c0342e006424190c3c65989cc8ed) Importer(2089858483,b0f066a214c2f5e87bad3c948f4d605d)
Start importing Assets/Game/Animations/NPC/Masked Poses/HumanF@WeaponHoldPolearm01.fbx using Guid(40f0c0342e006424190c3c65989cc8ed) Importer(2089858483,b0f066a214c2f5e87bad3c948f4d605d) (ScriptedImporter) -> (artifact id: '7a8e6e523fcfc77abe27790a9b6b6332') in 0.0126047 seconds
Number of updated asset objects reloaded before import = 0Number of asset objects unloaded after import = 120

========================================================================
Received Import Request.
  Time since last request: 0.000011 seconds.
  path: Assets/Game/AIImport/Human Animations/Scripts/SpineProxy.cs
  artifactKey: Guid(dd95fd526fbaddd4e96feb1b5b051f7f) Importer(2089858483,b0f066a214c2f5e87bad3c948f4d605d)
Start importing Assets/Game/AIImport/Human Animations/Scripts/SpineProxy.cs using Guid(dd95fd526fbaddd4e96feb1b5b051f7f) Importer(2089858483,b0f066a214c2f5e87bad3c948f4d605d) (ScriptedImporter) -> (artifact id: 'a3f5e96dec94c0ddfab0ce47cb29c946') in 0.0094007 seconds
Number of updated asset objects reloaded before import = 0Number of asset objects unloaded after import = 0

========================================================================
Received Import Request.
  Time since last request: 0.000012 seconds.
  path: Assets/Weapons/eretichable Technologies/Revolver Gun (Low Poly)/Materials/Revolver_desert_camo.mat
  artifactKey: Guid(c5a71f0c439879e409f57f38a2cfbb31) Importer(2089858483,b0f066a214c2f5e87bad3c948f4d605d)
Start importing Assets/Weapons/eretichable Technologies/Revolver Gun (Low Poly)/Materials/Revolver_desert_camo.mat using Guid(c5a71f0c439879e409f57f38a2cfbb31) Importer(2089858483,b0f066a214c2f5e87bad3c948f4d605d) (ScriptedImporter) -> (artifact id: 'ec00d07ac8c8a648d84a68babe8fde2e') in 0.0146561 seconds
Number of updated asset objects reloaded before import = 0Number of asset objects unloaded after import = 2

========================================================================
Received Import Request.
  Time since last request: 0.000012 seconds.
  path: Assets/Game/Mobile/Prefabs/EventSystem/UI_EventSystem.prefab
  artifactKey: Guid(f0271df749728104eac22c3d897fd8ce) Importer(2089858483,b0f066a214c2f5e87bad3c948f4d605d)
Start importing Assets/Game/Mobile/Prefabs/EventSystem/UI_EventSystem.prefab using Guid(f0271df749728104eac22c3d897fd8ce) Importer(2089858483,b0f066a214c2f5e87bad3c948f4d605d) (ScriptedImporter) -> (artifact id: 'b7f8ecce2d5269b1a70f212e8bed3c52') in 0.0226154 seconds
Number of updated asset objects reloaded before import = 0Number of asset objects unloaded after import = 17

========================================================================
Received Import Request.
  Time since last request: 0.000015 seconds.
  path: Assets/World/Effects/WarFX/Demo/WarFX Demo NewSettings.lighting
  artifactKey: Guid(a352ddcb10b77b44798b79a9e3f2ef0b) Importer(2089858483,b0f066a214c2f5e87bad3c948f4d605d)
Start importing Assets/World/Effects/WarFX/Demo/WarFX Demo NewSettings.lighting using Guid(a352ddcb10b77b44798b79a9e3f2ef0b) Importer(2089858483,b0f066a214c2f5e87bad3c948f4d605d) (ScriptedImporter) -> (artifact id: '6c3c98a87af97a381ea7bc742b58e0e0') in 0.0134422 seconds
Number of updated asset objects reloaded before import = 0Number of asset objects unloaded after import = 1

========================================================================
Received Import Request.
  Time since last request: 0.000019 seconds.
  path: Assets/Game/Mobile/Prefabs/CanvasInputs/UI_Canvas_StarterAssetsInputs_Joysticks.prefab
  artifactKey: Guid(2f7f3dde7ae722a4aafffe20691ad702) Importer(2089858483,b0f066a214c2f5e87bad3c948f4d605d)
Start importing Assets/Game/Mobile/Prefabs/CanvasInputs/UI_Canvas_StarterAssetsInputs_Joysticks.prefab using Guid(2f7f3dde7ae722a4aafffe20691ad702) Importer(2089858483,b0f066a214c2f5e87bad3c948f4d605d) (ScriptedImporter) -> (artifact id: 'edabb2641590842487cfde33d6b69995') in 0.0408189 seconds
Number of updated asset objects reloaded before import = 0Number of asset objects unloaded after import = 61

========================================================================
Received Import Request.
  Time since last request: 0.000013 seconds.
  path: Assets/World/Effects/WarFX/Demo/WarFX Demo New.unity
  artifactKey: Guid(c3f02a419ecea464bbd721a17732b8d2) Importer(2089858483,b0f066a214c2f5e87bad3c948f4d605d)
Start importing Assets/World/Effects/WarFX/Demo/WarFX Demo New.unity using Guid(c3f02a419ecea464bbd721a17732b8d2) Importer(2089858483,b0f066a214c2f5e87bad3c948f4d605d) (ScriptedImporter) -> (artifact id: '295378b58fa75b669f4cdfab92b6c242') in 0.0169222 seconds
Number of updated asset objects reloaded before import = 0Number of asset objects unloaded after import = 1

========================================================================
Received Import Request.
  Time since last request: 0.000016 seconds.
  path: Assets/World/Environment/Skybox/DarkStorm.mat
  artifactKey: Guid(2039a0ad0a9d05549928b70362f54902) Importer(2089858483,b0f066a214c2f5e87bad3c948f4d605d)
Start importing Assets/World/Environment/Skybox/DarkStorm.mat using Guid(2039a0ad0a9d05549928b70362f54902) Importer(2089858483,b0f066a214c2f5e87bad3c948f4d605d) (ScriptedImporter) -> (artifact id: '2acddf1d1bec15818bf3c9d949085dc6') in 0.0199302 seconds
Number of updated asset objects reloaded before import = 0Number of asset objects unloaded after import = 2

========================================================================
Received Import Request.
  Time since last request: 0.000014 seconds.
  path: Assets/World/Effects/WarFX/Shaders/WFX_S Particle Multiply A8.shader
  artifactKey: Guid(27aa926a717dbfe44b4b79e7d91fa71d) Importer(2089858483,b0f066a214c2f5e87bad3c948f4d605d)
Start importing Assets/World/Effects/WarFX/Shaders/WFX_S Particle Multiply A8.shader using Guid(27aa926a717dbfe44b4b79e7d91fa71d) Importer(2089858483,b0f066a214c2f5e87bad3c948f4d605d) (ScriptedImporter) -> (artifact id: 'a0ebdd93eba4bac1ccf9b410897451ee') in 0.0108813 seconds
Number of updated asset objects reloaded before import = 0Number of asset objects unloaded after import = 1

========================================================================
Received Import Request.
  Time since last request: 0.000017 seconds.
  path: Assets/World/Environment/Skybox/UnderTheSea4k.mat
  artifactKey: Guid(119ec07f1c7ed204db46bd8465fd5a50) Importer(2089858483,b0f066a214c2f5e87bad3c948f4d605d)
Start importing Assets/World/Environment/Skybox/UnderTheSea4k.mat using Guid(119ec07f1c7ed204db46bd8465fd5a50) Importer(2089858483,b0f066a214c2f5e87bad3c948f4d605d) (ScriptedImporter) -> (artifact id: '7e268359a6dbe84042f737fe38063e37') in 0.0209223 seconds
Number of updated asset objects reloaded before import = 0Number of asset objects unloaded after import = 2

========================================================================
Received Import Request.
  Time since last request: 0.000024 seconds.
  path: Assets/World/Environment/Materials/Building2/BrickWallTile.mat
  artifactKey: Guid(83ce902630ff3d542aaa40e1eb152372) Importer(2089858483,b0f066a214c2f5e87bad3c948f4d605d)
Start importing Assets/World/Environment/Materials/Building2/BrickWallTile.mat using Guid(83ce902630ff3d542aaa40e1eb152372) Importer(2089858483,b0f066a214c2f5e87bad3c948f4d605d) (ScriptedImporter) -> (artifact id: '0177e46d367212ca43271ac64bb23ac5') in 0.0217636 seconds
Number of updated asset objects reloaded before import = 0Number of asset objects unloaded after import = 3

========================================================================
Received Import Request.
  Time since last request: 0.000015 seconds.
  path: Assets/Game/Mobile/Scripts/CanvasInputs/UICanvasControllerInput.cs
  artifactKey: Guid(4a300d010f57451488aa99000126fbd5) Importer(2089858483,b0f066a214c2f5e87bad3c948f4d605d)
Start importing Assets/Game/Mobile/Scripts/CanvasInputs/UICanvasControllerInput.cs using Guid(4a300d010f57451488aa99000126fbd5) Importer(2089858483,b0f066a214c2f5e87bad3c948f4d605d) (ScriptedImporter) -> (artifact id: '9df3501fed94e64e01a8cdfe7574c08f') in 0.0110474 seconds
Number of updated asset objects reloaded before import = 0Number of asset objects unloaded after import = 0

========================================================================
Received Import Request.
  Time since last request: 0.000013 seconds.
  path: Assets/Weapons/eretichable Technologies/Revolver Gun (Low Poly)/Materials/Revolver_Bullet.mat
  artifactKey: Guid(5971d7112d01488428bd326467cccb8a) Importer(2089858483,b0f066a214c2f5e87bad3c948f4d605d)
Start importing Assets/Weapons/eretichable Technologies/Revolver Gun (Low Poly)/Materials/Revolver_Bullet.mat using Guid(5971d7112d01488428bd326467cccb8a) Importer(2089858483,b0f066a214c2f5e87bad3c948f4d605d) (ScriptedImporter) -> (artifact id: '8ad6f647bc961663fe545b8758e4b848') in 0.0118409 seconds
Number of updated asset objects reloaded before import = 0Number of asset objects unloaded after import = 2

========================================================================
Received Import Request.
  Time since last request: 0.000015 seconds.
  path: Assets/Weapons/eretichable Technologies/Revolver Gun (Low Poly)/Textures/Revolver_green_camo.png
  artifactKey: Guid(bfec4e3715b8451468f0105307a06ebd) Importer(2089858483,b0f066a214c2f5e87bad3c948f4d605d)
Start importing Assets/Weapons/eretichable Technologies/Revolver Gun (Low Poly)/Textures/Revolver_green_camo.png using Guid(bfec4e3715b8451468f0105307a06ebd) Importer(2089858483,b0f066a214c2f5e87bad3c948f4d605d) (ScriptedImporter) -> (artifact id: '99f978e2e2db2b2c92bb6268f44499df') in 0.0121742 seconds
Number of updated asset objects reloaded before import = 0Number of asset objects unloaded after import = 1

========================================================================
Received Import Request.
  Time since last request: 0.000015 seconds.
  path: Assets/Weapons/eretichable Technologies/Revolver Gun (Low Poly)/Meshes/Revolver_Bullet.fbx
  artifactKey: Guid(7570e4ba38bd1d544a6cf853896d01ee) Importer(2089858483,b0f066a214c2f5e87bad3c948f4d605d)
Start importing Assets/Weapons/eretichable Technologies/Revolver Gun (Low Poly)/Meshes/Revolver_Bullet.fbx using Guid(7570e4ba38bd1d544a6cf853896d01ee) Importer(2089858483,b0f066a214c2f5e87bad3c948f4d605d) (ScriptedImporter) -> (artifact id: '2e3ad398189d4a7dc89f70455550aafc') in 0.0290352 seconds
Number of updated asset objects reloaded before import = 0Number of asset objects unloaded after import = 7

========================================================================
Received Import Request.
  Time since last request: 0.000015 seconds.
  path: Assets/Game/Animations/NPC/Masked Poses/HumanM@ObjectGripShoulder01_R.fbx
  artifactKey: Guid(5da90ac229036a74798d1b6af61b871f) Importer(2089858483,b0f066a214c2f5e87bad3c948f4d605d)
Start importing Assets/Game/Animations/NPC/Masked Poses/HumanM@ObjectGripShoulder01_R.fbx using Guid(5da90ac229036a74798d1b6af61b871f) Importer(2089858483,b0f066a214c2f5e87bad3c948f4d605d) (ScriptedImporter) -> (artifact id: '9d35227112d4b9f4eed1830c83a75829') in 0.0145125 seconds
Number of updated asset objects reloaded before import = 0Number of asset objects unloaded after import = 120

========================================================================
Received Import Request.
  Time since last request: 0.000020 seconds.
  path: Assets/Weapons/eretichable Technologies/Revolver Gun (Low Poly)/Textures/Revolver_LP.png
  artifactKey: Guid(0c7957f45c8fa1f43a6579cf5ef2acd9) Importer(2089858483,b0f066a214c2f5e87bad3c948f4d605d)
Start importing Assets/Weapons/eretichable Technologies/Revolver Gun (Low Poly)/Textures/Revolver_LP.png using Guid(0c7957f45c8fa1f43a6579cf5ef2acd9) Importer(2089858483,b0f066a214c2f5e87bad3c948f4d605d) (ScriptedImporter) -> (artifact id: '710436acf16e143f73edd17f6e7c1d06') in 0.0153279 seconds
Number of updated asset objects reloaded before import = 0Number of asset objects unloaded after import = 1

========================================================================
Received Import Request.
  Time since last request: 0.000014 seconds.
  path: Assets/Game/Mobile/Prefabs/VirtualInputs/UI_Virtual_TouchZone.prefab
  artifactKey: Guid(c82978c3789dad44da354dc354c782b2) Importer(2089858483,b0f066a214c2f5e87bad3c948f4d605d)
Start importing Assets/Game/Mobile/Prefabs/VirtualInputs/UI_Virtual_TouchZone.prefab using Guid(c82978c3789dad44da354dc354c782b2) Importer(2089858483,b0f066a214c2f5e87bad3c948f4d605d) (ScriptedImporter) -> (artifact id: 'e01a17df79956267a5cfca5963dcf51a') in 0.0318488 seconds
Number of updated asset objects reloaded before import = 0Number of asset objects unloaded after import = 17

========================================================================
Received Import Request.
  Time since last request: 0.000012 seconds.
  path: Assets/Game/TextMesh Pro/Resources/Fonts & Materials/LiberationSans SDF - Fallback.asset
  artifactKey: Guid(2e498d1c8094910479dc3e1b768306a4) Importer(2089858483,b0f066a214c2f5e87bad3c948f4d605d)
Start importing Assets/Game/TextMesh Pro/Resources/Fonts & Materials/LiberationSans SDF - Fallback.asset using Guid(2e498d1c8094910479dc3e1b768306a4) Importer(2089858483,b0f066a214c2f5e87bad3c948f4d605d) (ScriptedImporter) -> (artifact id: '62dbeaf251d34db8c89fe11943629769') in 0.0226933 seconds
Number of updated asset objects reloaded before import = 0Number of asset objects unloaded after import = 5

========================================================================
Received Import Request.
  Time since last request: 0.829484 seconds.
  path: Assets/World/Environment/Materials/Building2/LooseRocks.mat
  artifactKey: Guid(f8e512be96ca8bf45a8ee6333f85cb46) Importer(2089858483,b0f066a214c2f5e87bad3c948f4d605d)
Start importing Assets/World/Environment/Materials/Building2/LooseRocks.mat using Guid(f8e512be96ca8bf45a8ee6333f85cb46) Importer(2089858483,b0f066a214c2f5e87bad3c948f4d605d) (ScriptedImporter) -> (artifact id: '84e9b91dde48d22d4349edd48ac3d998') in 0.0199707 seconds
Number of updated asset objects reloaded before import = 0Number of asset objects unloaded after import = 3

========================================================================
Received Import Request.
  Time since last request: 0.000017 seconds.
  path: Assets/World/Environment/Models/Books/Books_09.fbx
  artifactKey: Guid(f1c3a4aa08c9bfb42a731b1f3d1d71f9) Importer(2089858483,b0f066a214c2f5e87bad3c948f4d605d)
Start importing Assets/World/Environment/Models/Books/Books_09.fbx using Guid(f1c3a4aa08c9bfb42a731b1f3d1d71f9) Importer(2089858483,b0f066a214c2f5e87bad3c948f4d605d) (ScriptedImporter) -> (artifact id: '7046885c1708f52d05e1d31b21cd770a') in 0.0144869 seconds
Number of updated asset objects reloaded before import = 0Number of asset objects unloaded after import = 8

========================================================================
Received Import Request.
  Time since last request: 0.000038 seconds.
  path: Assets/World/Environment/Materials/Furniture/wood - Copy.mat
  artifactKey: Guid(4a79656b1da1de84394f181629a860b7) Importer(2089858483,b0f066a214c2f5e87bad3c948f4d605d)
Start importing Assets/World/Environment/Materials/Furniture/wood - Copy.mat using Guid(4a79656b1da1de84394f181629a860b7) Importer(2089858483,b0f066a214c2f5e87bad3c948f4d605d) (ScriptedImporter) -> (artifact id: '6c34063f46bcebba59d833a72e12b2d4') in 0.0154504 seconds
Number of updated asset objects reloaded before import = 0Number of asset objects unloaded after import = 2

========================================================================
Received Import Request.
  Time since last request: 0.000014 seconds.
  path: Assets/World/Environment/Materials/Lanterns/Lamp2colormap.mat
  artifactKey: Guid(b5468ab085cc2a04b8f560aff873e193) Importer(2089858483,b0f066a214c2f5e87bad3c948f4d605d)
Start importing Assets/World/Environment/Materials/Lanterns/Lamp2colormap.mat using Guid(b5468ab085cc2a04b8f560aff873e193) Importer(2089858483,b0f066a214c2f5e87bad3c948f4d605d) (ScriptedImporter) -> (artifact id: '786baad4ae2defb77cb0614eea7e0ad8') in 0.0134386 seconds
Number of updated asset objects reloaded before import = 0Number of asset objects unloaded after import = 3

========================================================================
Received Import Request.
  Time since last request: 0.000015 seconds.
  path: Assets/World/Environment/Models/Books/Books_07.fbx
  artifactKey: Guid(13b34a102ecca024ba0228606670a69d) Importer(2089858483,b0f066a214c2f5e87bad3c948f4d605d)
Start importing Assets/World/Environment/Models/Books/Books_07.fbx using Guid(13b34a102ecca024ba0228606670a69d) Importer(2089858483,b0f066a214c2f5e87bad3c948f4d605d) (ScriptedImporter) -> (artifact id: 'bf8de284d1e9be86b205b62583f48843') in 0.0159828 seconds
Number of updated asset objects reloaded before import = 0Number of asset objects unloaded after import = 8

========================================================================
Received Import Request.
  Time since last request: 0.000017 seconds.
  path: Assets/World/Environment/Materials/Furniture/metal.mat
  artifactKey: Guid(03db3db6f68dc514e8f1ee0c95468740) Importer(2089858483,b0f066a214c2f5e87bad3c948f4d605d)
Start importing Assets/World/Environment/Materials/Furniture/metal.mat using Guid(03db3db6f68dc514e8f1ee0c95468740) Importer(2089858483,b0f066a214c2f5e87bad3c948f4d605d) (ScriptedImporter) -> (artifact id: '6eb193210c03779bc609de4c0195e1b5') in 0.0150506 seconds
Number of updated asset objects reloaded before import = 0Number of asset objects unloaded after import = 1

========================================================================
Received Import Request.
  Time since last request: 0.000015 seconds.
  path: Assets/World/Environment/Materials/Furniture/3Seat2D_BaseColor.mat
  artifactKey: Guid(543b73a4ce5bf66408a57b3d0a721959) Importer(2089858483,b0f066a214c2f5e87bad3c948f4d605d)
Start importing Assets/World/Environment/Materials/Furniture/3Seat2D_BaseColor.mat using Guid(543b73a4ce5bf66408a57b3d0a721959) Importer(2089858483,b0f066a214c2f5e87bad3c948f4d605d) (ScriptedImporter) -> (artifact id: '9a01fe4cec340648562cc18f7bdfa37e') in 0.0157212 seconds
Number of updated asset objects reloaded before import = 0Number of asset objects unloaded after import = 4

========================================================================
Received Import Request.
  Time since last request: 0.000014 seconds.
  path: Assets/World/Environment/Materials/Building2/WoodRoofTile.mat
  artifactKey: Guid(f46b3d22ccfa21247b1b7d076cd489be) Importer(2089858483,b0f066a214c2f5e87bad3c948f4d605d)
Start importing Assets/World/Environment/Materials/Building2/WoodRoofTile.mat using Guid(f46b3d22ccfa21247b1b7d076cd489be) Importer(2089858483,b0f066a214c2f5e87bad3c948f4d605d) (ScriptedImporter) -> (artifact id: 'd7fb13a9572d0141285e1988b43b04b0') in 0.0132027 seconds
Number of updated asset objects reloaded before import = 0Number of asset objects unloaded after import = 3

========================================================================
Received Import Request.
  Time since last request: 0.000023 seconds.
  path: Assets/World/Environment/Materials/Furniture/Table01matV2.mat
  artifactKey: Guid(4d47e1a3163646541bbe77c7ce6d4899) Importer(2089858483,b0f066a214c2f5e87bad3c948f4d605d)
Start importing Assets/World/Environment/Materials/Furniture/Table01matV2.mat using Guid(4d47e1a3163646541bbe77c7ce6d4899) Importer(2089858483,b0f066a214c2f5e87bad3c948f4d605d) (ScriptedImporter) -> (artifact id: 'ad5bb4f2b764045e4560b513d408b8b3') in 0.0123371 seconds
Number of updated asset objects reloaded before import = 0Number of asset objects unloaded after import = 2

========================================================================
Received Import Request.
  Time since last request: 0.000015 seconds.
  path: Assets/World/Environment/Materials/Furniture/Jug_01.mat
  artifactKey: Guid(c035f25112ee43b4080449bb93552021) Importer(2089858483,b0f066a214c2f5e87bad3c948f4d605d)
Start importing Assets/World/Environment/Materials/Furniture/Jug_01.mat using Guid(c035f25112ee43b4080449bb93552021) Importer(2089858483,b0f066a214c2f5e87bad3c948f4d605d) (ScriptedImporter) -> (artifact id: '0ce093c29b82842f93b393db91961b83') in 0.0125107 seconds
Number of updated asset objects reloaded before import = 0Number of asset objects unloaded after import = 3

========================================================================
Received Import Request.
  Time since last request: 0.000014 seconds.
  path: Assets/World/Environment/Materials/Furniture/base.mat
  artifactKey: Guid(fa546a0f56c253146b2953c701f427fd) Importer(2089858483,b0f066a214c2f5e87bad3c948f4d605d)
Start importing Assets/World/Environment/Materials/Furniture/base.mat using Guid(fa546a0f56c253146b2953c701f427fd) Importer(2089858483,b0f066a214c2f5e87bad3c948f4d605d) (ScriptedImporter) -> (artifact id: 'cbddc5daf847497c645496bc21bedfae') in 0.011422 seconds
Number of updated asset objects reloaded before import = 0Number of asset objects unloaded after import = 1

========================================================================
Received Import Request.
  Time since last request: 0.000014 seconds.
  path: Assets/World/Environment/Materials/Lanterns/LampPost_wall.mat
  artifactKey: Guid(b48090b67b3c8b84b81fcc983fc98878) Importer(2089858483,b0f066a214c2f5e87bad3c948f4d605d)
Start importing Assets/World/Environment/Materials/Lanterns/LampPost_wall.mat using Guid(b48090b67b3c8b84b81fcc983fc98878) Importer(2089858483,b0f066a214c2f5e87bad3c948f4d605d) (ScriptedImporter) -> (artifact id: '033e99735d18931132fdfd29ee56c203') in 0.013921 seconds
Number of updated asset objects reloaded before import = 0Number of asset objects unloaded after import = 3

========================================================================
Received Import Request.
  Time since last request: 0.000017 seconds.
  path: Assets/World/Environment/Materials/Building2/Windows.mat
  artifactKey: Guid(ce46568af3cf78d4d947d5da7b96bd50) Importer(2089858483,b0f066a214c2f5e87bad3c948f4d605d)
Start importing Assets/World/Environment/Materials/Building2/Windows.mat using Guid(ce46568af3cf78d4d947d5da7b96bd50) Importer(2089858483,b0f066a214c2f5e87bad3c948f4d605d) (ScriptedImporter) -> (artifact id: 'f6d0cf99e843e15db8f31687579cdffd') in 0.012612 seconds
Number of updated asset objects reloaded before import = 0Number of asset objects unloaded after import = 2

========================================================================
Received Import Request.
  Time since last request: 0.000013 seconds.
  path: Assets/World/Environment/Materials/Furniture/Table02mat.mat
  artifactKey: Guid(096070bb8d9227d478966d6167a528aa) Importer(2089858483,b0f066a214c2f5e87bad3c948f4d605d)
Start importing Assets/World/Environment/Materials/Furniture/Table02mat.mat using Guid(096070bb8d9227d478966d6167a528aa) Importer(2089858483,b0f066a214c2f5e87bad3c948f4d605d) (ScriptedImporter) -> (artifact id: 'ea01aafae9e68a948b7af6be9382daec') in 0.0125559 seconds
Number of updated asset objects reloaded before import = 0Number of asset objects unloaded after import = 2

========================================================================
Received Import Request.
  Time since last request: 0.000019 seconds.
  path: Assets/World/Environment/Materials/Furniture/3SeatDirt_BaseColor.mat
  artifactKey: Guid(efc342f7b2a0699478373355bfc9d9fe) Importer(2089858483,b0f066a214c2f5e87bad3c948f4d605d)
Start importing Assets/World/Environment/Materials/Furniture/3SeatDirt_BaseColor.mat using Guid(efc342f7b2a0699478373355bfc9d9fe) Importer(2089858483,b0f066a214c2f5e87bad3c948f4d605d) (ScriptedImporter) -> (artifact id: 'd20ef62d1996b9cbbc275d6d5f9bfd8a') in 0.0167843 seconds
Number of updated asset objects reloaded before import = 0Number of asset objects unloaded after import = 4

========================================================================
Received Import Request.
  Time since last request: 0.000012 seconds.
  path: Assets/World/Environment/Materials/Furniture/fotel2D_BaseColor.mat
  artifactKey: Guid(efa9631d2150a2d47bd7d38728829ef5) Importer(2089858483,b0f066a214c2f5e87bad3c948f4d605d)
Start importing Assets/World/Environment/Materials/Furniture/fotel2D_BaseColor.mat using Guid(efa9631d2150a2d47bd7d38728829ef5) Importer(2089858483,b0f066a214c2f5e87bad3c948f4d605d) (ScriptedImporter) -> (artifact id: '1bcced76a625f5dbd92692db5fa9a915') in 0.0167048 seconds
Number of updated asset objects reloaded before import = 0Number of asset objects unloaded after import = 4

========================================================================
Received Import Request.
  Time since last request: 0.000012 seconds.
  path: Assets/World/Environment/Models/Books/Books_01.fbx
  artifactKey: Guid(7306063e424057f428fea084cd6321cd) Importer(2089858483,b0f066a214c2f5e87bad3c948f4d605d)
Start importing Assets/World/Environment/Models/Books/Books_01.fbx using Guid(7306063e424057f428fea084cd6321cd) Importer(2089858483,b0f066a214c2f5e87bad3c948f4d605d) (ScriptedImporter) -> (artifact id: '2e0b1447dc0e99fac2fd82728718fb2b') in 0.0238711 seconds
Number of updated asset objects reloaded before import = 0Number of asset objects unloaded after import = 8

========================================================================
Received Import Request.
  Time since last request: 0.000016 seconds.
  path: Assets/World/Environment/Materials/Lanterns/Latern_glass1.001.mat
  artifactKey: Guid(aa186747c90cf024c9a88180864df837) Importer(2089858483,b0f066a214c2f5e87bad3c948f4d605d)
Start importing Assets/World/Environment/Materials/Lanterns/Latern_glass1.001.mat using Guid(aa186747c90cf024c9a88180864df837) Importer(2089858483,b0f066a214c2f5e87bad3c948f4d605d) (ScriptedImporter) -> (artifact id: '4dfa85b30217c04d3162849995ed5c6c') in 0.0114577 seconds
Number of updated asset objects reloaded before import = 0Number of asset objects unloaded after import = 1

========================================================================
Received Import Request.
  Time since last request: 0.000012 seconds.
  path: Assets/World/Environment/Materials/Lanterns/CarvedLampPost2.mat
  artifactKey: Guid(01417397b4060a84dabece89e51fb467) Importer(2089858483,b0f066a214c2f5e87bad3c948f4d605d)
Start importing Assets/World/Environment/Materials/Lanterns/CarvedLampPost2.mat using Guid(01417397b4060a84dabece89e51fb467) Importer(2089858483,b0f066a214c2f5e87bad3c948f4d605d) (ScriptedImporter) -> (artifact id: 'ac29a2561f93500717b0ac6aa1659e86') in 0.0108161 seconds
Number of updated asset objects reloaded before import = 0Number of asset objects unloaded after import = 3

========================================================================
Received Import Request.
  Time since last request: 0.000017 seconds.
  path: Assets/World/Environment/Materials/Building2/WoodPieces 1.mat
  artifactKey: Guid(7c0a546eb20c17041b560ac3ae5b8d64) Importer(2089858483,b0f066a214c2f5e87bad3c948f4d605d)
Start importing Assets/World/Environment/Materials/Building2/WoodPieces 1.mat using Guid(7c0a546eb20c17041b560ac3ae5b8d64) Importer(2089858483,b0f066a214c2f5e87bad3c948f4d605d) (ScriptedImporter) -> (artifact id: 'b54195b6e33d10b07108328a785ed3ec') in 0.0117852 seconds
Number of updated asset objects reloaded before import = 0Number of asset objects unloaded after import = 3

========================================================================
Received Import Request.
  Time since last request: 0.000011 seconds.
  path: Assets/World/Environment/Materials/Building2/StrawRoof.mat
  artifactKey: Guid(a1f70346183900b4cbf85d8c72089c39) Importer(2089858483,b0f066a214c2f5e87bad3c948f4d605d)
Start importing Assets/World/Environment/Materials/Building2/StrawRoof.mat using Guid(a1f70346183900b4cbf85d8c72089c39) Importer(2089858483,b0f066a214c2f5e87bad3c948f4d605d) (ScriptedImporter) -> (artifact id: 'c49645189120c9415df3465b4208c354') in 0.0135678 seconds
Number of updated asset objects reloaded before import = 0Number of asset objects unloaded after import = 3

========================================================================
Received Import Request.
  Time since last request: 0.000015 seconds.
  path: Assets/World/Environment/Materials/Furniture/M_Horn_Hanger.mat
  artifactKey: Guid(1dce67c7026ff704f9f5763706cdbb89) Importer(2089858483,b0f066a214c2f5e87bad3c948f4d605d)
Start importing Assets/World/Environment/Materials/Furniture/M_Horn_Hanger.mat using Guid(1dce67c7026ff704f9f5763706cdbb89) Importer(2089858483,b0f066a214c2f5e87bad3c948f4d605d) (ScriptedImporter) -> (artifact id: 'ddcda605b9b1d3397b36d7a6f0d73718') in 0.0148546 seconds
Number of updated asset objects reloaded before import = 0Number of asset objects unloaded after import = 5

========================================================================
Received Import Request.
  Time since last request: 0.000012 seconds.
  path: Assets/World/Environment/Materials/Lanterns/green_flame.mat
  artifactKey: Guid(5d52096ef5969654399fc74a1e5e38f0) Importer(2089858483,b0f066a214c2f5e87bad3c948f4d605d)
Start importing Assets/World/Environment/Materials/Lanterns/green_flame.mat using Guid(5d52096ef5969654399fc74a1e5e38f0) Importer(2089858483,b0f066a214c2f5e87bad3c948f4d605d) (ScriptedImporter) -> (artifact id: '207e1ea8798d8a3a14c5482e18f4ff53') in 0.0106156 seconds
Number of updated asset objects reloaded before import = 0Number of asset objects unloaded after import = 2

========================================================================
Received Import Request.
  Time since last request: 0.000017 seconds.
  path: Assets/World/Environment/Materials/Furniture/closet3_BaseColor.mat
  artifactKey: Guid(3028c5f4db726d04c9cf801f6a720670) Importer(2089858483,b0f066a214c2f5e87bad3c948f4d605d)
Start importing Assets/World/Environment/Materials/Furniture/closet3_BaseColor.mat using Guid(3028c5f4db726d04c9cf801f6a720670) Importer(2089858483,b0f066a214c2f5e87bad3c948f4d605d) (ScriptedImporter) -> (artifact id: '5ecc1d26e674e20d77c425da123d7425') in 0.0148489 seconds
Number of updated asset objects reloaded before import = 0Number of asset objects unloaded after import = 4

========================================================================
Received Import Request.
  Time since last request: 0.000015 seconds.
  path: Assets/World/Environment/Materials/Furniture/Water.mat
  artifactKey: Guid(89f76d052b74bb04a8042806ed5a2bf5) Importer(2089858483,b0f066a214c2f5e87bad3c948f4d605d)
Start importing Assets/World/Environment/Materials/Furniture/Water.mat using Guid(89f76d052b74bb04a8042806ed5a2bf5) Importer(2089858483,b0f066a214c2f5e87bad3c948f4d605d) (ScriptedImporter) -> (artifact id: '17bb569df895da4c68212cc25927f57d') in 0.0111815 seconds
Number of updated asset objects reloaded before import = 0Number of asset objects unloaded after import = 1

========================================================================
Received Import Request.
  Time since last request: 0.000024 seconds.
  path: Assets/World/Environment/Models/Books/BookOpen_04.fbx
  artifactKey: Guid(e5545fb76235f7643ae07bb64d5b27d7) Importer(2089858483,b0f066a214c2f5e87bad3c948f4d605d)
Start importing Assets/World/Environment/Models/Books/BookOpen_04.fbx using Guid(e5545fb76235f7643ae07bb64d5b27d7) Importer(2089858483,b0f066a214c2f5e87bad3c948f4d605d) (ScriptedImporter) -> (artifact id: '8b96234ba9d394c599e72cfae99dcf65') in 0.011876 seconds
Number of updated asset objects reloaded before import = 0Number of asset objects unloaded after import = 8

========================================================================
Received Import Request.
  Time since last request: 0.000013 seconds.
  path: Assets/World/Environment/Materials/Furniture/planeDemo.mat
  artifactKey: Guid(738e69b7d269e1d4ebb32227acf74f1b) Importer(2089858483,b0f066a214c2f5e87bad3c948f4d605d)
Start importing Assets/World/Environment/Materials/Furniture/planeDemo.mat using Guid(738e69b7d269e1d4ebb32227acf74f1b) Importer(2089858483,b0f066a214c2f5e87bad3c948f4d605d) (ScriptedImporter) -> (artifact id: '1541837419cd6158173cb7eec64aa324') in 0.0120671 seconds
Number of updated asset objects reloaded before import = 0Number of asset objects unloaded after import = 1

========================================================================
Received Import Request.
  Time since last request: 0.000012 seconds.
  path: Assets/World/Environment/Models/Books/Books_19.fbx
  artifactKey: Guid(1478829f93d16554fb05106eabf2d572) Importer(2089858483,b0f066a214c2f5e87bad3c948f4d605d)
Start importing Assets/World/Environment/Models/Books/Books_19.fbx using Guid(1478829f93d16554fb05106eabf2d572) Importer(2089858483,b0f066a214c2f5e87bad3c948f4d605d) (ScriptedImporter) -> (artifact id: '70c41649ca2f29204ee7a8112a8e7e4b') in 0.0140929 seconds
Number of updated asset objects reloaded before import = 0Number of asset objects unloaded after import = 8

========================================================================
Received Import Request.
  Time since last request: 0.000015 seconds.
  path: Assets/World/Environment/Models/Books/Books_03.fbx
  artifactKey: Guid(8ee610e92e5bc1e499aa5fe68a315f84) Importer(2089858483,b0f066a214c2f5e87bad3c948f4d605d)
Start importing Assets/World/Environment/Models/Books/Books_03.fbx using Guid(8ee610e92e5bc1e499aa5fe68a315f84) Importer(2089858483,b0f066a214c2f5e87bad3c948f4d605d) (ScriptedImporter) -> (artifact id: 'b8a97a173d4887ec554a7b3a2f68456e') in 0.0146635 seconds
Number of updated asset objects reloaded before import = 0Number of asset objects unloaded after import = 8

========================================================================
Received Import Request.
  Time since last request: 0.000013 seconds.
  path: Assets/World/Environment/Materials/Furniture/Plate_01.mat
  artifactKey: Guid(8efe1e182a7097b4fa1337bce81fa518) Importer(2089858483,b0f066a214c2f5e87bad3c948f4d605d)
Start importing Assets/World/Environment/Materials/Furniture/Plate_01.mat using Guid(8efe1e182a7097b4fa1337bce81fa518) Importer(2089858483,b0f066a214c2f5e87bad3c948f4d605d) (ScriptedImporter) -> (artifact id: 'f04dec7a3c0bc3697159b52c5f86c7d9') in 0.0108303 seconds
Number of updated asset objects reloaded before import = 0Number of asset objects unloaded after import = 3

========================================================================
Received Import Request.
  Time since last request: 0.000013 seconds.
  path: Assets/World/Environment/Materials/Trees/ShaderGraphGrid_01_Mat.mat
  artifactKey: Guid(4589b87b8508f6e48b8fddb385924b16) Importer(2089858483,b0f066a214c2f5e87bad3c948f4d605d)
Start importing Assets/World/Environment/Materials/Trees/ShaderGraphGrid_01_Mat.mat using Guid(4589b87b8508f6e48b8fddb385924b16) Importer(2089858483,b0f066a214c2f5e87bad3c948f4d605d) (ScriptedImporter) -> (artifact id: '255bea4155356896a8ca50c908471bd4') in 0.013146 seconds
Number of updated asset objects reloaded before import = 0Number of asset objects unloaded after import = 9

========================================================================
Received Import Request.
  Time since last request: 0.000018 seconds.
  path: Assets/World/Environment/Materials/Furniture/chair_chair_Albedo.mat
  artifactKey: Guid(d1fba8d3d1a677745a1ef3d5c474f69c) Importer(2089858483,b0f066a214c2f5e87bad3c948f4d605d)
Start importing Assets/World/Environment/Materials/Furniture/chair_chair_Albedo.mat using Guid(d1fba8d3d1a677745a1ef3d5c474f69c) Importer(2089858483,b0f066a214c2f5e87bad3c948f4d605d) (ScriptedImporter) -> (artifact id: '5c9f570c6b67b5ae64b88da226a1dcfa') in 0.0164236 seconds
Number of updated asset objects reloaded before import = 0Number of asset objects unloaded after import = 4

========================================================================
Received Import Request.
  Time since last request: 0.000013 seconds.
  path: Assets/World/Environment/Materials/Furniture/meuble.mat
  artifactKey: Guid(5a2162cede7dc994d95a2f3e9b3e9cfa) Importer(2089858483,b0f066a214c2f5e87bad3c948f4d605d)
Start importing Assets/World/Environment/Materials/Furniture/meuble.mat using Guid(5a2162cede7dc994d95a2f3e9b3e9cfa) Importer(2089858483,b0f066a214c2f5e87bad3c948f4d605d) (ScriptedImporter) -> (artifact id: '5b3879e942e21c8fe277b19e354f85e3') in 0.0106109 seconds
Number of updated asset objects reloaded before import = 0Number of asset objects unloaded after import = 1

========================================================================
Received Import Request.
  Time since last request: 0.000013 seconds.
  path: Assets/World/Environment/Materials/Lanterns/Glass2.mat
  artifactKey: Guid(d42d8fdd97de9f546a90efec90ea8100) Importer(2089858483,b0f066a214c2f5e87bad3c948f4d605d)
Start importing Assets/World/Environment/Materials/Lanterns/Glass2.mat using Guid(d42d8fdd97de9f546a90efec90ea8100) Importer(2089858483,b0f066a214c2f5e87bad3c948f4d605d) (ScriptedImporter) -> (artifact id: '38188214ecb61bc49b0b27cf3675a1e1') in 0.0117186 seconds
Number of updated asset objects reloaded before import = 0Number of asset objects unloaded after import = 2

========================================================================
Received Import Request.
  Time since last request: 0.000012 seconds.
  path: Assets/World/Environment/Materials/Lanterns/CarvedLampPost.mat
  artifactKey: Guid(77d10d81f215eb34bba1e5cb65e39a24) Importer(2089858483,b0f066a214c2f5e87bad3c948f4d605d)
Start importing Assets/World/Environment/Materials/Lanterns/CarvedLampPost.mat using Guid(77d10d81f215eb34bba1e5cb65e39a24) Importer(2089858483,b0f066a214c2f5e87bad3c948f4d605d) (ScriptedImporter) -> (artifact id: '7cdbd078b0233077d7201485960230ad') in 0.0115223 seconds
Number of updated asset objects reloaded before import = 0Number of asset objects unloaded after import = 3

========================================================================
Received Import Request.
  Time since last request: 0.000013 seconds.
  path: Assets/World/Environment/Materials/Lanterns/Glass5.mat
  artifactKey: Guid(214a8b1bce6e52a409816e8baa19bd9c) Importer(2089858483,b0f066a214c2f5e87bad3c948f4d605d)
Start importing Assets/World/Environment/Materials/Lanterns/Glass5.mat using Guid(214a8b1bce6e52a409816e8baa19bd9c) Importer(2089858483,b0f066a214c2f5e87bad3c948f4d605d) (ScriptedImporter) -> (artifact id: '9f2f75d20feae5105f12460f28769288') in 0.0129893 seconds
Number of updated asset objects reloaded before import = 0Number of asset objects unloaded after import = 2

========================================================================
Received Import Request.
  Time since last request: 0.000013 seconds.
  path: Assets/World/Environment/Materials/Lanterns/lamp post.mat
  artifactKey: Guid(e88cc3b41a43da64493fd04f91ae6c68) Importer(2089858483,b0f066a214c2f5e87bad3c948f4d605d)
Start importing Assets/World/Environment/Materials/Lanterns/lamp post.mat using Guid(e88cc3b41a43da64493fd04f91ae6c68) Importer(2089858483,b0f066a214c2f5e87bad3c948f4d605d) (ScriptedImporter) -> (artifact id: '1e55641f2a146cf8aa74494782e879df') in 0.0153201 seconds
Number of updated asset objects reloaded before import = 0Number of asset objects unloaded after import = 3

========================================================================
Received Import Request.
  Time since last request: 0.000025 seconds.
  path: Assets/World/Environment/Models/Books/Books_16.fbx
  artifactKey: Guid(413893f6d9940894a87b98fdb5e27114) Importer(2089858483,b0f066a214c2f5e87bad3c948f4d605d)
Start importing Assets/World/Environment/Models/Books/Books_16.fbx using Guid(413893f6d9940894a87b98fdb5e27114) Importer(2089858483,b0f066a214c2f5e87bad3c948f4d605d) (ScriptedImporter) -> (artifact id: 'c9c6c37caa96c0fcff4f2df86c562893') in 0.0158764 seconds
Number of updated asset objects reloaded before import = 0Number of asset objects unloaded after import = 8

========================================================================
Received Import Request.
  Time since last request: 0.176271 seconds.
  path: Assets/World/Environment/Models/Books/Books_22.fbx
  artifactKey: Guid(66078628e305c0b4796081f1f6504003) Importer(2089858483,b0f066a214c2f5e87bad3c948f4d605d)
Start importing Assets/World/Environment/Models/Books/Books_22.fbx using Guid(66078628e305c0b4796081f1f6504003) Importer(2089858483,b0f066a214c2f5e87bad3c948f4d605d) (ScriptedImporter) -> (artifact id: 'd4e7fed8a5b3c6be972d64b0d75bd003') in 0.0155616 seconds
Number of updated asset objects reloaded before import = 0Number of asset objects unloaded after import = 8

========================================================================
Received Import Request.
  Time since last request: 0.000015 seconds.
  path: Assets/World/Environment/Models/Furniture/glass_01.FBX
  artifactKey: Guid(a0db4d75ef247554c811265e7d82d89c) Importer(2089858483,b0f066a214c2f5e87bad3c948f4d605d)
Start importing Assets/World/Environment/Models/Furniture/glass_01.FBX using Guid(a0db4d75ef247554c811265e7d82d89c) Importer(2089858483,b0f066a214c2f5e87bad3c948f4d605d) (ScriptedImporter) -> (artifact id: 'fdfe17ea4b210c451448dccad9d20aa5') in 0.0293294 seconds
Number of updated asset objects reloaded before import = 0Number of asset objects unloaded after import = 10

========================================================================
Received Import Request.
  Time since last request: 0.000014 seconds.
  path: Assets/World/Environment/Models/Books/Book_51.fbx
  artifactKey: Guid(a6c9ceeb6b59c444f9160c9380cf6ba9) Importer(2089858483,b0f066a214c2f5e87bad3c948f4d605d)
Start importing Assets/World/Environment/Models/Books/Book_51.fbx using Guid(a6c9ceeb6b59c444f9160c9380cf6ba9) Importer(2089858483,b0f066a214c2f5e87bad3c948f4d605d) (ScriptedImporter) -> (artifact id: '92a7291b7b92b532c5bff4bfcf67733b') in 0.0111828 seconds
Number of updated asset objects reloaded before import = 0Number of asset objects unloaded after import = 8

========================================================================
Received Import Request.
  Time since last request: 0.000011 seconds.
  path: Assets/World/Environment/Models/Books/Book_01.fbx
  artifactKey: Guid(eaf1b3e89a9fb804d935d4886918f2b5) Importer(2089858483,b0f066a214c2f5e87bad3c948f4d605d)
Start importing Assets/World/Environment/Models/Books/Book_01.fbx using Guid(eaf1b3e89a9fb804d935d4886918f2b5) Importer(2089858483,b0f066a214c2f5e87bad3c948f4d605d) (ScriptedImporter) -> (artifact id: '42e5af6f136b76b4bbe1eb737737a38e') in 0.0114288 seconds
Number of updated asset objects reloaded before import = 0Number of asset objects unloaded after import = 8

========================================================================
Received Import Request.
  Time since last request: 0.000012 seconds.
  path: Assets/World/Environment/Models/Books/Books_26.fbx
  artifactKey: Guid(9a1ee1ca6496f9340b74c75092e0c53e) Importer(2089858483,b0f066a214c2f5e87bad3c948f4d605d)
Start importing Assets/World/Environment/Models/Books/Books_26.fbx using Guid(9a1ee1ca6496f9340b74c75092e0c53e) Importer(2089858483,b0f066a214c2f5e87bad3c948f4d605d) (ScriptedImporter) -> (artifact id: '1856a4f936d31cffb7252a9d9cc7164b') in 0.0153301 seconds
Number of updated asset objects reloaded before import = 0Number of asset objects unloaded after import = 9

========================================================================
Received Import Request.
  Time since last request: 0.000023 seconds.
  path: Assets/World/Environment/Models/Books/Books_27.fbx
  artifactKey: Guid(92b248680f01a9f4c9b76aa3361e02d3) Importer(2089858483,b0f066a214c2f5e87bad3c948f4d605d)
Start importing Assets/World/Environment/Models/Books/Books_27.fbx using Guid(92b248680f01a9f4c9b76aa3361e02d3) Importer(2089858483,b0f066a214c2f5e87bad3c948f4d605d) (ScriptedImporter) -> (artifact id: 'b72cd13aef02e1956756e288764b7b90') in 0.0133063 seconds
Number of updated asset objects reloaded before import = 0Number of asset objects unloaded after import = 9

========================================================================
Received Import Request.
  Time since last request: 0.000024 seconds.
  path: Assets/World/Environment/Models/Building1/Ramp_Mesh.fbx
  artifactKey: Guid(426a2785f8a940049aac2c246661cf09) Importer(2089858483,b0f066a214c2f5e87bad3c948f4d605d)
Start importing Assets/World/Environment/Models/Building1/Ramp_Mesh.fbx using Guid(426a2785f8a940049aac2c246661cf09) Importer(2089858483,b0f066a214c2f5e87bad3c948f4d605d) (ScriptedImporter) -> (artifact id: '5545989388584fd1574460f27e4d00ba') in 0.0143586 seconds
Number of updated asset objects reloaded before import = 0Number of asset objects unloaded after import = 8

========================================================================
Received Import Request.
  Time since last request: 0.000013 seconds.
  path: Assets/World/Environment/Models/Books/Book_36.fbx
  artifactKey: Guid(319567a8d927eb64cb78f37cfdba8e68) Importer(2089858483,b0f066a214c2f5e87bad3c948f4d605d)
Start importing Assets/World/Environment/Models/Books/Book_36.fbx using Guid(319567a8d927eb64cb78f37cfdba8e68) Importer(2089858483,b0f066a214c2f5e87bad3c948f4d605d) (ScriptedImporter) -> (artifact id: 'be3877a3030fafec55e865aebf951a5a') in 0.0126471 seconds
Number of updated asset objects reloaded before import = 0Number of asset objects unloaded after import = 8

========================================================================
Received Import Request.
  Time since last request: 0.000016 seconds.
  path: Assets/World/Environment/Models/Books/Book_57.fbx
  artifactKey: Guid(5e3a733fb8096c0409ab051e4f00a781) Importer(2089858483,b0f066a214c2f5e87bad3c948f4d605d)
Start importing Assets/World/Environment/Models/Books/Book_57.fbx using Guid(5e3a733fb8096c0409ab051e4f00a781) Importer(2089858483,b0f066a214c2f5e87bad3c948f4d605d) (ScriptedImporter) -> (artifact id: '4520ebd4b5ce8a838c32f716b1376bf2') in 0.015691 seconds
Number of updated asset objects reloaded before import = 0Number of asset objects unloaded after import = 8

========================================================================
Received Import Request.
  Time since last request: 0.000015 seconds.
  path: Assets/World/Environment/Models/Books/Book_35.fbx
  artifactKey: Guid(4395e130e8caac44fbfbe181e4b54920) Importer(2089858483,b0f066a214c2f5e87bad3c948f4d605d)
Start importing Assets/World/Environment/Models/Books/Book_35.fbx using Guid(4395e130e8caac44fbfbe181e4b54920) Importer(2089858483,b0f066a214c2f5e87bad3c948f4d605d) (ScriptedImporter) -> (artifact id: '7673fbea09cc19f52010fdccaa610847') in 0.0141296 seconds
Number of updated asset objects reloaded before import = 0Number of asset objects unloaded after import = 8

========================================================================
Received Import Request.
  Time since last request: 0.000022 seconds.
  path: Assets/World/Environment/Models/Furniture/All models.unity
  artifactKey: Guid(245d0723103d5d140a83d27249c3df7a) Importer(2089858483,b0f066a214c2f5e87bad3c948f4d605d)
Start importing Assets/World/Environment/Models/Furniture/All models.unity using Guid(245d0723103d5d140a83d27249c3df7a) Importer(2089858483,b0f066a214c2f5e87bad3c948f4d605d) (ScriptedImporter) -> (artifact id: '7e54ecfc85c6a0912210ad202697fa84') in 0.0130912 seconds
Number of updated asset objects reloaded before import = 0Number of asset objects unloaded after import = 1

========================================================================
Received Import Request.
  Time since last request: 0.000012 seconds.
  path: Assets/World/Environment/Models/Books/Book_55.fbx
  artifactKey: Guid(16878e18eef524c4a9adc60740213bb1) Importer(2089858483,b0f066a214c2f5e87bad3c948f4d605d)
Start importing Assets/World/Environment/Models/Books/Book_55.fbx using Guid(16878e18eef524c4a9adc60740213bb1) Importer(2089858483,b0f066a214c2f5e87bad3c948f4d605d) (ScriptedImporter) -> (artifact id: '6e6ffe3a57768516e098e450d658f403') in 0.0146594 seconds
Number of updated asset objects reloaded before import = 0Number of asset objects unloaded after import = 8

========================================================================
Received Import Request.
  Time since last request: 0.000013 seconds.
  path: Assets/World/Environment/Models/Furniture/Fotel.fbx
  artifactKey: Guid(bfbe5cdfd1128ff40b7909bf16a17d18) Importer(2089858483,b0f066a214c2f5e87bad3c948f4d605d)
Start importing Assets/World/Environment/Models/Furniture/Fotel.fbx using Guid(bfbe5cdfd1128ff40b7909bf16a17d18) Importer(2089858483,b0f066a214c2f5e87bad3c948f4d605d) (ScriptedImporter) -> (artifact id: 'ceb33699adc30495674fdd7ef4b319f5') in 0.0276183 seconds
Number of updated asset objects reloaded before import = 0Number of asset objects unloaded after import = 9

========================================================================
Received Import Request.
  Time since last request: 0.000015 seconds.
  path: Assets/World/Environment/Models/Books/Book_20.fbx
  artifactKey: Guid(3b890e30c6659e546b070ecd5f7d6a30) Importer(2089858483,b0f066a214c2f5e87bad3c948f4d605d)
Start importing Assets/World/Environment/Models/Books/Book_20.fbx using Guid(3b890e30c6659e546b070ecd5f7d6a30) Importer(2089858483,b0f066a214c2f5e87bad3c948f4d605d) (ScriptedImporter) -> (artifact id: 'ce31bbf77c4a3815fe064cf725b61a91') in 0.0133456 seconds
Number of updated asset objects reloaded before import = 0Number of asset objects unloaded after import = 8

========================================================================
Received Import Request.
  Time since last request: 0.000015 seconds.
  path: Assets/World/Environment/Models/Books/Books_31.fbx
  artifactKey: Guid(2dc72f24aca07ed42a3aa4cd507655f1) Importer(2089858483,b0f066a214c2f5e87bad3c948f4d605d)
Start importing Assets/World/Environment/Models/Books/Books_31.fbx using Guid(2dc72f24aca07ed42a3aa4cd507655f1) Importer(2089858483,b0f066a214c2f5e87bad3c948f4d605d) (ScriptedImporter) -> (artifact id: 'c82f3b1f004a0357abe4577eb93a5950') in 0.0139626 seconds
Number of updated asset objects reloaded before import = 0Number of asset objects unloaded after import = 9

========================================================================
Received Import Request.
  Time since last request: 0.000016 seconds.
  path: Assets/World/Environment/Models/Furniture/desk.FBX
  artifactKey: Guid(ecdfe9f0b8508af4d92737c656e36132) Importer(2089858483,b0f066a214c2f5e87bad3c948f4d605d)
Start importing Assets/World/Environment/Models/Furniture/desk.FBX using Guid(ecdfe9f0b8508af4d92737c656e36132) Importer(2089858483,b0f066a214c2f5e87bad3c948f4d605d) (ScriptedImporter) -> (artifact id: '0c6f3c90a37ee8f645a4be3f2f601d01') in 0.0150466 seconds
Number of updated asset objects reloaded before import = 0Number of asset objects unloaded after import = 32

========================================================================
Received Import Request.
  Time since last request: 0.000025 seconds.
  path: Assets/World/Environment/Models/Books/Book_43.fbx
  artifactKey: Guid(0918b21b1c0aa37438dd9e6b98ad718c) Importer(2089858483,b0f066a214c2f5e87bad3c948f4d605d)
Start importing Assets/World/Environment/Models/Books/Book_43.fbx using Guid(0918b21b1c0aa37438dd9e6b98ad718c) Importer(2089858483,b0f066a214c2f5e87bad3c948f4d605d) (ScriptedImporter) -> (artifact id: '0341b218484f490769870cc31a7c73da') in 0.013561 seconds
Number of updated asset objects reloaded before import = 0Number of asset objects unloaded after import = 8

========================================================================
Received Import Request.
  Time since last request: 0.000011 seconds.
  path: Assets/World/Environment/Models/Furniture/Bookshelf.fbx
  artifactKey: Guid(22444f4b97ee8ad4992a9732b3fff3ce) Importer(2089858483,b0f066a214c2f5e87bad3c948f4d605d)
Start importing Assets/World/Environment/Models/Furniture/Bookshelf.fbx using Guid(22444f4b97ee8ad4992a9732b3fff3ce) Importer(2089858483,b0f066a214c2f5e87bad3c948f4d605d) (ScriptedImporter) -> (artifact id: 'e80b5ee16c76e2972571ded3d0275636') in 0.0154435 seconds
Number of updated asset objects reloaded before import = 0Number of asset objects unloaded after import = 9

========================================================================
Received Import Request.
  Time since last request: 0.000012 seconds.
  path: Assets/World/Environment/Models/Books/Books_29.fbx
  artifactKey: Guid(682beff24c2a00c45a976594eefe6245) Importer(2089858483,b0f066a214c2f5e87bad3c948f4d605d)
Start importing Assets/World/Environment/Models/Books/Books_29.fbx using Guid(682beff24c2a00c45a976594eefe6245) Importer(2089858483,b0f066a214c2f5e87bad3c948f4d605d) (ScriptedImporter) -> (artifact id: '914e7b93340d2a513b1917af5ed2bcaa') in 0.0161075 seconds
Number of updated asset objects reloaded before import = 0Number of asset objects unloaded after import = 9

========================================================================
Received Import Request.
  Time since last request: 0.000015 seconds.
  path: Assets/World/Environment/Models/Furniture/BigCloset.fbx
  artifactKey: Guid(a20abce8e4655294886742eb9bb5c382) Importer(2089858483,b0f066a214c2f5e87bad3c948f4d605d)
Start importing Assets/World/Environment/Models/Furniture/BigCloset.fbx using Guid(a20abce8e4655294886742eb9bb5c382) Importer(2089858483,b0f066a214c2f5e87bad3c948f4d605d) (ScriptedImporter) -> (artifact id: '4d0338c21fa7aa55c4ad2fd48e11e11d') in 0.0152873 seconds
Number of updated asset objects reloaded before import = 0Number of asset objects unloaded after import = 9

========================================================================
Received Import Request.
  Time since last request: 0.000016 seconds.
  path: Assets/World/Environment/Models/Furniture/BedSingle01empty.fbx
  artifactKey: Guid(ddbbcdccb4c9b5e4396203b293f11f00) Importer(2089858483,b0f066a214c2f5e87bad3c948f4d605d)
Start importing Assets/World/Environment/Models/Furniture/BedSingle01empty.fbx using Guid(ddbbcdccb4c9b5e4396203b293f11f00) Importer(2089858483,b0f066a214c2f5e87bad3c948f4d605d) (ScriptedImporter) -> (artifact id: 'b3e25ffb78ecfe01c6fd5d32898c4dd8') in 0.015493 seconds
Number of updated asset objects reloaded before import = 0Number of asset objects unloaded after import = 7

========================================================================
Received Import Request.
  Time since last request: 0.000025 seconds.
  path: Assets/World/Environment/Models/Books/Book_66.fbx
  artifactKey: Guid(754fe328d87f2764cbef0ee004876eef) Importer(2089858483,b0f066a214c2f5e87bad3c948f4d605d)
Start importing Assets/World/Environment/Models/Books/Book_66.fbx using Guid(754fe328d87f2764cbef0ee004876eef) Importer(2089858483,b0f066a214c2f5e87bad3c948f4d605d) (ScriptedImporter) -> (artifact id: '90b4213f9b8145f19cd046099df9c081') in 0.0135824 seconds
Number of updated asset objects reloaded before import = 0Number of asset objects unloaded after import = 8

========================================================================
Received Import Request.
  Time since last request: 0.000013 seconds.
  path: Assets/World/Environment/Models/Building1/Stairs_650_400_300_Mesh.fbx
  artifactKey: Guid(7e0223e1d3e1733499accfa5ebffb67e) Importer(2089858483,b0f066a214c2f5e87bad3c948f4d605d)
Start importing Assets/World/Environment/Models/Building1/Stairs_650_400_300_Mesh.fbx using Guid(7e0223e1d3e1733499accfa5ebffb67e) Importer(2089858483,b0f066a214c2f5e87bad3c948f4d605d) (ScriptedImporter) -> (artifact id: '34cb974201ce5b189773809e9c1978ac') in 0.0221483 seconds
Number of updated asset objects reloaded before import = 0Number of asset objects unloaded after import = 16

========================================================================
Received Import Request.
  Time since last request: 0.000012 seconds.
  path: Assets/World/Environment/Models/Books/Book_50.fbx
  artifactKey: Guid(c1a7263b91804a447a2cffecc6d91bde) Importer(2089858483,b0f066a214c2f5e87bad3c948f4d605d)
Start importing Assets/World/Environment/Models/Books/Book_50.fbx using Guid(c1a7263b91804a447a2cffecc6d91bde) Importer(2089858483,b0f066a214c2f5e87bad3c948f4d605d) (ScriptedImporter) -> (artifact id: 'bcd7da50a23b90df29a3fece0218d9f5') in 0.0129431 seconds
Number of updated asset objects reloaded before import = 0Number of asset objects unloaded after import = 8

========================================================================
Received Import Request.
  Time since last request: 0.000013 seconds.
  path: Assets/World/Environment/Models/Books/Book_64.fbx
  artifactKey: Guid(e013a3e3ac6eae14e9851a1a2022e376) Importer(2089858483,b0f066a214c2f5e87bad3c948f4d605d)
Start importing Assets/World/Environment/Models/Books/Book_64.fbx using Guid(e013a3e3ac6eae14e9851a1a2022e376) Importer(2089858483,b0f066a214c2f5e87bad3c948f4d605d) (ScriptedImporter) -> (artifact id: 'c23c3097384946733a499d1c667a20ef') in 0.014111 seconds
Number of updated asset objects reloaded before import = 0Number of asset objects unloaded after import = 8

========================================================================
Received Import Request.
  Time since last request: 0.000017 seconds.
  path: Assets/World/Environment/Models/Books/Book_32.fbx
  artifactKey: Guid(f9b0e36b83f997044b1bc7ee36034271) Importer(2089858483,b0f066a214c2f5e87bad3c948f4d605d)
Start importing Assets/World/Environment/Models/Books/Book_32.fbx using Guid(f9b0e36b83f997044b1bc7ee36034271) Importer(2089858483,b0f066a214c2f5e87bad3c948f4d605d) (ScriptedImporter) -> (artifact id: '645556f55f084d59abc277fbb7b01119') in 0.0147094 seconds
Number of updated asset objects reloaded before import = 0Number of asset objects unloaded after import = 8

========================================================================
Received Import Request.
  Time since last request: 0.000020 seconds.
  path: Assets/World/Environment/Models/Furniture/Book.fbx
  artifactKey: Guid(27055d22f9b63b447a6fa4fb09a857d7) Importer(2089858483,b0f066a214c2f5e87bad3c948f4d605d)
Start importing Assets/World/Environment/Models/Furniture/Book.fbx using Guid(27055d22f9b63b447a6fa4fb09a857d7) Importer(2089858483,b0f066a214c2f5e87bad3c948f4d605d) (ScriptedImporter) -> (artifact id: 'af2a5d9dc0b553b1df141861f03e57ae') in 0.0136465 seconds
Number of updated asset objects reloaded before import = 0Number of asset objects unloaded after import = 8

========================================================================
Received Import Request.
  Time since last request: 0.000012 seconds.
  path: Assets/World/Environment/Models/Furniture/Toilet.FBX
  artifactKey: Guid(aab1be574d67cb842b6d896f1866773c) Importer(2089858483,b0f066a214c2f5e87bad3c948f4d605d)
Start importing Assets/World/Environment/Models/Furniture/Toilet.FBX using Guid(aab1be574d67cb842b6d896f1866773c) Importer(2089858483,b0f066a214c2f5e87bad3c948f4d605d) (ScriptedImporter) -> (artifact id: '6f028588ad2ae157a37be0894aebe28b') in 0.016262 seconds
Number of updated asset objects reloaded before import = 0Number of asset objects unloaded after import = 22

========================================================================
Received Import Request.
  Time since last request: 0.000010 seconds.
  path: Assets/World/Environment/Models/Books/Books_34.fbx
  artifactKey: Guid(2fbbee1fb7d72f941ab7ea7b55eadea8) Importer(2089858483,b0f066a214c2f5e87bad3c948f4d605d)
Start importing Assets/World/Environment/Models/Books/Books_34.fbx using Guid(2fbbee1fb7d72f941ab7ea7b55eadea8) Importer(2089858483,b0f066a214c2f5e87bad3c948f4d605d) (ScriptedImporter) -> (artifact id: 'edaf6a9b4328a90c34b951521f76ae15') in 0.013685 seconds
Number of updated asset objects reloaded before import = 0Number of asset objects unloaded after import = 9

========================================================================
Received Import Request.
  Time since last request: 0.000011 seconds.
  path: Assets/World/Environment/Models/Books/Book_10.fbx
  artifactKey: Guid(f94f0fa6e6617f146a465ae2b0cf4519) Importer(2089858483,b0f066a214c2f5e87bad3c948f4d605d)
Start importing Assets/World/Environment/Models/Books/Book_10.fbx using Guid(f94f0fa6e6617f146a465ae2b0cf4519) Importer(2089858483,b0f066a214c2f5e87bad3c948f4d605d) (ScriptedImporter) -> (artifact id: 'c5abca900b520ddbff93159482a1b387') in 0.012614 seconds
Number of updated asset objects reloaded before import = 0Number of asset objects unloaded after import = 8

========================================================================
Received Import Request.
  Time since last request: 0.000013 seconds.
  path: Assets/World/Environment/Models/Books/Book_17.fbx
  artifactKey: Guid(184e46d2b5d6de94681af0a24ca8289e) Importer(2089858483,b0f066a214c2f5e87bad3c948f4d605d)
Start importing Assets/World/Environment/Models/Books/Book_17.fbx using Guid(184e46d2b5d6de94681af0a24ca8289e) Importer(2089858483,b0f066a214c2f5e87bad3c948f4d605d) (ScriptedImporter) -> (artifact id: '0e6d841266b82afb28fe53b6a2b5b727') in 0.0118586 seconds
Number of updated asset objects reloaded before import = 0Number of asset objects unloaded after import = 8

========================================================================
Received Import Request.
  Time since last request: 0.000017 seconds.
  path: Assets/World/Environment/Models/Furniture/medieval_chest.FBX
  artifactKey: Guid(71a60c64d7c47fb41ae9f34f15bf3ccf) Importer(2089858483,b0f066a214c2f5e87bad3c948f4d605d)
Start importing Assets/World/Environment/Models/Furniture/medieval_chest.FBX using Guid(71a60c64d7c47fb41ae9f34f15bf3ccf) Importer(2089858483,b0f066a214c2f5e87bad3c948f4d605d) (ScriptedImporter) -> (artifact id: 'a80fa2de067c80ebf42750b1e474f576') in 0.0125281 seconds
Number of updated asset objects reloaded before import = 0Number of asset objects unloaded after import = 10

========================================================================
Received Import Request.
  Time since last request: 0.000021 seconds.
  path: Assets/World/Environment/Models/Books/Book_16.fbx
  artifactKey: Guid(6c82bf657f5ccf9499d7446e2d70261c) Importer(2089858483,b0f066a214c2f5e87bad3c948f4d605d)
Start importing Assets/World/Environment/Models/Books/Book_16.fbx using Guid(6c82bf657f5ccf9499d7446e2d70261c) Importer(2089858483,b0f066a214c2f5e87bad3c948f4d605d) (ScriptedImporter) -> (artifact id: 'ae179ba2ad4e0c74fe34cdc1b227c7bb') in 0.0134114 seconds
Number of updated asset objects reloaded before import = 0Number of asset objects unloaded after import = 8

========================================================================
Received Import Request.
  Time since last request: 0.000011 seconds.
  path: Assets/World/Environment/Models/Books/Book_18.fbx
  artifactKey: Guid(b455db4ef87aeab418547683a551c3a9) Importer(2089858483,b0f066a214c2f5e87bad3c948f4d605d)
Start importing Assets/World/Environment/Models/Books/Book_18.fbx using Guid(b455db4ef87aeab418547683a551c3a9) Importer(2089858483,b0f066a214c2f5e87bad3c948f4d605d) (ScriptedImporter) -> (artifact id: '2906ede678ede7f1c76e66d3d7220d8e') in 0.0208774 seconds
Number of updated asset objects reloaded before import = 0Number of asset objects unloaded after import = 8

========================================================================
Received Import Request.
  Time since last request: 0.000013 seconds.
  path: Assets/World/Environment/Models/Furniture/SM_cabinet.FBX
  artifactKey: Guid(57f7da9926d23b545bfa1970b4283dd6) Importer(2089858483,b0f066a214c2f5e87bad3c948f4d605d)
Start importing Assets/World/Environment/Models/Furniture/SM_cabinet.FBX using Guid(57f7da9926d23b545bfa1970b4283dd6) Importer(2089858483,b0f066a214c2f5e87bad3c948f4d605d) (ScriptedImporter) -> (artifact id: 'f80ec3912cc5fc665a3313a49f274c68') in 0.018621 seconds
Number of updated asset objects reloaded before import = 0Number of asset objects unloaded after import = 45

========================================================================
Received Import Request.
  Time since last request: 0.000011 seconds.
  path: Assets/World/Environment/Models/Books/Book_58.fbx
  artifactKey: Guid(461b2e2a41e8ca342b0cc1248c93b1d9) Importer(2089858483,b0f066a214c2f5e87bad3c948f4d605d)
Start importing Assets/World/Environment/Models/Books/Book_58.fbx using Guid(461b2e2a41e8ca342b0cc1248c93b1d9) Importer(2089858483,b0f066a214c2f5e87bad3c948f4d605d) (ScriptedImporter) -> (artifact id: 'f7565708ccb8133b9f0ebd4a8735e500') in 0.010592 seconds
Number of updated asset objects reloaded before import = 0Number of asset objects unloaded after import = 8

========================================================================
Received Import Request.
  Time since last request: 0.000012 seconds.
  path: Assets/World/Environment/Models/Furniture/Closet3.fbx
  artifactKey: Guid(924fa25af5f31b14abb039f25dab6ec9) Importer(2089858483,b0f066a214c2f5e87bad3c948f4d605d)
Start importing Assets/World/Environment/Models/Furniture/Closet3.fbx using Guid(924fa25af5f31b14abb039f25dab6ec9) Importer(2089858483,b0f066a214c2f5e87bad3c948f4d605d) (ScriptedImporter) -> (artifact id: '71e260ee561b24fc8b93639aa6460795') in 0.0108361 seconds
Number of updated asset objects reloaded before import = 0Number of asset objects unloaded after import = 9

========================================================================
Received Import Request.
  Time since last request: 0.022323 seconds.
  path: Assets/World/Environment/Models/Furniture/TVStand.fbx
  artifactKey: Guid(6551bb2bbcce5ff41b7c7979248608ec) Importer(2089858483,b0f066a214c2f5e87bad3c948f4d605d)
Start importing Assets/World/Environment/Models/Furniture/TVStand.fbx using Guid(6551bb2bbcce5ff41b7c7979248608ec) Importer(2089858483,b0f066a214c2f5e87bad3c948f4d605d) (ScriptedImporter) -> (artifact id: 'a61a5621f125a172e136afb82a71bf03') in 0.0148051 seconds
Number of updated asset objects reloaded before import = 0Number of asset objects unloaded after import = 13

========================================================================
Received Import Request.
  Time since last request: 0.000011 seconds.
  path: Assets/World/Environment/Prefabs/Books/Books_22.prefab
  artifactKey: Guid(ff68249fca5833f45a54d25567ceb8bb) Importer(2089858483,b0f066a214c2f5e87bad3c948f4d605d)
Start importing Assets/World/Environment/Prefabs/Books/Books_22.prefab using Guid(ff68249fca5833f45a54d25567ceb8bb) Importer(2089858483,b0f066a214c2f5e87bad3c948f4d605d) (ScriptedImporter) -> (artifact id: '1b357e46c4e60186abc1f7958fe07695') in 0.0112595 seconds
Number of updated asset objects reloaded before import = 0Number of asset objects unloaded after import = 9

========================================================================
Received Import Request.
  Time since last request: 0.000013 seconds.
  path: Assets/World/Environment/Prefabs/Building1/Walls.prefab
  artifactKey: Guid(912bfb390007a3a4ba9cda5a9ef199c3) Importer(2089858483,b0f066a214c2f5e87bad3c948f4d605d)
Start importing Assets/World/Environment/Prefabs/Building1/Walls.prefab using Guid(912bfb390007a3a4ba9cda5a9ef199c3) Importer(2089858483,b0f066a214c2f5e87bad3c948f4d605d) (ScriptedImporter) -> (artifact id: '671a44ed304142f265681595ccfe441f') in 0.0122314 seconds
Number of updated asset objects reloaded before import = 0Number of asset objects unloaded after import = 8

========================================================================
Received Import Request.
  Time since last request: 0.000011 seconds.
  path: Assets/World/Environment/Prefabs/Books/Book_30.prefab
  artifactKey: Guid(af14cfced951b234b907c737abdc0ad4) Importer(2089858483,b0f066a214c2f5e87bad3c948f4d605d)
Start importing Assets/World/Environment/Prefabs/Books/Book_30.prefab using Guid(af14cfced951b234b907c737abdc0ad4) Importer(2089858483,b0f066a214c2f5e87bad3c948f4d605d) (ScriptedImporter) -> (artifact id: 'd8fd8506947a7db43528671056c8f120') in 0.0132695 seconds
Number of updated asset objects reloaded before import = 0Number of asset objects unloaded after import = 9

========================================================================
Received Import Request.
  Time since last request: 0.000016 seconds.
  path: Assets/World/Environment/Prefabs/Building2/Floor_Panel_2x1.prefab
  artifactKey: Guid(786f627f7a9c29a45a445c09c4aa8203) Importer(2089858483,b0f066a214c2f5e87bad3c948f4d605d)
Start importing Assets/World/Environment/Prefabs/Building2/Floor_Panel_2x1.prefab using Guid(786f627f7a9c29a45a445c09c4aa8203) Importer(2089858483,b0f066a214c2f5e87bad3c948f4d605d) (ScriptedImporter) -> (artifact id: 'a321aa7de2ea512ebec68e28301d15dd') in 0.0114707 seconds
Number of updated asset objects reloaded before import = 0Number of asset objects unloaded after import = 8

========================================================================
Received Import Request.
  Time since last request: 0.000019 seconds.
  path: Assets/World/Environment/Prefabs/Building1/Environment_Prefab.prefab
  artifactKey: Guid(09aade0ecefd01e4b8f7661acf64f5c2) Importer(2089858483,b0f066a214c2f5e87bad3c948f4d605d)
Start importing Assets/World/Environment/Prefabs/Building1/Environment_Prefab.prefab using Guid(09aade0ecefd01e4b8f7661acf64f5c2) Importer(2089858483,b0f066a214c2f5e87bad3c948f4d605d) (ScriptedImporter) -> (artifact id: '9d0234c0b43aaa49f6d7b7bbfa82a8ad') in 0.0105439 seconds
Number of updated asset objects reloaded before import = 0Number of asset objects unloaded after import = 15

========================================================================
Received Import Request.
  Time since last request: 0.000014 seconds.
  path: Assets/World/Environment/Prefabs/Books/Book_25.prefab
  artifactKey: Guid(9d95d61f077f93045afb3b743d45b14a) Importer(2089858483,b0f066a214c2f5e87bad3c948f4d605d)
Start importing Assets/World/Environment/Prefabs/Books/Book_25.prefab using Guid(9d95d61f077f93045afb3b743d45b14a) Importer(2089858483,b0f066a214c2f5e87bad3c948f4d605d) (ScriptedImporter) -> (artifact id: '0bf0ddd8ffa65a99420c8228d6a7d460') in 0.0146944 seconds
Number of updated asset objects reloaded before import = 0Number of asset objects unloaded after import = 9

========================================================================
Received Import Request.
  Time since last request: 0.000013 seconds.
  path: Assets/World/Environment/Prefabs/Building2/Roof_Thatch_End_Cap_Corner_L.prefab
  artifactKey: Guid(ef4947aa08ae35f4791b401af2e24b15) Importer(2089858483,b0f066a214c2f5e87bad3c948f4d605d)
Start importing Assets/World/Environment/Prefabs/Building2/Roof_Thatch_End_Cap_Corner_L.prefab using Guid(ef4947aa08ae35f4791b401af2e24b15) Importer(2089858483,b0f066a214c2f5e87bad3c948f4d605d) (ScriptedImporter) -> (artifact id: '378015a003224d47e20a53303931b378') in 0.0122616 seconds
Number of updated asset objects reloaded before import = 0Number of asset objects unloaded after import = 12

========================================================================
Received Import Request.
  Time since last request: 0.000014 seconds.
  path: Assets/World/Environment/Prefabs/Building2/Roof_Thatch_Med_End_R.prefab
  artifactKey: Guid(73b5276017f060f40b027cf43a437e58) Importer(2089858483,b0f066a214c2f5e87bad3c948f4d605d)
Start importing Assets/World/Environment/Prefabs/Building2/Roof_Thatch_Med_End_R.prefab using Guid(73b5276017f060f40b027cf43a437e58) Importer(2089858483,b0f066a214c2f5e87bad3c948f4d605d) (ScriptedImporter) -> (artifact id: 'a95dbe6a0c49bc6716e60a053a94bd90') in 0.0129271 seconds
Number of updated asset objects reloaded before import = 0Number of asset objects unloaded after import = 13

========================================================================
Received Import Request.
  Time since last request: 0.000013 seconds.
  path: Assets/World/Environment/Prefabs/Books/Book_36.prefab
  artifactKey: Guid(f903dd03da67547439b997774d31c9c0) Importer(2089858483,b0f066a214c2f5e87bad3c948f4d605d)
Start importing Assets/World/Environment/Prefabs/Books/Book_36.prefab using Guid(f903dd03da67547439b997774d31c9c0) Importer(2089858483,b0f066a214c2f5e87bad3c948f4d605d) (ScriptedImporter) -> (artifact id: '621ce1184980586b8c73a7a28726ce28') in 0.0111286 seconds
Number of updated asset objects reloaded before import = 0Number of asset objects unloaded after import = 9

========================================================================
Received Import Request.
  Time since last request: 0.000016 seconds.
  path: Assets/World/Environment/Prefabs/Building2/Railing_Tall.prefab
  artifactKey: Guid(e1cd40076757740468007056daef14a2) Importer(2089858483,b0f066a214c2f5e87bad3c948f4d605d)
Start importing Assets/World/Environment/Prefabs/Building2/Railing_Tall.prefab using Guid(e1cd40076757740468007056daef14a2) Importer(2089858483,b0f066a214c2f5e87bad3c948f4d605d) (ScriptedImporter) -> (artifact id: 'c32401c110ae00ba376f83cec5d716de') in 0.0201117 seconds
Number of updated asset objects reloaded before import = 0Number of asset objects unloaded after import = 8

========================================================================
Received Import Request.
  Time since last request: 0.000045 seconds.
  path: Assets/World/Environment/Prefabs/Books/Book_19.prefab
  artifactKey: Guid(634bb5e240f1cdc4eabfc48f21381190) Importer(2089858483,b0f066a214c2f5e87bad3c948f4d605d)
Start importing Assets/World/Environment/Prefabs/Books/Book_19.prefab using Guid(634bb5e240f1cdc4eabfc48f21381190) Importer(2089858483,b0f066a214c2f5e87bad3c948f4d605d) (ScriptedImporter) -> (artifact id: 'd6e8c1be319eab8c92e80d643e3869d5') in 0.0117769 seconds
Number of updated asset objects reloaded before import = 0Number of asset objects unloaded after import = 9

========================================================================
Received Import Request.
  Time since last request: 0.000012 seconds.
  path: Assets/World/Environment/Prefabs/Building2/Railing_Short_Sloped_Steep.prefab
  artifactKey: Guid(c51fd447e1d3837498e5b420db47e53d) Importer(2089858483,b0f066a214c2f5e87bad3c948f4d605d)
Start importing Assets/World/Environment/Prefabs/Building2/Railing_Short_Sloped_Steep.prefab using Guid(c51fd447e1d3837498e5b420db47e53d) Importer(2089858483,b0f066a214c2f5e87bad3c948f4d605d) (ScriptedImporter) -> (artifact id: 'bd084a2f6d5d7e20950e667771bdbe80') in 0.0096355 seconds
Number of updated asset objects reloaded before import = 0Number of asset objects unloaded after import = 8

========================================================================
Received Import Request.
  Time since last request: 0.000013 seconds.
  path: Assets/World/Environment/Prefabs/Books/Books_35.prefab
  artifactKey: Guid(bae62b4c52157a5458cd20065bea1c1b) Importer(2089858483,b0f066a214c2f5e87bad3c948f4d605d)
Start importing Assets/World/Environment/Prefabs/Books/Books_35.prefab using Guid(bae62b4c52157a5458cd20065bea1c1b) Importer(2089858483,b0f066a214c2f5e87bad3c948f4d605d) (ScriptedImporter) -> (artifact id: 'd6f61e2ed398f1b193dffd412d25e3df') in 0.0112079 seconds
Number of updated asset objects reloaded before import = 0Number of asset objects unloaded after import = 10

========================================================================
Received Import Request.
  Time since last request: 0.000012 seconds.
  path: Assets/World/Environment/Prefabs/Books/Book_21.prefab
  artifactKey: Guid(eb229865cb9c5ff4ba795c601340c1d7) Importer(2089858483,b0f066a214c2f5e87bad3c948f4d605d)
Start importing Assets/World/Environment/Prefabs/Books/Book_21.prefab using Guid(eb229865cb9c5ff4ba795c601340c1d7) Importer(2089858483,b0f066a214c2f5e87bad3c948f4d605d) (ScriptedImporter) -> (artifact id: 'fe7dae6afc4b7ae1586c06b2bc97251e') in 0.0110901 seconds
Number of updated asset objects reloaded before import = 0Number of asset objects unloaded after import = 9

========================================================================
Received Import Request.
  Time since last request: 0.000011 seconds.
  path: Assets/World/Environment/Prefabs/Building2/Chimney_Slope_Tall_Narrow.prefab
  artifactKey: Guid(777fb414ebeaa0d4f83b36fc14b15159) Importer(2089858483,b0f066a214c2f5e87bad3c948f4d605d)
Start importing Assets/World/Environment/Prefabs/Building2/Chimney_Slope_Tall_Narrow.prefab using Guid(777fb414ebeaa0d4f83b36fc14b15159) Importer(2089858483,b0f066a214c2f5e87bad3c948f4d605d) (ScriptedImporter) -> (artifact id: '53c1319710de26750aa6bb7635a817cc') in 0.0115461 seconds
Number of updated asset objects reloaded before import = 0Number of asset objects unloaded after import = 8

========================================================================
Received Import Request.
  Time since last request: 0.000015 seconds.
  path: Assets/World/Environment/Prefabs/Books/Books_34.prefab
  artifactKey: Guid(b45c49e8876b9fa438e5fc7173a07d60) Importer(2089858483,b0f066a214c2f5e87bad3c948f4d605d)
Start importing Assets/World/Environment/Prefabs/Books/Books_34.prefab using Guid(b45c49e8876b9fa438e5fc7173a07d60) Importer(2089858483,b0f066a214c2f5e87bad3c948f4d605d) (ScriptedImporter) -> (artifact id: 'edad5779852cb22860b4e77b69972c88') in 0.0133098 seconds
Number of updated asset objects reloaded before import = 0Number of asset objects unloaded after import = 10

========================================================================
Received Import Request.
  Time since last request: 0.000019 seconds.
  path: Assets/World/Environment/Prefabs/Building1/StairsSteep.mtl
  artifactKey: Guid(c9291a6e74b62c74a8c0ce74bad44865) Importer(2089858483,b0f066a214c2f5e87bad3c948f4d605d)
Start importing Assets/World/Environment/Prefabs/Building1/StairsSteep.mtl using Guid(c9291a6e74b62c74a8c0ce74bad44865) Importer(2089858483,b0f066a214c2f5e87bad3c948f4d605d) (ScriptedImporter) -> (artifact id: 'be0c76d74bed4f5af69bb78d7051c224') in 0.0104159 seconds
Number of updated asset objects reloaded before import = 0Number of asset objects unloaded after import = 1

========================================================================
Received Import Request.
  Time since last request: 0.000012 seconds.
  path: Assets/World/Environment/Prefabs/Books/Book_07.prefab
  artifactKey: Guid(f59a33c8074a57247b87c5b2160c5660) Importer(2089858483,b0f066a214c2f5e87bad3c948f4d605d)
Start importing Assets/World/Environment/Prefabs/Books/Book_07.prefab using Guid(f59a33c8074a57247b87c5b2160c5660) Importer(2089858483,b0f066a214c2f5e87bad3c948f4d605d) (ScriptedImporter) -> (artifact id: '41497b050071eb250dd6ef023b460dc1') in 0.012436 seconds
Number of updated asset objects reloaded before import = 0Number of asset objects unloaded after import = 9

========================================================================
Received Import Request.
  Time since last request: 0.000013 seconds.
  path: Assets/World/Environment/Prefabs/Building2/Rafters_Short_Top.prefab
  artifactKey: Guid(5352a4e0305b7a84bb382711af35742f) Importer(2089858483,b0f066a214c2f5e87bad3c948f4d605d)
Start importing Assets/World/Environment/Prefabs/Building2/Rafters_Short_Top.prefab using Guid(5352a4e0305b7a84bb382711af35742f) Importer(2089858483,b0f066a214c2f5e87bad3c948f4d605d) (ScriptedImporter) -> (artifact id: '9dda36275352fcf4e694505e3db57b55') in 0.0125301 seconds
Number of updated asset objects reloaded before import = 0Number of asset objects unloaded after import = 8

========================================================================
Received Import Request.
  Time since last request: 0.000013 seconds.
  path: Assets/World/Environment/Prefabs/Books/BookOpen_03.prefab
  artifactKey: Guid(f3e273b40aec9094ba1905b2361ac36d) Importer(2089858483,b0f066a214c2f5e87bad3c948f4d605d)
Start importing Assets/World/Environment/Prefabs/Books/BookOpen_03.prefab using Guid(f3e273b40aec9094ba1905b2361ac36d) Importer(2089858483,b0f066a214c2f5e87bad3c948f4d605d) (ScriptedImporter) -> (artifact id: 'fc403e44373609372ca08082ff08b7d1') in 0.0121588 seconds
Number of updated asset objects reloaded before import = 0Number of asset objects unloaded after import = 10

========================================================================
Received Import Request.
  Time since last request: 0.000016 seconds.
  path: Assets/World/Environment/Prefabs/Building2/Railing_Short_Sloped.prefab
  artifactKey: Guid(977c2e8be86461a4e89697de31f951ef) Importer(2089858483,b0f066a214c2f5e87bad3c948f4d605d)
Start importing Assets/World/Environment/Prefabs/Building2/Railing_Short_Sloped.prefab using Guid(977c2e8be86461a4e89697de31f951ef) Importer(2089858483,b0f066a214c2f5e87bad3c948f4d605d) (ScriptedImporter) -> (artifact id: '2de198499266633fe337592a259368fe') in 0.0121697 seconds
Number of updated asset objects reloaded before import = 0Number of asset objects unloaded after import = 8

========================================================================
Received Import Request.
  Time since last request: 0.000017 seconds.
  path: Assets/World/Environment/Models/Trees/Pine4.fbx
  artifactKey: Guid(b8e4a06cd2b18394c8d53e67bff2a5ba) Importer(2089858483,b0f066a214c2f5e87bad3c948f4d605d)
Start importing Assets/World/Environment/Models/Trees/Pine4.fbx using Guid(b8e4a06cd2b18394c8d53e67bff2a5ba) Importer(2089858483,b0f066a214c2f5e87bad3c948f4d605d) (ScriptedImporter) -> (artifact id: 'e44a49393f23fec8ca08f827c0ee3c8e') in 0.0124234 seconds
Number of updated asset objects reloaded before import = 0Number of asset objects unloaded after import = 10

========================================================================
Received Import Request.
  Time since last request: 0.000019 seconds.
  path: Assets/World/Environment/Prefabs/Books/Book_14.prefab
  artifactKey: Guid(f09e10b910ed4794cb1663d92c5ef4fb) Importer(2089858483,b0f066a214c2f5e87bad3c948f4d605d)
Start importing Assets/World/Environment/Prefabs/Books/Book_14.prefab using Guid(f09e10b910ed4794cb1663d92c5ef4fb) Importer(2089858483,b0f066a214c2f5e87bad3c948f4d605d) (ScriptedImporter) -> (artifact id: '5dfd8f97b24cb78149950a721e1a397c') in 0.0125807 seconds
Number of updated asset objects reloaded before import = 0Number of asset objects unloaded after import = 9

========================================================================
Received Import Request.
  Time since last request: 0.000015 seconds.
  path: Assets/World/Environment/Prefabs/Building2/Floor_Panel_3x3.prefab
  artifactKey: Guid(a2e51cdee3d41be4193cce5fa27f49f3) Importer(2089858483,b0f066a214c2f5e87bad3c948f4d605d)
Start importing Assets/World/Environment/Prefabs/Building2/Floor_Panel_3x3.prefab using Guid(a2e51cdee3d41be4193cce5fa27f49f3) Importer(2089858483,b0f066a214c2f5e87bad3c948f4d605d) (ScriptedImporter) -> (artifact id: '062b7be4d2e879d9cb466f58f38c4e60') in 0.0119592 seconds
Number of updated asset objects reloaded before import = 0Number of asset objects unloaded after import = 8

========================================================================
Received Import Request.
  Time since last request: 0.000011 seconds.
  path: Assets/World/Environment/Prefabs/Books/Books_28.prefab
  artifactKey: Guid(f792aff41dd4e894bbae030cb69a63b7) Importer(2089858483,b0f066a214c2f5e87bad3c948f4d605d)
Start importing Assets/World/Environment/Prefabs/Books/Books_28.prefab using Guid(f792aff41dd4e894bbae030cb69a63b7) Importer(2089858483,b0f066a214c2f5e87bad3c948f4d605d) (ScriptedImporter) -> (artifact id: 'da1a68c1752f5a0629dc0a14a5a70962') in 0.0124074 seconds
Number of updated asset objects reloaded before import = 0Number of asset objects unloaded after import = 10

========================================================================
Received Import Request.
  Time since last request: 0.000011 seconds.
  path: Assets/World/Environment/Prefabs/Books/Book_38.prefab
  artifactKey: Guid(8d3390da787d3844bbc4bcde9ca169ab) Importer(2089858483,b0f066a214c2f5e87bad3c948f4d605d)
Start importing Assets/World/Environment/Prefabs/Books/Book_38.prefab using Guid(8d3390da787d3844bbc4bcde9ca169ab) Importer(2089858483,b0f066a214c2f5e87bad3c948f4d605d) (ScriptedImporter) -> (artifact id: 'cd73cc4b4de187168762284c4a862e4e') in 0.012053 seconds
Number of updated asset objects reloaded before import = 0Number of asset objects unloaded after import = 9

========================================================================
Received Import Request.
  Time since last request: 0.000015 seconds.
  path: Assets/World/Environment/Prefabs/Books/Book_43.prefab
  artifactKey: Guid(4a659989bfe2e50459a178b9cb924616) Importer(2089858483,b0f066a214c2f5e87bad3c948f4d605d)
Start importing Assets/World/Environment/Prefabs/Books/Book_43.prefab using Guid(4a659989bfe2e50459a178b9cb924616) Importer(2089858483,b0f066a214c2f5e87bad3c948f4d605d) (ScriptedImporter) -> (artifact id: '461341cdf4a6b26378b975f98d416dbe') in 0.0124712 seconds
Number of updated asset objects reloaded before import = 0Number of asset objects unloaded after import = 9

========================================================================
Received Import Request.
  Time since last request: 0.000020 seconds.
  path: Assets/World/Environment/Prefabs/Books/Books_16.prefab
  artifactKey: Guid(95872b709271974409a38fd9b35e6ac2) Importer(2089858483,b0f066a214c2f5e87bad3c948f4d605d)
Start importing Assets/World/Environment/Prefabs/Books/Books_16.prefab using Guid(95872b709271974409a38fd9b35e6ac2) Importer(2089858483,b0f066a214c2f5e87bad3c948f4d605d) (ScriptedImporter) -> (artifact id: '54019829fcf8229dd89e4f12f2333fe6') in 0.0225506 seconds
Number of updated asset objects reloaded before import = 0Number of asset objects unloaded after import = 9

========================================================================
Received Import Request.
  Time since last request: 0.000020 seconds.
  path: Assets/World/Environment/Prefabs/Books/Books_08.prefab
  artifactKey: Guid(ec8b339dbc2febd4ca45f0051b5f431f) Importer(2089858483,b0f066a214c2f5e87bad3c948f4d605d)
Start importing Assets/World/Environment/Prefabs/Books/Books_08.prefab using Guid(ec8b339dbc2febd4ca45f0051b5f431f) Importer(2089858483,b0f066a214c2f5e87bad3c948f4d605d) (ScriptedImporter) -> (artifact id: 'e25a573e1658ecf3b4ec33f996615b00') in 0.0126616 seconds
Number of updated asset objects reloaded before import = 0Number of asset objects unloaded after import = 9

========================================================================
Received Import Request.
  Time since last request: 0.000012 seconds.
  path: Assets/World/Environment/Prefabs/Building2/Roof_Thatch_Med_1.prefab
  artifactKey: Guid(d7f3caf113eb9c84298fe4135d19ab21) Importer(2089858483,b0f066a214c2f5e87bad3c948f4d605d)
Start importing Assets/World/Environment/Prefabs/Building2/Roof_Thatch_Med_1.prefab using Guid(d7f3caf113eb9c84298fe4135d19ab21) Importer(2089858483,b0f066a214c2f5e87bad3c948f4d605d) (ScriptedImporter) -> (artifact id: 'ba0694ea03f83e0a91413a9f349f0ea4') in 0.0100746 seconds
Number of updated asset objects reloaded before import = 0Number of asset objects unloaded after import = 8

========================================================================
Received Import Request.
  Time since last request: 0.000015 seconds.
  path: Assets/World/Environment/Prefabs/Books/BookS_04.prefab
  artifactKey: Guid(8987f42b5e586b54dafc61270de5d973) Importer(2089858483,b0f066a214c2f5e87bad3c948f4d605d)
Start importing Assets/World/Environment/Prefabs/Books/BookS_04.prefab using Guid(8987f42b5e586b54dafc61270de5d973) Importer(2089858483,b0f066a214c2f5e87bad3c948f4d605d) (ScriptedImporter) -> (artifact id: '599a4c1fb4a1553eb79b3f363a66d1ce') in 0.0119581 seconds
Number of updated asset objects reloaded before import = 0Number of asset objects unloaded after import = 9

========================================================================
Received Import Request.
  Time since last request: 0.000015 seconds.
  path: Assets/World/Environment/Prefabs/Building2/Chimney_Slope_Short_Narrow.prefab
  artifactKey: Guid(80fce7d28b409c04b9d0da5b8753e510) Importer(2089858483,b0f066a214c2f5e87bad3c948f4d605d)
Start importing Assets/World/Environment/Prefabs/Building2/Chimney_Slope_Short_Narrow.prefab using Guid(80fce7d28b409c04b9d0da5b8753e510) Importer(2089858483,b0f066a214c2f5e87bad3c948f4d605d) (ScriptedImporter) -> (artifact id: '0c93fde465229c38e3e0ad991c799bfe') in 0.0111556 seconds
Number of updated asset objects reloaded before import = 0Number of asset objects unloaded after import = 8

========================================================================
Received Import Request.
  Time since last request: 0.000016 seconds.
  path: Assets/World/Environment/Prefabs/Books/Books_15.prefab
  artifactKey: Guid(7171862ec87b07b47addc4d6c1e3686d) Importer(2089858483,b0f066a214c2f5e87bad3c948f4d605d)
Start importing Assets/World/Environment/Prefabs/Books/Books_15.prefab using Guid(7171862ec87b07b47addc4d6c1e3686d) Importer(2089858483,b0f066a214c2f5e87bad3c948f4d605d) (ScriptedImporter) -> (artifact id: '6302b2d0d900d70f39dfcb61eef348e1') in 0.013215 seconds
Number of updated asset objects reloaded before import = 0Number of asset objects unloaded after import = 9

========================================================================
Received Import Request.
  Time since last request: 0.000014 seconds.
  path: Assets/World/Environment/Prefabs/Building2/Door_2.prefab
  artifactKey: Guid(c8d7c11e8b5ec3c4cbb227fea70671ab) Importer(2089858483,b0f066a214c2f5e87bad3c948f4d605d)
Start importing Assets/World/Environment/Prefabs/Building2/Door_2.prefab using Guid(c8d7c11e8b5ec3c4cbb227fea70671ab) Importer(2089858483,b0f066a214c2f5e87bad3c948f4d605d) (ScriptedImporter) -> (artifact id: '6fafeddb275b5cc79eeb0b7f54fcae14') in 0.0122421 seconds
Number of updated asset objects reloaded before import = 0Number of asset objects unloaded after import = 9

========================================================================
Received Import Request.
  Time since last request: 0.000022 seconds.
  path: Assets/World/Environment/Prefabs/Books/Book_16.prefab
  artifactKey: Guid(b9cc39342554d8f4b876f442e992b119) Importer(2089858483,b0f066a214c2f5e87bad3c948f4d605d)
Start importing Assets/World/Environment/Prefabs/Books/Book_16.prefab using Guid(b9cc39342554d8f4b876f442e992b119) Importer(2089858483,b0f066a214c2f5e87bad3c948f4d605d) (ScriptedImporter) -> (artifact id: '3e9c8a6089fc072176c1ea4c31a70951') in 0.0120127 seconds
Number of updated asset objects reloaded before import = 0Number of asset objects unloaded after import = 9

========================================================================
Received Import Request.
  Time since last request: 0.000011 seconds.
  path: Assets/World/Environment/Prefabs/Books/Book_27.prefab
  artifactKey: Guid(c5dc42355e9922149ba62e416f86b2a1) Importer(2089858483,b0f066a214c2f5e87bad3c948f4d605d)
Start importing Assets/World/Environment/Prefabs/Books/Book_27.prefab using Guid(c5dc42355e9922149ba62e416f86b2a1) Importer(2089858483,b0f066a214c2f5e87bad3c948f4d605d) (ScriptedImporter) -> (artifact id: '9506b5106563591c5cb0fc3b1e4a9161') in 0.0129333 seconds
Number of updated asset objects reloaded before import = 0Number of asset objects unloaded after import = 9

========================================================================
Received Import Request.
  Time since last request: 0.000015 seconds.
  path: Assets/World/Environment/Prefabs/Books/Books_29.prefab
  artifactKey: Guid(784cd8e77087af3488f478770e91b684) Importer(2089858483,b0f066a214c2f5e87bad3c948f4d605d)
Start importing Assets/World/Environment/Prefabs/Books/Books_29.prefab using Guid(784cd8e77087af3488f478770e91b684) Importer(2089858483,b0f066a214c2f5e87bad3c948f4d605d) (ScriptedImporter) -> (artifact id: 'edd38fd0dea24496420750d49385d3e3') in 0.0138613 seconds
Number of updated asset objects reloaded before import = 0Number of asset objects unloaded after import = 10

========================================================================
Received Import Request.
  Time since last request: 0.000015 seconds.
  path: Assets/World/Environment/Prefabs/Building2/Wall_Wood_2x1.prefab
  artifactKey: Guid(83ffc0bba111d954283ab454e70ba797) Importer(2089858483,b0f066a214c2f5e87bad3c948f4d605d)
Start importing Assets/World/Environment/Prefabs/Building2/Wall_Wood_2x1.prefab using Guid(83ffc0bba111d954283ab454e70ba797) Importer(2089858483,b0f066a214c2f5e87bad3c948f4d605d) (ScriptedImporter) -> (artifact id: '75096914a494a5a6f2e48c44cbed3f23') in 0.0139523 seconds
Number of updated asset objects reloaded before import = 0Number of asset objects unloaded after import = 8

========================================================================
Received Import Request.
  Time since last request: 0.000013 seconds.
  path: Assets/World/Environment/Prefabs/Building2/Wall_1x3.prefab
  artifactKey: Guid(ce0aa624782b11341a4d71aaa1eb91a8) Importer(2089858483,b0f066a214c2f5e87bad3c948f4d605d)
Start importing Assets/World/Environment/Prefabs/Building2/Wall_1x3.prefab using Guid(ce0aa624782b11341a4d71aaa1eb91a8) Importer(2089858483,b0f066a214c2f5e87bad3c948f4d605d) (ScriptedImporter) -> (artifact id: 'fe26e63f2e7c9ad8f2649f5682e69059') in 0.0120845 seconds
Number of updated asset objects reloaded before import = 0Number of asset objects unloaded after import = 8

========================================================================
Received Import Request.
  Time since last request: 0.000017 seconds.
  path: Assets/World/Environment/Prefabs/Building2/Roof_Thatch_Short_Corner.prefab
  artifactKey: Guid(43b0a9f473c938844a691e52a8485b7f) Importer(2089858483,b0f066a214c2f5e87bad3c948f4d605d)
Start importing Assets/World/Environment/Prefabs/Building2/Roof_Thatch_Short_Corner.prefab using Guid(43b0a9f473c938844a691e52a8485b7f) Importer(2089858483,b0f066a214c2f5e87bad3c948f4d605d) (ScriptedImporter) -> (artifact id: 'dddc53d28234c009dcf1bbfc011f0787') in 0.0112606 seconds
Number of updated asset objects reloaded before import = 0Number of asset objects unloaded after import = 11

========================================================================
Received Import Request.
  Time since last request: 0.000021 seconds.
  path: Assets/World/Environment/Prefabs/Building2/Roof_Tile_Tall_2x1.prefab
  artifactKey: Guid(3cc7b6bde8c814744b3c55f7b921a443) Importer(2089858483,b0f066a214c2f5e87bad3c948f4d605d)
Start importing Assets/World/Environment/Prefabs/Building2/Roof_Tile_Tall_2x1.prefab using Guid(3cc7b6bde8c814744b3c55f7b921a443) Importer(2089858483,b0f066a214c2f5e87bad3c948f4d605d) (ScriptedImporter) -> (artifact id: '7b65f9054499060c621c8d523273dfc1') in 0.0111023 seconds
Number of updated asset objects reloaded before import = 0Number of asset objects unloaded after import = 10

========================================================================
Received Import Request.
  Time since last request: 0.000013 seconds.
  path: Assets/World/Environment/Prefabs/Building2/Stairs_Stone_1x1.prefab
  artifactKey: Guid(a0a5354b6a2a1c547b11486060d73c64) Importer(2089858483,b0f066a214c2f5e87bad3c948f4d605d)
Start importing Assets/World/Environment/Prefabs/Building2/Stairs_Stone_1x1.prefab using Guid(a0a5354b6a2a1c547b11486060d73c64) Importer(2089858483,b0f066a214c2f5e87bad3c948f4d605d) (ScriptedImporter) -> (artifact id: 'b4dac6a46bec13a904d6d9477a161cc9') in 0.0125402 seconds
Number of updated asset objects reloaded before import = 0Number of asset objects unloaded after import = 8

========================================================================
Received Import Request.
  Time since last request: 0.000014 seconds.
  path: Assets/World/Environment/Prefabs/Building2/Wall_Window_Wood_2x2_3.prefab
  artifactKey: Guid(89af23966ffa51b4db39cd0bb12ebaeb) Importer(2089858483,b0f066a214c2f5e87bad3c948f4d605d)
Start importing Assets/World/Environment/Prefabs/Building2/Wall_Window_Wood_2x2_3.prefab using Guid(89af23966ffa51b4db39cd0bb12ebaeb) Importer(2089858483,b0f066a214c2f5e87bad3c948f4d605d) (ScriptedImporter) -> (artifact id: '9ac36596549ba9e19f9704d2da93f482') in 0.0139283 seconds
Number of updated asset objects reloaded before import = 0Number of asset objects unloaded after import = 9

========================================================================
Received Import Request.
  Time since last request: 0.000013 seconds.
  path: Assets/World/Environment/Prefabs/Building2/Wall_Window_2x2_4.prefab
  artifactKey: Guid(9357085d6d25a6244830ca3f95ec01f3) Importer(2089858483,b0f066a214c2f5e87bad3c948f4d605d)
Start importing Assets/World/Environment/Prefabs/Building2/Wall_Window_2x2_4.prefab using Guid(9357085d6d25a6244830ca3f95ec01f3) Importer(2089858483,b0f066a214c2f5e87bad3c948f4d605d) (ScriptedImporter) -> (artifact id: '7c15a0670bb857bc8bc7cfb2be863f40') in 0.012058 seconds
Number of updated asset objects reloaded before import = 0Number of asset objects unloaded after import = 10

========================================================================
Received Import Request.
  Time since last request: 0.000014 seconds.
  path: Assets/World/Environment/Prefabs/Building2/Window_5_Shutter_L.prefab
  artifactKey: Guid(2c3904c7c211a9b43b19f1ad74f4a4ae) Importer(2089858483,b0f066a214c2f5e87bad3c948f4d605d)
Start importing Assets/World/Environment/Prefabs/Building2/Window_5_Shutter_L.prefab using Guid(2c3904c7c211a9b43b19f1ad74f4a4ae) Importer(2089858483,b0f066a214c2f5e87bad3c948f4d605d) (ScriptedImporter) -> (artifact id: 'd589284c9ddce8c013862d83d51e08cc') in 0.0115022 seconds
Number of updated asset objects reloaded before import = 0Number of asset objects unloaded after import = 9

========================================================================
Received Import Request.
  Time since last request: 0.000014 seconds.
  path: Assets/World/Environment/Prefabs/Building2/Stone_Wall_Tall.prefab
  artifactKey: Guid(180643d6714b0264aa93f6ded70965f4) Importer(2089858483,b0f066a214c2f5e87bad3c948f4d605d)
Start importing Assets/World/Environment/Prefabs/Building2/Stone_Wall_Tall.prefab using Guid(180643d6714b0264aa93f6ded70965f4) Importer(2089858483,b0f066a214c2f5e87bad3c948f4d605d) (ScriptedImporter) -> (artifact id: '653bd7ec3ede6851d36d896132089e93') in 0.0117343 seconds
Number of updated asset objects reloaded before import = 0Number of asset objects unloaded after import = 9

========================================================================
Received Import Request.
  Time since last request: 0.000040 seconds.
  path: Assets/World/Environment/Prefabs/Building2/Wall_2x3.prefab
  artifactKey: Guid(710155b71dd9ec74fa0a14c9ca53f5bc) Importer(2089858483,b0f066a214c2f5e87bad3c948f4d605d)
Start importing Assets/World/Environment/Prefabs/Building2/Wall_2x3.prefab using Guid(710155b71dd9ec74fa0a14c9ca53f5bc) Importer(2089858483,b0f066a214c2f5e87bad3c948f4d605d) (ScriptedImporter) -> (artifact id: '80d49add4bceb9c7c0d4a795af54265b') in 0.0131536 seconds
Number of updated asset objects reloaded before import = 0Number of asset objects unloaded after import = 8

========================================================================
Received Import Request.
  Time since last request: 0.000018 seconds.
  path: Assets/World/Environment/Prefabs/Building2/Wall_1x2.prefab
  artifactKey: Guid(a8a8721cb7aeb594ab735ddc7f2e63f6) Importer(2089858483,b0f066a214c2f5e87bad3c948f4d605d)
Start importing Assets/World/Environment/Prefabs/Building2/Wall_1x2.prefab using Guid(a8a8721cb7aeb594ab735ddc7f2e63f6) Importer(2089858483,b0f066a214c2f5e87bad3c948f4d605d) (ScriptedImporter) -> (artifact id: 'e63136568f1cba4ab02add5ea0600757') in 0.0131511 seconds
Number of updated asset objects reloaded before import = 0Number of asset objects unloaded after import = 8

========================================================================
Received Import Request.
  Time since last request: 0.000012 seconds.
  path: Assets/World/Environment/Prefabs/Building2/Roof_Tile_Med_End_L.prefab
  artifactKey: Guid(891722728b2999a4abb23dbd2f583d1d) Importer(2089858483,b0f066a214c2f5e87bad3c948f4d605d)
Start importing Assets/World/Environment/Prefabs/Building2/Roof_Tile_Med_End_L.prefab using Guid(891722728b2999a4abb23dbd2f583d1d) Importer(2089858483,b0f066a214c2f5e87bad3c948f4d605d) (ScriptedImporter) -> (artifact id: '267321b4f44aa18e41339fe33caf1c01') in 0.0234577 seconds
Number of updated asset objects reloaded before import = 0Number of asset objects unloaded after import = 11

========================================================================
Received Import Request.
  Time since last request: 0.000014 seconds.
  path: Assets/World/Environment/Prefabs/Building2/Roof_Wood_Short_Top_Slope.prefab
  artifactKey: Guid(4d5bec0fb62ab2a41908ffc0512bf9ea) Importer(2089858483,b0f066a214c2f5e87bad3c948f4d605d)
Start importing Assets/World/Environment/Prefabs/Building2/Roof_Wood_Short_Top_Slope.prefab using Guid(4d5bec0fb62ab2a41908ffc0512bf9ea) Importer(2089858483,b0f066a214c2f5e87bad3c948f4d605d) (ScriptedImporter) -> (artifact id: '9c3e00f7363bd2621ad8c5c4fd34ed2f') in 0.0133745 seconds
Number of updated asset objects reloaded before import = 0Number of asset objects unloaded after import = 9

========================================================================
Received Import Request.
  Time since last request: 0.000013 seconds.
  path: Assets/World/Environment/Prefabs/Building2/Wall_Window_1x2_1.prefab
  artifactKey: Guid(c49c1f40d5716ca4c993dfe6a7718e85) Importer(2089858483,b0f066a214c2f5e87bad3c948f4d605d)
Start importing Assets/World/Environment/Prefabs/Building2/Wall_Window_1x2_1.prefab using Guid(c49c1f40d5716ca4c993dfe6a7718e85) Importer(2089858483,b0f066a214c2f5e87bad3c948f4d605d) (ScriptedImporter) -> (artifact id: 'db327acd3646c5bbb631c81b93ef99a5') in 0.0128187 seconds
Number of updated asset objects reloaded before import = 0Number of asset objects unloaded after import = 10

========================================================================
Received Import Request.
  Time since last request: 0.000022 seconds.
  path: Assets/World/Environment/Prefabs/Building2/Wall_Window_2x2_6.prefab
  artifactKey: Guid(4dfa13f77fd0a51408f41c566c54dfa0) Importer(2089858483,b0f066a214c2f5e87bad3c948f4d605d)
Start importing Assets/World/Environment/Prefabs/Building2/Wall_Window_2x2_6.prefab using Guid(4dfa13f77fd0a51408f41c566c54dfa0) Importer(2089858483,b0f066a214c2f5e87bad3c948f4d605d) (ScriptedImporter) -> (artifact id: '9a83978fed28b6be0cd9edd4db37f44a') in 0.0151787 seconds
Number of updated asset objects reloaded before import = 0Number of asset objects unloaded after import = 10

========================================================================
Received Import Request.
  Time since last request: 0.000013 seconds.
  path: Assets/World/Environment/Prefabs/Building2/Roof_Tile_Corner_Cap_L.prefab
  artifactKey: Guid(98faf2d94c0b0ea4a9a4d73d6e26ff43) Importer(2089858483,b0f066a214c2f5e87bad3c948f4d605d)
Start importing Assets/World/Environment/Prefabs/Building2/Roof_Tile_Corner_Cap_L.prefab using Guid(98faf2d94c0b0ea4a9a4d73d6e26ff43) Importer(2089858483,b0f066a214c2f5e87bad3c948f4d605d) (ScriptedImporter) -> (artifact id: '17d4c070702d6dd5110d7375b2de63e5') in 0.0130722 seconds
Number of updated asset objects reloaded before import = 0Number of asset objects unloaded after import = 10

========================================================================
Received Import Request.
  Time since last request: 0.000015 seconds.
  path: Assets/World/Environment/Prefabs/Building2/Wall_Window_Wood_2x1.prefab
  artifactKey: Guid(bd5f2cafb5b0db14982ad5adfdad352a) Importer(2089858483,b0f066a214c2f5e87bad3c948f4d605d)
Start importing Assets/World/Environment/Prefabs/Building2/Wall_Window_Wood_2x1.prefab using Guid(bd5f2cafb5b0db14982ad5adfdad352a) Importer(2089858483,b0f066a214c2f5e87bad3c948f4d605d) (ScriptedImporter) -> (artifact id: '44a67bcb0a5fa22c846cc006c3eaf29e') in 0.012433 seconds
Number of updated asset objects reloaded before import = 0Number of asset objects unloaded after import = 9

========================================================================
Received Import Request.
  Time since last request: 0.000015 seconds.
  path: Assets/World/Environment/Prefabs/Building2/Roof_Thatch_Tall_End_L.prefab
  artifactKey: Guid(6df8881e60a68994692de5f487419585) Importer(2089858483,b0f066a214c2f5e87bad3c948f4d605d)
Start importing Assets/World/Environment/Prefabs/Building2/Roof_Thatch_Tall_End_L.prefab using Guid(6df8881e60a68994692de5f487419585) Importer(2089858483,b0f066a214c2f5e87bad3c948f4d605d) (ScriptedImporter) -> (artifact id: '2b89ba4ce9e1c3d08696138e32bf2f3a') in 0.0145001 seconds
Number of updated asset objects reloaded before import = 0Number of asset objects unloaded after import = 13

========================================================================
Received Import Request.
  Time since last request: 0.000013 seconds.
  path: Assets/World/Environment/Prefabs/Building2/Roof_Tile_Top_Slope_Mid.prefab
  artifactKey: Guid(1062d6158c56af94787059b60ed5803f) Importer(2089858483,b0f066a214c2f5e87bad3c948f4d605d)
Start importing Assets/World/Environment/Prefabs/Building2/Roof_Tile_Top_Slope_Mid.prefab using Guid(1062d6158c56af94787059b60ed5803f) Importer(2089858483,b0f066a214c2f5e87bad3c948f4d605d) (ScriptedImporter) -> (artifact id: '44a13164f5c9ded1477afb1cb2e404de') in 0.0124991 seconds
Number of updated asset objects reloaded before import = 0Number of asset objects unloaded after import = 10

========================================================================
Received Import Request.
  Time since last request: 0.000017 seconds.
  path: Assets/World/Environment/Prefabs/Building2/Roof_Tile_Short_Inv_Corner.prefab
  artifactKey: Guid(cd3a99f54fbf6df48a96b6ccec7c3441) Importer(2089858483,b0f066a214c2f5e87bad3c948f4d605d)
Start importing Assets/World/Environment/Prefabs/Building2/Roof_Tile_Short_Inv_Corner.prefab using Guid(cd3a99f54fbf6df48a96b6ccec7c3441) Importer(2089858483,b0f066a214c2f5e87bad3c948f4d605d) (ScriptedImporter) -> (artifact id: 'bc57c4a1282c77b4ac3cecb16c0db4ba') in 0.0131242 seconds
Number of updated asset objects reloaded before import = 0Number of asset objects unloaded after import = 10

========================================================================
Received Import Request.
  Time since last request: 0.000022 seconds.
  path: Assets/World/Environment/Prefabs/Building2/Roof_Thatch_Tall_Corner.prefab
  artifactKey: Guid(cdcf83af04f0bdb49b094133003ccc37) Importer(2089858483,b0f066a214c2f5e87bad3c948f4d605d)
Start importing Assets/World/Environment/Prefabs/Building2/Roof_Thatch_Tall_Corner.prefab using Guid(cdcf83af04f0bdb49b094133003ccc37) Importer(2089858483,b0f066a214c2f5e87bad3c948f4d605d) (ScriptedImporter) -> (artifact id: '8836ea877c940cc6d2054843400f8e96') in 0.011526 seconds
Number of updated asset objects reloaded before import = 0Number of asset objects unloaded after import = 11

========================================================================
Received Import Request.
  Time since last request: 0.000012 seconds.
  path: Assets/World/Environment/Prefabs/Building2/Roof_Wood_ShortInv_Corner.prefab
  artifactKey: Guid(74cf840b2f7641347811c8fdea8a2676) Importer(2089858483,b0f066a214c2f5e87bad3c948f4d605d)
Start importing Assets/World/Environment/Prefabs/Building2/Roof_Wood_ShortInv_Corner.prefab using Guid(74cf840b2f7641347811c8fdea8a2676) Importer(2089858483,b0f066a214c2f5e87bad3c948f4d605d) (ScriptedImporter) -> (artifact id: 'b905e4d75c6a89979b7a76a8446a66c5') in 0.010497 seconds
Number of updated asset objects reloaded before import = 0Number of asset objects unloaded after import = 9

========================================================================
Received Import Request.
  Time since last request: 0.000012 seconds.
  path: Assets/World/Environment/Prefabs/Building2/Roof_Wood_Med_1x1.prefab
  artifactKey: Guid(fee394a546b000c48b490fd611c20eef) Importer(2089858483,b0f066a214c2f5e87bad3c948f4d605d)
Start importing Assets/World/Environment/Prefabs/Building2/Roof_Wood_Med_1x1.prefab using Guid(fee394a546b000c48b490fd611c20eef) Importer(2089858483,b0f066a214c2f5e87bad3c948f4d605d) (ScriptedImporter) -> (artifact id: '5690304ed0b498e207f1374634c26f17') in 0.0122703 seconds
Number of updated asset objects reloaded before import = 0Number of asset objects unloaded after import = 9

========================================================================
Received Import Request.
  Time since last request: 0.000011 seconds.
  path: Assets/World/Environment/Prefabs/Building2/Window_6_Shutter.prefab
  artifactKey: Guid(0f704c65770aeaa419b0e1056d9cfff5) Importer(2089858483,b0f066a214c2f5e87bad3c948f4d605d)
Start importing Assets/World/Environment/Prefabs/Building2/Window_6_Shutter.prefab using Guid(0f704c65770aeaa419b0e1056d9cfff5) Importer(2089858483,b0f066a214c2f5e87bad3c948f4d605d) (ScriptedImporter) -> (artifact id: '552600ae06e00ebb5e9bdf14ba38c733') in 0.0118174 seconds
Number of updated asset objects reloaded before import = 0Number of asset objects unloaded after import = 9

========================================================================
Received Import Request.
  Time since last request: 0.000016 seconds.
  path: Assets/World/Environment/Prefabs/Building2/Wall_Window_Wood_2x2_6.prefab
  artifactKey: Guid(1dc49aacca0d3dc4c988a46ed6734075) Importer(2089858483,b0f066a214c2f5e87bad3c948f4d605d)
Start importing Assets/World/Environment/Prefabs/Building2/Wall_Window_Wood_2x2_6.prefab using Guid(1dc49aacca0d3dc4c988a46ed6734075) Importer(2089858483,b0f066a214c2f5e87bad3c948f4d605d) (ScriptedImporter) -> (artifact id: 'fc1628d8ce79ae02854893a4f6e9faab') in 0.0138659 seconds
Number of updated asset objects reloaded before import = 0Number of asset objects unloaded after import = 9

========================================================================
Received Import Request.
  Time since last request: 0.000018 seconds.
  path: Assets/World/Environment/Prefabs/Building2/Roof_Thatch_Tall_Inv_Corner.prefab
  artifactKey: Guid(2c272bc1350a69e419a22a1662891540) Importer(2089858483,b0f066a214c2f5e87bad3c948f4d605d)
Start importing Assets/World/Environment/Prefabs/Building2/Roof_Thatch_Tall_Inv_Corner.prefab using Guid(2c272bc1350a69e419a22a1662891540) Importer(2089858483,b0f066a214c2f5e87bad3c948f4d605d) (ScriptedImporter) -> (artifact id: '0ef7823c620ff9b58164360b22ba17f9') in 0.0114519 seconds
Number of updated asset objects reloaded before import = 0Number of asset objects unloaded after import = 11

========================================================================
Received Import Request.
  Time since last request: 0.000013 seconds.
  path: Assets/World/Environment/Prefabs/Books/Book_02.prefab
  artifactKey: Guid(7eeab333ed7416f498139b2846cbb10d) Importer(2089858483,b0f066a214c2f5e87bad3c948f4d605d)
Start importing Assets/World/Environment/Prefabs/Books/Book_02.prefab using Guid(7eeab333ed7416f498139b2846cbb10d) Importer(2089858483,b0f066a214c2f5e87bad3c948f4d605d) (ScriptedImporter) -> (artifact id: '3f30c9a1e5b50f61e2a90652734ecc27') in 0.0131204 seconds
Number of updated asset objects reloaded before import = 0Number of asset objects unloaded after import = 9

========================================================================
Received Import Request.
  Time since last request: 0.000013 seconds.
  path: Assets/World/Environment/Prefabs/Books/Book_50.prefab
  artifactKey: Guid(7332e86eb26e8304cb599d59557fd313) Importer(2089858483,b0f066a214c2f5e87bad3c948f4d605d)
Start importing Assets/World/Environment/Prefabs/Books/Book_50.prefab using Guid(7332e86eb26e8304cb599d59557fd313) Importer(2089858483,b0f066a214c2f5e87bad3c948f4d605d) (ScriptedImporter) -> (artifact id: 'c6e53e4752593f8df05235eb7215508f') in 0.0114234 seconds
Number of updated asset objects reloaded before import = 0Number of asset objects unloaded after import = 9

========================================================================
Received Import Request.
  Time since last request: 0.000013 seconds.
  path: Assets/World/Environment/Prefabs/Building2/Roof_Wood_Med_Inv_Corner.prefab
  artifactKey: Guid(5a3758eef5f6f1940854a904f7b84856) Importer(2089858483,b0f066a214c2f5e87bad3c948f4d605d)
Start importing Assets/World/Environment/Prefabs/Building2/Roof_Wood_Med_Inv_Corner.prefab using Guid(5a3758eef5f6f1940854a904f7b84856) Importer(2089858483,b0f066a214c2f5e87bad3c948f4d605d) (ScriptedImporter) -> (artifact id: '0e4594ba78f98d7505aef456846257f3') in 0.0119977 seconds
Number of updated asset objects reloaded before import = 0Number of asset objects unloaded after import = 9

========================================================================
Received Import Request.
  Time since last request: 0.000012 seconds.
  path: Assets/World/Environment/Prefabs/Building2/Window_2_Shutter.prefab
  artifactKey: Guid(01d3f471bc0586145aafd728ca82796a) Importer(2089858483,b0f066a214c2f5e87bad3c948f4d605d)
Start importing Assets/World/Environment/Prefabs/Building2/Window_2_Shutter.prefab using Guid(01d3f471bc0586145aafd728ca82796a) Importer(2089858483,b0f066a214c2f5e87bad3c948f4d605d) (ScriptedImporter) -> (artifact id: '6d3bd7a576fd91efc61af16e82c672e8') in 0.0139918 seconds
Number of updated asset objects reloaded before import = 0Number of asset objects unloaded after import = 9

========================================================================
Received Import Request.
  Time since last request: 0.000016 seconds.
  path: Assets/World/Environment/Prefabs/Books/Book_61.prefab
  artifactKey: Guid(f304955bdd4a7354ea8ab44b24698473) Importer(2089858483,b0f066a214c2f5e87bad3c948f4d605d)
Start importing Assets/World/Environment/Prefabs/Books/Book_61.prefab using Guid(f304955bdd4a7354ea8ab44b24698473) Importer(2089858483,b0f066a214c2f5e87bad3c948f4d605d) (ScriptedImporter) -> (artifact id: '2e4138c4511ae39b84d1b8c3b6d7607c') in 0.0119895 seconds
Number of updated asset objects reloaded before import = 0Number of asset objects unloaded after import = 9

========================================================================
Received Import Request.
  Time since last request: 0.000016 seconds.
  path: Assets/World/Environment/Prefabs/Building2/Stone_Kerb.prefab
  artifactKey: Guid(268e8630a5892c9419672f8393c18a0d) Importer(2089858483,b0f066a214c2f5e87bad3c948f4d605d)
Start importing Assets/World/Environment/Prefabs/Building2/Stone_Kerb.prefab using Guid(268e8630a5892c9419672f8393c18a0d) Importer(2089858483,b0f066a214c2f5e87bad3c948f4d605d) (ScriptedImporter) -> (artifact id: '65db78890f8dbbd48bf61f11c2b76f4d') in 0.0213455 seconds
Number of updated asset objects reloaded before import = 0Number of asset objects unloaded after import = 8

========================================================================
Received Import Request.
  Time since last request: 0.000013 seconds.
  path: Assets/World/Environment/Prefabs/Building2/Wood_WallFrame_2x1_3.prefab
  artifactKey: Guid(f156c9acc1d7e5442983406572a14f57) Importer(2089858483,b0f066a214c2f5e87bad3c948f4d605d)
Start importing Assets/World/Environment/Prefabs/Building2/Wood_WallFrame_2x1_3.prefab using Guid(f156c9acc1d7e5442983406572a14f57) Importer(2089858483,b0f066a214c2f5e87bad3c948f4d605d) (ScriptedImporter) -> (artifact id: '5d3256719543a28cf2bd55e4c0b554e9') in 0.0111115 seconds
Number of updated asset objects reloaded before import = 0Number of asset objects unloaded after import = 8

========================================================================
Received Import Request.
  Time since last request: 0.000014 seconds.
  path: Assets/World/Environment/Prefabs/Furniture/Lamp.prefab
  artifactKey: Guid(10fc85374832c474e940baee7f8230fb) Importer(2089858483,b0f066a214c2f5e87bad3c948f4d605d)
Start importing Assets/World/Environment/Prefabs/Furniture/Lamp.prefab using Guid(10fc85374832c474e940baee7f8230fb) Importer(2089858483,b0f066a214c2f5e87bad3c948f4d605d) (ScriptedImporter) -> (artifact id: 'db3dd802470ac9cbd74ce1cf23f14163') in 0.0097673 seconds
Number of updated asset objects reloaded before import = 0Number of asset objects unloaded after import = 20

========================================================================
Received Import Request.
  Time since last request: 0.000013 seconds.
  path: Assets/World/Environment/Prefabs/Building2/Wood_Pillar_WBase_WTop_Narrow_Tall.prefab
  artifactKey: Guid(83352a43bb624be418bff7662a7d257a) Importer(2089858483,b0f066a214c2f5e87bad3c948f4d605d)
Start importing Assets/World/Environment/Prefabs/Building2/Wood_Pillar_WBase_WTop_Narrow_Tall.prefab using Guid(83352a43bb624be418bff7662a7d257a) Importer(2089858483,b0f066a214c2f5e87bad3c948f4d605d) (ScriptedImporter) -> (artifact id: 'a91b1b18ac23ce85343aa487f1a0468b') in 0.0121938 seconds
Number of updated asset objects reloaded before import = 0Number of asset objects unloaded after import = 9

========================================================================
Received Import Request.
  Time since last request: 0.000012 seconds.
  path: Assets/World/Environment/Prefabs/Building2/Wood_WallFrame_1x3_5.prefab
  artifactKey: Guid(cac545b3d9d8cda4aa97c5d44cc6095e) Importer(2089858483,b0f066a214c2f5e87bad3c948f4d605d)
Start importing Assets/World/Environment/Prefabs/Building2/Wood_WallFrame_1x3_5.prefab using Guid(cac545b3d9d8cda4aa97c5d44cc6095e) Importer(2089858483,b0f066a214c2f5e87bad3c948f4d605d) (ScriptedImporter) -> (artifact id: '21fa5168a38c0e14eb1e68752d71c199') in 0.0127815 seconds
Number of updated asset objects reloaded before import = 0Number of asset objects unloaded after import = 8

========================================================================
Received Import Request.
  Time since last request: 0.000013 seconds.
  path: Assets/World/Environment/Prefabs/Building2/Wood_Pillar_WBase_Narrow.prefab
  artifactKey: Guid(6d134d4d95ead074b8602755edb9fae0) Importer(2089858483,b0f066a214c2f5e87bad3c948f4d605d)
Start importing Assets/World/Environment/Prefabs/Building2/Wood_Pillar_WBase_Narrow.prefab using Guid(6d134d4d95ead074b8602755edb9fae0) Importer(2089858483,b0f066a214c2f5e87bad3c948f4d605d) (ScriptedImporter) -> (artifact id: '7486eac1923739ae4d6b2296f211ae6e') in 0.0110446 seconds
Number of updated asset objects reloaded before import = 0Number of asset objects unloaded after import = 9

========================================================================
Received Import Request.
  Time since last request: 0.000019 seconds.
  path: Assets/World/Environment/Prefabs/Furniture/3seat4.prefab
  artifactKey: Guid(245712dbd63f6f94e8467250c1caedd9) Importer(2089858483,b0f066a214c2f5e87bad3c948f4d605d)
Start importing Assets/World/Environment/Prefabs/Furniture/3seat4.prefab using Guid(245712dbd63f6f94e8467250c1caedd9) Importer(2089858483,b0f066a214c2f5e87bad3c948f4d605d) (ScriptedImporter) -> (artifact id: 'acd313167b7aa71f41c1e4e9f1858efe') in 0.0123297 seconds
Number of updated asset objects reloaded before import = 0Number of asset objects unloaded after import = 9

========================================================================
Received Import Request.
  Time since last request: 0.000013 seconds.
  path: Assets/World/Environment/Prefabs/Building2/Wood_Arch_3.prefab
  artifactKey: Guid(c7565d98bc4853f47b8eac88f659a8c7) Importer(2089858483,b0f066a214c2f5e87bad3c948f4d605d)
Start importing Assets/World/Environment/Prefabs/Building2/Wood_Arch_3.prefab using Guid(c7565d98bc4853f47b8eac88f659a8c7) Importer(2089858483,b0f066a214c2f5e87bad3c948f4d605d) (ScriptedImporter) -> (artifact id: '7a2d6760569411906a32c951cba24ac0') in 0.0128288 seconds
Number of updated asset objects reloaded before import = 0Number of asset objects unloaded after import = 8

========================================================================
Received Import Request.
  Time since last request: 0.000014 seconds.
  path: Assets/World/Environment/Prefabs/Furniture/Fotel2.prefab
  artifactKey: Guid(0602526b549f4e74c9107db59bde2a39) Importer(2089858483,b0f066a214c2f5e87bad3c948f4d605d)
Start importing Assets/World/Environment/Prefabs/Furniture/Fotel2.prefab using Guid(0602526b549f4e74c9107db59bde2a39) Importer(2089858483,b0f066a214c2f5e87bad3c948f4d605d) (ScriptedImporter) -> (artifact id: '5d518998e4cb986a3c1580c6a1fbfe2a') in 0.0129762 seconds
Number of updated asset objects reloaded before import = 0Number of asset objects unloaded after import = 9

========================================================================
Received Import Request.
  Time since last request: 0.000013 seconds.
  path: Assets/World/Environment/Prefabs/Building2/Wood_Pole_Frame_1x1.prefab
  artifactKey: Guid(8f7da3e0b85488c4099fcecb74b718ef) Importer(2089858483,b0f066a214c2f5e87bad3c948f4d605d)
Start importing Assets/World/Environment/Prefabs/Building2/Wood_Pole_Frame_1x1.prefab using Guid(8f7da3e0b85488c4099fcecb74b718ef) Importer(2089858483,b0f066a214c2f5e87bad3c948f4d605d) (ScriptedImporter) -> (artifact id: '496c0a6ff9afb307d7a055b549c3b74f') in 0.0125289 seconds
Number of updated asset objects reloaded before import = 0Number of asset objects unloaded after import = 9

========================================================================
Received Import Request.
  Time since last request: 0.000013 seconds.
  path: Assets/World/Environment/Prefabs/Building2/Wood_WallFrame_2x2_2.prefab
  artifactKey: Guid(c4d7f3d574e11fc46b5c770b2ee935b8) Importer(2089858483,b0f066a214c2f5e87bad3c948f4d605d)
Start importing Assets/World/Environment/Prefabs/Building2/Wood_WallFrame_2x2_2.prefab using Guid(c4d7f3d574e11fc46b5c770b2ee935b8) Importer(2089858483,b0f066a214c2f5e87bad3c948f4d605d) (ScriptedImporter) -> (artifact id: '48401c80f33add6b8c1dfa71a351fc06') in 0.0122671 seconds
Number of updated asset objects reloaded before import = 0Number of asset objects unloaded after import = 8

========================================================================
Received Import Request.
  Time since last request: 0.000018 seconds.
  path: Assets/World/Environment/Prefabs/Furniture/Goathead.prefab
  artifactKey: Guid(3ea1f1c68b21146a9819e6943c76172b) Importer(2089858483,b0f066a214c2f5e87bad3c948f4d605d)
Start importing Assets/World/Environment/Prefabs/Furniture/Goathead.prefab using Guid(3ea1f1c68b21146a9819e6943c76172b) Importer(2089858483,b0f066a214c2f5e87bad3c948f4d605d) (ScriptedImporter) -> (artifact id: 'd603aad44d028ccacb059478614c66b5') in 0.012536 seconds
Number of updated asset objects reloaded before import = 0Number of asset objects unloaded after import = 8

========================================================================
Received Import Request.
  Time since last request: 0.000023 seconds.
  path: Assets/World/Environment/Prefabs/Building2/Wood_WallFrame_Single_Top.prefab
  artifactKey: Guid(b100400285e9c7e4982e8424ad2cddba) Importer(2089858483,b0f066a214c2f5e87bad3c948f4d605d)
Start importing Assets/World/Environment/Prefabs/Building2/Wood_WallFrame_Single_Top.prefab using Guid(b100400285e9c7e4982e8424ad2cddba) Importer(2089858483,b0f066a214c2f5e87bad3c948f4d605d) (ScriptedImporter) -> (artifact id: '4cd9b2e9754d00a67a452d96df1200b2') in 0.012098 seconds
Number of updated asset objects reloaded before import = 0Number of asset objects unloaded after import = 8

========================================================================
Received Import Request.
  Time since last request: 0.000015 seconds.
  path: Assets/World/Environment/Prefabs/Building2/Wood_WallFrame_1x2_3.prefab
  artifactKey: Guid(48fe9de8937780d4b95b689796340669) Importer(2089858483,b0f066a214c2f5e87bad3c948f4d605d)
Start importing Assets/World/Environment/Prefabs/Building2/Wood_WallFrame_1x2_3.prefab using Guid(48fe9de8937780d4b95b689796340669) Importer(2089858483,b0f066a214c2f5e87bad3c948f4d605d) (ScriptedImporter) -> (artifact id: '0ed94b8c973da55ac3bfb314d180d3c6') in 0.0122643 seconds
Number of updated asset objects reloaded before import = 0Number of asset objects unloaded after import = 8

========================================================================
Received Import Request.
  Time since last request: 0.000012 seconds.
  path: Assets/World/Environment/Prefabs/Furniture/Fotel4.prefab
  artifactKey: Guid(80967ac7bb2c8104b8dd5b649046d79b) Importer(2089858483,b0f066a214c2f5e87bad3c948f4d605d)
Start importing Assets/World/Environment/Prefabs/Furniture/Fotel4.prefab using Guid(80967ac7bb2c8104b8dd5b649046d79b) Importer(2089858483,b0f066a214c2f5e87bad3c948f4d605d) (ScriptedImporter) -> (artifact id: '5efa2d10760c7c45a9199d4ade279880') in 0.0132111 seconds
Number of updated asset objects reloaded before import = 0Number of asset objects unloaded after import = 9

========================================================================
Received Import Request.
  Time since last request: 0.000011 seconds.
  path: Assets/World/Environment/Prefabs/Building2/Wood_Frame_1x1.prefab
  artifactKey: Guid(7ac51e6fa39e40648bbcfc507f8ec4b2) Importer(2089858483,b0f066a214c2f5e87bad3c948f4d605d)
Start importing Assets/World/Environment/Prefabs/Building2/Wood_Frame_1x1.prefab using Guid(7ac51e6fa39e40648bbcfc507f8ec4b2) Importer(2089858483,b0f066a214c2f5e87bad3c948f4d605d) (ScriptedImporter) -> (artifact id: '3f3319d78845cabee10e3894d3b6443b') in 0.0106578 seconds
Number of updated asset objects reloaded before import = 0Number of asset objects unloaded after import = 9

========================================================================
Received Import Request.
  Time since last request: 0.000012 seconds.
  path: Assets/World/Environment/Prefabs/Building2/Wood_Support_1.prefab
  artifactKey: Guid(01c4e0f0eaee06742b0854fb90f0a815) Importer(2089858483,b0f066a214c2f5e87bad3c948f4d605d)
Start importing Assets/World/Environment/Prefabs/Building2/Wood_Support_1.prefab using Guid(01c4e0f0eaee06742b0854fb90f0a815) Importer(2089858483,b0f066a214c2f5e87bad3c948f4d605d) (ScriptedImporter) -> (artifact id: '949843477eee81c3e2904ed0ed15ac39') in 0.0102218 seconds
Number of updated asset objects reloaded before import = 0Number of asset objects unloaded after import = 9

========================================================================
Received Import Request.
  Time since last request: 0.000018 seconds.
  path: Assets/World/Environment/Prefabs/Furniture/Horn_Hanger.prefab
  artifactKey: Guid(f4778834615ed4266823781deb2681ac) Importer(2089858483,b0f066a214c2f5e87bad3c948f4d605d)
Start importing Assets/World/Environment/Prefabs/Furniture/Horn_Hanger.prefab using Guid(f4778834615ed4266823781deb2681ac) Importer(2089858483,b0f066a214c2f5e87bad3c948f4d605d) (ScriptedImporter) -> (artifact id: '0ba241fbb0fab970f66308bfbdb12d02') in 0.0133962 seconds
Number of updated asset objects reloaded before import = 0Number of asset objects unloaded after import = 8

========================================================================
Received Import Request.
  Time since last request: 0.000025 seconds.
  path: Assets/World/Environment/Prefabs/Building2/Wood_Pillar_WBase_WTop_Narrow.prefab
  artifactKey: Guid(88211b2d032e54549b4ed10f79584d31) Importer(2089858483,b0f066a214c2f5e87bad3c948f4d605d)
Start importing Assets/World/Environment/Prefabs/Building2/Wood_Pillar_WBase_WTop_Narrow.prefab using Guid(88211b2d032e54549b4ed10f79584d31) Importer(2089858483,b0f066a214c2f5e87bad3c948f4d605d) (ScriptedImporter) -> (artifact id: '4db0da49a89bb739a17a6f0f21a2d782') in 0.0135009 seconds
Number of updated asset objects reloaded before import = 0Number of asset objects unloaded after import = 9

========================================================================
Received Import Request.
  Time since last request: 0.000013 seconds.
  path: Assets/World/Environment/Prefabs/Building2/Wood_WallFrame_2x2_5.prefab
  artifactKey: Guid(84d4846268d7a90448b513828257e1ec) Importer(2089858483,b0f066a214c2f5e87bad3c948f4d605d)
Start importing Assets/World/Environment/Prefabs/Building2/Wood_WallFrame_2x2_5.prefab using Guid(84d4846268d7a90448b513828257e1ec) Importer(2089858483,b0f066a214c2f5e87bad3c948f4d605d) (ScriptedImporter) -> (artifact id: 'd66813ecbfdb71ae17851041cb5611c9') in 0.0130427 seconds
Number of updated asset objects reloaded before import = 0Number of asset objects unloaded after import = 8

========================================================================
Received Import Request.
  Time since last request: 0.000013 seconds.
  path: Assets/World/Environment/Prefabs/Building2/Wood_WallFrame_1x3_3.prefab
  artifactKey: Guid(d7a50afed7104b3499ef6b23a39d2edc) Importer(2089858483,b0f066a214c2f5e87bad3c948f4d605d)
Start importing Assets/World/Environment/Prefabs/Building2/Wood_WallFrame_1x3_3.prefab using Guid(d7a50afed7104b3499ef6b23a39d2edc) Importer(2089858483,b0f066a214c2f5e87bad3c948f4d605d) (ScriptedImporter) -> (artifact id: '33f636cfc81601702319e09bda722e5f') in 0.0118028 seconds
Number of updated asset objects reloaded before import = 0Number of asset objects unloaded after import = 8

========================================================================
Received Import Request.
  Time since last request: 0.000015 seconds.
  path: Assets/World/Environment/Prefabs/Furniture/Fence_Column.prefab
  artifactKey: Guid(1d159f9883283e04f811c9ed05af4f14) Importer(2089858483,b0f066a214c2f5e87bad3c948f4d605d)
Start importing Assets/World/Environment/Prefabs/Furniture/Fence_Column.prefab using Guid(1d159f9883283e04f811c9ed05af4f14) Importer(2089858483,b0f066a214c2f5e87bad3c948f4d605d) (ScriptedImporter) -> (artifact id: 'da084d81a6e6eea069016ec7b19efc6d') in 0.0125414 seconds
Number of updated asset objects reloaded before import = 0Number of asset objects unloaded after import = 10

========================================================================
Received Import Request.
  Time since last request: 0.000012 seconds.
  path: Assets/World/Environment/Prefabs/Building2/Wood_Pillar_Thick_Half.prefab
  artifactKey: Guid(665fb0c46a7c4924e82ab8708b70af53) Importer(2089858483,b0f066a214c2f5e87bad3c948f4d605d)
Start importing Assets/World/Environment/Prefabs/Building2/Wood_Pillar_Thick_Half.prefab using Guid(665fb0c46a7c4924e82ab8708b70af53) Importer(2089858483,b0f066a214c2f5e87bad3c948f4d605d) (ScriptedImporter) -> (artifact id: 'ecf5825a53800db2b17234a820448ad9') in 0.0202002 seconds
Number of updated asset objects reloaded before import = 0Number of asset objects unloaded after import = 8

========================================================================
Received Import Request.
  Time since last request: 0.000015 seconds.
  path: Assets/World/Environment/Prefabs/Furniture/chair 1.prefab
  artifactKey: Guid(ec505f73967a98c48a090df01f10c44b) Importer(2089858483,b0f066a214c2f5e87bad3c948f4d605d)
Start importing Assets/World/Environment/Prefabs/Furniture/chair 1.prefab using Guid(ec505f73967a98c48a090df01f10c44b) Importer(2089858483,b0f066a214c2f5e87bad3c948f4d605d) (ScriptedImporter) -> (artifact id: '33247eafc9eae492f1966f33ae302469') in 0.0098902 seconds
Number of updated asset objects reloaded before import = 0Number of asset objects unloaded after import = 8

========================================================================
Received Import Request.
  Time since last request: 0.000017 seconds.
  path: Assets/World/Environment/Prefabs/Building2/Wood_WallFrame_Single_Bottom.prefab
  artifactKey: Guid(b2cb73633387103498011058f1e7ff2d) Importer(2089858483,b0f066a214c2f5e87bad3c948f4d605d)
Start importing Assets/World/Environment/Prefabs/Building2/Wood_WallFrame_Single_Bottom.prefab using Guid(b2cb73633387103498011058f1e7ff2d) Importer(2089858483,b0f066a214c2f5e87bad3c948f4d605d) (ScriptedImporter) -> (artifact id: '4c0581625265e1dd75832d75f1c4f044') in 0.0120211 seconds
Number of updated asset objects reloaded before import = 0Number of asset objects unloaded after import = 8

========================================================================
Received Import Request.
  Time since last request: 0.000012 seconds.
  path: Assets/World/Environment/Prefabs/Building2/Floor_Panel_3x1.prefab
  artifactKey: Guid(9ed3c49d2a5f51c4a82108d459c11ae9) Importer(2089858483,b0f066a214c2f5e87bad3c948f4d605d)
Start importing Assets/World/Environment/Prefabs/Building2/Floor_Panel_3x1.prefab using Guid(9ed3c49d2a5f51c4a82108d459c11ae9) Importer(2089858483,b0f066a214c2f5e87bad3c948f4d605d) (ScriptedImporter) -> (artifact id: 'ce9b0e5e988aa68e87ae790ca440e8f6') in 0.0107379 seconds
Number of updated asset objects reloaded before import = 0Number of asset objects unloaded after import = 8

========================================================================
Received Import Request.
  Time since last request: 0.000013 seconds.
  path: Assets/World/Environment/Prefabs/Building2/Roof_Wood_End_Cap.prefab
  artifactKey: Guid(a8b5e263c8ad0db4891e994b26821e1e) Importer(2089858483,b0f066a214c2f5e87bad3c948f4d605d)
Start importing Assets/World/Environment/Prefabs/Building2/Roof_Wood_End_Cap.prefab using Guid(a8b5e263c8ad0db4891e994b26821e1e) Importer(2089858483,b0f066a214c2f5e87bad3c948f4d605d) (ScriptedImporter) -> (artifact id: '8260dad3bc0f7a933ce7b57947f99f39') in 0.0118311 seconds
Number of updated asset objects reloaded before import = 0Number of asset objects unloaded after import = 9

========================================================================
Received Import Request.
  Time since last request: 0.000016 seconds.
  path: Assets/World/Environment/Prefabs/Building2/Wood_WallFrame_1x3_4.prefab
  artifactKey: Guid(eefe4f6f2677d6b4ea94a30b26ae8643) Importer(2089858483,b0f066a214c2f5e87bad3c948f4d605d)
Start importing Assets/World/Environment/Prefabs/Building2/Wood_WallFrame_1x3_4.prefab using Guid(eefe4f6f2677d6b4ea94a30b26ae8643) Importer(2089858483,b0f066a214c2f5e87bad3c948f4d605d) (ScriptedImporter) -> (artifact id: '0a544f876b795c67c71ae803c2d7fcad') in 0.0138085 seconds
Number of updated asset objects reloaded before import = 0Number of asset objects unloaded after import = 8

========================================================================
Received Import Request.
  Time since last request: 0.000016 seconds.
  path: Assets/World/Environment/Prefabs/Furniture/Fotel.prefab
  artifactKey: Guid(0a94bd08074ccfd4e938cda201930e63) Importer(2089858483,b0f066a214c2f5e87bad3c948f4d605d)
Start importing Assets/World/Environment/Prefabs/Furniture/Fotel.prefab using Guid(0a94bd08074ccfd4e938cda201930e63) Importer(2089858483,b0f066a214c2f5e87bad3c948f4d605d) (ScriptedImporter) -> (artifact id: 'a50b651505767e199759a7d6e4f15903') in 0.012122 seconds
Number of updated asset objects reloaded before import = 0Number of asset objects unloaded after import = 9

========================================================================
Received Import Request.
  Time since last request: 0.000013 seconds.
  path: Assets/World/Environment/Prefabs/Building2/Stone_Wall_End.prefab
  artifactKey: Guid(232289bf979c93847b71d0887283c2d7) Importer(2089858483,b0f066a214c2f5e87bad3c948f4d605d)
Start importing Assets/World/Environment/Prefabs/Building2/Stone_Wall_End.prefab using Guid(232289bf979c93847b71d0887283c2d7) Importer(2089858483,b0f066a214c2f5e87bad3c948f4d605d) (ScriptedImporter) -> (artifact id: 'ce1e7544114fcb3c73e64c36316e8053') in 0.0126177 seconds
Number of updated asset objects reloaded before import = 0Number of asset objects unloaded after import = 9

========================================================================
Received Import Request.
  Time since last request: 0.000021 seconds.
  path: Assets/World/Environment/Prefabs/Building2/Roof_Wood_Tall_Inv_Corner.prefab
  artifactKey: Guid(a1aeecf66d193634fa5475c3bf880164) Importer(2089858483,b0f066a214c2f5e87bad3c948f4d605d)
Start importing Assets/World/Environment/Prefabs/Building2/Roof_Wood_Tall_Inv_Corner.prefab using Guid(a1aeecf66d193634fa5475c3bf880164) Importer(2089858483,b0f066a214c2f5e87bad3c948f4d605d) (ScriptedImporter) -> (artifact id: '98f8929a2ca5c0db8b797ef008f4277e') in 0.0129703 seconds
Number of updated asset objects reloaded before import = 0Number of asset objects unloaded after import = 9

========================================================================
Received Import Request.
  Time since last request: 0.000012 seconds.
  path: Assets/World/Environment/Skybox/FreebieHdri/MegaSun4k.hdr
  artifactKey: Guid(8967f190ed29c46418093a47d66daee8) Importer(2089858483,b0f066a214c2f5e87bad3c948f4d605d)
Start importing Assets/World/Environment/Skybox/FreebieHdri/MegaSun4k.hdr using Guid(8967f190ed29c46418093a47d66daee8) Importer(2089858483,b0f066a214c2f5e87bad3c948f4d605d) (ScriptedImporter) -> (artifact id: '6322836f0ce127be586f629ad65ab3ac') in 0.0290612 seconds
Number of updated asset objects reloaded before import = 0Number of asset objects unloaded after import = 1

========================================================================
Received Import Request.
  Time since last request: 0.000013 seconds.
  path: Assets/World/Environment/Prefabs/Lanterns/candlestick.prefab
  artifactKey: Guid(b02c5020824fa574d88a101f9b790908) Importer(2089858483,b0f066a214c2f5e87bad3c948f4d605d)
Start importing Assets/World/Environment/Prefabs/Lanterns/candlestick.prefab using Guid(b02c5020824fa574d88a101f9b790908) Importer(2089858483,b0f066a214c2f5e87bad3c948f4d605d) (ScriptedImporter) -> (artifact id: 'dd78b73db3b6e5a1019cf7f5b86283b3') in 0.0127373 seconds
Number of updated asset objects reloaded before import = 0Number of asset objects unloaded after import = 26

========================================================================
Received Import Request.
  Time since last request: 0.000013 seconds.
  path: Assets/World/Environment/Textures/Building2/Cobblestones_RMHA.png
  artifactKey: Guid(e7b6ae90afeba6845b36b1eb8cdf9bba) Importer(2089858483,b0f066a214c2f5e87bad3c948f4d605d)
Start importing Assets/World/Environment/Textures/Building2/Cobblestones_RMHA.png using Guid(e7b6ae90afeba6845b36b1eb8cdf9bba) Importer(2089858483,b0f066a214c2f5e87bad3c948f4d605d) (ScriptedImporter) -> (artifact id: 'fabe95e4ecb162c6945eadb7c7c5de5e') in 0.0125304 seconds
Number of updated asset objects reloaded before import = 0Number of asset objects unloaded after import = 1

========================================================================
Received Import Request.
  Time since last request: 0.000013 seconds.
  path: Assets/World/Environment/Skybox/FreebieHdri/MegaSunBack.hdr
  artifactKey: Guid(4e52cbaf92b83a94cb86bed75ed34652) Importer(2089858483,b0f066a214c2f5e87bad3c948f4d605d)
Start importing Assets/World/Environment/Skybox/FreebieHdri/MegaSunBack.hdr using Guid(4e52cbaf92b83a94cb86bed75ed34652) Importer(2089858483,b0f066a214c2f5e87bad3c948f4d605d) (ScriptedImporter) -> (artifact id: '0c0f919e08789ab9c7647aa3df20ad5c') in 0.0151592 seconds
Number of updated asset objects reloaded before import = 0Number of asset objects unloaded after import = 1

========================================================================
Received Import Request.
  Time since last request: 0.000018 seconds.
  path: Assets/World/Environment/Skybox/FreebieHdri/FluffballDayTop.hdr
  artifactKey: Guid(c769857dc541ab7449d1352d7ff46ce8) Importer(2089858483,b0f066a214c2f5e87bad3c948f4d605d)
Start importing Assets/World/Environment/Skybox/FreebieHdri/FluffballDayTop.hdr using Guid(c769857dc541ab7449d1352d7ff46ce8) Importer(2089858483,b0f066a214c2f5e87bad3c948f4d605d) (ScriptedImporter) -> (artifact id: '99e68ba2ef6813c84348f2287cec64ea') in 0.0127462 seconds
Number of updated asset objects reloaded before import = 0Number of asset objects unloaded after import = 1

========================================================================
Received Import Request.
  Time since last request: 0.000024 seconds.
  path: Assets/World/Environment/Textures/Building2/LooseRocks_basecolor.png
  artifactKey: Guid(8a806b7c2256e344da8d8dc37f100973) Importer(2089858483,b0f066a214c2f5e87bad3c948f4d605d)
Start importing Assets/World/Environment/Textures/Building2/LooseRocks_basecolor.png using Guid(8a806b7c2256e344da8d8dc37f100973) Importer(2089858483,b0f066a214c2f5e87bad3c948f4d605d) (ScriptedImporter) -> (artifact id: 'a3cc7ae0c0e23323ee6c0dec8f781bdf') in 0.0153533 seconds
Number of updated asset objects reloaded before import = 0Number of asset objects unloaded after import = 1

========================================================================
Received Import Request.
  Time since last request: 0.000015 seconds.
  path: Assets/World/Environment/Textures/Building1/Concrete1.png
  artifactKey: Guid(c21d6fd63e42fbb488d123948991e01b) Importer(2089858483,b0f066a214c2f5e87bad3c948f4d605d)
Start importing Assets/World/Environment/Textures/Building1/Concrete1.png using Guid(c21d6fd63e42fbb488d123948991e01b) Importer(2089858483,b0f066a214c2f5e87bad3c948f4d605d) (ScriptedImporter) -> (artifact id: '330efdcdf47dc24bf65ebcd9186612c7') in 0.0136509 seconds
Number of updated asset objects reloaded before import = 0Number of asset objects unloaded after import = 1

========================================================================
Received Import Request.
  Time since last request: 0.000015 seconds.
  path: Assets/World/Environment/Textures/Building2/Brick_Wall_RMHA.png
  artifactKey: Guid(f63fe07372056824a8f41c3bfee6ff54) Importer(2089858483,b0f066a214c2f5e87bad3c948f4d605d)
Start importing Assets/World/Environment/Textures/Building2/Brick_Wall_RMHA.png using Guid(f63fe07372056824a8f41c3bfee6ff54) Importer(2089858483,b0f066a214c2f5e87bad3c948f4d605d) (ScriptedImporter) -> (artifact id: '23099615fad7b2dcdd6b0028a7d29361') in 0.0131399 seconds
Number of updated asset objects reloaded before import = 0Number of asset objects unloaded after import = 1

========================================================================
Received Import Request.
  Time since last request: 0.000016 seconds.
  path: Assets/World/Environment/Skybox/FreebieHdri/CosmicCoolCloudBack.hdr
  artifactKey: Guid(a779becf00399924184cd13e046a100e) Importer(2089858483,b0f066a214c2f5e87bad3c948f4d605d)
Start importing Assets/World/Environment/Skybox/FreebieHdri/CosmicCoolCloudBack.hdr using Guid(a779becf00399924184cd13e046a100e) Importer(2089858483,b0f066a214c2f5e87bad3c948f4d605d) (ScriptedImporter) -> (artifact id: '23ee1e2ad5a0c9d2937a74c855ccb80c') in 0.0144894 seconds
Number of updated asset objects reloaded before import = 0Number of asset objects unloaded after import = 1

========================================================================
Received Import Request.
  Time since last request: 0.000015 seconds.
  path: Assets/World/Environment/Skybox/FreebieHdri/UnderTheSea4k.hdr
  artifactKey: Guid(26cddb2a3a1bc804d8e9ca09b109793a) Importer(2089858483,b0f066a214c2f5e87bad3c948f4d605d)
Start importing Assets/World/Environment/Skybox/FreebieHdri/UnderTheSea4k.hdr using Guid(26cddb2a3a1bc804d8e9ca09b109793a) Importer(2089858483,b0f066a214c2f5e87bad3c948f4d605d) (ScriptedImporter) -> (artifact id: '148c41608a62a40ef6ec1f894795267d') in 0.0278105 seconds
Number of updated asset objects reloaded before import = 0Number of asset objects unloaded after import = 1

========================================================================
Received Import Request.
  Time since last request: 0.000016 seconds.
  path: Assets/World/Environment/Prefabs/Lanterns/Latern5.prefab
  artifactKey: Guid(5cc22dee4f3a39f48bbb851c41003c8c) Importer(2089858483,b0f066a214c2f5e87bad3c948f4d605d)
Start importing Assets/World/Environment/Prefabs/Lanterns/Latern5.prefab using Guid(5cc22dee4f3a39f48bbb851c41003c8c) Importer(2089858483,b0f066a214c2f5e87bad3c948f4d605d) (ScriptedImporter) -> (artifact id: '0f7a086fcdf1560e1dc85b75090fc4dd') in 0.0115023 seconds
Number of updated asset objects reloaded before import = 0Number of asset objects unloaded after import = 36

========================================================================
Received Import Request.
  Time since last request: 0.000022 seconds.
  path: Assets/World/Environment/Skybox/FreebieHdri/SunlessCirruscover4k.hdr
  artifactKey: Guid(99af420a4ccafa74abdc47436d8b0685) Importer(2089858483,b0f066a214c2f5e87bad3c948f4d605d)
Start importing Assets/World/Environment/Skybox/FreebieHdri/SunlessCirruscover4k.hdr using Guid(99af420a4ccafa74abdc47436d8b0685) Importer(2089858483,b0f066a214c2f5e87bad3c948f4d605d) (ScriptedImporter) -> (artifact id: '196fbe0bf1b62e224fb4416c86c3ca13') in 0.0349898 seconds
Number of updated asset objects reloaded before import = 0Number of asset objects unloaded after import = 1

========================================================================
Received Import Request.
  Time since last request: 0.000012 seconds.
  path: Assets/World/Environment/Prefabs/Furniture/RetroTelevision.prefab
  artifactKey: Guid(bf71b9fe043c69f4db555d5cd34d025f) Importer(2089858483,b0f066a214c2f5e87bad3c948f4d605d)
Start importing Assets/World/Environment/Prefabs/Furniture/RetroTelevision.prefab using Guid(bf71b9fe043c69f4db555d5cd34d025f) Importer(2089858483,b0f066a214c2f5e87bad3c948f4d605d) (ScriptedImporter) -> (artifact id: '3873bafd3d7ea37d901c772504e6f263') in 0.0101214 seconds
Number of updated asset objects reloaded before import = 0Number of asset objects unloaded after import = 61

========================================================================
Received Import Request.
  Time since last request: 0.000013 seconds.
  path: Assets/World/Environment/Textures/Books/Books_n.tga
  artifactKey: Guid(4c5baded30d73c548af3399963326b0b) Importer(2089858483,b0f066a214c2f5e87bad3c948f4d605d)
Start importing Assets/World/Environment/Textures/Books/Books_n.tga using Guid(4c5baded30d73c548af3399963326b0b) Importer(2089858483,b0f066a214c2f5e87bad3c948f4d605d) (ScriptedImporter) -> (artifact id: '30568b2944e5fc3a5d405560a5e19821') in 0.0146076 seconds
Number of updated asset objects reloaded before import = 0Number of asset objects unloaded after import = 1

========================================================================
Received Import Request.
  Time since last request: 0.000015 seconds.
  path: Assets/World/Environment/Skybox/FreebieHdri/CloudedSunGlow4k.hdr
  artifactKey: Guid(12c15a8e5a294be45819b1dd4b9b08d3) Importer(2089858483,b0f066a214c2f5e87bad3c948f4d605d)
Start importing Assets/World/Environment/Skybox/FreebieHdri/CloudedSunGlow4k.hdr using Guid(12c15a8e5a294be45819b1dd4b9b08d3) Importer(2089858483,b0f066a214c2f5e87bad3c948f4d605d) (ScriptedImporter) -> (artifact id: 'd334787d1d2f1c243230ae681ac185b0') in 0.0283291 seconds
Number of updated asset objects reloaded before import = 0Number of asset objects unloaded after import = 1

========================================================================
Received Import Request.
  Time since last request: 0.000015 seconds.
  path: Assets/World/Environment/Prefabs/Lanterns/Candle3 1.prefab
  artifactKey: Guid(42612f8b6c0dce8468648f3f08db6d96) Importer(2089858483,b0f066a214c2f5e87bad3c948f4d605d)
Start importing Assets/World/Environment/Prefabs/Lanterns/Candle3 1.prefab using Guid(42612f8b6c0dce8468648f3f08db6d96) Importer(2089858483,b0f066a214c2f5e87bad3c948f4d605d) (ScriptedImporter) -> (artifact id: 'be7a530f0149b50965e94c0b34c7d557') in 0.011421 seconds
Number of updated asset objects reloaded before import = 0Number of asset objects unloaded after import = 15

========================================================================
Received Import Request.
  Time since last request: 0.000018 seconds.
  path: Assets/World/Environment/Skybox/FreebieHdri/FluffballDayBottom.hdr
  artifactKey: Guid(42e0664ae4c5c424ebcd980a10687e18) Importer(2089858483,b0f066a214c2f5e87bad3c948f4d605d)
Start importing Assets/World/Environment/Skybox/FreebieHdri/FluffballDayBottom.hdr using Guid(42e0664ae4c5c424ebcd980a10687e18) Importer(2089858483,b0f066a214c2f5e87bad3c948f4d605d) (ScriptedImporter) -> (artifact id: '820e2ee4d90424c18cfce21121f27319') in 0.0118152 seconds
Number of updated asset objects reloaded before import = 0Number of asset objects unloaded after import = 1

========================================================================
Received Import Request.
  Time since last request: 0.000013 seconds.
  path: Assets/World/Environment/Prefabs/Furniture/MirrorComode.prefab
  artifactKey: Guid(f1ffc5e47031c224a92e5b203193d60b) Importer(2089858483,b0f066a214c2f5e87bad3c948f4d605d)
Start importing Assets/World/Environment/Prefabs/Furniture/MirrorComode.prefab using Guid(f1ffc5e47031c224a92e5b203193d60b) Importer(2089858483,b0f066a214c2f5e87bad3c948f4d605d) (ScriptedImporter) -> (artifact id: '18fbbbda53338fbd5f2469e2b6b8344e') in 0.0134948 seconds
Number of updated asset objects reloaded before import = 0Number of asset objects unloaded after import = 9

========================================================================
Received Import Request.
  Time since last request: 0.000030 seconds.
  path: Assets/World/Environment/Skybox/FreebieHdri/HighFantasy4k.hdr
  artifactKey: Guid(6e998e53d0a82bb45928cd08a0fcfff3) Importer(2089858483,b0f066a214c2f5e87bad3c948f4d605d)
Start importing Assets/World/Environment/Skybox/FreebieHdri/HighFantasy4k.hdr using Guid(6e998e53d0a82bb45928cd08a0fcfff3) Importer(2089858483,b0f066a214c2f5e87bad3c948f4d605d) (ScriptedImporter) -> (artifact id: '4334907bb2f062e63abf2003ce5cec5f') in 0.028049 seconds
Number of updated asset objects reloaded before import = 0Number of asset objects unloaded after import = 1

========================================================================
Received Import Request.
  Time since last request: 0.000012 seconds.
  path: Assets/World/Environment/Prefabs/Furniture/PictureFrame.prefab
  artifactKey: Guid(81fc7effd0386764781ee9fcbbd39bf0) Importer(2089858483,b0f066a214c2f5e87bad3c948f4d605d)
Start importing Assets/World/Environment/Prefabs/Furniture/PictureFrame.prefab using Guid(81fc7effd0386764781ee9fcbbd39bf0) Importer(2089858483,b0f066a214c2f5e87bad3c948f4d605d) (ScriptedImporter) -> (artifact id: 'd7b602acb520042c0109117a4f872f42') in 0.0110794 seconds
Number of updated asset objects reloaded before import = 0Number of asset objects unloaded after import = 10

========================================================================
Received Import Request.
  Time since last request: 0.000013 seconds.
  path: Assets/World/Environment/Textures/Building2/LooseRocks_normal.png
  artifactKey: Guid(fea245988861c1f49979e8b7d5a8a933) Importer(2089858483,b0f066a214c2f5e87bad3c948f4d605d)
Start importing Assets/World/Environment/Textures/Building2/LooseRocks_normal.png using Guid(fea245988861c1f49979e8b7d5a8a933) Importer(2089858483,b0f066a214c2f5e87bad3c948f4d605d) (ScriptedImporter) -> (artifact id: 'af9efd6a2e1386670856692a1b3270d1') in 0.0141493 seconds
Number of updated asset objects reloaded before import = 0Number of asset objects unloaded after import = 1

========================================================================
Received Import Request.
  Time since last request: 0.000028 seconds.
  path: Assets/World/Environment/Skybox/FreebieHdri/CosmicCoolCloudFront.hdr
  artifactKey: Guid(d822c5eff7d42f04691027bc8c2b0716) Importer(2089858483,b0f066a214c2f5e87bad3c948f4d605d)
Start importing Assets/World/Environment/Skybox/FreebieHdri/CosmicCoolCloudFront.hdr using Guid(d822c5eff7d42f04691027bc8c2b0716) Importer(2089858483,b0f066a214c2f5e87bad3c948f4d605d) (ScriptedImporter) -> (artifact id: '2a786c155fbba746a4ea4fc2cdb24a12') in 0.013587 seconds
Number of updated asset objects reloaded before import = 0Number of asset objects unloaded after import = 1

========================================================================
Received Import Request.
  Time since last request: 0.000017 seconds.
  path: Assets/World/Environment/Skybox/FreebieHdri/MegaSunBottom.hdr
  artifactKey: Guid(3de85f3af41435a4c8f9d237bc1f19ec) Importer(2089858483,b0f066a214c2f5e87bad3c948f4d605d)
Start importing Assets/World/Environment/Skybox/FreebieHdri/MegaSunBottom.hdr using Guid(3de85f3af41435a4c8f9d237bc1f19ec) Importer(2089858483,b0f066a214c2f5e87bad3c948f4d605d) (ScriptedImporter) -> (artifact id: 'fc5fcff8459835a49533d9cf69787e32') in 0.011778 seconds
Number of updated asset objects reloaded before import = 0Number of asset objects unloaded after import = 1

========================================================================
Received Import Request.
  Time since last request: 0.000011 seconds.
  path: Assets/World/Environment/Prefabs/Lanterns/Candle2.prefab
  artifactKey: Guid(6b93fd896c90c094c8577de7399669b5) Importer(2089858483,b0f066a214c2f5e87bad3c948f4d605d)
Start importing Assets/World/Environment/Prefabs/Lanterns/Candle2.prefab using Guid(6b93fd896c90c094c8577de7399669b5) Importer(2089858483,b0f066a214c2f5e87bad3c948f4d605d) (ScriptedImporter) -> (artifact id: '259c1cf536c0e914c66a5e531283cad2') in 0.0118686 seconds
Number of updated asset objects reloaded before import = 0Number of asset objects unloaded after import = 15

========================================================================
Received Import Request.
  Time since last request: 0.000013 seconds.
  path: Assets/World/Environment/Textures/Books/BooksA_m_ao_g.tga
  artifactKey: Guid(225fabe9fa8940c42b55bf1361356449) Importer(2089858483,b0f066a214c2f5e87bad3c948f4d605d)
Start importing Assets/World/Environment/Textures/Books/BooksA_m_ao_g.tga using Guid(225fabe9fa8940c42b55bf1361356449) Importer(2089858483,b0f066a214c2f5e87bad3c948f4d605d) (ScriptedImporter) -> (artifact id: '61ccc7e0aed8a2f974dad6ff82505ef2') in 0.0134867 seconds
Number of updated asset objects reloaded before import = 0Number of asset objects unloaded after import = 1

========================================================================
Received Import Request.
  Time since last request: 0.000013 seconds.
  path: Assets/World/Environment/Prefabs/Lanterns/CarvedPost2_double.prefab
  artifactKey: Guid(cd6ef13c75034bc4d820dfaf562e4a46) Importer(2089858483,b0f066a214c2f5e87bad3c948f4d605d)
Start importing Assets/World/Environment/Prefabs/Lanterns/CarvedPost2_double.prefab using Guid(cd6ef13c75034bc4d820dfaf562e4a46) Importer(2089858483,b0f066a214c2f5e87bad3c948f4d605d) (ScriptedImporter) -> (artifact id: '2c4c9385c2064105c6400e68ac683b6b') in 0.012262 seconds
Number of updated asset objects reloaded before import = 0Number of asset objects unloaded after import = 80

========================================================================
Received Import Request.
  Time since last request: 0.000012 seconds.
  path: Assets/World/Environment/Prefabs/Furniture/Small_Chair.prefab
  artifactKey: Guid(36652662aaef2458cbf81dd2079493a6) Importer(2089858483,b0f066a214c2f5e87bad3c948f4d605d)
Start importing Assets/World/Environment/Prefabs/Furniture/Small_Chair.prefab using Guid(36652662aaef2458cbf81dd2079493a6) Importer(2089858483,b0f066a214c2f5e87bad3c948f4d605d) (ScriptedImporter) -> (artifact id: '974bf9f67c6a618673b4f9aa3e231af3') in 0.0111355 seconds
Number of updated asset objects reloaded before import = 0Number of asset objects unloaded after import = 9

========================================================================
Received Import Request.
  Time since last request: 0.000017 seconds.
  path: Assets/World/Environment/Textures/Building2/Straw_Roof_basecolor.png
  artifactKey: Guid(77fa4060286f8924b8324f962f98ba52) Importer(2089858483,b0f066a214c2f5e87bad3c948f4d605d)
Start importing Assets/World/Environment/Textures/Building2/Straw_Roof_basecolor.png using Guid(77fa4060286f8924b8324f962f98ba52) Importer(2089858483,b0f066a214c2f5e87bad3c948f4d605d) (ScriptedImporter) -> (artifact id: '97128871b153df298bd18f6b2044e5cc') in 0.0124034 seconds
Number of updated asset objects reloaded before import = 0Number of asset objects unloaded after import = 1

========================================================================
Received Import Request.
  Time since last request: 0.000017 seconds.
  path: Assets/World/Environment/Textures/Furniture/closet2_Normal.png
  artifactKey: Guid(cdd8f54c64236c74ea519dc146c6579f) Importer(2089858483,b0f066a214c2f5e87bad3c948f4d605d)
Start importing Assets/World/Environment/Textures/Furniture/closet2_Normal.png using Guid(cdd8f54c64236c74ea519dc146c6579f) Importer(2089858483,b0f066a214c2f5e87bad3c948f4d605d) (ScriptedImporter) -> (artifact id: '57042fcccf73434103a124a3ade8a3a9') in 0.0130939 seconds
Number of updated asset objects reloaded before import = 0Number of asset objects unloaded after import = 1

========================================================================
Received Import Request.
  Time since last request: 0.000010 seconds.
  path: Assets/World/Environment/Textures/Furniture/Fence_Alb.tga
  artifactKey: Guid(b6394fdde63e88d439a2cd246b18c648) Importer(2089858483,b0f066a214c2f5e87bad3c948f4d605d)
Start importing Assets/World/Environment/Textures/Furniture/Fence_Alb.tga using Guid(b6394fdde63e88d439a2cd246b18c648) Importer(2089858483,b0f066a214c2f5e87bad3c948f4d605d) (ScriptedImporter) -> (artifact id: 'dd6222eeb9e7629f79278e90963ed481') in 0.0131536 seconds
Number of updated asset objects reloaded before import = 0Number of asset objects unloaded after import = 1

========================================================================
Received Import Request.
  Time since last request: 0.000014 seconds.
  path: Assets/World/Environment/Textures/Furniture/closet_BaseColor.tga
  artifactKey: Guid(b30fe4002f5cf234e8a13f459c809505) Importer(2089858483,b0f066a214c2f5e87bad3c948f4d605d)
Start importing Assets/World/Environment/Textures/Furniture/closet_BaseColor.tga using Guid(b30fe4002f5cf234e8a13f459c809505) Importer(2089858483,b0f066a214c2f5e87bad3c948f4d605d) (ScriptedImporter) -> (artifact id: '1eb85368374d8f352e82363241b6c03f') in 0.0121708 seconds
Number of updated asset objects reloaded before import = 0Number of asset objects unloaded after import = 1

========================================================================
Received Import Request.
  Time since last request: 0.000012 seconds.
  path: Assets/World/Environment/Textures/Furniture/Broom_Mtl.tga
  artifactKey: Guid(efedf49c9d22ebe4183d964a6aaa0e71) Importer(2089858483,b0f066a214c2f5e87bad3c948f4d605d)
Start importing Assets/World/Environment/Textures/Furniture/Broom_Mtl.tga using Guid(efedf49c9d22ebe4183d964a6aaa0e71) Importer(2089858483,b0f066a214c2f5e87bad3c948f4d605d) (ScriptedImporter) -> (artifact id: '48622633b0bec5dc938028f1764c8070') in 0.0207867 seconds
Number of updated asset objects reloaded before import = 0Number of asset objects unloaded after import = 1

========================================================================
Received Import Request.
  Time since last request: 0.000012 seconds.
  path: Assets/World/Environment/Textures/Furniture/closet3_mask.tga
  artifactKey: Guid(0a92627edb3f2114c857823f98e99c5c) Importer(2089858483,b0f066a214c2f5e87bad3c948f4d605d)
Start importing Assets/World/Environment/Textures/Furniture/closet3_mask.tga using Guid(0a92627edb3f2114c857823f98e99c5c) Importer(2089858483,b0f066a214c2f5e87bad3c948f4d605d) (ScriptedImporter) -> (artifact id: '09a0092380e27bf4fb343c25636356bf') in 0.0116049 seconds
Number of updated asset objects reloaded before import = 0Number of asset objects unloaded after import = 1

========================================================================
Received Import Request.
  Time since last request: 0.000015 seconds.
  path: Assets/World/Environment/Textures/Furniture/3Seat2D_Normal.tga
  artifactKey: Guid(26b4462436ee216469164696286f99eb) Importer(2089858483,b0f066a214c2f5e87bad3c948f4d605d)
Start importing Assets/World/Environment/Textures/Furniture/3Seat2D_Normal.tga using Guid(26b4462436ee216469164696286f99eb) Importer(2089858483,b0f066a214c2f5e87bad3c948f4d605d) (ScriptedImporter) -> (artifact id: 'e3e7b281ffaffc2ef2453e48930d7643') in 0.0121132 seconds
Number of updated asset objects reloaded before import = 0Number of asset objects unloaded after import = 1

========================================================================
Received Import Request.
  Time since last request: 0.000018 seconds.
  path: Assets/World/Environment/Textures/Furniture/3SeatDirt_BaseColor.tga
  artifactKey: Guid(5e44a7f75c2b6cb4893079118e51e2e9) Importer(2089858483,b0f066a214c2f5e87bad3c948f4d605d)
Start importing Assets/World/Environment/Textures/Furniture/3SeatDirt_BaseColor.tga using Guid(5e44a7f75c2b6cb4893079118e51e2e9) Importer(2089858483,b0f066a214c2f5e87bad3c948f4d605d) (ScriptedImporter) -> (artifact id: '1f96fdea8be16add1d28d94617924541') in 0.0124428 seconds
Number of updated asset objects reloaded before import = 0Number of asset objects unloaded after import = 1

========================================================================
Received Import Request.
  Time since last request: 0.000041 seconds.
  path: Assets/World/Environment/Textures/Furniture/Basket_AO.tga
  artifactKey: Guid(d96a98d214c75466c8278119c047c28a) Importer(2089858483,b0f066a214c2f5e87bad3c948f4d605d)
Start importing Assets/World/Environment/Textures/Furniture/Basket_AO.tga using Guid(d96a98d214c75466c8278119c047c28a) Importer(2089858483,b0f066a214c2f5e87bad3c948f4d605d) (ScriptedImporter) -> (artifact id: '1e8d0773be7dadf723f44fb6fb6ab322') in 0.0136252 seconds
Number of updated asset objects reloaded before import = 0Number of asset objects unloaded after import = 1

========================================================================
Received Import Request.
  Time since last request: 0.000014 seconds.
  path: Assets/World/Environment/Skybox/FreebieHdri/FluffballDayRight.hdr
  artifactKey: Guid(669daa4bd63e4204dacb9aa01a164a7f) Importer(2089858483,b0f066a214c2f5e87bad3c948f4d605d)
Start importing Assets/World/Environment/Skybox/FreebieHdri/FluffballDayRight.hdr using Guid(669daa4bd63e4204dacb9aa01a164a7f) Importer(2089858483,b0f066a214c2f5e87bad3c948f4d605d) (ScriptedImporter) -> (artifact id: 'c67408d5055d3b78a441f4c5d0bed786') in 0.0122282 seconds
Number of updated asset objects reloaded before import = 0Number of asset objects unloaded after import = 1

========================================================================
Received Import Request.
  Time since last request: 0.000012 seconds.
  path: Assets/World/Environment/Prefabs/Furniture/Broom.prefab
  artifactKey: Guid(497ba711b83d040de886ed12592d2a57) Importer(2089858483,b0f066a214c2f5e87bad3c948f4d605d)
Start importing Assets/World/Environment/Prefabs/Furniture/Broom.prefab using Guid(497ba711b83d040de886ed12592d2a57) Importer(2089858483,b0f066a214c2f5e87bad3c948f4d605d) (ScriptedImporter) -> (artifact id: 'f91c45648ac9f6cb69e23d3200dd5d33') in 0.0122773 seconds
Number of updated asset objects reloaded before import = 0Number of asset objects unloaded after import = 9

========================================================================
Received Import Request.
  Time since last request: 0.000013 seconds.
  path: Assets/World/Environment/Prefabs/Building2/Wood_WallFrame_1x3_1.prefab
  artifactKey: Guid(1fc89e4768e987e49b3885b743c45499) Importer(2089858483,b0f066a214c2f5e87bad3c948f4d605d)
Start importing Assets/World/Environment/Prefabs/Building2/Wood_WallFrame_1x3_1.prefab using Guid(1fc89e4768e987e49b3885b743c45499) Importer(2089858483,b0f066a214c2f5e87bad3c948f4d605d) (ScriptedImporter) -> (artifact id: '4c80cd3bd952f975bc7c9d0b889356de') in 0.0148402 seconds
Number of updated asset objects reloaded before import = 0Number of asset objects unloaded after import = 8

========================================================================
Received Import Request.
  Time since last request: 0.000016 seconds.
  path: Assets/World/Environment/Textures/Building2/Cobblestones_basecolor.png
  artifactKey: Guid(53455f503e60975448a7a70aaaedc710) Importer(2089858483,b0f066a214c2f5e87bad3c948f4d605d)
Start importing Assets/World/Environment/Textures/Building2/Cobblestones_basecolor.png using Guid(53455f503e60975448a7a70aaaedc710) Importer(2089858483,b0f066a214c2f5e87bad3c948f4d605d) (ScriptedImporter) -> (artifact id: '3604117de19e9f8079a9108ca6ae908c') in 0.0160043 seconds
Number of updated asset objects reloaded before import = 0Number of asset objects unloaded after import = 1

========================================================================
Received Import Request.
  Time since last request: 0.000025 seconds.
  path: Assets/World/Environment/Prefabs/Building2/Roof_Wood_Short_1x1.prefab
  artifactKey: Guid(5ce001145544ce84697323a070eec6f5) Importer(2089858483,b0f066a214c2f5e87bad3c948f4d605d)
Start importing Assets/World/Environment/Prefabs/Building2/Roof_Wood_Short_1x1.prefab using Guid(5ce001145544ce84697323a070eec6f5) Importer(2089858483,b0f066a214c2f5e87bad3c948f4d605d) (ScriptedImporter) -> (artifact id: '706f26fcc2d82537f6a204a31be1a9e7') in 0.0137126 seconds
Number of updated asset objects reloaded before import = 0Number of asset objects unloaded after import = 9

========================================================================
Received Import Request.
  Time since last request: 0.000014 seconds.
  path: Assets/World/Environment/Textures/Building2/Stone_Stairs_normal.png
  artifactKey: Guid(e4023330212db9645bbd69d46151e8c0) Importer(2089858483,b0f066a214c2f5e87bad3c948f4d605d)
Start importing Assets/World/Environment/Textures/Building2/Stone_Stairs_normal.png using Guid(e4023330212db9645bbd69d46151e8c0) Importer(2089858483,b0f066a214c2f5e87bad3c948f4d605d) (ScriptedImporter) -> (artifact id: '76aa3886039c2b0ccccbc88384cbafeb') in 0.0143023 seconds
Number of updated asset objects reloaded before import = 0Number of asset objects unloaded after import = 1

========================================================================
Received Import Request.
  Time since last request: 0.000011 seconds.
  path: Assets/World/Environment/Models/Trees/Plant2.fbx
  artifactKey: Guid(8e73fb935fa09e446b5707a2c15c8d3c) Importer(2089858483,b0f066a214c2f5e87bad3c948f4d605d)
Start importing Assets/World/Environment/Models/Trees/Plant2.fbx using Guid(8e73fb935fa09e446b5707a2c15c8d3c) Importer(2089858483,b0f066a214c2f5e87bad3c948f4d605d) (ScriptedImporter) -> (artifact id: '846287313d04f570b15b4af2963380dd') in 0.0134982 seconds
Number of updated asset objects reloaded before import = 0Number of asset objects unloaded after import = 9

========================================================================
Received Import Request.
  Time since last request: 0.000013 seconds.
  path: Assets/World/Environment/Prefabs/Building2/Stone_Wall_Short_Slope.prefab
  artifactKey: Guid(6bc949b6ae3d6cd43a60cb3ce2057459) Importer(2089858483,b0f066a214c2f5e87bad3c948f4d605d)
Start importing Assets/World/Environment/Prefabs/Building2/Stone_Wall_Short_Slope.prefab using Guid(6bc949b6ae3d6cd43a60cb3ce2057459) Importer(2089858483,b0f066a214c2f5e87bad3c948f4d605d) (ScriptedImporter) -> (artifact id: '9005c0dc77b3c7f980d4e75459df6e3e') in 0.0129794 seconds
Number of updated asset objects reloaded before import = 0Number of asset objects unloaded after import = 9

========================================================================
Received Import Request.
  Time since last request: 0.000015 seconds.
  path: Assets/World/Environment/Prefabs/Building2/Roof_Thatch_End_Cap_Corner_R.prefab
  artifactKey: Guid(bf8d5072649d5e04db19502337e3903c) Importer(2089858483,b0f066a214c2f5e87bad3c948f4d605d)
Start importing Assets/World/Environment/Prefabs/Building2/Roof_Thatch_End_Cap_Corner_R.prefab using Guid(bf8d5072649d5e04db19502337e3903c) Importer(2089858483,b0f066a214c2f5e87bad3c948f4d605d) (ScriptedImporter) -> (artifact id: 'ab2256a81aed0f2eeb972947a6b56194') in 0.0152399 seconds
Number of updated asset objects reloaded before import = 0Number of asset objects unloaded after import = 12

========================================================================
Received Import Request.
  Time since last request: 0.000018 seconds.
  path: Assets/World/Environment/Models/Trees/Pine3.fbx
  artifactKey: Guid(a23a9051baf43594c8722c8cc20e9d70) Importer(2089858483,b0f066a214c2f5e87bad3c948f4d605d)
Start importing Assets/World/Environment/Models/Trees/Pine3.fbx using Guid(a23a9051baf43594c8722c8cc20e9d70) Importer(2089858483,b0f066a214c2f5e87bad3c948f4d605d) (ScriptedImporter) -> (artifact id: 'deed3d3c8fad47e3778462dd84806b0a') in 0.012382 seconds
Number of updated asset objects reloaded before import = 0Number of asset objects unloaded after import = 9

========================================================================
Received Import Request.
  Time since last request: 0.000017 seconds.
  path: Assets/World/Environment/Prefabs/Building2/Roof_Tile_Top_Slope_Cap_Short.prefab
  artifactKey: Guid(69a89024b0b8674498c465391a4bf196) Importer(2089858483,b0f066a214c2f5e87bad3c948f4d605d)
Start importing Assets/World/Environment/Prefabs/Building2/Roof_Tile_Top_Slope_Cap_Short.prefab using Guid(69a89024b0b8674498c465391a4bf196) Importer(2089858483,b0f066a214c2f5e87bad3c948f4d605d) (ScriptedImporter) -> (artifact id: 'a9d2154f45be27bec675704dea008daf') in 0.0199259 seconds
Number of updated asset objects reloaded before import = 0Number of asset objects unloaded after import = 11

========================================================================
Received Import Request.
  Time since last request: 0.000012 seconds.
  path: Assets/World/Environment/Textures/Furniture/fireplace_02_cast_ALBEDO.png
  artifactKey: Guid(537f5b0ea0d2a2a44a0b504eb40d4afa) Importer(2089858483,b0f066a214c2f5e87bad3c948f4d605d)
Start importing Assets/World/Environment/Textures/Furniture/fireplace_02_cast_ALBEDO.png using Guid(537f5b0ea0d2a2a44a0b504eb40d4afa) Importer(2089858483,b0f066a214c2f5e87bad3c948f4d605d) (ScriptedImporter) -> (artifact id: 'a2118fd9a7fd69c1b33b40903d0de032') in 0.0110051 seconds
Number of updated asset objects reloaded before import = 0Number of asset objects unloaded after import = 1

========================================================================
Received Import Request.
  Time since last request: 0.000011 seconds.
  path: Assets/World/Environment/Prefabs/Building2/Stone_Wall_Tall_Slope.prefab
  artifactKey: Guid(47d5f65be8f9d2e43b60c173abf73dad) Importer(2089858483,b0f066a214c2f5e87bad3c948f4d605d)
Start importing Assets/World/Environment/Prefabs/Building2/Stone_Wall_Tall_Slope.prefab using Guid(47d5f65be8f9d2e43b60c173abf73dad) Importer(2089858483,b0f066a214c2f5e87bad3c948f4d605d) (ScriptedImporter) -> (artifact id: '81ce1abc28b098e00e80dae8ab79d43c') in 0.0106645 seconds
Number of updated asset objects reloaded before import = 0Number of asset objects unloaded after import = 9

========================================================================
Received Import Request.
  Time since last request: 0.000011 seconds.
  path: Assets/World/Environment/Prefabs/Furniture/Shelf.prefab
  artifactKey: Guid(d2464993f38f7ac40a02cb1033fa6cc0) Importer(2089858483,b0f066a214c2f5e87bad3c948f4d605d)
Start importing Assets/World/Environment/Prefabs/Furniture/Shelf.prefab using Guid(d2464993f38f7ac40a02cb1033fa6cc0) Importer(2089858483,b0f066a214c2f5e87bad3c948f4d605d) (ScriptedImporter) -> (artifact id: 'b900a37ab587bc42c4c4794fd57c809b') in 0.0106755 seconds
Number of updated asset objects reloaded before import = 0Number of asset objects unloaded after import = 12

========================================================================
Received Import Request.
  Time since last request: 0.000012 seconds.
  path: Assets/World/Environment/Prefabs/Building2/Chimney_Stack_Narrowing.prefab
  artifactKey: Guid(a67029cc656c2b34a9635a1940022eae) Importer(2089858483,b0f066a214c2f5e87bad3c948f4d605d)
Start importing Assets/World/Environment/Prefabs/Building2/Chimney_Stack_Narrowing.prefab using Guid(a67029cc656c2b34a9635a1940022eae) Importer(2089858483,b0f066a214c2f5e87bad3c948f4d605d) (ScriptedImporter) -> (artifact id: '1b437179f13a883dd7faa9d0b29f7505') in 0.0118524 seconds
Number of updated asset objects reloaded before import = 0Number of asset objects unloaded after import = 8

========================================================================
Received Import Request.
  Time since last request: 0.000015 seconds.
  path: Assets/World/Environment/Prefabs/Building2/Stairs_Stone_Inv_Corner.prefab
  artifactKey: Guid(ce3aab7c0858a5d4098fa198af78b0fb) Importer(2089858483,b0f066a214c2f5e87bad3c948f4d605d)
Start importing Assets/World/Environment/Prefabs/Building2/Stairs_Stone_Inv_Corner.prefab using Guid(ce3aab7c0858a5d4098fa198af78b0fb) Importer(2089858483,b0f066a214c2f5e87bad3c948f4d605d) (ScriptedImporter) -> (artifact id: '709fc9ae2635d3a2aae1ba95224bc206') in 0.0117422 seconds
Number of updated asset objects reloaded before import = 0Number of asset objects unloaded after import = 8

========================================================================
Received Import Request.
  Time since last request: 0.000023 seconds.
  path: Assets/World/Environment/Textures/Furniture/T_cabinet_AlbedoTransparency.tga
  artifactKey: Guid(1c4d6d5c8508a73448f32cb2b63b5ff0) Importer(2089858483,b0f066a214c2f5e87bad3c948f4d605d)
Start importing Assets/World/Environment/Textures/Furniture/T_cabinet_AlbedoTransparency.tga using Guid(1c4d6d5c8508a73448f32cb2b63b5ff0) Importer(2089858483,b0f066a214c2f5e87bad3c948f4d605d) (ScriptedImporter) -> (artifact id: '92f08633f9f5b56207e29d6d05c3a6e7') in 0.0122799 seconds
Number of updated asset objects reloaded before import = 0Number of asset objects unloaded after import = 1

========================================================================
Received Import Request.
  Time since last request: 0.000012 seconds.
  path: Assets/World/Environment/Textures/Furniture/T_cabinet_glass_MetallicSmoothness.tga
  artifactKey: Guid(72d844f69b09d2f42a8d5f42d070e930) Importer(2089858483,b0f066a214c2f5e87bad3c948f4d605d)
Start importing Assets/World/Environment/Textures/Furniture/T_cabinet_glass_MetallicSmoothness.tga using Guid(72d844f69b09d2f42a8d5f42d070e930) Importer(2089858483,b0f066a214c2f5e87bad3c948f4d605d) (ScriptedImporter) -> (artifact id: '731a94a5f1fecb1308aea81b1ccc9965') in 0.0130127 seconds
Number of updated asset objects reloaded before import = 0Number of asset objects unloaded after import = 1

========================================================================
Received Import Request.
  Time since last request: 0.000012 seconds.
  path: Assets/World/Environment/Textures/Furniture/MetalTable_mask.tga
  artifactKey: Guid(e529ab6846575444c8abcdcd06938b34) Importer(2089858483,b0f066a214c2f5e87bad3c948f4d605d)
Start importing Assets/World/Environment/Textures/Furniture/MetalTable_mask.tga using Guid(e529ab6846575444c8abcdcd06938b34) Importer(2089858483,b0f066a214c2f5e87bad3c948f4d605d) (ScriptedImporter) -> (artifact id: '5385efbf7e996175c978ce35f557439b') in 0.0121621 seconds
Number of updated asset objects reloaded before import = 0Number of asset objects unloaded after import = 1

========================================================================
Received Import Request.
  Time since last request: 0.000015 seconds.
  path: Assets/World/Environment/Textures/Lanterns/CarvedLampPost2 [Normal].png
  artifactKey: Guid(db32dc5877f14134fbe0a6fb5d233db9) Importer(2089858483,b0f066a214c2f5e87bad3c948f4d605d)
Start importing Assets/World/Environment/Textures/Lanterns/CarvedLampPost2 [Normal].png using Guid(db32dc5877f14134fbe0a6fb5d233db9) Importer(2089858483,b0f066a214c2f5e87bad3c948f4d605d) (ScriptedImporter) -> (artifact id: '0b87115af69540994d3589323cddc118') in 0.0133516 seconds
Number of updated asset objects reloaded before import = 0Number of asset objects unloaded after import = 1

========================================================================
Received Import Request.
  Time since last request: 0.000015 seconds.
  path: Assets/World/Environment/Textures/Furniture/RoundTable_mask.tga
  artifactKey: Guid(2d82b954c8fa37e4dadbd2bdc219ea2f) Importer(2089858483,b0f066a214c2f5e87bad3c948f4d605d)
Start importing Assets/World/Environment/Textures/Furniture/RoundTable_mask.tga using Guid(2d82b954c8fa37e4dadbd2bdc219ea2f) Importer(2089858483,b0f066a214c2f5e87bad3c948f4d605d) (ScriptedImporter) -> (artifact id: 'fb47e34fbc580b38df091c3224933fa4') in 0.0124581 seconds
Number of updated asset objects reloaded before import = 0Number of asset objects unloaded after import = 1

========================================================================
Received Import Request.
  Time since last request: 0.000017 seconds.
  path: Assets/World/Environment/Textures/Lanterns/Glass2 [Albedo].psd
  artifactKey: Guid(e4be82f6cd8407948b0dc9afd5888253) Importer(2089858483,b0f066a214c2f5e87bad3c948f4d605d)
Start importing Assets/World/Environment/Textures/Lanterns/Glass2 [Albedo].psd using Guid(e4be82f6cd8407948b0dc9afd5888253) Importer(2089858483,b0f066a214c2f5e87bad3c948f4d605d) (ScriptedImporter) -> (artifact id: 'de856f031a5e66015504a8485e9efeb4') in 0.0113924 seconds
Number of updated asset objects reloaded before import = 0Number of asset objects unloaded after import = 1

========================================================================
Received Import Request.
  Time since last request: 0.000021 seconds.
  path: Assets/World/Environment/Textures/Furniture/T_cabinet_glass_AO.tga
  artifactKey: Guid(226a1e06daf38ab4b947d353ade241db) Importer(2089858483,b0f066a214c2f5e87bad3c948f4d605d)
Start importing Assets/World/Environment/Textures/Furniture/T_cabinet_glass_AO.tga using Guid(226a1e06daf38ab4b947d353ade241db) Importer(2089858483,b0f066a214c2f5e87bad3c948f4d605d) (ScriptedImporter) -> (artifact id: 'a68f6f8bb9d52ee2dfcd9974a2399b1b') in 0.0126396 seconds
Number of updated asset objects reloaded before import = 0Number of asset objects unloaded after import = 1

========================================================================
Received Import Request.
  Time since last request: 0.000014 seconds.
  path: Assets/World/Environment/Textures/Furniture/plate_01_ALBEDO.png
  artifactKey: Guid(c31726774eb082b4ab7dc854cbbf66f3) Importer(2089858483,b0f066a214c2f5e87bad3c948f4d605d)
Start importing Assets/World/Environment/Textures/Furniture/plate_01_ALBEDO.png using Guid(c31726774eb082b4ab7dc854cbbf66f3) Importer(2089858483,b0f066a214c2f5e87bad3c948f4d605d) (ScriptedImporter) -> (artifact id: '7611ab9ba9dcbbb4450a4e96695394cc') in 0.0129519 seconds
Number of updated asset objects reloaded before import = 0Number of asset objects unloaded after import = 1

========================================================================
Received Import Request.
  Time since last request: 0.000013 seconds.
  path: Assets/World/Environment/Textures/Furniture/Kom_mask.tga
  artifactKey: Guid(0077365039974c643b5e82731ad9261e) Importer(2089858483,b0f066a214c2f5e87bad3c948f4d605d)
Start importing Assets/World/Environment/Textures/Furniture/Kom_mask.tga using Guid(0077365039974c643b5e82731ad9261e) Importer(2089858483,b0f066a214c2f5e87bad3c948f4d605d) (ScriptedImporter) -> (artifact id: 'fd9099e5efd26a9e500b8473426cc35d') in 0.0120264 seconds
Number of updated asset objects reloaded before import = 0Number of asset objects unloaded after import = 1

========================================================================
Received Import Request.
  Time since last request: 0.000011 seconds.
  path: Assets/World/Environment/Textures/Furniture/Small_Chair_Alb.tga
  artifactKey: Guid(9a39f74db76174f47a9383b826eaf455) Importer(2089858483,b0f066a214c2f5e87bad3c948f4d605d)
Start importing Assets/World/Environment/Textures/Furniture/Small_Chair_Alb.tga using Guid(9a39f74db76174f47a9383b826eaf455) Importer(2089858483,b0f066a214c2f5e87bad3c948f4d605d) (ScriptedImporter) -> (artifact id: '0c8d30227217bf92c5834c0b6dbd9173') in 0.0128988 seconds
Number of updated asset objects reloaded before import = 0Number of asset objects unloaded after import = 1

========================================================================
Received Import Request.
  Time since last request: 0.000011 seconds.
  path: Assets/World/Environment/Textures/Furniture/komm2_Normal.png
  artifactKey: Guid(b30f3540dbfc6ab49aceb559e7a42da8) Importer(2089858483,b0f066a214c2f5e87bad3c948f4d605d)
Start importing Assets/World/Environment/Textures/Furniture/komm2_Normal.png using Guid(b30f3540dbfc6ab49aceb559e7a42da8) Importer(2089858483,b0f066a214c2f5e87bad3c948f4d605d) (ScriptedImporter) -> (artifact id: '66c2367084dd01e5ece43243c05b4abf') in 0.0131259 seconds
Number of updated asset objects reloaded before import = 0Number of asset objects unloaded after import = 1

========================================================================
Received Import Request.
  Time since last request: 0.000014 seconds.
  path: Assets/World/Environment/Textures/Lanterns/albedo_transparent.psd
  artifactKey: Guid(ab754629dd160a140bd57bb516736b2a) Importer(2089858483,b0f066a214c2f5e87bad3c948f4d605d)
Start importing Assets/World/Environment/Textures/Lanterns/albedo_transparent.psd using Guid(ab754629dd160a140bd57bb516736b2a) Importer(2089858483,b0f066a214c2f5e87bad3c948f4d605d) (ScriptedImporter) -> (artifact id: '019aa05eaec50e3487a409082952cd40') in 0.0118515 seconds
Number of updated asset objects reloaded before import = 0Number of asset objects unloaded after import = 1

========================================================================
Received Import Request.
  Time since last request: 0.000017 seconds.
  path: Assets/World/Environment/Textures/Furniture/T_cabinet_Normal.tga
  artifactKey: Guid(77036fcee156e9b428343bde02dd348e) Importer(2089858483,b0f066a214c2f5e87bad3c948f4d605d)
Start importing Assets/World/Environment/Textures/Furniture/T_cabinet_Normal.tga using Guid(77036fcee156e9b428343bde02dd348e) Importer(2089858483,b0f066a214c2f5e87bad3c948f4d605d) (ScriptedImporter) -> (artifact id: 'f2fa294cfcccdbc307b5c0c0da46ed9e') in 0.0241133 seconds
Number of updated asset objects reloaded before import = 0Number of asset objects unloaded after import = 1

========================================================================
Received Import Request.
  Time since last request: 0.000011 seconds.
  path: Assets/World/Environment/Models/Trees/Pine2.fbx
  artifactKey: Guid(2cc6bccbafefc0f4284c1b343380aa88) Importer(2089858483,b0f066a214c2f5e87bad3c948f4d605d)
Start importing Assets/World/Environment/Models/Trees/Pine2.fbx using Guid(2cc6bccbafefc0f4284c1b343380aa88) Importer(2089858483,b0f066a214c2f5e87bad3c948f4d605d) (ScriptedImporter) -> (artifact id: '1f482d0ac71983a3d84c5b13bb86875b') in 0.0172639 seconds
Number of updated asset objects reloaded before import = 0Number of asset objects unloaded after import = 10

========================================================================
Received Import Request.
  Time since last request: 0.000015 seconds.
  path: Assets/World/Environment/Textures/Furniture/closet2_BaseColor.tga
  artifactKey: Guid(3cf2e71fd5326784aba059aa990ce25c) Importer(2089858483,b0f066a214c2f5e87bad3c948f4d605d)
Start importing Assets/World/Environment/Textures/Furniture/closet2_BaseColor.tga using Guid(3cf2e71fd5326784aba059aa990ce25c) Importer(2089858483,b0f066a214c2f5e87bad3c948f4d605d) (ScriptedImporter) -> (artifact id: '83449c3038ad8ccd35400a1416ca933d') in 0.0148446 seconds
Number of updated asset objects reloaded before import = 0Number of asset objects unloaded after import = 1

========================================================================
Received Import Request.
  Time since last request: 0.000013 seconds.
  path: Assets/World/Environment/Textures/Building2/Stone_Wall_height.png
  artifactKey: Guid(f61a021278790ac448890c93befedf49) Importer(2089858483,b0f066a214c2f5e87bad3c948f4d605d)
Start importing Assets/World/Environment/Textures/Building2/Stone_Wall_height.png using Guid(f61a021278790ac448890c93befedf49) Importer(2089858483,b0f066a214c2f5e87bad3c948f4d605d) (ScriptedImporter) -> (artifact id: '200f4b891d04cc0ea22fedbf7125922a') in 0.0140751 seconds
Number of updated asset objects reloaded before import = 0Number of asset objects unloaded after import = 1

========================================================================
Received Import Request.
  Time since last request: 0.000012 seconds.
  path: Assets/World/Environment/Textures/Building2/StrawRoof_basecolor.png
  artifactKey: Guid(d517bc2f65d95834db112442771bfafa) Importer(2089858483,b0f066a214c2f5e87bad3c948f4d605d)
Start importing Assets/World/Environment/Textures/Building2/StrawRoof_basecolor.png using Guid(d517bc2f65d95834db112442771bfafa) Importer(2089858483,b0f066a214c2f5e87bad3c948f4d605d) (ScriptedImporter) -> (artifact id: '7faae476c8eccca2c1c8558c682b105d') in 0.0112355 seconds
Number of updated asset objects reloaded before import = 0Number of asset objects unloaded after import = 1

========================================================================
Received Import Request.
  Time since last request: 0.000014 seconds.
  path: Assets/World/Environment/Textures/Furniture/chair_chair_Normal.png
  artifactKey: Guid(071983e8e477c2a438d2549a597b08e4) Importer(2089858483,b0f066a214c2f5e87bad3c948f4d605d)
Start importing Assets/World/Environment/Textures/Furniture/chair_chair_Normal.png using Guid(071983e8e477c2a438d2549a597b08e4) Importer(2089858483,b0f066a214c2f5e87bad3c948f4d605d) (ScriptedImporter) -> (artifact id: '9075f9b7e46af32ec11b61a77848517a') in 0.0116979 seconds
Number of updated asset objects reloaded before import = 0Number of asset objects unloaded after import = 1

========================================================================
Received Import Request.
  Time since last request: 0.000021 seconds.
  path: Assets/World/Environment/Textures/Building2/Window_roughness.png
  artifactKey: Guid(8e28868b1d3c7b543aaa9148ed0d890f) Importer(2089858483,b0f066a214c2f5e87bad3c948f4d605d)
Start importing Assets/World/Environment/Textures/Building2/Window_roughness.png using Guid(8e28868b1d3c7b543aaa9148ed0d890f) Importer(2089858483,b0f066a214c2f5e87bad3c948f4d605d) (ScriptedImporter) -> (artifact id: '02999a5069ae75dfc1e7df92c3b28242') in 0.0110368 seconds
Number of updated asset objects reloaded before import = 0Number of asset objects unloaded after import = 1

========================================================================
Received Import Request.
  Time since last request: 0.000012 seconds.
  path: Assets/World/Environment/Textures/Building2/Window_normal.png
  artifactKey: Guid(07cb51fc794278c4a9e9559090204d58) Importer(2089858483,b0f066a214c2f5e87bad3c948f4d605d)
Start importing Assets/World/Environment/Textures/Building2/Window_normal.png using Guid(07cb51fc794278c4a9e9559090204d58) Importer(2089858483,b0f066a214c2f5e87bad3c948f4d605d) (ScriptedImporter) -> (artifact id: '4287dbab6cb4b76a4a9686fb681ee612') in 0.0139135 seconds
Number of updated asset objects reloaded before import = 0Number of asset objects unloaded after import = 1

========================================================================
Received Import Request.
  Time since last request: 0.000011 seconds.
  path: Assets/World/Environment/Textures/Custom/30 Stylized Textures Free.unity
  artifactKey: Guid(9bd0280fc8877d6438309f3aceabaaf8) Importer(2089858483,b0f066a214c2f5e87bad3c948f4d605d)
Start importing Assets/World/Environment/Textures/Custom/30 Stylized Textures Free.unity using Guid(9bd0280fc8877d6438309f3aceabaaf8) Importer(2089858483,b0f066a214c2f5e87bad3c948f4d605d) (ScriptedImporter) -> (artifact id: '92f722e48776bbc909e4c0aee28d3fcb') in 0.0106896 seconds
Number of updated asset objects reloaded before import = 0Number of asset objects unloaded after import = 1

========================================================================
Received Import Request.
  Time since last request: 0.000013 seconds.
  path: Assets/World/Environment/Textures/Furniture/fireplace_02_stone_NORMAL.png
  artifactKey: Guid(a8f609700020a9845988b497b2bf5423) Importer(2089858483,b0f066a214c2f5e87bad3c948f4d605d)
Start importing Assets/World/Environment/Textures/Furniture/fireplace_02_stone_NORMAL.png using Guid(a8f609700020a9845988b497b2bf5423) Importer(2089858483,b0f066a214c2f5e87bad3c948f4d605d) (ScriptedImporter) -> (artifact id: '38b333b1a03f02ac231db039176636db') in 0.0130022 seconds
Number of updated asset objects reloaded before import = 0Number of asset objects unloaded after import = 1

========================================================================
Received Import Request.
  Time since last request: 0.000012 seconds.
  path: Assets/World/Environment/Textures/Furniture/chest_color.tga
  artifactKey: Guid(a863c508e2343f74a86f96a5541615ca) Importer(2089858483,b0f066a214c2f5e87bad3c948f4d605d)
Start importing Assets/World/Environment/Textures/Furniture/chest_color.tga using Guid(a863c508e2343f74a86f96a5541615ca) Importer(2089858483,b0f066a214c2f5e87bad3c948f4d605d) (ScriptedImporter) -> (artifact id: '7ef650a611bf70be77ccc0a5ef7f7033') in 0.0128281 seconds
Number of updated asset objects reloaded before import = 0Number of asset objects unloaded after import = 1

========================================================================
Received Import Request.
  Time since last request: 0.000021 seconds.
  path: Assets/World/Environment/Textures/Building2/StrawRoof_RMHA.png
  artifactKey: Guid(0bcdb251f7947324a9591c3192a2674f) Importer(2089858483,b0f066a214c2f5e87bad3c948f4d605d)
Start importing Assets/World/Environment/Textures/Building2/StrawRoof_RMHA.png using Guid(0bcdb251f7947324a9591c3192a2674f) Importer(2089858483,b0f066a214c2f5e87bad3c948f4d605d) (ScriptedImporter) -> (artifact id: 'e392f8518e80ebeb0c83e11895a3fdcf') in 0.0128232 seconds
Number of updated asset objects reloaded before import = 0Number of asset objects unloaded after import = 1

========================================================================
Received Import Request.
  Time since last request: 0.000020 seconds.
  path: Assets/World/Sounds/FX/demon/demonWalkClose.wav
  artifactKey: Guid(299b2fbe8617c3b42b8bb8d384e933f2) Importer(2089858483,b0f066a214c2f5e87bad3c948f4d605d)
Start importing Assets/World/Sounds/FX/demon/demonWalkClose.wav using Guid(299b2fbe8617c3b42b8bb8d384e933f2) Importer(2089858483,b0f066a214c2f5e87bad3c948f4d605d) (ScriptedImporter) -> (artifact id: '20e8af62980287c3816c4ebfd3dacbb5') in 0.0926493 seconds
Number of updated asset objects reloaded before import = 0Number of asset objects unloaded after import = 1

========================================================================
Received Import Request.
  Time since last request: 0.000017 seconds.
  path: Assets/World/Sounds/FX/Toilet/SFX_Toilet_Close.wav
  artifactKey: Guid(a6a7046783d668d4289e8ea14944e557) Importer(2089858483,b0f066a214c2f5e87bad3c948f4d605d)
Start importing Assets/World/Sounds/FX/Toilet/SFX_Toilet_Close.wav using Guid(a6a7046783d668d4289e8ea14944e557) Importer(2089858483,b0f066a214c2f5e87bad3c948f4d605d) (ScriptedImporter) -> (artifact id: '66e471cdc07ee59655e18575a84d156e') in 0.0387258 seconds
Number of updated asset objects reloaded before import = 0Number of asset objects unloaded after import = 1

========================================================================
Received Import Request.
  Time since last request: 0.000013 seconds.
  path: Assets/World/Environment/Textures/Lanterns/Latern4 [Specular].tif
  artifactKey: Guid(f1e95e7a1ddb541458450278b642bb36) Importer(2089858483,b0f066a214c2f5e87bad3c948f4d605d)
Start importing Assets/World/Environment/Textures/Lanterns/Latern4 [Specular].tif using Guid(f1e95e7a1ddb541458450278b642bb36) Importer(2089858483,b0f066a214c2f5e87bad3c948f4d605d) (ScriptedImporter) -> (artifact id: '049d25032e5ae5b8dd69c50931c756dd') in 0.0167752 seconds
Number of updated asset objects reloaded before import = 0Number of asset objects unloaded after import = 1

========================================================================
Received Import Request.
  Time since last request: 0.000030 seconds.
  path: Assets/World/Environment/Textures/TerrainAutoUpgrade/Rock_1.png
  artifactKey: Guid(88b200775c638d7458c784a5302c6344) Importer(2089858483,b0f066a214c2f5e87bad3c948f4d605d)
Start importing Assets/World/Environment/Textures/TerrainAutoUpgrade/Rock_1.png using Guid(88b200775c638d7458c784a5302c6344) Importer(2089858483,b0f066a214c2f5e87bad3c948f4d605d) (ScriptedImporter) -> (artifact id: '0b31ac2c50afba41856c27f110c10b67') in 0.0148662 seconds
Number of updated asset objects reloaded before import = 0Number of asset objects unloaded after import = 1

========================================================================
Received Import Request.
  Time since last request: 0.000013 seconds.
  path: Assets/World/Environment/Textures/Trees/bark_normal.png
  artifactKey: Guid(39723109b38408144956a19cf0d8010f) Importer(2089858483,b0f066a214c2f5e87bad3c948f4d605d)
Start importing Assets/World/Environment/Textures/Trees/bark_normal.png using Guid(39723109b38408144956a19cf0d8010f) Importer(2089858483,b0f066a214c2f5e87bad3c948f4d605d) (ScriptedImporter) -> (artifact id: 'cff1deff4e1bcf09084654025d6aebdc') in 0.01248 seconds
Number of updated asset objects reloaded before import = 0Number of asset objects unloaded after import = 1

========================================================================
Received Import Request.
  Time since last request: 0.000015 seconds.
  path: Assets/World/Environment/Textures/Lanterns/LampPost [Specular].tif
  artifactKey: Guid(cc4b2301e9c21ca478bce007107b42d5) Importer(2089858483,b0f066a214c2f5e87bad3c948f4d605d)
Start importing Assets/World/Environment/Textures/Lanterns/LampPost [Specular].tif using Guid(cc4b2301e9c21ca478bce007107b42d5) Importer(2089858483,b0f066a214c2f5e87bad3c948f4d605d) (ScriptedImporter) -> (artifact id: '8bad413a2a4eb579cab87362c7d0ef00') in 0.0143489 seconds
Number of updated asset objects reloaded before import = 0Number of asset objects unloaded after import = 1

========================================================================
Received Import Request.
  Time since last request: 0.000011 seconds.
  path: Assets/World/Environment/Textures/Lanterns/Latern3 [Normal].png
  artifactKey: Guid(21598aa9209b98a47bfe19c70935fe22) Importer(2089858483,b0f066a214c2f5e87bad3c948f4d605d)
Start importing Assets/World/Environment/Textures/Lanterns/Latern3 [Normal].png using Guid(21598aa9209b98a47bfe19c70935fe22) Importer(2089858483,b0f066a214c2f5e87bad3c948f4d605d) (ScriptedImporter) -> (artifact id: 'e92a348e08900f499bdc9ca9e8a39f40') in 0.0148629 seconds
Number of updated asset objects reloaded before import = 0Number of asset objects unloaded after import = 1

========================================================================
Received Import Request.
  Time since last request: 0.000015 seconds.
  path: Assets/World/Environment/Textures/Lanterns/Lattice [Normal].png
  artifactKey: Guid(6982785fa4d5649429b368fae2cece22) Importer(2089858483,b0f066a214c2f5e87bad3c948f4d605d)
Start importing Assets/World/Environment/Textures/Lanterns/Lattice [Normal].png using Guid(6982785fa4d5649429b368fae2cece22) Importer(2089858483,b0f066a214c2f5e87bad3c948f4d605d) (ScriptedImporter) -> (artifact id: 'f87d67508be81748405df0ed17d83a09') in 0.0135224 seconds
Number of updated asset objects reloaded before import = 0Number of asset objects unloaded after import = 1

========================================================================
Received Import Request.
  Time since last request: 0.000023 seconds.
  path: Assets/World/Environment/Textures/TerrainAutoUpgrade/layer_Snow_2Snow_2_normal3d1cca0d6d0e9938.terrainlayer
  artifactKey: Guid(bb4b4857ffc54ec4d98dd7406409bbb8) Importer(2089858483,b0f066a214c2f5e87bad3c948f4d605d)
Start importing Assets/World/Environment/Textures/TerrainAutoUpgrade/layer_Snow_2Snow_2_normal3d1cca0d6d0e9938.terrainlayer using Guid(bb4b4857ffc54ec4d98dd7406409bbb8) Importer(2089858483,b0f066a214c2f5e87bad3c948f4d605d) (ScriptedImporter) -> (artifact id: 'a5d0e4db3936650cb85892a1a970dd21') in 0.0246003 seconds
Number of updated asset objects reloaded before import = 0Number of asset objects unloaded after import = 3

========================================================================
Received Import Request.
  Time since last request: 0.000013 seconds.
  path: Assets/World/Environment/Weather FX/Textures/Smoke.png
  artifactKey: Guid(63c493a384cd3c44ab777d179b94ef7b) Importer(2089858483,b0f066a214c2f5e87bad3c948f4d605d)
Start importing Assets/World/Environment/Weather FX/Textures/Smoke.png using Guid(63c493a384cd3c44ab777d179b94ef7b) Importer(2089858483,b0f066a214c2f5e87bad3c948f4d605d) (ScriptedImporter) -> (artifact id: '58a63d49794006876a2cad6028bd2270') in 0.0133986 seconds
Number of updated asset objects reloaded before import = 0Number of asset objects unloaded after import = 1

========================================================================
Received Import Request.
  Time since last request: 0.000013 seconds.
  path: Assets/World/Environment/Textures/Lanterns/LampPostWaLL [Albedo].png
  artifactKey: Guid(54eab09900d4cc5439f446b8ba302dd6) Importer(2089858483,b0f066a214c2f5e87bad3c948f4d605d)
Start importing Assets/World/Environment/Textures/Lanterns/LampPostWaLL [Albedo].png using Guid(54eab09900d4cc5439f446b8ba302dd6) Importer(2089858483,b0f066a214c2f5e87bad3c948f4d605d) (ScriptedImporter) -> (artifact id: '95b989c451c59e7d7546414efd5c4312') in 0.0135594 seconds
Number of updated asset objects reloaded before import = 0Number of asset objects unloaded after import = 1

========================================================================
Received Import Request.
  Time since last request: 0.000015 seconds.
  path: Assets/World/Environment/Textures/Lanterns/Latern3 [Specular].tif
  artifactKey: Guid(13ac542462456054da64dcb50ee6e204) Importer(2089858483,b0f066a214c2f5e87bad3c948f4d605d)
Start importing Assets/World/Environment/Textures/Lanterns/Latern3 [Specular].tif using Guid(13ac542462456054da64dcb50ee6e204) Importer(2089858483,b0f066a214c2f5e87bad3c948f4d605d) (ScriptedImporter) -> (artifact id: '64794f91a403ae90e36af18b480bc56d') in 0.0162565 seconds
Number of updated asset objects reloaded before import = 0Number of asset objects unloaded after import = 1

========================================================================
Received Import Request.
  Time since last request: 0.000014 seconds.
  path: Assets/World/Environment/Textures/Trees/flower daisy_normal.png
  artifactKey: Guid(7fcc3b192ed78f648852060f4d78da3e) Importer(2089858483,b0f066a214c2f5e87bad3c948f4d605d)
Start importing Assets/World/Environment/Textures/Trees/flower daisy_normal.png using Guid(7fcc3b192ed78f648852060f4d78da3e) Importer(2089858483,b0f066a214c2f5e87bad3c948f4d605d) (ScriptedImporter) -> (artifact id: '78def8e0b558007287e290e8cd90d1df') in 0.0131222 seconds
Number of updated asset objects reloaded before import = 0Number of asset objects unloaded after import = 1

========================================================================
Received Import Request.
  Time since last request: 0.000017 seconds.
  path: Assets/World/Environment/Weather FX/Materials/SmokeMat.mat
  artifactKey: Guid(1db8960caac2da245b642e1e0daa4a71) Importer(2089858483,b0f066a214c2f5e87bad3c948f4d605d)
Start importing Assets/World/Environment/Weather FX/Materials/SmokeMat.mat using Guid(1db8960caac2da245b642e1e0daa4a71) Importer(2089858483,b0f066a214c2f5e87bad3c948f4d605d) (ScriptedImporter) -> (artifact id: 'a874c2881f7f8fd81277dc71e4ade291') in 0.0115839 seconds
Number of updated asset objects reloaded before import = 0Number of asset objects unloaded after import = 2

========================================================================
Received Import Request.
  Time since last request: 0.000023 seconds.
  path: Assets/World/Sounds/FX/PlayerWalkSnow/footstepsSnow_05.mp3
  artifactKey: Guid(e2cb069505d1dd945890496794596355) Importer(2089858483,b0f066a214c2f5e87bad3c948f4d605d)
Start importing Assets/World/Sounds/FX/PlayerWalkSnow/footstepsSnow_05.mp3 using Guid(e2cb069505d1dd945890496794596355) Importer(2089858483,b0f066a214c2f5e87bad3c948f4d605d) (ScriptedImporter) -> (artifact id: '7f9a9f475df0923ae1170b3c6482b657') in 0.0289658 seconds
Number of updated asset objects reloaded before import = 0Number of asset objects unloaded after import = 1

========================================================================
Received Import Request.
  Time since last request: 0.000014 seconds.
  path: Assets/World/Environment/Textures/TerrainAutoUpgrade/layer_Snow_1Snow_1_normal3d3aba195e4d26ee.terrainlayer
  artifactKey: Guid(9264e14c22432754a9ffc29c501386d2) Importer(2089858483,b0f066a214c2f5e87bad3c948f4d605d)
Start importing Assets/World/Environment/Textures/TerrainAutoUpgrade/layer_Snow_1Snow_1_normal3d3aba195e4d26ee.terrainlayer using Guid(9264e14c22432754a9ffc29c501386d2) Importer(2089858483,b0f066a214c2f5e87bad3c948f4d605d) (ScriptedImporter) -> (artifact id: 'f8fea4d83a2c2ffbe5473259d122437a') in 0.0164595 seconds
Number of updated asset objects reloaded before import = 0Number of asset objects unloaded after import = 3

========================================================================
Received Import Request.
  Time since last request: 0.000016 seconds.
  path: Assets/World/Environment/Textures/Lanterns/Lustre [Specular].tif
  artifactKey: Guid(52ddc59f6dc19cc459accd3a4d9fd684) Importer(2089858483,b0f066a214c2f5e87bad3c948f4d605d)
Start importing Assets/World/Environment/Textures/Lanterns/Lustre [Specular].tif using Guid(52ddc59f6dc19cc459accd3a4d9fd684) Importer(2089858483,b0f066a214c2f5e87bad3c948f4d605d) (ScriptedImporter) -> (artifact id: 'c3c9e102c81cc4fca2910b515935ac5d') in 0.0172057 seconds
Number of updated asset objects reloaded before import = 0Number of asset objects unloaded after import = 1

========================================================================
Received Import Request.
  Time since last request: 0.000017 seconds.
  path: Assets/World/Environment/Textures/TerrainAutoUpgrade/Snow_2.png
  artifactKey: Guid(b9c58fb46a9c87a479b4b03dd721bad8) Importer(2089858483,b0f066a214c2f5e87bad3c948f4d605d)
Start importing Assets/World/Environment/Textures/TerrainAutoUpgrade/Snow_2.png using Guid(b9c58fb46a9c87a479b4b03dd721bad8) Importer(2089858483,b0f066a214c2f5e87bad3c948f4d605d) (ScriptedImporter) -> (artifact id: '3a6737cc45b13e2bd09f5b37779de513') in 0.0158476 seconds
Number of updated asset objects reloaded before import = 0Number of asset objects unloaded after import = 1

========================================================================
Received Import Request.
  Time since last request: 0.000020 seconds.
  path: Assets/World/Sounds/Music/Ambient/ambient_outside.mp3
  artifactKey: Guid(4ea0d5f998d92f348b8d786f89fde9aa) Importer(2089858483,b0f066a214c2f5e87bad3c948f4d605d)
Start importing Assets/World/Sounds/Music/Ambient/ambient_outside.mp3 using Guid(4ea0d5f998d92f348b8d786f89fde9aa) Importer(2089858483,b0f066a214c2f5e87bad3c948f4d605d) (ScriptedImporter) -> (artifact id: 'b1c45588e6333b9cf757dd5a0316bbfd') in 1.4167204 seconds
Number of updated asset objects reloaded before import = 0Number of asset objects unloaded after import = 1

========================================================================
Received Import Request.
  Time since last request: 0.000034 seconds.
  path: Assets/World/Effects/WarFX/Demo/Assets/WFX_Demo_T_Wood.tga
  artifactKey: Guid(0938b4bdb94798b4896d7a4ab653e85e) Importer(2089858483,b0f066a214c2f5e87bad3c948f4d605d)
Start importing Assets/World/Effects/WarFX/Demo/Assets/WFX_Demo_T_Wood.tga using Guid(0938b4bdb94798b4896d7a4ab653e85e) Importer(2089858483,b0f066a214c2f5e87bad3c948f4d605d) (ScriptedImporter) -> (artifact id: '048ccce884ee7a614c1e8150422bb5d6') in 0.0173787 seconds
Number of updated asset objects reloaded before import = 0Number of asset objects unloaded after import = 1

========================================================================
Received Import Request.
  Time since last request: 0.000017 seconds.
  path: Assets/World/Effects/WarFX/Demo/UI Canvas/CFX Demo Btn Ground H.png
  artifactKey: Guid(5cc9c4a6db9a74a40aaed761fc99294c) Importer(2089858483,b0f066a214c2f5e87bad3c948f4d605d)
Start importing Assets/World/Effects/WarFX/Demo/UI Canvas/CFX Demo Btn Ground H.png using Guid(5cc9c4a6db9a74a40aaed761fc99294c) Importer(2089858483,b0f066a214c2f5e87bad3c948f4d605d) (ScriptedImporter) -> (artifact id: 'bace1831850d6a87073777197afffba5') in 0.0158231 seconds
Number of updated asset objects reloaded before import = 0Number of asset objects unloaded after import = 3

========================================================================
Received Import Request.
  Time since last request: 0.000029 seconds.
  path: Assets/World/Effects/WarFX/Demo/UI Canvas/CFX Demo Btn SlowMo.png
  artifactKey: Guid(5ec8fc5d939ea2244985ca77a114c9d0) Importer(2089858483,b0f066a214c2f5e87bad3c948f4d605d)
Start importing Assets/World/Effects/WarFX/Demo/UI Canvas/CFX Demo Btn SlowMo.png using Guid(5ec8fc5d939ea2244985ca77a114c9d0) Importer(2089858483,b0f066a214c2f5e87bad3c948f4d605d) (ScriptedImporter) -> (artifact id: 'cae71fc558a8627079e2fa16af991b42') in 0.0163645 seconds
Number of updated asset objects reloaded before import = 0Number of asset objects unloaded after import = 3

========================================================================
Received Import Request.
  Time since last request: 0.000017 seconds.
  path: Assets/Game/Animations/NPC/Female/Combat/HumanF@CombatDamage01.fbx
  artifactKey: Guid(33ead5f6ecd30db40bc9209ff361f049) Importer(2089858483,b0f066a214c2f5e87bad3c948f4d605d)
Start importing Assets/Game/Animations/NPC/Female/Combat/HumanF@CombatDamage01.fbx using Guid(33ead5f6ecd30db40bc9209ff361f049) Importer(2089858483,b0f066a214c2f5e87bad3c948f4d605d) (ScriptedImporter) -> (artifact id: '68ea06041abc23c1c9ca2ee0d16fc690') in 0.0175096 seconds
Number of updated asset objects reloaded before import = 0Number of asset objects unloaded after import = 120

========================================================================
Received Import Request.
  Time since last request: 0.000024 seconds.
  path: Assets/Game/Animations/NPC/Female/Combat/HumanF@Death01.fbx
  artifactKey: Guid(b09be4f98e05fa7489d148a376fc0f1c) Importer(2089858483,b0f066a214c2f5e87bad3c948f4d605d)
Start importing Assets/Game/Animations/NPC/Female/Combat/HumanF@Death01.fbx using Guid(b09be4f98e05fa7489d148a376fc0f1c) Importer(2089858483,b0f066a214c2f5e87bad3c948f4d605d) (ScriptedImporter) -> (artifact id: '8ab77d11f24f6baaaddc2da7f6fd42b9') in 0.0135059 seconds
Number of updated asset objects reloaded before import = 0Number of asset objects unloaded after import = 120

========================================================================
Received Import Request.
  Time since last request: 0.000024 seconds.
  path: Assets/World/Effects/WarFX/Demo/Assets/CFX_Demo_RandomDir.cs
  artifactKey: Guid(27666076fd6e86245aa62dfd9e943d6c) Importer(2089858483,b0f066a214c2f5e87bad3c948f4d605d)
Start importing Assets/World/Effects/WarFX/Demo/Assets/CFX_Demo_RandomDir.cs using Guid(27666076fd6e86245aa62dfd9e943d6c) Importer(2089858483,b0f066a214c2f5e87bad3c948f4d605d) (ScriptedImporter) -> (artifact id: '139baea99845dc2fc02ca0c258b2b726') in 0.0115865 seconds
Number of updated asset objects reloaded before import = 0Number of asset objects unloaded after import = 0

========================================================================
Received Import Request.
  Time since last request: 0.000013 seconds.
  path: Assets/World/Sounds/FX/Toilet/SFX_Toilet_Open.wav
  artifactKey: Guid(3f0614c7eb382264ba13401642d6131e) Importer(2089858483,b0f066a214c2f5e87bad3c948f4d605d)
Start importing Assets/World/Sounds/FX/Toilet/SFX_Toilet_Open.wav using Guid(3f0614c7eb382264ba13401642d6131e) Importer(2089858483,b0f066a214c2f5e87bad3c948f4d605d) (ScriptedImporter) -> (artifact id: '8add26c2289acc808f79fa36cf65813e') in 0.0471094 seconds
Number of updated asset objects reloaded before import = 0Number of asset objects unloaded after import = 1

========================================================================
Received Import Request.
  Time since last request: 0.000015 seconds.
  path: Assets/World/Sounds/Music/gradaceVHS/gradation5.mp3
  artifactKey: Guid(ef8221ecabe0d8d4faa816b1e7d05b64) Importer(2089858483,b0f066a214c2f5e87bad3c948f4d605d)
Start importing Assets/World/Sounds/Music/gradaceVHS/gradation5.mp3 using Guid(ef8221ecabe0d8d4faa816b1e7d05b64) Importer(2089858483,b0f066a214c2f5e87bad3c948f4d605d) (ScriptedImporter) -> (artifact id: '23b62d4df657f7ca3cbece2fd1aa75b4') in 1.2116149 seconds
Number of updated asset objects reloaded before import = 0Number of asset objects unloaded after import = 1

========================================================================
Received Import Request.
  Time since last request: 0.000016 seconds.
  path: Assets/World/Effects/WarFX/Demo/Assets/CFX_AutoStopLoopedEffect.cs
  artifactKey: Guid(d9c4e89389fa607479b0744ec6611490) Importer(2089858483,b0f066a214c2f5e87bad3c948f4d605d)
Start importing Assets/World/Effects/WarFX/Demo/Assets/CFX_AutoStopLoopedEffect.cs using Guid(d9c4e89389fa607479b0744ec6611490) Importer(2089858483,b0f066a214c2f5e87bad3c948f4d605d) (ScriptedImporter) -> (artifact id: '4bf1e788cd07c4b4fff7f9d2f17b2e72') in 0.0096442 seconds
Number of updated asset objects reloaded before import = 0Number of asset objects unloaded after import = 0

========================================================================
Received Import Request.
  Time since last request: 0.000023 seconds.
  path: Assets/World/Effects/WarFX/_Effects/Fire/WFX_GazFireBig (Blue).prefab
  artifactKey: Guid(cdd71635203c8ed47a18dcefce87463e) Importer(2089858483,b0f066a214c2f5e87bad3c948f4d605d)
Start importing Assets/World/Effects/WarFX/_Effects/Fire/WFX_GazFireBig (Blue).prefab using Guid(cdd71635203c8ed47a18dcefce87463e) Importer(2089858483,b0f066a214c2f5e87bad3c948f4d605d) (ScriptedImporter) -> (artifact id: 'ad73a68819918d82e0c3cbae85764032') in 0.0697928 seconds
Number of updated asset objects reloaded before import = 0Number of asset objects unloaded after import = 15

========================================================================
Received Import Request.
  Time since last request: 0.000014 seconds.
  path: Assets/World/Effects/WarFX/Demo/Assets/WFX_Demo_M_Checker Wall.mat
  artifactKey: Guid(af09f8959d2e3e5409129ec9ec5ab06e) Importer(2089858483,b0f066a214c2f5e87bad3c948f4d605d)
Start importing Assets/World/Effects/WarFX/Demo/Assets/WFX_Demo_M_Checker Wall.mat using Guid(af09f8959d2e3e5409129ec9ec5ab06e) Importer(2089858483,b0f066a214c2f5e87bad3c948f4d605d) (ScriptedImporter) -> (artifact id: '4960344e5e9614346539a017b39917bf') in 0.0123211 seconds
Number of updated asset objects reloaded before import = 0Number of asset objects unloaded after import = 2

========================================================================
Received Import Request.
  Time since last request: 0.000015 seconds.
  path: Assets/World/Effects/WarFX/Demo/Assets/WFX_Demo_M_Metal Wall.mat
  artifactKey: Guid(97a1c489739b9654294f9eec96f9988f) Importer(2089858483,b0f066a214c2f5e87bad3c948f4d605d)
Start importing Assets/World/Effects/WarFX/Demo/Assets/WFX_Demo_M_Metal Wall.mat using Guid(97a1c489739b9654294f9eec96f9988f) Importer(2089858483,b0f066a214c2f5e87bad3c948f4d605d) (ScriptedImporter) -> (artifact id: '2d39ee32fe7d03af51bdfd92c6a500f1') in 0.0109773 seconds
Number of updated asset objects reloaded before import = 0Number of asset objects unloaded after import = 3

========================================================================
Received Import Request.
  Time since last request: 0.000013 seconds.
  path: Assets/World/Effects/WarFX/Demo/UI Canvas/WFX Demo Logo.png
  artifactKey: Guid(9162d39dfff8eee418769488b7282343) Importer(2089858483,b0f066a214c2f5e87bad3c948f4d605d)
Start importing Assets/World/Effects/WarFX/Demo/UI Canvas/WFX Demo Logo.png using Guid(9162d39dfff8eee418769488b7282343) Importer(2089858483,b0f066a214c2f5e87bad3c948f4d605d) (ScriptedImporter) -> (artifact id: '94450336c4bef1c86063e53462ef7764') in 0.0125996 seconds
Number of updated asset objects reloaded before import = 0Number of asset objects unloaded after import = 3

========================================================================
Received Import Request.
  Time since last request: 0.000014 seconds.
  path: Assets/World/Environment/Textures/TerrainAutoUpgrade/Cliff_1.png
  artifactKey: Guid(fa285598a820f254eb01cdafb090ee04) Importer(2089858483,b0f066a214c2f5e87bad3c948f4d605d)
Start importing Assets/World/Environment/Textures/TerrainAutoUpgrade/Cliff_1.png using Guid(fa285598a820f254eb01cdafb090ee04) Importer(2089858483,b0f066a214c2f5e87bad3c948f4d605d) (ScriptedImporter) -> (artifact id: 'c79fcf64855dd90f0b1db2636f1620b7') in 0.0109248 seconds
Number of updated asset objects reloaded before import = 0Number of asset objects unloaded after import = 1

========================================================================
Received Import Request.
  Time since last request: 0.000018 seconds.
  path: Assets/World/Effects/WarFX/_Effects/Explosions/WFX_Explosion Small.prefab
  artifactKey: Guid(5332791ebce075d4a9e56f4581e7fb47) Importer(2089858483,b0f066a214c2f5e87bad3c948f4d605d)
Start importing Assets/World/Effects/WarFX/_Effects/Explosions/WFX_Explosion Small.prefab using Guid(5332791ebce075d4a9e56f4581e7fb47) Importer(2089858483,b0f066a214c2f5e87bad3c948f4d605d) (ScriptedImporter) -> (artifact id: '8bd2495cbbed5168d557f46b9cee834b') in 0.0292991 seconds
Number of updated asset objects reloaded before import = 0Number of asset objects unloaded after import = 39

========================================================================
Received Import Request.
  Time since last request: 0.000014 seconds.
  path: Assets/World/Environment/Textures/Lanterns/Latern [Normal].png
  artifactKey: Guid(1f3f961ddbf6ab1498c610ce7f2b91cf) Importer(2089858483,b0f066a214c2f5e87bad3c948f4d605d)
Start importing Assets/World/Environment/Textures/Lanterns/Latern [Normal].png using Guid(1f3f961ddbf6ab1498c610ce7f2b91cf) Importer(2089858483,b0f066a214c2f5e87bad3c948f4d605d) (ScriptedImporter) -> (artifact id: '88f2ebad568274329327483a2d520f33') in 0.0132888 seconds
Number of updated asset objects reloaded before import = 0Number of asset objects unloaded after import = 1

========================================================================
Received Import Request.
  Time since last request: 0.000013 seconds.
  path: Assets/World/Effects/WarFX/_Effects/Fire/WFX_FlameThrower Big Alt.prefab
  artifactKey: Guid(aedd4bb62ac8dfd48ae575c52e6e4267) Importer(2089858483,b0f066a214c2f5e87bad3c948f4d605d)
Start importing Assets/World/Effects/WarFX/_Effects/Fire/WFX_FlameThrower Big Alt.prefab using Guid(aedd4bb62ac8dfd48ae575c52e6e4267) Importer(2089858483,b0f066a214c2f5e87bad3c948f4d605d) (ScriptedImporter) -> (artifact id: '1fdeaf13e3ae2dcd44a9c798df8de2df') in 0.0339503 seconds
Number of updated asset objects reloaded before import = 0Number of asset objects unloaded after import = 15

========================================================================
Received Import Request.
  Time since last request: 0.000015 seconds.
  path: Assets/World/Effects/WarFX/_Effects/Explosions/WFX_Explosion LandMine.prefab
  artifactKey: Guid(6890a03af913b874092fbb1e8337747d) Importer(2089858483,b0f066a214c2f5e87bad3c948f4d605d)
Start importing Assets/World/Effects/WarFX/_Effects/Explosions/WFX_Explosion LandMine.prefab using Guid(6890a03af913b874092fbb1e8337747d) Importer(2089858483,b0f066a214c2f5e87bad3c948f4d605d) (ScriptedImporter) -> (artifact id: '0caeb7e7092f3e1788a75b0863502fcf') in 0.0308646 seconds
Number of updated asset objects reloaded before import = 0Number of asset objects unloaded after import = 35

========================================================================
Received Import Request.
  Time since last request: 0.000016 seconds.
  path: Assets/World/Environment/Textures/Trees/plant05.png
  artifactKey: Guid(ac5cb009f82d7d846904797df32ebaf5) Importer(2089858483,b0f066a214c2f5e87bad3c948f4d605d)
Start importing Assets/World/Environment/Textures/Trees/plant05.png using Guid(ac5cb009f82d7d846904797df32ebaf5) Importer(2089858483,b0f066a214c2f5e87bad3c948f4d605d) (ScriptedImporter) -> (artifact id: 'aa8a5426108d57d13e1036597f67b215') in 0.0134789 seconds
Number of updated asset objects reloaded before import = 0Number of asset objects unloaded after import = 1

========================================================================
Received Import Request.
  Time since last request: 0.000024 seconds.
  path: Assets/World/Environment/Textures/Furniture/Table02_albedoV1.png
  artifactKey: Guid(46a75c6d623aa804d86b834101a4260a) Importer(2089858483,b0f066a214c2f5e87bad3c948f4d605d)
Start importing Assets/World/Environment/Textures/Furniture/Table02_albedoV1.png using Guid(46a75c6d623aa804d86b834101a4260a) Importer(2089858483,b0f066a214c2f5e87bad3c948f4d605d) (ScriptedImporter) -> (artifact id: 'cdefd0989cb9006f8309757104152d58') in 0.0122393 seconds
Number of updated asset objects reloaded before import = 0Number of asset objects unloaded after import = 1

========================================================================
Received Import Request.
  Time since last request: 0.000015 seconds.
  path: Assets/World/Environment/Textures/Lanterns/Glass5 [Albedo].psd
  artifactKey: Guid(7cd45e54184b5d4439ae89c44b3886ed) Importer(2089858483,b0f066a214c2f5e87bad3c948f4d605d)
Start importing Assets/World/Environment/Textures/Lanterns/Glass5 [Albedo].psd using Guid(7cd45e54184b5d4439ae89c44b3886ed) Importer(2089858483,b0f066a214c2f5e87bad3c948f4d605d) (ScriptedImporter) -> (artifact id: '925db863f463e4c73777ff10f8418ca3') in 0.0115921 seconds
Number of updated asset objects reloaded before import = 0Number of asset objects unloaded after import = 1

========================================================================
Received Import Request.
  Time since last request: 0.000012 seconds.
  path: Assets/World/Environment/Textures/Furniture/Horn_Hanger_Alb.tga
  artifactKey: Guid(e42231836e476984d8e833004dbf3170) Importer(2089858483,b0f066a214c2f5e87bad3c948f4d605d)
Start importing Assets/World/Environment/Textures/Furniture/Horn_Hanger_Alb.tga using Guid(e42231836e476984d8e833004dbf3170) Importer(2089858483,b0f066a214c2f5e87bad3c948f4d605d) (ScriptedImporter) -> (artifact id: '14dcd7952a2f557d68f16bd9f964c984') in 0.0143252 seconds
Number of updated asset objects reloaded before import = 0Number of asset objects unloaded after import = 1

========================================================================
Received Import Request.
  Time since last request: 0.000014 seconds.
  path: Assets/World/Environment/Textures/Lanterns/Latern2 [Specular].tif
  artifactKey: Guid(4af55a2e9db758341b9990acd5cb7a27) Importer(2089858483,b0f066a214c2f5e87bad3c948f4d605d)
Start importing Assets/World/Environment/Textures/Lanterns/Latern2 [Specular].tif using Guid(4af55a2e9db758341b9990acd5cb7a27) Importer(2089858483,b0f066a214c2f5e87bad3c948f4d605d) (ScriptedImporter) -> (artifact id: '938a66207821a6aaab3900c3ba35cf19') in 0.0131655 seconds
Number of updated asset objects reloaded before import = 0Number of asset objects unloaded after import = 1

========================================================================
Received Import Request.
  Time since last request: 0.000013 seconds.
  path: Assets/World/Environment/Textures/TerrainAutoUpgrade/Snow_1.png
  artifactKey: Guid(4e87cfc3cdb6ee84aaa39b63abae7e67) Importer(2089858483,b0f066a214c2f5e87bad3c948f4d605d)
Start importing Assets/World/Environment/Textures/TerrainAutoUpgrade/Snow_1.png using Guid(4e87cfc3cdb6ee84aaa39b63abae7e67) Importer(2089858483,b0f066a214c2f5e87bad3c948f4d605d) (ScriptedImporter) -> (artifact id: '58bce5d367bf8150510d317b46d4e3d2') in 0.014887 seconds
Number of updated asset objects reloaded before import = 0Number of asset objects unloaded after import = 1

========================================================================
Received Import Request.
  Time since last request: 0.000017 seconds.
  path: Assets/World/Environment/Materials/Furniture/Books/Book 03.mat
  artifactKey: Guid(bf9f23b9c6d530141b3b30daec81c4e8) Importer(2089858483,b0f066a214c2f5e87bad3c948f4d605d)
Start importing Assets/World/Environment/Materials/Furniture/Books/Book 03.mat using Guid(bf9f23b9c6d530141b3b30daec81c4e8) Importer(2089858483,b0f066a214c2f5e87bad3c948f4d605d) (ScriptedImporter) -> (artifact id: 'cea62900b1c83314a21411ec07444e21') in 0.0113269 seconds
Number of updated asset objects reloaded before import = 0Number of asset objects unloaded after import = 2

========================================================================
Received Import Request.
  Time since last request: 0.000028 seconds.
  path: Assets/World/Effects/WarFX/_Effects (Mobile)/Explosions/WFXMR_ExplosiveSmoke Small.prefab
  artifactKey: Guid(42f257b24c959a44794a35d032e9da12) Importer(2089858483,b0f066a214c2f5e87bad3c948f4d605d)
Start importing Assets/World/Effects/WarFX/_Effects (Mobile)/Explosions/WFXMR_ExplosiveSmoke Small.prefab using Guid(42f257b24c959a44794a35d032e9da12) Importer(2089858483,b0f066a214c2f5e87bad3c948f4d605d) (ScriptedImporter) -> (artifact id: 'e4bbc25d905280f362fcb4ae31b02c50') in 0.027727 seconds
Number of updated asset objects reloaded before import = 0Number of asset objects unloaded after import = 27

========================================================================
Received Import Request.
  Time since last request: 0.000013 seconds.
  path: Assets/World/Effects/WarFX/_Effects (Mobile)/Explosions/WFXMR_ExplosiveSmokeGround Big.prefab
  artifactKey: Guid(fafeb973cad62304ba2abdc5dfafbf8f) Importer(2089858483,b0f066a214c2f5e87bad3c948f4d605d)
Start importing Assets/World/Effects/WarFX/_Effects (Mobile)/Explosions/WFXMR_ExplosiveSmokeGround Big.prefab using Guid(fafeb973cad62304ba2abdc5dfafbf8f) Importer(2089858483,b0f066a214c2f5e87bad3c948f4d605d) (ScriptedImporter) -> (artifact id: '43ca8cdb6f959de4d657fe8406738af7') in 0.0397048 seconds
Number of updated asset objects reloaded before import = 0Number of asset objects unloaded after import = 31

========================================================================
Received Import Request.
  Time since last request: 0.000013 seconds.
  path: Assets/World/Effects/WarFX/_Effects (Mobile)/Smoke/WFXMR_SmokeGrenade White.prefab
  artifactKey: Guid(32c740ca47073a54ebef2634b8b8371f) Importer(2089858483,b0f066a214c2f5e87bad3c948f4d605d)
Start importing Assets/World/Effects/WarFX/_Effects (Mobile)/Smoke/WFXMR_SmokeGrenade White.prefab using Guid(32c740ca47073a54ebef2634b8b8371f) Importer(2089858483,b0f066a214c2f5e87bad3c948f4d605d) (ScriptedImporter) -> (artifact id: '545084fb1d8db5561ca1a8b7fd6dadbd') in 0.0246634 seconds
Number of updated asset objects reloaded before import = 0Number of asset objects unloaded after import = 11

========================================================================
Received Import Request.
  Time since last request: 0.000014 seconds.
  path: Assets/World/Effects/WarFX/_Effects (Mobile)/Bullet Impacts/WFXMR_BImpact SoftBody.prefab
  artifactKey: Guid(f75efcef4bb42054abf94f8e5c701adc) Importer(2089858483,b0f066a214c2f5e87bad3c948f4d605d)
Start importing Assets/World/Effects/WarFX/_Effects (Mobile)/Bullet Impacts/WFXMR_BImpact SoftBody.prefab using Guid(f75efcef4bb42054abf94f8e5c701adc) Importer(2089858483,b0f066a214c2f5e87bad3c948f4d605d) (ScriptedImporter) -> (artifact id: '5d7fafe48659d0c99cc6357c6611ef1e') in 0.0256017 seconds
Number of updated asset objects reloaded before import = 0Number of asset objects unloaded after import = 15

========================================================================
Received Import Request.
  Time since last request: 0.000018 seconds.
  path: Assets/World/Effects/WarFX/_Effects (Mobile)/Explosions/WFXMR_Nuke.prefab
  artifactKey: Guid(4bf22a1d8d9e7724b9af67921436851d) Importer(2089858483,b0f066a214c2f5e87bad3c948f4d605d)
Start importing Assets/World/Effects/WarFX/_Effects (Mobile)/Explosions/WFXMR_Nuke.prefab using Guid(4bf22a1d8d9e7724b9af67921436851d) Importer(2089858483,b0f066a214c2f5e87bad3c948f4d605d) (ScriptedImporter) -> (artifact id: 'f3382f6f681731a53556222896647c77') in 0.0269605 seconds
Number of updated asset objects reloaded before import = 0Number of asset objects unloaded after import = 31

========================================================================
Received Import Request.
  Time since last request: 0.000022 seconds.
  path: Assets/World/Effects/WarFX/_Effects (Mobile)/Smoke/WFXMR_SmokeGrenade Black.prefab
  artifactKey: Guid(0461f0a9cf356c24b805dfbf38e86450) Importer(2089858483,b0f066a214c2f5e87bad3c948f4d605d)
Start importing Assets/World/Effects/WarFX/_Effects (Mobile)/Smoke/WFXMR_SmokeGrenade Black.prefab using Guid(0461f0a9cf356c24b805dfbf38e86450) Importer(2089858483,b0f066a214c2f5e87bad3c948f4d605d) (ScriptedImporter) -> (artifact id: 'f908226872bc862e102683f0a1c1f9c0') in 0.0345287 seconds
Number of updated asset objects reloaded before import = 0Number of asset objects unloaded after import = 11

========================================================================
Received Import Request.
  Time since last request: 0.000013 seconds.
  path: Assets/World/Effects/WarFX/_Effects (Mobile)/Bullet Impacts/WFXMR_BImpact Wood.prefab
  artifactKey: Guid(855f647f81ad9774a905ff23fdc26618) Importer(2089858483,b0f066a214c2f5e87bad3c948f4d605d)
Start importing Assets/World/Effects/WarFX/_Effects (Mobile)/Bullet Impacts/WFXMR_BImpact Wood.prefab using Guid(855f647f81ad9774a905ff23fdc26618) Importer(2089858483,b0f066a214c2f5e87bad3c948f4d605d) (ScriptedImporter) -> (artifact id: '3882cd745c29dbd99c70bc65dba38e8d') in 0.0214505 seconds
Number of updated asset objects reloaded before import = 0Number of asset objects unloaded after import = 15

========================================================================
Received Import Request.
  Time since last request: 0.000016 seconds.
  path: Assets/World/Environment/Materials/Furniture/Chair/Chair.mat
  artifactKey: Guid(b17526f5078c0ba45b4a9b02c3aad55b) Importer(2089858483,b0f066a214c2f5e87bad3c948f4d605d)
Start importing Assets/World/Environment/Materials/Furniture/Chair/Chair.mat using Guid(b17526f5078c0ba45b4a9b02c3aad55b) Importer(2089858483,b0f066a214c2f5e87bad3c948f4d605d) (ScriptedImporter) -> (artifact id: '48ff5a44e0090453ca1c1c2d76c26a6e') in 0.0129089 seconds
Number of updated asset objects reloaded before import = 0Number of asset objects unloaded after import = 2

========================================================================
Received Import Request.
  Time since last request: 0.000015 seconds.
  path: Assets/World/Effects/WarFX/_Effects (Mobile)/Fire/WFXMR_GazFireBig (Green).prefab
  artifactKey: Guid(80c0dbff78cd8674db70406cfc8b1519) Importer(2089858483,b0f066a214c2f5e87bad3c948f4d605d)
Start importing Assets/World/Effects/WarFX/_Effects (Mobile)/Fire/WFXMR_GazFireBig (Green).prefab using Guid(80c0dbff78cd8674db70406cfc8b1519) Importer(2089858483,b0f066a214c2f5e87bad3c948f4d605d) (ScriptedImporter) -> (artifact id: 'e54ac117ac4c289ef5b20314839e4afa') in 0.0247098 seconds
Number of updated asset objects reloaded before import = 0Number of asset objects unloaded after import = 15

========================================================================
Received Import Request.
  Time since last request: 0.000017 seconds.
  path: Assets/World/Effects/WarFX/_Effects (Mobile)/Explosions/WFXMR_ExplosiveSmokeGround Big Alt.prefab
  artifactKey: Guid(990c2328597308a46a8f3d888b380296) Importer(2089858483,b0f066a214c2f5e87bad3c948f4d605d)
Start importing Assets/World/Effects/WarFX/_Effects (Mobile)/Explosions/WFXMR_ExplosiveSmokeGround Big Alt.prefab using Guid(990c2328597308a46a8f3d888b380296) Importer(2089858483,b0f066a214c2f5e87bad3c948f4d605d) (ScriptedImporter) -> (artifact id: '52069361bc137e0548fd345cde596eed') in 0.0276782 seconds
Number of updated asset objects reloaded before import = 0Number of asset objects unloaded after import = 31

========================================================================
Received Import Request.
  Time since last request: 0.000022 seconds.
  path: Assets/World/Environment/Materials/Furniture/Carpets/CarpetBlack 2.mat
  artifactKey: Guid(a7bc769528949a9478f49d069770a48c) Importer(2089858483,b0f066a214c2f5e87bad3c948f4d605d)
Start importing Assets/World/Environment/Materials/Furniture/Carpets/CarpetBlack 2.mat using Guid(a7bc769528949a9478f49d069770a48c) Importer(2089858483,b0f066a214c2f5e87bad3c948f4d605d) (ScriptedImporter) -> (artifact id: '1a980b5c2770faf24f847848557f873e') in 0.0107858 seconds
Number of updated asset objects reloaded before import = 0Number of asset objects unloaded after import = 2

========================================================================
Received Import Request.
  Time since last request: 0.000014 seconds.
  path: Assets/World/Effects/WarFX/_Effects (Mobile)/Explosions/WFXMR_Explosion Simple.prefab
  artifactKey: Guid(8f611da60097c85438a2947021f045cf) Importer(2089858483,b0f066a214c2f5e87bad3c948f4d605d)
Start importing Assets/World/Effects/WarFX/_Effects (Mobile)/Explosions/WFXMR_Explosion Simple.prefab using Guid(8f611da60097c85438a2947021f045cf) Importer(2089858483,b0f066a214c2f5e87bad3c948f4d605d) (ScriptedImporter) -> (artifact id: '298e2f93ca85522993f9a58b71828d5f') in 0.0362638 seconds
Number of updated asset objects reloaded before import = 0Number of asset objects unloaded after import = 27

========================================================================
Received Import Request.
  Time since last request: 0.000015 seconds.
  path: Assets/World/Effects/WarFX/_Effects/Smoke/WFX_SmokeGrenade Gray.prefab
  artifactKey: Guid(a24c2dc4ddb2fb34591d1bbab6a8354a) Importer(2089858483,b0f066a214c2f5e87bad3c948f4d605d)
Start importing Assets/World/Effects/WarFX/_Effects/Smoke/WFX_SmokeGrenade Gray.prefab using Guid(a24c2dc4ddb2fb34591d1bbab6a8354a) Importer(2089858483,b0f066a214c2f5e87bad3c948f4d605d) (ScriptedImporter) -> (artifact id: '4d5aa61e1b81d4f2935c97d002c7b1f8') in 0.0241619 seconds
Number of updated asset objects reloaded before import = 0Number of asset objects unloaded after import = 11

========================================================================
Received Import Request.
  Time since last request: 0.000014 seconds.
  path: Assets/World/Effects/WarFX/_Effects (Mobile)/Smoke/WFXMR_SmokeGrenade AlphaBlend Black.prefab
  artifactKey: Guid(c380d2dd36b7ec44cb9ea6098511faa9) Importer(2089858483,b0f066a214c2f5e87bad3c948f4d605d)
Start importing Assets/World/Effects/WarFX/_Effects (Mobile)/Smoke/WFXMR_SmokeGrenade AlphaBlend Black.prefab using Guid(c380d2dd36b7ec44cb9ea6098511faa9) Importer(2089858483,b0f066a214c2f5e87bad3c948f4d605d) (ScriptedImporter) -> (artifact id: '3c59065e47f198afd6f25315fe1000e9') in 0.0250243 seconds
Number of updated asset objects reloaded before import = 0Number of asset objects unloaded after import = 11

========================================================================
Received Import Request.
  Time since last request: 0.000017 seconds.
  path: Assets/World/Environment/Models/Lanterns/Materials/chandelier.mat
  artifactKey: Guid(3c4e43b136e17ac48a53e6b9552138d7) Importer(2089858483,b0f066a214c2f5e87bad3c948f4d605d)
Start importing Assets/World/Environment/Models/Lanterns/Materials/chandelier.mat using Guid(3c4e43b136e17ac48a53e6b9552138d7) Importer(2089858483,b0f066a214c2f5e87bad3c948f4d605d) (ScriptedImporter) -> (artifact id: '7568eaefb13fd77c78ace9657e263381') in 0.011545 seconds
Number of updated asset objects reloaded before import = 0Number of asset objects unloaded after import = 1

========================================================================
Received Import Request.
  Time since last request: 0.000020 seconds.
  path: Assets/World/Environment/Models/Furniture/Materials/wood.mat
  artifactKey: Guid(b1c788bd0300a4c4bbcd49a64b7f2205) Importer(2089858483,b0f066a214c2f5e87bad3c948f4d605d)
Start importing Assets/World/Environment/Models/Furniture/Materials/wood.mat using Guid(b1c788bd0300a4c4bbcd49a64b7f2205) Importer(2089858483,b0f066a214c2f5e87bad3c948f4d605d) (ScriptedImporter) -> (artifact id: 'f9149522b6bfed1aac2f5fcea2f086a9') in 0.0125459 seconds
Number of updated asset objects reloaded before import = 0Number of asset objects unloaded after import = 2

========================================================================
Received Import Request.
  Time since last request: 0.000013 seconds.
  path: Assets/World/Environment/Materials/Furniture/Table/Table Clean.mat
  artifactKey: Guid(49154f34aaa781a449b2d2114a2d4bbd) Importer(2089858483,b0f066a214c2f5e87bad3c948f4d605d)
Start importing Assets/World/Environment/Materials/Furniture/Table/Table Clean.mat using Guid(49154f34aaa781a449b2d2114a2d4bbd) Importer(2089858483,b0f066a214c2f5e87bad3c948f4d605d) (ScriptedImporter) -> (artifact id: 'b3bbdcebc395c130dcbded8fdc64757c') in 0.0127955 seconds
Number of updated asset objects reloaded before import = 0Number of asset objects unloaded after import = 2

========================================================================
Received Import Request.
  Time since last request: 0.000013 seconds.
  path: Assets/World/Environment/Models/Lanterns/Materials/Glass3.mat
  artifactKey: Guid(b6f5e1200c839894ba129dce1ace7d43) Importer(2089858483,b0f066a214c2f5e87bad3c948f4d605d)
Start importing Assets/World/Environment/Models/Lanterns/Materials/Glass3.mat using Guid(b6f5e1200c839894ba129dce1ace7d43) Importer(2089858483,b0f066a214c2f5e87bad3c948f4d605d) (ScriptedImporter) -> (artifact id: '4b1ea05c404bc88b133c9f37f7edab08') in 0.0111328 seconds
Number of updated asset objects reloaded before import = 0Number of asset objects unloaded after import = 1

========================================================================
Received Import Request.
  Time since last request: 0.000014 seconds.
  path: Assets/World/Environment/Materials/Furniture/Shelf/Shelf.mat
  artifactKey: Guid(dd87835a193ae3e4ba4170b733b6f067) Importer(2089858483,b0f066a214c2f5e87bad3c948f4d605d)
Start importing Assets/World/Environment/Materials/Furniture/Shelf/Shelf.mat using Guid(dd87835a193ae3e4ba4170b733b6f067) Importer(2089858483,b0f066a214c2f5e87bad3c948f4d605d) (ScriptedImporter) -> (artifact id: 'efdbc371cfc15fa1e273ce67800d0e5d') in 0.0131414 seconds
Number of updated asset objects reloaded before import = 0Number of asset objects unloaded after import = 2

========================================================================
Received Import Request.
  Time since last request: 0.000015 seconds.
  path: Assets/World/Environment/Materials/Furniture/TV/TV Feet.mat
  artifactKey: Guid(ac132a41641f3424ba0c8051d57f8d44) Importer(2089858483,b0f066a214c2f5e87bad3c948f4d605d)
Start importing Assets/World/Environment/Materials/Furniture/TV/TV Feet.mat using Guid(ac132a41641f3424ba0c8051d57f8d44) Importer(2089858483,b0f066a214c2f5e87bad3c948f4d605d) (ScriptedImporter) -> (artifact id: 'f9253cbd7b47cc3c058820fae8ce976d') in 0.0204496 seconds
Number of updated asset objects reloaded before import = 0Number of asset objects unloaded after import = 1

========================================================================
Received Import Request.
  Time since last request: 0.000013 seconds.
  path: Assets/World/Environment/MeshTerrains/MeshTerrain_2/Textures/normalmap_2048x2048.png
  artifactKey: Guid(36030b14b846ecb42a3ad12b88c724f7) Importer(2089858483,b0f066a214c2f5e87bad3c948f4d605d)
Start importing Assets/World/Environment/MeshTerrains/MeshTerrain_2/Textures/normalmap_2048x2048.png using Guid(36030b14b846ecb42a3ad12b88c724f7) Importer(2089858483,b0f066a214c2f5e87bad3c948f4d605d) (ScriptedImporter) -> (artifact id: '8c1ccc19064b2e8af63bb40da38f80b9') in 0.0122267 seconds
Number of updated asset objects reloaded before import = 0Number of asset objects unloaded after import = 1

========================================================================
Received Import Request.
  Time since last request: 0.000020 seconds.
  path: Assets/World/Environment/Materials/Furniture/TV/TV Screen Surround.mat
  artifactKey: Guid(19e48fc736895ba4ea2dfece806d50b3) Importer(2089858483,b0f066a214c2f5e87bad3c948f4d605d)
Start importing Assets/World/Environment/Materials/Furniture/TV/TV Screen Surround.mat using Guid(19e48fc736895ba4ea2dfece806d50b3) Importer(2089858483,b0f066a214c2f5e87bad3c948f4d605d) (ScriptedImporter) -> (artifact id: 'bf6f4b7a2335af716dfcba34f0b7fd01') in 0.0110188 seconds
Number of updated asset objects reloaded before import = 0Number of asset objects unloaded after import = 1

========================================================================
Received Import Request.
  Time since last request: 0.000016 seconds.
  path: Assets/World/Environment/Models/Lanterns/Materials/Glass5.mat
  artifactKey: Guid(b4b0bc13615b109488ea893949ee304c) Importer(2089858483,b0f066a214c2f5e87bad3c948f4d605d)
Start importing Assets/World/Environment/Models/Lanterns/Materials/Glass5.mat using Guid(b4b0bc13615b109488ea893949ee304c) Importer(2089858483,b0f066a214c2f5e87bad3c948f4d605d) (ScriptedImporter) -> (artifact id: '7f5e30693560a180898f3894d2e155c4') in 0.0122773 seconds
Number of updated asset objects reloaded before import = 0Number of asset objects unloaded after import = 1

========================================================================
Received Import Request.
  Time since last request: 0.000013 seconds.
  path: Assets/World/Environment/Textures/Furniture/Basket_Nrm.tga
  artifactKey: Guid(8579f09d9753943789c80a5fd789c9fa) Importer(2089858483,b0f066a214c2f5e87bad3c948f4d605d)
Start importing Assets/World/Environment/Textures/Furniture/Basket_Nrm.tga using Guid(8579f09d9753943789c80a5fd789c9fa) Importer(2089858483,b0f066a214c2f5e87bad3c948f4d605d) (ScriptedImporter) -> (artifact id: '1073e91b03583874d1b1a3db588f5072') in 0.013907 seconds
Number of updated asset objects reloaded before import = 0Number of asset objects unloaded after import = 1

========================================================================
Received Import Request.
  Time since last request: 0.000012 seconds.
  path: Assets/World/Effects/WarFX/_Effects/Explosions/WFX_ExplosiveSmokeGround Big Alt.prefab
  artifactKey: Guid(3364c97de68d3a147af572d1c71c6455) Importer(2089858483,b0f066a214c2f5e87bad3c948f4d605d)
Start importing Assets/World/Effects/WarFX/_Effects/Explosions/WFX_ExplosiveSmokeGround Big Alt.prefab using Guid(3364c97de68d3a147af572d1c71c6455) Importer(2089858483,b0f066a214c2f5e87bad3c948f4d605d) (ScriptedImporter) -> (artifact id: 'c6e5ace27a2896d4bc7924c624be95da') in 0.0256661 seconds
Number of updated asset objects reloaded before import = 0Number of asset objects unloaded after import = 31

========================================================================
Received Import Request.
  Time since last request: 0.000013 seconds.
  path: Assets/World/Sounds/FX/scary/radioScare.mp3
  artifactKey: Guid(6fc963d788b04b14f807961c93d036d2) Importer(2089858483,b0f066a214c2f5e87bad3c948f4d605d)
Start importing Assets/World/Sounds/FX/scary/radioScare.mp3 using Guid(6fc963d788b04b14f807961c93d036d2) Importer(2089858483,b0f066a214c2f5e87bad3c948f4d605d) (ScriptedImporter) -> (artifact id: '86e708352558aba997bcbb7415cc5a23') in 0.2077741 seconds
Number of updated asset objects reloaded before import = 0Number of asset objects unloaded after import = 1

========================================================================
Received Import Request.
  Time since last request: 0.000022 seconds.
  path: Assets/World/Effects/WarFX/_Effects (Mobile)/Bullet Impacts/WFXMR_BImpact Concrete NoCollision.prefab
  artifactKey: Guid(f04e15e9b0b32f24b9e87868e8bfbeea) Importer(2089858483,b0f066a214c2f5e87bad3c948f4d605d)
Start importing Assets/World/Effects/WarFX/_Effects (Mobile)/Bullet Impacts/WFXMR_BImpact Concrete NoCollision.prefab using Guid(f04e15e9b0b32f24b9e87868e8bfbeea) Importer(2089858483,b0f066a214c2f5e87bad3c948f4d605d) (ScriptedImporter) -> (artifact id: '6ed446bcb5648c707a61b6d01446aee1') in 0.0231229 seconds
Number of updated asset objects reloaded before import = 0Number of asset objects unloaded after import = 15

========================================================================
Received Import Request.
  Time since last request: 0.000013 seconds.
  path: Assets/World/Effects/WarFX/_Effects/Bullet Impacts/WFX_BImpact Wood NoCollision.prefab
  artifactKey: Guid(d39ab699aa314a147969fd483aa55205) Importer(2089858483,b0f066a214c2f5e87bad3c948f4d605d)
Start importing Assets/World/Effects/WarFX/_Effects/Bullet Impacts/WFX_BImpact Wood NoCollision.prefab using Guid(d39ab699aa314a147969fd483aa55205) Importer(2089858483,b0f066a214c2f5e87bad3c948f4d605d) (ScriptedImporter) -> (artifact id: '3803d63dcca110b7464b221751f58d3a') in 0.0243736 seconds
Number of updated asset objects reloaded before import = 0Number of asset objects unloaded after import = 15

========================================================================
Received Import Request.
  Time since last request: 0.000011 seconds.
  path: Assets/World/Environment/Textures/SnowyRoad/Ice/Road DamSnowy3 Marked2_4K_Metalness.tga
  artifactKey: Guid(894c563f39ac69e4ca0b91690926bd6b) Importer(2089858483,b0f066a214c2f5e87bad3c948f4d605d)
Start importing Assets/World/Environment/Textures/SnowyRoad/Ice/Road DamSnowy3 Marked2_4K_Metalness.tga using Guid(894c563f39ac69e4ca0b91690926bd6b) Importer(2089858483,b0f066a214c2f5e87bad3c948f4d605d) (ScriptedImporter) -> (artifact id: 'f1c1a87d38acc00b2445400e79f3e881') in 0.0121067 seconds
Number of updated asset objects reloaded before import = 0Number of asset objects unloaded after import = 1

========================================================================
Received Import Request.
  Time since last request: 0.000011 seconds.
  path: Assets/World/Environment/Textures/SnowyRoad/SnowierRoad/Road DamSnowy3 Marked5_4K_Albedo.tga
  artifactKey: Guid(c8b40cef40ca6404593143bd9ae4bac5) Importer(2089858483,b0f066a214c2f5e87bad3c948f4d605d)
Start importing Assets/World/Environment/Textures/SnowyRoad/SnowierRoad/Road DamSnowy3 Marked5_4K_Albedo.tga using Guid(c8b40cef40ca6404593143bd9ae4bac5) Importer(2089858483,b0f066a214c2f5e87bad3c948f4d605d) (ScriptedImporter) -> (artifact id: '1e47470e8e691453ffeaaa8406209642') in 0.0110259 seconds
Number of updated asset objects reloaded before import = 0Number of asset objects unloaded after import = 1

========================================================================
Received Import Request.
  Time since last request: 0.000015 seconds.
  path: Assets/World/Environment/Textures/SnowyRoad/Ice/Road DamSnowy3 Marked2_4K_Normal.tga
  artifactKey: Guid(530c5df04b5463a488fcc809df6777dc) Importer(2089858483,b0f066a214c2f5e87bad3c948f4d605d)
Start importing Assets/World/Environment/Textures/SnowyRoad/Ice/Road DamSnowy3 Marked2_4K_Normal.tga using Guid(530c5df04b5463a488fcc809df6777dc) Importer(2089858483,b0f066a214c2f5e87bad3c948f4d605d) (ScriptedImporter) -> (artifact id: 'e27b2f45ad58c9c79c80a0f330fab93a') in 0.0136094 seconds
Number of updated asset objects reloaded before import = 0Number of asset objects unloaded after import = 1

========================================================================
Received Import Request.
  Time since last request: 0.000015 seconds.
  path: Assets/World/Environment/Textures/Custom/Materials/wood.mat
  artifactKey: Guid(e7bcc1ec1eb5cb34684a0125eb5feb83) Importer(2089858483,b0f066a214c2f5e87bad3c948f4d605d)
Start importing Assets/World/Environment/Textures/Custom/Materials/wood.mat using Guid(e7bcc1ec1eb5cb34684a0125eb5feb83) Importer(2089858483,b0f066a214c2f5e87bad3c948f4d605d) (ScriptedImporter) -> (artifact id: 'a0ba3acb5cd6ecfe491178a1af807b62') in 0.0211164 seconds
Number of updated asset objects reloaded before import = 0Number of asset objects unloaded after import = 2

========================================================================
Received Import Request.
  Time since last request: 0.000021 seconds.
  path: Assets/World/Environment/Models/PSDs/Table/contents.obv
  artifactKey: Guid(812d7c49ee4b7cf4dbd1908725488e43) Importer(2089858483,b0f066a214c2f5e87bad3c948f4d605d)
Start importing Assets/World/Environment/Models/PSDs/Table/contents.obv using Guid(812d7c49ee4b7cf4dbd1908725488e43) Importer(2089858483,b0f066a214c2f5e87bad3c948f4d605d) (ScriptedImporter) -> (artifact id: '2d923b350d8f97ae4b44a1632323ec7f') in 0.0105676 seconds
Number of updated asset objects reloaded before import = 0Number of asset objects unloaded after import = 1

========================================================================
Received Import Request.
  Time since last request: 0.000015 seconds.
  path: Assets/World/Environment/Textures/SnowyRoad/SnowierRoad/Road DamSnowy3 Marked5_4K_Metalness.tga
  artifactKey: Guid(d69c245ee17e4a34cb62c1198e01b8c0) Importer(2089858483,b0f066a214c2f5e87bad3c948f4d605d)
Start importing Assets/World/Environment/Textures/SnowyRoad/SnowierRoad/Road DamSnowy3 Marked5_4K_Metalness.tga using Guid(d69c245ee17e4a34cb62c1198e01b8c0) Importer(2089858483,b0f066a214c2f5e87bad3c948f4d605d) (ScriptedImporter) -> (artifact id: '8928278248f8e0d28fe2d8516efc5916') in 0.0144365 seconds
Number of updated asset objects reloaded before import = 0Number of asset objects unloaded after import = 1

========================================================================
Received Import Request.
  Time since last request: 0.000015 seconds.
  path: Assets/World/Environment/Textures/SnowyRoad/SnowierRoad/Road DamSnowy3 Marked5_4K_Normal.tga
  artifactKey: Guid(cd97e064dfe859647801be795445b8b0) Importer(2089858483,b0f066a214c2f5e87bad3c948f4d605d)
Start importing Assets/World/Environment/Textures/SnowyRoad/SnowierRoad/Road DamSnowy3 Marked5_4K_Normal.tga using Guid(cd97e064dfe859647801be795445b8b0) Importer(2089858483,b0f066a214c2f5e87bad3c948f4d605d) (ScriptedImporter) -> (artifact id: '476b83e02e0b9a3b2cbb27089d9cc6d4') in 0.0137463 seconds
Number of updated asset objects reloaded before import = 0Number of asset objects unloaded after import = 1

========================================================================
Received Import Request.
  Time since last request: 0.000012 seconds.
  path: Assets/World/Environment/Models/PSDs/Book/contents.obv
  artifactKey: Guid(6aed77264ec70b140af16a0ca8a00614) Importer(2089858483,b0f066a214c2f5e87bad3c948f4d605d)
Start importing Assets/World/Environment/Models/PSDs/Book/contents.obv using Guid(6aed77264ec70b140af16a0ca8a00614) Importer(2089858483,b0f066a214c2f5e87bad3c948f4d605d) (ScriptedImporter) -> (artifact id: '3954fca2cd29bdf5b3157ec7b4344823') in 0.0102076 seconds
Number of updated asset objects reloaded before import = 0Number of asset objects unloaded after import = 1

========================================================================
Received Import Request.
  Time since last request: 0.000012 seconds.
  path: Assets/World/Environment/Textures/SnowyRoad/SnowierRoad/Road DamSnowy3 Marked5_4K_Displacement.tga
  artifactKey: Guid(5852e3205ff2e694bbea66e5bd04434c) Importer(2089858483,b0f066a214c2f5e87bad3c948f4d605d)
Start importing Assets/World/Environment/Textures/SnowyRoad/SnowierRoad/Road DamSnowy3 Marked5_4K_Displacement.tga using Guid(5852e3205ff2e694bbea66e5bd04434c) Importer(2089858483,b0f066a214c2f5e87bad3c948f4d605d) (ScriptedImporter) -> (artifact id: '67f87d4aa8400d34b44ba754d4508c7c') in 0.013091 seconds
Number of updated asset objects reloaded before import = 0Number of asset objects unloaded after import = 1

========================================================================
Received Import Request.
  Time since last request: 0.000016 seconds.
  path: Assets/World/Environment/Models/PSDs/TV/contents.obv
  artifactKey: Guid(8d33c184ee7561d4c84e03eeba006e74) Importer(2089858483,b0f066a214c2f5e87bad3c948f4d605d)
Start importing Assets/World/Environment/Models/PSDs/TV/contents.obv using Guid(8d33c184ee7561d4c84e03eeba006e74) Importer(2089858483,b0f066a214c2f5e87bad3c948f4d605d) (ScriptedImporter) -> (artifact id: '597fec927287ee125d2c54dfc32c814a') in 0.0081169 seconds
Number of updated asset objects reloaded before import = 0Number of asset objects unloaded after import = 1

========================================================================
Received Import Request.
  Time since last request: 0.000021 seconds.
  path: Assets/World/Environment/Models/Lanterns/Materials/Latern5.mat
  artifactKey: Guid(05fc4ada885f1fd47bc3869ecec44457) Importer(2089858483,b0f066a214c2f5e87bad3c948f4d605d)
Start importing Assets/World/Environment/Models/Lanterns/Materials/Latern5.mat using Guid(05fc4ada885f1fd47bc3869ecec44457) Importer(2089858483,b0f066a214c2f5e87bad3c948f4d605d) (ScriptedImporter) -> (artifact id: 'd531942983df81ab2e38525cf77a2332') in 0.0115885 seconds
Number of updated asset objects reloaded before import = 0Number of asset objects unloaded after import = 1

========================================================================
Received Import Request.
  Time since last request: 0.000014 seconds.
  path: Assets/World/Environment/Textures/SnowyRoad/Ice/Road DamSnowy3 Marked2_4K_Gloss.tga
  artifactKey: Guid(9ff44b1c8aa7c214cb949d3132819605) Importer(2089858483,b0f066a214c2f5e87bad3c948f4d605d)
Start importing Assets/World/Environment/Textures/SnowyRoad/Ice/Road DamSnowy3 Marked2_4K_Gloss.tga using Guid(9ff44b1c8aa7c214cb949d3132819605) Importer(2089858483,b0f066a214c2f5e87bad3c948f4d605d) (ScriptedImporter) -> (artifact id: '2b3fbb3df144c58daefd6cabb512fdcc') in 0.0142095 seconds
Number of updated asset objects reloaded before import = 0Number of asset objects unloaded after import = 1

========================================================================
Received Import Request.
  Time since last request: 0.000014 seconds.
  path: Assets/World/Environment/Models/PSDs/TV/TVScreen_Textures_UV_Layouts.psd
  artifactKey: Guid(bd64e03c2a59b6e42acc518fe06187a9) Importer(2089858483,b0f066a214c2f5e87bad3c948f4d605d)
Start importing Assets/World/Environment/Models/PSDs/TV/TVScreen_Textures_UV_Layouts.psd using Guid(bd64e03c2a59b6e42acc518fe06187a9) Importer(2089858483,b0f066a214c2f5e87bad3c948f4d605d) (ScriptedImporter) -> (artifact id: 'b49ed2bb5493dcb8d24daa02c04f17e2') in 0.0131151 seconds
Number of updated asset objects reloaded before import = 0Number of asset objects unloaded after import = 1

========================================================================
Received Import Request.
  Time since last request: 0.000013 seconds.
  path: Assets/World/Environment/Textures/SnowyRoad/Ice2/Road DamSnowy3 Marked4_4K_Albedo.tga
  artifactKey: Guid(0422c8cc19485c044943afe6816c7e08) Importer(2089858483,b0f066a214c2f5e87bad3c948f4d605d)
Start importing Assets/World/Environment/Textures/SnowyRoad/Ice2/Road DamSnowy3 Marked4_4K_Albedo.tga using Guid(0422c8cc19485c044943afe6816c7e08) Importer(2089858483,b0f066a214c2f5e87bad3c948f4d605d) (ScriptedImporter) -> (artifact id: '4f1de305b8fd89819c3a25aab0ed0c59') in 0.0130266 seconds
Number of updated asset objects reloaded before import = 0Number of asset objects unloaded after import = 1

========================================================================
Received Import Request.
  Time since last request: 0.000015 seconds.
  path: Assets/World/Environment/Textures/SnowyRoad/SnowyRoad1/Road DamSnowy3 Marked3_4K_Albedo.tga
  artifactKey: Guid(aaa37892c4605f04c8ed4be5e86ee15b) Importer(2089858483,b0f066a214c2f5e87bad3c948f4d605d)
Start importing Assets/World/Environment/Textures/SnowyRoad/SnowyRoad1/Road DamSnowy3 Marked3_4K_Albedo.tga using Guid(aaa37892c4605f04c8ed4be5e86ee15b) Importer(2089858483,b0f066a214c2f5e87bad3c948f4d605d) (ScriptedImporter) -> (artifact id: 'b7866b6d5000f1622772ba843cfbaff5') in 0.0141267 seconds
Number of updated asset objects reloaded before import = 0Number of asset objects unloaded after import = 1

========================================================================
Received Import Request.
  Time since last request: 0.000018 seconds.
  path: Assets/World/Environment/Textures/Lanterns/Candle3_blueEmission.png
  artifactKey: Guid(e8402a70e478d0e4c89f76d5ca018e13) Importer(2089858483,b0f066a214c2f5e87bad3c948f4d605d)
Start importing Assets/World/Environment/Textures/Lanterns/Candle3_blueEmission.png using Guid(e8402a70e478d0e4c89f76d5ca018e13) Importer(2089858483,b0f066a214c2f5e87bad3c948f4d605d) (ScriptedImporter) -> (artifact id: 'c9a21bdf4351877851b80d35e325e0f8') in 0.0115985 seconds
Number of updated asset objects reloaded before import = 0Number of asset objects unloaded after import = 1

========================================================================
Received Import Request.
  Time since last request: 0.000023 seconds.
  path: Assets/World/Sounds/FX/PlayerWalkSnow/footstepsSnow_02.mp3
  artifactKey: Guid(e0c8cd84682debf4283b23f915cfbd38) Importer(2089858483,b0f066a214c2f5e87bad3c948f4d605d)
Start importing Assets/World/Sounds/FX/PlayerWalkSnow/footstepsSnow_02.mp3 using Guid(e0c8cd84682debf4283b23f915cfbd38) Importer(2089858483,b0f066a214c2f5e87bad3c948f4d605d) (ScriptedImporter) -> (artifact id: '7305cd585756576dc73e3296f418e6a0') in 0.0267641 seconds
Number of updated asset objects reloaded before import = 0Number of asset objects unloaded after import = 1

========================================================================
Received Import Request.
  Time since last request: 0.000017 seconds.
  path: Assets/World/Sounds/FX/Player/walkCSound/walkC1.wav
  artifactKey: Guid(7e26debcc9d39af4780e090d11f3db14) Importer(2089858483,b0f066a214c2f5e87bad3c948f4d605d)
Start importing Assets/World/Sounds/FX/Player/walkCSound/walkC1.wav using Guid(7e26debcc9d39af4780e090d11f3db14) Importer(2089858483,b0f066a214c2f5e87bad3c948f4d605d) (ScriptedImporter) -> (artifact id: '3f45067505ab31613c676f7f34b6137c') in 0.0345953 seconds
Number of updated asset objects reloaded before import = 0Number of asset objects unloaded after import = 1

========================================================================
Received Import Request.
  Time since last request: 0.000012 seconds.
  path: Assets/World/Effects/WarFX/Desktop/Materials/Bullet Holes/WFX_BulletHole Generic Sand.mat
  artifactKey: Guid(bdd14d80d6f714d4ebc207bf6ad3164c) Importer(2089858483,b0f066a214c2f5e87bad3c948f4d605d)
Start importing Assets/World/Effects/WarFX/Desktop/Materials/Bullet Holes/WFX_BulletHole Generic Sand.mat using Guid(bdd14d80d6f714d4ebc207bf6ad3164c) Importer(2089858483,b0f066a214c2f5e87bad3c948f4d605d) (ScriptedImporter) -> (artifact id: '2b8b7e344e36b17f91d554b99ac8810f') in 0.011925 seconds
Number of updated asset objects reloaded before import = 0Number of asset objects unloaded after import = 2

========================================================================
Received Import Request.
  Time since last request: 0.000011 seconds.
  path: Assets/Game/Animations/NPC/Female/Combat/Polearm/HumanF@AttackPolearm01.fbx
  artifactKey: Guid(8427f593ea039e74fb73c8088e896c9a) Importer(2089858483,b0f066a214c2f5e87bad3c948f4d605d)
Start importing Assets/Game/Animations/NPC/Female/Combat/Polearm/HumanF@AttackPolearm01.fbx using Guid(8427f593ea039e74fb73c8088e896c9a) Importer(2089858483,b0f066a214c2f5e87bad3c948f4d605d) (ScriptedImporter) -> (artifact id: 'f647219d7a7126a371106f0bc51ddf1e') in 0.014435 seconds
Number of updated asset objects reloaded before import = 0Number of asset objects unloaded after import = 120

========================================================================
Received Import Request.
  Time since last request: 0.000014 seconds.
  path: Assets/World/Sounds/Music/menu/menuMusic/mainMenu2.wav
  artifactKey: Guid(dbc1bbf69ea94c742a3762e2744534e4) Importer(2089858483,b0f066a214c2f5e87bad3c948f4d605d)
Start importing Assets/World/Sounds/Music/menu/menuMusic/mainMenu2.wav using Guid(dbc1bbf69ea94c742a3762e2744534e4) Importer(2089858483,b0f066a214c2f5e87bad3c948f4d605d) (ScriptedImporter) -> (artifact id: '558bea681b0ed95599b39b8ec37add00') in 0.4320414 seconds
Number of updated asset objects reloaded before import = 0Number of asset objects unloaded after import = 1

========================================================================
Received Import Request.
  Time since last request: 0.000021 seconds.
  path: Assets/Game/AIImport/Human Animations/Unity Demo Scenes/Human Melee Animations/Models/Human_Greatsword.fbx
  artifactKey: Guid(a774989d24c2ed24ba4475823067ad82) Importer(2089858483,b0f066a214c2f5e87bad3c948f4d605d)
Start importing Assets/Game/AIImport/Human Animations/Unity Demo Scenes/Human Melee Animations/Models/Human_Greatsword.fbx using Guid(a774989d24c2ed24ba4475823067ad82) Importer(2089858483,b0f066a214c2f5e87bad3c948f4d605d) (ScriptedImporter) -> (artifact id: '9cc8be9a1d824f62872677b632abba69') in 0.0127598 seconds
Number of updated asset objects reloaded before import = 0Number of asset objects unloaded after import = 7

========================================================================
Received Import Request.
  Time since last request: 0.000011 seconds.
  path: Assets/Game/Animations/NPC/Female/Combat/1H/HumanF@CombatIdle1H01.fbx
  artifactKey: Guid(c163a36c98396ee4488ff914e337cf3c) Importer(2089858483,b0f066a214c2f5e87bad3c948f4d605d)
Start importing Assets/Game/Animations/NPC/Female/Combat/1H/HumanF@CombatIdle1H01.fbx using Guid(c163a36c98396ee4488ff914e337cf3c) Importer(2089858483,b0f066a214c2f5e87bad3c948f4d605d) (ScriptedImporter) -> (artifact id: 'def3fa620b76cbe5776a3a37c1e66181') in 0.0147748 seconds
Number of updated asset objects reloaded before import = 0Number of asset objects unloaded after import = 120

========================================================================
Received Import Request.
  Time since last request: 0.000014 seconds.
  path: Assets/Game/Animations/NPC/Female/Movement/Run/HumanF@Run01_Forward.fbx
  artifactKey: Guid(40786e67f3ceb094b9c00543f295cb5f) Importer(2089858483,b0f066a214c2f5e87bad3c948f4d605d)
Start importing Assets/Game/Animations/NPC/Female/Movement/Run/HumanF@Run01_Forward.fbx using Guid(40786e67f3ceb094b9c00543f295cb5f) Importer(2089858483,b0f066a214c2f5e87bad3c948f4d605d) (ScriptedImporter) -> (artifact id: '2a9e1d439f9af329ba83fe403d4d79e7') in 0.0128779 seconds
Number of updated asset objects reloaded before import = 0Number of asset objects unloaded after import = 120

========================================================================
Received Import Request.
  Time since last request: 0.000011 seconds.
  path: Assets/World/Effects/WarFX/Desktop/Materials/Impacts/WFX_M_Impact Debris.mat
  artifactKey: Guid(dcc19ce42d48d6648a4d66911790b60f) Importer(2089858483,b0f066a214c2f5e87bad3c948f4d605d)
Start importing Assets/World/Effects/WarFX/Desktop/Materials/Impacts/WFX_M_Impact Debris.mat using Guid(dcc19ce42d48d6648a4d66911790b60f) Importer(2089858483,b0f066a214c2f5e87bad3c948f4d605d) (ScriptedImporter) -> (artifact id: '9f800c92ed8764d69c6adc37206cebf8') in 0.0107275 seconds
Number of updated asset objects reloaded before import = 0Number of asset objects unloaded after import = 2

========================================================================
Received Import Request.
  Time since last request: 0.000015 seconds.
  path: Assets/World/Effects/WarFX/Desktop/Materials/Smoke/WFX_M_SmokeScroll SoftMult.mat
  artifactKey: Guid(7cd0317a189d24e488c96376bf32b9e1) Importer(2089858483,b0f066a214c2f5e87bad3c948f4d605d)
Start importing Assets/World/Effects/WarFX/Desktop/Materials/Smoke/WFX_M_SmokeScroll SoftMult.mat using Guid(7cd0317a189d24e488c96376bf32b9e1) Importer(2089858483,b0f066a214c2f5e87bad3c948f4d605d) (ScriptedImporter) -> (artifact id: '17eebbc393f961018d6b7c980ecd4081') in 0.0109934 seconds
Number of updated asset objects reloaded before import = 0Number of asset objects unloaded after import = 2

========================================================================
Received Import Request.
  Time since last request: 0.000015 seconds.
  path: Assets/World/Effects/WarFX/Desktop/Materials/Smoke/WFX_M_ExplosiveSmoke.mat
  artifactKey: Guid(c4934188b933304409ce48e07d589342) Importer(2089858483,b0f066a214c2f5e87bad3c948f4d605d)
Start importing Assets/World/Effects/WarFX/Desktop/Materials/Smoke/WFX_M_ExplosiveSmoke.mat using Guid(c4934188b933304409ce48e07d589342) Importer(2089858483,b0f066a214c2f5e87bad3c948f4d605d) (ScriptedImporter) -> (artifact id: 'e8edc9e72bf00b358ff0cd968ec58729') in 0.0167974 seconds
Number of updated asset objects reloaded before import = 0Number of asset objects unloaded after import = 2

========================================================================
Received Import Request.
  Time since last request: 0.000020 seconds.
  path: Assets/World/Effects/WarFX/Desktop/Materials/Flames/WFX_M_FlameSmall Add.mat
  artifactKey: Guid(ea59cce034c62cd47a59088d1497588f) Importer(2089858483,b0f066a214c2f5e87bad3c948f4d605d)
Start importing Assets/World/Effects/WarFX/Desktop/Materials/Flames/WFX_M_FlameSmall Add.mat using Guid(ea59cce034c62cd47a59088d1497588f) Importer(2089858483,b0f066a214c2f5e87bad3c948f4d605d) (ScriptedImporter) -> (artifact id: '50dcfea4aa7c4017e84c0e4821c38f40') in 0.0109144 seconds
Number of updated asset objects reloaded before import = 0Number of asset objects unloaded after import = 2

========================================================================
Received Import Request.
  Time since last request: 0.000013 seconds.
  path: Assets/World/Effects/WarFX/Desktop/Materials/Flames/WFX_M_FlameBig Add.mat
  artifactKey: Guid(5a595d561ddb2ac4aad808dc54e08e6a) Importer(2089858483,b0f066a214c2f5e87bad3c948f4d605d)
Start importing Assets/World/Effects/WarFX/Desktop/Materials/Flames/WFX_M_FlameBig Add.mat using Guid(5a595d561ddb2ac4aad808dc54e08e6a) Importer(2089858483,b0f066a214c2f5e87bad3c948f4d605d) (ScriptedImporter) -> (artifact id: 'f4e45b4990dfec56b97c7c4ee1ed0d81') in 0.0098157 seconds
Number of updated asset objects reloaded before import = 0Number of asset objects unloaded after import = 2

========================================================================
Received Import Request.
  Time since last request: 0.000011 seconds.
  path: Assets/World/Effects/WarFX/Desktop/Materials/Flames/WFX_M_FlameSmall ScrollAdd.mat
  artifactKey: Guid(654261d22ff230341bd50c7ddb17c2c7) Importer(2089858483,b0f066a214c2f5e87bad3c948f4d605d)
Start importing Assets/World/Effects/WarFX/Desktop/Materials/Flames/WFX_M_FlameSmall ScrollAdd.mat using Guid(654261d22ff230341bd50c7ddb17c2c7) Importer(2089858483,b0f066a214c2f5e87bad3c948f4d605d) (ScriptedImporter) -> (artifact id: 'b9ce4e638ed16a5ada7d64744c17520b') in 0.0112569 seconds
Number of updated asset objects reloaded before import = 0Number of asset objects unloaded after import = 2

========================================================================
Received Import Request.
  Time since last request: 0.000012 seconds.
  path: Assets/World/Effects/WarFX/Desktop/Materials/Misc/WFX_M_GroundGlow Add.mat
  artifactKey: Guid(e0d80b657ecab7c4b9ce24628b2dc682) Importer(2089858483,b0f066a214c2f5e87bad3c948f4d605d)
Start importing Assets/World/Effects/WarFX/Desktop/Materials/Misc/WFX_M_GroundGlow Add.mat using Guid(e0d80b657ecab7c4b9ce24628b2dc682) Importer(2089858483,b0f066a214c2f5e87bad3c948f4d605d) (ScriptedImporter) -> (artifact id: '52447ea54cdf38321e5c409931c230ff') in 0.010325 seconds
Number of updated asset objects reloaded before import = 0Number of asset objects unloaded after import = 2

========================================================================
Received Import Request.
  Time since last request: 0.000012 seconds.
  path: Assets/World/Effects/WarFX/Desktop/Textures/Bullet Holes/WFX_T_BulletHoles Concrete.tga
  artifactKey: Guid(eca10a393fd9c894fa28b8013cedf3cb) Importer(2089858483,b0f066a214c2f5e87bad3c948f4d605d)
Start importing Assets/World/Effects/WarFX/Desktop/Textures/Bullet Holes/WFX_T_BulletHoles Concrete.tga using Guid(eca10a393fd9c894fa28b8013cedf3cb) Importer(2089858483,b0f066a214c2f5e87bad3c948f4d605d) (ScriptedImporter) -> (artifact id: 'cb1925922b6b15d746771d52c2d2d299') in 0.0111494 seconds
Number of updated asset objects reloaded before import = 0Number of asset objects unloaded after import = 1

========================================================================
Received Import Request.
  Time since last request: 0.000017 seconds.
  path: Assets/World/Effects/WarFX/Desktop/Materials/MuzzleFlashes/WFX_M_MF Glow.mat
  artifactKey: Guid(99e588461de51d14a809c357f0191ba9) Importer(2089858483,b0f066a214c2f5e87bad3c948f4d605d)
Start importing Assets/World/Effects/WarFX/Desktop/Materials/MuzzleFlashes/WFX_M_MF Glow.mat using Guid(99e588461de51d14a809c357f0191ba9) Importer(2089858483,b0f066a214c2f5e87bad3c948f4d605d) (ScriptedImporter) -> (artifact id: '69058b2b7a1f7fe882e5a83172f34e07') in 0.0105567 seconds
Number of updated asset objects reloaded before import = 0Number of asset objects unloaded after import = 2

========================================================================
Received Import Request.
  Time since last request: 0.000021 seconds.
  path: Assets/Game/Animations/NPC/Female/Movement/Run/HumanF@Run01_Right.fbx
  artifactKey: Guid(e4554e344c29aeb4087271d927e625f2) Importer(2089858483,b0f066a214c2f5e87bad3c948f4d605d)
Start importing Assets/Game/Animations/NPC/Female/Movement/Run/HumanF@Run01_Right.fbx using Guid(e4554e344c29aeb4087271d927e625f2) Importer(2089858483,b0f066a214c2f5e87bad3c948f4d605d) (ScriptedImporter) -> (artifact id: 'aa9a610d44788f97caf53b729be54937') in 0.0141728 seconds
Number of updated asset objects reloaded before import = 0Number of asset objects unloaded after import = 120

========================================================================
Received Import Request.
  Time since last request: 0.000013 seconds.
  path: Assets/Game/AIImport/Human Animations/Unity Demo Scenes/Human Melee Animations/Models/Human_Dagger.fbx
  artifactKey: Guid(6621997c29e39374fb059ab949e34f94) Importer(2089858483,b0f066a214c2f5e87bad3c948f4d605d)
Start importing Assets/Game/AIImport/Human Animations/Unity Demo Scenes/Human Melee Animations/Models/Human_Dagger.fbx using Guid(6621997c29e39374fb059ab949e34f94) Importer(2089858483,b0f066a214c2f5e87bad3c948f4d605d) (ScriptedImporter) -> (artifact id: '1b7ae4b3c7aa55d947c26fc3c8959553') in 0.0099758 seconds
Number of updated asset objects reloaded before import = 0Number of asset objects unloaded after import = 7

========================================================================
Received Import Request.
  Time since last request: 0.000013 seconds.
  path: Assets/World/Effects/WarFX/Desktop/Materials/Bullet Holes/WFX_BulletHole Metal Lighted.mat
  artifactKey: Guid(4775d7a61c94a87418fe5ebc4f938090) Importer(2089858483,b0f066a214c2f5e87bad3c948f4d605d)
Start importing Assets/World/Effects/WarFX/Desktop/Materials/Bullet Holes/WFX_BulletHole Metal Lighted.mat using Guid(4775d7a61c94a87418fe5ebc4f938090) Importer(2089858483,b0f066a214c2f5e87bad3c948f4d605d) (ScriptedImporter) -> (artifact id: '8ce588a5e75a6c5a6dbfd56baa8c2b3b') in 0.0105424 seconds
Number of updated asset objects reloaded before import = 0Number of asset objects unloaded after import = 2

========================================================================
Received Import Request.
  Time since last request: 0.000013 seconds.
  path: Assets/World/Sounds/FX/Player/lantern/lanternFadeIn.wav
  artifactKey: Guid(ffd656c72b6086943b9e36845ceb37f1) Importer(2089858483,b0f066a214c2f5e87bad3c948f4d605d)
Start importing Assets/World/Sounds/FX/Player/lantern/lanternFadeIn.wav using Guid(ffd656c72b6086943b9e36845ceb37f1) Importer(2089858483,b0f066a214c2f5e87bad3c948f4d605d) (ScriptedImporter) -> (artifact id: 'd849c484b5f27213599d5b498555e721') in 0.0257194 seconds
Number of updated asset objects reloaded before import = 0Number of asset objects unloaded after import = 1

========================================================================
Received Import Request.
  Time since last request: 0.000012 seconds.
  path: Assets/Game/Animations/NPC/Male/Combat/Polearm/HumanM@AttackPolearm01.fbx
  artifactKey: Guid(04d7996e4b80c684a97630c930541aff) Importer(2089858483,b0f066a214c2f5e87bad3c948f4d605d)
Start importing Assets/Game/Animations/NPC/Male/Combat/Polearm/HumanM@AttackPolearm01.fbx using Guid(04d7996e4b80c684a97630c930541aff) Importer(2089858483,b0f066a214c2f5e87bad3c948f4d605d) (ScriptedImporter) -> (artifact id: '07741d8a12a4c85e98be18223c8ed88f') in 0.0158678 seconds
Number of updated asset objects reloaded before import = 0Number of asset objects unloaded after import = 120

========================================================================
Received Import Request.
  Time since last request: 0.000017 seconds.
  path: Assets/World/Effects/WarFX/Desktop/Textures/MuzzleFlashes/WFX_T_MF Sparks RIFLE1 A8.tga
  artifactKey: Guid(9bece53dc19e3a040bcb3277a7721499) Importer(2089858483,b0f066a214c2f5e87bad3c948f4d605d)
Start importing Assets/World/Effects/WarFX/Desktop/Textures/MuzzleFlashes/WFX_T_MF Sparks RIFLE1 A8.tga using Guid(9bece53dc19e3a040bcb3277a7721499) Importer(2089858483,b0f066a214c2f5e87bad3c948f4d605d) (ScriptedImporter) -> (artifact id: 'c727be91d3d6b048b28bcf0405e63d5d') in 0.0117958 seconds
Number of updated asset objects reloaded before import = 0Number of asset objects unloaded after import = 1

========================================================================
Received Import Request.
  Time since last request: 0.000020 seconds.
  path: Assets/World/Effects/WarFX/Desktop/Textures/Misc/WFX_T_Sparks Metal A8.png
  artifactKey: Guid(12c8a95ddc5cf3f42845dd67d4806a43) Importer(2089858483,b0f066a214c2f5e87bad3c948f4d605d)
Start importing Assets/World/Effects/WarFX/Desktop/Textures/Misc/WFX_T_Sparks Metal A8.png using Guid(12c8a95ddc5cf3f42845dd67d4806a43) Importer(2089858483,b0f066a214c2f5e87bad3c948f4d605d) (ScriptedImporter) -> (artifact id: 'ae1f8c7e63846911ce1d57264b37b5d5') in 0.0098492 seconds
Number of updated asset objects reloaded before import = 0Number of asset objects unloaded after import = 1

========================================================================
Received Import Request.
  Time since last request: 0.000013 seconds.
  path: Assets/World/Effects/WarFX/Mobile/Materials/Bullet Holes/WFXM_BulletHole Generic Dirt.mat
  artifactKey: Guid(12e384003051d804d826efc716fc5f73) Importer(2089858483,b0f066a214c2f5e87bad3c948f4d605d)
Start importing Assets/World/Effects/WarFX/Mobile/Materials/Bullet Holes/WFXM_BulletHole Generic Dirt.mat using Guid(12e384003051d804d826efc716fc5f73) Importer(2089858483,b0f066a214c2f5e87bad3c948f4d605d) (ScriptedImporter) -> (artifact id: '0c3936c5749f141074df1f96ce495e93') in 0.0103511 seconds
Number of updated asset objects reloaded before import = 0Number of asset objects unloaded after import = 2

========================================================================
Received Import Request.
  Time since last request: 0.000014 seconds.
  path: Assets/World/Effects/WarFX/Desktop/Textures/MuzzleFlashes/WFX_T_MF Side RIFLE3 A8.png
  artifactKey: Guid(0c536cd41eb26c84880ad44b182415fd) Importer(2089858483,b0f066a214c2f5e87bad3c948f4d605d)
Start importing Assets/World/Effects/WarFX/Desktop/Textures/MuzzleFlashes/WFX_T_MF Side RIFLE3 A8.png using Guid(0c536cd41eb26c84880ad44b182415fd) Importer(2089858483,b0f066a214c2f5e87bad3c948f4d605d) (ScriptedImporter) -> (artifact id: '7c612751173b2d2d6426209d08b4aaac') in 0.012178 seconds
Number of updated asset objects reloaded before import = 0Number of asset objects unloaded after import = 1

========================================================================
Received Import Request.
  Time since last request: 0.000010 seconds.
  path: Assets/World/Effects/WarFX/Mobile/Materials/Bullet Holes/WFXM_BulletHole Wood Lighted.mat
  artifactKey: Guid(22e274cec6ea8674cb2d4015a3fe1770) Importer(2089858483,b0f066a214c2f5e87bad3c948f4d605d)
Start importing Assets/World/Effects/WarFX/Mobile/Materials/Bullet Holes/WFXM_BulletHole Wood Lighted.mat using Guid(22e274cec6ea8674cb2d4015a3fe1770) Importer(2089858483,b0f066a214c2f5e87bad3c948f4d605d) (ScriptedImporter) -> (artifact id: 'd895a2c2723c4d80e80d7d41309b7b0d') in 0.0105467 seconds
Number of updated asset objects reloaded before import = 0Number of asset objects unloaded after import = 2

========================================================================
Received Import Request.
  Time since last request: 0.000013 seconds.
  path: Assets/World/Effects/WarFX/Mobile/Materials/Impacts/WFXM_M_Impact WoodDebris.mat
  artifactKey: Guid(524fb5b3e56449d48a919f31f3de5694) Importer(2089858483,b0f066a214c2f5e87bad3c948f4d605d)
Start importing Assets/World/Effects/WarFX/Mobile/Materials/Impacts/WFXM_M_Impact WoodDebris.mat using Guid(524fb5b3e56449d48a919f31f3de5694) Importer(2089858483,b0f066a214c2f5e87bad3c948f4d605d) (ScriptedImporter) -> (artifact id: '1a9ca38117bef3e4272aaf6c7ed3d567') in 0.0196065 seconds
Number of updated asset objects reloaded before import = 0Number of asset objects unloaded after import = 2

========================================================================
Received Import Request.
  Time since last request: 0.000013 seconds.
  path: Assets/World/Effects/WarFX/Desktop/Textures/MuzzleFlashes/WFX_T_MF Side RIFLE2 A8.png
  artifactKey: Guid(c9fc1cb53157aa04a9b2db5336bbd75f) Importer(2089858483,b0f066a214c2f5e87bad3c948f4d605d)
Start importing Assets/World/Effects/WarFX/Desktop/Textures/MuzzleFlashes/WFX_T_MF Side RIFLE2 A8.png using Guid(c9fc1cb53157aa04a9b2db5336bbd75f) Importer(2089858483,b0f066a214c2f5e87bad3c948f4d605d) (ScriptedImporter) -> (artifact id: '7ef4af774b53e8ea3e12e405a9f97b02') in 0.0142523 seconds
Number of updated asset objects reloaded before import = 0Number of asset objects unloaded after import = 1

========================================================================
Received Import Request.
  Time since last request: 0.000021 seconds.
  path: Assets/World/Effects/WarFX/Desktop/Textures/MuzzleFlashes/WFX_T_MF FrontRear RIFLE3 A8.png
  artifactKey: Guid(6de2876ac79ff9642a6dc07ef232a0aa) Importer(2089858483,b0f066a214c2f5e87bad3c948f4d605d)
Start importing Assets/World/Effects/WarFX/Desktop/Textures/MuzzleFlashes/WFX_T_MF FrontRear RIFLE3 A8.png using Guid(6de2876ac79ff9642a6dc07ef232a0aa) Importer(2089858483,b0f066a214c2f5e87bad3c948f4d605d) (ScriptedImporter) -> (artifact id: 'db285759825f7252b5e9ed7f662c9980') in 0.0120389 seconds
Number of updated asset objects reloaded before import = 0Number of asset objects unloaded after import = 1

========================================================================
Received Import Request.
  Time since last request: 0.000010 seconds.
  path: Assets/World/Effects/WarFX/Desktop/Textures/Flames/WFX_T_FlamesBig.tga
  artifactKey: Guid(630c7e341b44a8943bcef0e113fa837b) Importer(2089858483,b0f066a214c2f5e87bad3c948f4d605d)
Start importing Assets/World/Effects/WarFX/Desktop/Textures/Flames/WFX_T_FlamesBig.tga using Guid(630c7e341b44a8943bcef0e113fa837b) Importer(2089858483,b0f066a214c2f5e87bad3c948f4d605d) (ScriptedImporter) -> (artifact id: '9440ee9cfd77060c038d6b047759b1ea') in 0.0115999 seconds
Number of updated asset objects reloaded before import = 0Number of asset objects unloaded after import = 1

========================================================================
Received Import Request.
  Time since last request: 0.000016 seconds.
  path: Assets/World/Effects/WarFX/Desktop/Textures/Bullet Holes/WFX_T_BulletHoles Wood.tga
  artifactKey: Guid(89d0c674ad2352b469bf11932fcb9711) Importer(2089858483,b0f066a214c2f5e87bad3c948f4d605d)
Start importing Assets/World/Effects/WarFX/Desktop/Textures/Bullet Holes/WFX_T_BulletHoles Wood.tga using Guid(89d0c674ad2352b469bf11932fcb9711) Importer(2089858483,b0f066a214c2f5e87bad3c948f4d605d) (ScriptedImporter) -> (artifact id: '8d8611c7abf908f19c3db7ce70edb24e') in 0.0111695 seconds
Number of updated asset objects reloaded before import = 0Number of asset objects unloaded after import = 1

========================================================================
Received Import Request.
  Time since last request: 0.000013 seconds.
  path: Assets/World/Effects/WarFX/Desktop/Textures/Flames/WFX_T_FlameMine A8.tga
  artifactKey: Guid(695bd719abfceb844bd7ffb49080f36a) Importer(2089858483,b0f066a214c2f5e87bad3c948f4d605d)
Start importing Assets/World/Effects/WarFX/Desktop/Textures/Flames/WFX_T_FlameMine A8.tga using Guid(695bd719abfceb844bd7ffb49080f36a) Importer(2089858483,b0f066a214c2f5e87bad3c948f4d605d) (ScriptedImporter) -> (artifact id: '20723c0503b0432f1083b9a83592cb26') in 0.0107575 seconds
Number of updated asset objects reloaded before import = 0Number of asset objects unloaded after import = 1

========================================================================
Received Import Request.
  Time since last request: 0.000012 seconds.
  path: Assets/World/Effects/WarFX/Desktop/Textures/Flames/WFX_T_FlameThrower Stream.tga
  artifactKey: Guid(df7c63e268a99654a9238a1e528a793c) Importer(2089858483,b0f066a214c2f5e87bad3c948f4d605d)
Start importing Assets/World/Effects/WarFX/Desktop/Textures/Flames/WFX_T_FlameThrower Stream.tga using Guid(df7c63e268a99654a9238a1e528a793c) Importer(2089858483,b0f066a214c2f5e87bad3c948f4d605d) (ScriptedImporter) -> (artifact id: '170604ff32bfa0fb90e445adb3689e52') in 0.0102019 seconds
Number of updated asset objects reloaded before import = 0Number of asset objects unloaded after import = 1

========================================================================
Received Import Request.
  Time since last request: 0.000017 seconds.
  path: Assets/Game/Animations/NPC/Female/Movement/Run/HumanF@Run01_Backward.fbx
  artifactKey: Guid(b7ff898919f115a4095d79af0129756f) Importer(2089858483,b0f066a214c2f5e87bad3c948f4d605d)
Start importing Assets/Game/Animations/NPC/Female/Movement/Run/HumanF@Run01_Backward.fbx using Guid(b7ff898919f115a4095d79af0129756f) Importer(2089858483,b0f066a214c2f5e87bad3c948f4d605d) (ScriptedImporter) -> (artifact id: 'a811b6b4daad21d8533846b2612ce18a') in 0.0133063 seconds
Number of updated asset objects reloaded before import = 0Number of asset objects unloaded after import = 120

========================================================================
Received Import Request.
  Time since last request: 0.000020 seconds.
  path: Assets/World/Effects/WarFX/Mobile/Materials/Smoke/WFXM_M_Smoke.mat
  artifactKey: Guid(ca243e5facda6f94ca9d9469e235f1fe) Importer(2089858483,b0f066a214c2f5e87bad3c948f4d605d)
Start importing Assets/World/Effects/WarFX/Mobile/Materials/Smoke/WFXM_M_Smoke.mat using Guid(ca243e5facda6f94ca9d9469e235f1fe) Importer(2089858483,b0f066a214c2f5e87bad3c948f4d605d) (ScriptedImporter) -> (artifact id: '59682dcc7c8a77c71670ca8e4f0c1575') in 0.0111604 seconds
Number of updated asset objects reloaded before import = 0Number of asset objects unloaded after import = 2

========================================================================
Received Import Request.
  Time since last request: 0.000012 seconds.
  path: Assets/World/Effects/WarFX/Mobile/Materials/Smoke/WFXM_M_SmokeScroll Add.mat
  artifactKey: Guid(ac5e326588327d841b2501709f9b491e) Importer(2089858483,b0f066a214c2f5e87bad3c948f4d605d)
Start importing Assets/World/Effects/WarFX/Mobile/Materials/Smoke/WFXM_M_SmokeScroll Add.mat using Guid(ac5e326588327d841b2501709f9b491e) Importer(2089858483,b0f066a214c2f5e87bad3c948f4d605d) (ScriptedImporter) -> (artifact id: '280cae6f88747c1a8ce1f0869df1b0fc') in 0.0096085 seconds
Number of updated asset objects reloaded before import = 0Number of asset objects unloaded after import = 2

========================================================================
Received Import Request.
  Time since last request: 0.000014 seconds.
  path: Assets/World/Effects/WarFX/Mobile/Materials/Smoke/WFXM_M_SmokeScroll SoftMult Average.mat
  artifactKey: Guid(9ca9f155195f14e4ebcae976fd798028) Importer(2089858483,b0f066a214c2f5e87bad3c948f4d605d)
Start importing Assets/World/Effects/WarFX/Mobile/Materials/Smoke/WFXM_M_SmokeScroll SoftMult Average.mat using Guid(9ca9f155195f14e4ebcae976fd798028) Importer(2089858483,b0f066a214c2f5e87bad3c948f4d605d) (ScriptedImporter) -> (artifact id: '76773d83c36fb41ce105ea9bd3b92c10') in 0.0109966 seconds
Number of updated asset objects reloaded before import = 0Number of asset objects unloaded after import = 2

========================================================================
Received Import Request.
  Time since last request: 0.000012 seconds.
  path: Assets/World/Effects/WarFX/Mobile/Textures/Misc/WFXM_T_SmallDots Inversed A8.png
  artifactKey: Guid(9a1e633d22202b34eb4618124e2fbae9) Importer(2089858483,b0f066a214c2f5e87bad3c948f4d605d)
Start importing Assets/World/Effects/WarFX/Mobile/Textures/Misc/WFXM_T_SmallDots Inversed A8.png using Guid(9a1e633d22202b34eb4618124e2fbae9) Importer(2089858483,b0f066a214c2f5e87bad3c948f4d605d) (ScriptedImporter) -> (artifact id: '5f64725a9034ef605ee91e7be9cba6c1') in 0.0112786 seconds
Number of updated asset objects reloaded before import = 0Number of asset objects unloaded after import = 1

========================================================================
Received Import Request.
  Time since last request: 0.000014 seconds.
  path: Assets/World/Effects/WarFX/Mobile/Textures/Flames/WFXM_T_StarFlames A8.tga
  artifactKey: Guid(71c03ef0f48f1e849a487c848205d05b) Importer(2089858483,b0f066a214c2f5e87bad3c948f4d605d)
Start importing Assets/World/Effects/WarFX/Mobile/Textures/Flames/WFXM_T_StarFlames A8.tga using Guid(71c03ef0f48f1e849a487c848205d05b) Importer(2089858483,b0f066a214c2f5e87bad3c948f4d605d) (ScriptedImporter) -> (artifact id: '5b9fd48e47d44e9ea5335b80857dbd89') in 0.0112025 seconds
Number of updated asset objects reloaded before import = 0Number of asset objects unloaded after import = 1

========================================================================
Received Import Request.
  Time since last request: 0.000019 seconds.
  path: Assets/World/Effects/WarFX/Mobile/Materials/Misc/WFXM_M_GlowPalet Add.mat
  artifactKey: Guid(2f247612a97dc9646b9624cf12731e38) Importer(2089858483,b0f066a214c2f5e87bad3c948f4d605d)
Start importing Assets/World/Effects/WarFX/Mobile/Materials/Misc/WFXM_M_GlowPalet Add.mat using Guid(2f247612a97dc9646b9624cf12731e38) Importer(2089858483,b0f066a214c2f5e87bad3c948f4d605d) (ScriptedImporter) -> (artifact id: 'f6b3c519ac57b595dd296fb59bd9a9b0') in 0.0106684 seconds
Number of updated asset objects reloaded before import = 0Number of asset objects unloaded after import = 2

========================================================================
Received Import Request.
  Time since last request: 0.000021 seconds.
  path: Assets/World/Effects/WarFX/Mobile/Materials/MuzzleFlashes/WFXM_M_MF FrontRear RIFLE1.mat
  artifactKey: Guid(7fb70de7974e0404cae2a4b3124fce2b) Importer(2089858483,b0f066a214c2f5e87bad3c948f4d605d)
Start importing Assets/World/Effects/WarFX/Mobile/Materials/MuzzleFlashes/WFXM_M_MF FrontRear RIFLE1.mat using Guid(7fb70de7974e0404cae2a4b3124fce2b) Importer(2089858483,b0f066a214c2f5e87bad3c948f4d605d) (ScriptedImporter) -> (artifact id: '5e1a60818b8759910b7de8a0878d8537') in 0.0106839 seconds
Number of updated asset objects reloaded before import = 0Number of asset objects unloaded after import = 2

========================================================================
Received Import Request.
  Time since last request: 0.000013 seconds.
  path: Assets/World/Effects/WarFX/Mobile/Textures/Misc/WFXM_T_StretchPalet A8.png
  artifactKey: Guid(bdd7225e9443e81479ea7d5852056dbb) Importer(2089858483,b0f066a214c2f5e87bad3c948f4d605d)
Start importing Assets/World/Effects/WarFX/Mobile/Textures/Misc/WFXM_T_StretchPalet A8.png using Guid(bdd7225e9443e81479ea7d5852056dbb) Importer(2089858483,b0f066a214c2f5e87bad3c948f4d605d) (ScriptedImporter) -> (artifact id: '061a35871d4d183a1cf137f2e238182f') in 0.0100631 seconds
Number of updated asset objects reloaded before import = 0Number of asset objects unloaded after import = 1

========================================================================
Received Import Request.
  Time since last request: 0.000013 seconds.
  path: Assets/World/Effects/WarFX/Mobile/Materials/MuzzleFlashes/WFXM_M_MF Side RIFLE3.mat
  artifactKey: Guid(b71afc5edbc2da1479a3af6d2cb56d08) Importer(2089858483,b0f066a214c2f5e87bad3c948f4d605d)
Start importing Assets/World/Effects/WarFX/Mobile/Materials/MuzzleFlashes/WFXM_M_MF Side RIFLE3.mat using Guid(b71afc5edbc2da1479a3af6d2cb56d08) Importer(2089858483,b0f066a214c2f5e87bad3c948f4d605d) (ScriptedImporter) -> (artifact id: 'e6ae08125f7d2793eb744eca3a24f501') in 0.0101718 seconds
Number of updated asset objects reloaded before import = 0Number of asset objects unloaded after import = 2

========================================================================
Received Import Request.
  Time since last request: 0.000011 seconds.
  path: Assets/World/Effects/WarFX/Mobile/Materials/MuzzleFlashes/WFXM_M_MF Sparks RIFLE3.mat
  artifactKey: Guid(e177f0751f2e83247a552614d8363cca) Importer(2089858483,b0f066a214c2f5e87bad3c948f4d605d)
Start importing Assets/World/Effects/WarFX/Mobile/Materials/MuzzleFlashes/WFXM_M_MF Sparks RIFLE3.mat using Guid(e177f0751f2e83247a552614d8363cca) Importer(2089858483,b0f066a214c2f5e87bad3c948f4d605d) (ScriptedImporter) -> (artifact id: '36a2d0eed694ec8a47f490f8ac76513a') in 0.0112707 seconds
Number of updated asset objects reloaded before import = 0Number of asset objects unloaded after import = 2

========================================================================
Received Import Request.
  Time since last request: 0.000012 seconds.
  path: Assets/World/Effects/WarFX/Mobile/Textures/Flames/WFXM_T_NukeFlames.tga
  artifactKey: Guid(b0f27e4f35172fe46aa755afaafdb432) Importer(2089858483,b0f066a214c2f5e87bad3c948f4d605d)
Start importing Assets/World/Effects/WarFX/Mobile/Textures/Flames/WFXM_T_NukeFlames.tga using Guid(b0f27e4f35172fe46aa755afaafdb432) Importer(2089858483,b0f066a214c2f5e87bad3c948f4d605d) (ScriptedImporter) -> (artifact id: '1ef3bc76b6fde2c9ffc0cf9698b8b26b') in 0.0109565 seconds
Number of updated asset objects reloaded before import = 0Number of asset objects unloaded after import = 1

========================================================================
Received Import Request.
  Time since last request: 0.000014 seconds.
  path: Assets/World/Effects/WarFX/Mobile/Materials/MuzzleFlashes/WFXM_M_MF Glow.mat
  artifactKey: Guid(5cd541080cf73ee4bbe682724bd0887b) Importer(2089858483,b0f066a214c2f5e87bad3c948f4d605d)
Start importing Assets/World/Effects/WarFX/Mobile/Materials/MuzzleFlashes/WFXM_M_MF Glow.mat using Guid(5cd541080cf73ee4bbe682724bd0887b) Importer(2089858483,b0f066a214c2f5e87bad3c948f4d605d) (ScriptedImporter) -> (artifact id: '73650d681c7927dd312628853d8562b4') in 0.011963 seconds
Number of updated asset objects reloaded before import = 0Number of asset objects unloaded after import = 2

========================================================================
Received Import Request.
  Time since last request: 0.000016 seconds.
  path: Assets/World/Effects/WarFX/Mobile/Textures/Misc/WFXM_T_GlowCircle A8.png
  artifactKey: Guid(7c2db9e29dacb944d83a81c1168acd36) Importer(2089858483,b0f066a214c2f5e87bad3c948f4d605d)
Start importing Assets/World/Effects/WarFX/Mobile/Textures/Misc/WFXM_T_GlowCircle A8.png using Guid(7c2db9e29dacb944d83a81c1168acd36) Importer(2089858483,b0f066a214c2f5e87bad3c948f4d605d) (ScriptedImporter) -> (artifact id: '38b138b80538b8575363b4a2d506925f') in 0.0109456 seconds
Number of updated asset objects reloaded before import = 0Number of asset objects unloaded after import = 1

========================================================================
Received Import Request.
  Time since last request: 0.000011 seconds.
  path: Assets/World/Effects/WarFX/_Effects/MuzzleFlashes/FPS/WFX_MF FPS RIFLE1.prefab
  artifactKey: Guid(30b4cc2728d8cec499fad63ba93785a4) Importer(2089858483,b0f066a214c2f5e87bad3c948f4d605d)
Start importing Assets/World/Effects/WarFX/_Effects/MuzzleFlashes/FPS/WFX_MF FPS RIFLE1.prefab using Guid(30b4cc2728d8cec499fad63ba93785a4) Importer(2089858483,b0f066a214c2f5e87bad3c948f4d605d) (ScriptedImporter) -> (artifact id: 'a6af2ad7ecacd0a72348d8933d1d8840') in 0.0337325 seconds
Number of updated asset objects reloaded before import = 0Number of asset objects unloaded after import = 19

========================================================================
Received Import Request.
  Time since last request: 0.000019 seconds.
  path: Assets/World/Effects/WarFX/Mobile/Textures/MuzzleFlashes/WFXM_T_MF Sparks RIFLE2 A8.tga
  artifactKey: Guid(e5bdef96f2433ec48bd681d41f37d62c) Importer(2089858483,b0f066a214c2f5e87bad3c948f4d605d)
Start importing Assets/World/Effects/WarFX/Mobile/Textures/MuzzleFlashes/WFXM_T_MF Sparks RIFLE2 A8.tga using Guid(e5bdef96f2433ec48bd681d41f37d62c) Importer(2089858483,b0f066a214c2f5e87bad3c948f4d605d) (ScriptedImporter) -> (artifact id: 'fdb38c10121d4c801a0d1e4504a00178') in 0.0128464 seconds
Number of updated asset objects reloaded before import = 0Number of asset objects unloaded after import = 1

========================================================================
Received Import Request.
  Time since last request: 0.000013 seconds.
  path: Assets/World/Effects/WarFX/_Effects/MuzzleFlashes/4Planes/WFX_MF 4P RIFLE3.prefab
  artifactKey: Guid(f47cb9d88f4bc6c4bb7441e962c2c1a5) Importer(2089858483,b0f066a214c2f5e87bad3c948f4d605d)
Start importing Assets/World/Effects/WarFX/_Effects/MuzzleFlashes/4Planes/WFX_MF 4P RIFLE3.prefab using Guid(f47cb9d88f4bc6c4bb7441e962c2c1a5) Importer(2089858483,b0f066a214c2f5e87bad3c948f4d605d) (ScriptedImporter) -> (artifact id: '2bcb92b671bde7c4488acdad52227927') in 0.023167 seconds
Number of updated asset objects reloaded before import = 0Number of asset objects unloaded after import = 31

========================================================================
Received Import Request.
  Time since last request: 0.000013 seconds.
  path: Assets/World/Effects/WarFX/_Effects/Fire/No Smoke/WFX_Fire Natural (No Smoke).prefab
  artifactKey: Guid(b3167a8e5b4bb9541be8e07f4fac8355) Importer(2089858483,b0f066a214c2f5e87bad3c948f4d605d)
Start importing Assets/World/Effects/WarFX/_Effects/Fire/No Smoke/WFX_Fire Natural (No Smoke).prefab using Guid(b3167a8e5b4bb9541be8e07f4fac8355) Importer(2089858483,b0f066a214c2f5e87bad3c948f4d605d) (ScriptedImporter) -> (artifact id: '45314c837c205b3900be613ddd555ce8') in 0.0199552 seconds
Number of updated asset objects reloaded before import = 0Number of asset objects unloaded after import = 11

========================================================================
Received Import Request.
  Time since last request: 0.000021 seconds.
  path: Assets/World/Effects/WarFX/Mobile/Textures/MuzzleFlashes/WFXM_T_MF FrontRear RIFLE3 A8.png
  artifactKey: Guid(aeeac1cbcdb85f8418831699803bd60f) Importer(2089858483,b0f066a214c2f5e87bad3c948f4d605d)
Start importing Assets/World/Effects/WarFX/Mobile/Textures/MuzzleFlashes/WFXM_T_MF FrontRear RIFLE3 A8.png using Guid(aeeac1cbcdb85f8418831699803bd60f) Importer(2089858483,b0f066a214c2f5e87bad3c948f4d605d) (ScriptedImporter) -> (artifact id: '2532b05bab2585ce6dde48d12b24b183') in 0.013672 seconds
Number of updated asset objects reloaded before import = 0Number of asset objects unloaded after import = 1

========================================================================
Received Import Request.
  Time since last request: 0.000013 seconds.
  path: Assets/World/Effects/WarFX/_Effects/MuzzleFlashes/Sprites/WFX_MF Spr RIFLE1.prefab
  artifactKey: Guid(7e9c50938e32351438a7df9ccad2f2a5) Importer(2089858483,b0f066a214c2f5e87bad3c948f4d605d)
Start importing Assets/World/Effects/WarFX/_Effects/MuzzleFlashes/Sprites/WFX_MF Spr RIFLE1.prefab using Guid(7e9c50938e32351438a7df9ccad2f2a5) Importer(2089858483,b0f066a214c2f5e87bad3c948f4d605d) (ScriptedImporter) -> (artifact id: '1d7174139e6b44ab4c046dd117d05706') in 0.0271296 seconds
Number of updated asset objects reloaded before import = 0Number of asset objects unloaded after import = 23

========================================================================
Received Import Request.
  Time since last request: 0.000013 seconds.
  path: Assets/World/Effects/WarFX/Mobile/Textures/Smoke/WFXM_T_SmokeNoise.tga
  artifactKey: Guid(d9e7467f4890a244083c45417bc31ab4) Importer(2089858483,b0f066a214c2f5e87bad3c948f4d605d)
Start importing Assets/World/Effects/WarFX/Mobile/Textures/Smoke/WFXM_T_SmokeNoise.tga using Guid(d9e7467f4890a244083c45417bc31ab4) Importer(2089858483,b0f066a214c2f5e87bad3c948f4d605d) (ScriptedImporter) -> (artifact id: '303fc711f6398514e29c168dbcac11ba') in 0.0118489 seconds
Number of updated asset objects reloaded before import = 0Number of asset objects unloaded after import = 1

========================================================================
Received Import Request.
  Time since last request: 0.000013 seconds.
  path: Assets/World/Effects/WarFX/_Effects/Fire/Black Smoke/WFX_Fire Natural Broad (Black Smoke).prefab
  artifactKey: Guid(002c8e66c11fe4048a8c3a08b7f0fe74) Importer(2089858483,b0f066a214c2f5e87bad3c948f4d605d)
Start importing Assets/World/Effects/WarFX/_Effects/Fire/Black Smoke/WFX_Fire Natural Broad (Black Smoke).prefab using Guid(002c8e66c11fe4048a8c3a08b7f0fe74) Importer(2089858483,b0f066a214c2f5e87bad3c948f4d605d) (ScriptedImporter) -> (artifact id: 'c58fd3cac43ff443deb248e36f53475a') in 0.0327455 seconds
Number of updated asset objects reloaded before import = 0Number of asset objects unloaded after import = 15

========================================================================
Received Import Request.
  Time since last request: 0.000017 seconds.
  path: Assets/World/Effects/WarFX/Mobile/Textures/Smoke/WFXM_T_SmokeLoopAlpha.tga
  artifactKey: Guid(00102373043eef842bee9e986845e68b) Importer(2089858483,b0f066a214c2f5e87bad3c948f4d605d)
Start importing Assets/World/Effects/WarFX/Mobile/Textures/Smoke/WFXM_T_SmokeLoopAlpha.tga using Guid(00102373043eef842bee9e986845e68b) Importer(2089858483,b0f066a214c2f5e87bad3c948f4d605d) (ScriptedImporter) -> (artifact id: '0e8e715c1d49dceeb8d0bff6181deac8') in 0.0131003 seconds
Number of updated asset objects reloaded before import = 0Number of asset objects unloaded after import = 1

========================================================================
Received Import Request.
  Time since last request: 0.000022 seconds.
  path: Assets/World/Effects/WarFX/_Effects/MuzzleFlashes/Sprites/WFX_MF Spr RIFLE3.prefab
  artifactKey: Guid(0661276422528d74d8c9894abad93242) Importer(2089858483,b0f066a214c2f5e87bad3c948f4d605d)
Start importing Assets/World/Effects/WarFX/_Effects/MuzzleFlashes/Sprites/WFX_MF Spr RIFLE3.prefab using Guid(0661276422528d74d8c9894abad93242) Importer(2089858483,b0f066a214c2f5e87bad3c948f4d605d) (ScriptedImporter) -> (artifact id: '129a18301a836cac6f1848a03c64b7a4') in 0.0254198 seconds
Number of updated asset objects reloaded before import = 0Number of asset objects unloaded after import = 24

========================================================================
Received Import Request.
  Time since last request: 0.000015 seconds.
  path: Assets/World/Effects/WarFX/_Effects (Mobile)/Fire/Gray Smoke/WFXMR_GazFire (Gray Smoke).prefab
  artifactKey: Guid(4c5ef88d48ac4ee43b30dbc6343f6d2e) Importer(2089858483,b0f066a214c2f5e87bad3c948f4d605d)
Start importing Assets/World/Effects/WarFX/_Effects (Mobile)/Fire/Gray Smoke/WFXMR_GazFire (Gray Smoke).prefab using Guid(4c5ef88d48ac4ee43b30dbc6343f6d2e) Importer(2089858483,b0f066a214c2f5e87bad3c948f4d605d) (ScriptedImporter) -> (artifact id: '24df05be0637a1af4916aa1390f5a9f7') in 0.0249464 seconds
Number of updated asset objects reloaded before import = 0Number of asset objects unloaded after import = 15

========================================================================
Received Import Request.
  Time since last request: 0.000014 seconds.
  path: Assets/World/Effects/WarFX/_Effects (Mobile)/Fire/No Smoke/WFXMR_GazFire (No Smoke).prefab
  artifactKey: Guid(3df2db25d0e8c43499712fa1808b0960) Importer(2089858483,b0f066a214c2f5e87bad3c948f4d605d)
Start importing Assets/World/Effects/WarFX/_Effects (Mobile)/Fire/No Smoke/WFXMR_GazFire (No Smoke).prefab using Guid(3df2db25d0e8c43499712fa1808b0960) Importer(2089858483,b0f066a214c2f5e87bad3c948f4d605d) (ScriptedImporter) -> (artifact id: '8db9441e2b5e4b4ad60e1e301040fbba') in 0.0236074 seconds
Number of updated asset objects reloaded before import = 0Number of asset objects unloaded after import = 11

========================================================================
Received Import Request.
  Time since last request: 0.000015 seconds.
  path: Assets/World/Effects/WarFX/_Effects (Mobile)/MuzzleFlashes/4Planes/WFXMR_MF 4P RIFLE3.prefab
  artifactKey: Guid(c5946a66b3eec2d479e20b7315b06bf8) Importer(2089858483,b0f066a214c2f5e87bad3c948f4d605d)
Start importing Assets/World/Effects/WarFX/_Effects (Mobile)/MuzzleFlashes/4Planes/WFXMR_MF 4P RIFLE3.prefab using Guid(c5946a66b3eec2d479e20b7315b06bf8) Importer(2089858483,b0f066a214c2f5e87bad3c948f4d605d) (ScriptedImporter) -> (artifact id: '2a9a256ae1d38c6e5eba0713ea6f50bd') in 0.0337327 seconds
Number of updated asset objects reloaded before import = 0Number of asset objects unloaded after import = 29

========================================================================
Received Import Request.
  Time since last request: 0.000015 seconds.
  path: Assets/World/Effects/WarFX/_Effects (Mobile)/Smoke/Color Variants/WFXMR_SmokeGrenade Green.prefab
  artifactKey: Guid(f8d69af752ffd844c8f3d24cd74f655f) Importer(2089858483,b0f066a214c2f5e87bad3c948f4d605d)
Start importing Assets/World/Effects/WarFX/_Effects (Mobile)/Smoke/Color Variants/WFXMR_SmokeGrenade Green.prefab using Guid(f8d69af752ffd844c8f3d24cd74f655f) Importer(2089858483,b0f066a214c2f5e87bad3c948f4d605d) (ScriptedImporter) -> (artifact id: '634f9b349256e8f523215c9a149fc883') in 0.0214817 seconds
Number of updated asset objects reloaded before import = 0Number of asset objects unloaded after import = 11

========================================================================
Received Import Request.
  Time since last request: 0.000020 seconds.
  path: Assets/World/Effects/WarFX/_Effects (Mobile)/Fire/Black Smoke/WFXMR_Fire Natural Circle (Black Smoke).prefab
  artifactKey: Guid(47fd4bfb1804201488355f589f12342a) Importer(2089858483,b0f066a214c2f5e87bad3c948f4d605d)
Start importing Assets/World/Effects/WarFX/_Effects (Mobile)/Fire/Black Smoke/WFXMR_Fire Natural Circle (Black Smoke).prefab using Guid(47fd4bfb1804201488355f589f12342a) Importer(2089858483,b0f066a214c2f5e87bad3c948f4d605d) (ScriptedImporter) -> (artifact id: 'c7ef9b96d6ec79d822f39838eb925947') in 0.0253068 seconds
Number of updated asset objects reloaded before import = 0Number of asset objects unloaded after import = 15

========================================================================
Received Import Request.
  Time since last request: 0.000015 seconds.
  path: Assets/World/Effects/WarFX/_Effects (Mobile)/Fire/Gray Smoke/WFXMR_Fire SmallFlame (Gray Smoke).prefab
  artifactKey: Guid(ff7840f1c1582ea4cbe1d632c878e884) Importer(2089858483,b0f066a214c2f5e87bad3c948f4d605d)
Start importing Assets/World/Effects/WarFX/_Effects (Mobile)/Fire/Gray Smoke/WFXMR_Fire SmallFlame (Gray Smoke).prefab using Guid(ff7840f1c1582ea4cbe1d632c878e884) Importer(2089858483,b0f066a214c2f5e87bad3c948f4d605d) (ScriptedImporter) -> (artifact id: '64faea309df3ecaeb4d6088a0af9ed60') in 0.0248709 seconds
Number of updated asset objects reloaded before import = 0Number of asset objects unloaded after import = 15

========================================================================
Received Import Request.
  Time since last request: 0.000015 seconds.
  path: Assets/World/Effects/WarFX/_Effects (Mobile)/Smoke/Color Variants/WFXMR_SmokeGrenade AlphaBlend Red.prefab
  artifactKey: Guid(eb5b3b848b5283f46b5a0a40f5ff9e22) Importer(2089858483,b0f066a214c2f5e87bad3c948f4d605d)
Start importing Assets/World/Effects/WarFX/_Effects (Mobile)/Smoke/Color Variants/WFXMR_SmokeGrenade AlphaBlend Red.prefab using Guid(eb5b3b848b5283f46b5a0a40f5ff9e22) Importer(2089858483,b0f066a214c2f5e87bad3c948f4d605d) (ScriptedImporter) -> (artifact id: '949251df44f8c24c374a7a2a324e9813') in 0.0315964 seconds
Number of updated asset objects reloaded before import = 0Number of asset objects unloaded after import = 11

========================================================================
Received Import Request.
  Time since last request: 0.000014 seconds.
  path: Assets/World/Effects/WarFX/_Effects/Smoke/Color Variants/WFX_SmokeGrenade AlphaBlend Blue.prefab
  artifactKey: Guid(bc0b2f96facec664db900c70be366a48) Importer(2089858483,b0f066a214c2f5e87bad3c948f4d605d)
Start importing Assets/World/Effects/WarFX/_Effects/Smoke/Color Variants/WFX_SmokeGrenade AlphaBlend Blue.prefab using Guid(bc0b2f96facec664db900c70be366a48) Importer(2089858483,b0f066a214c2f5e87bad3c948f4d605d) (ScriptedImporter) -> (artifact id: '948639ec204d4f5117365c37b94d2b70') in 0.0239606 seconds
Number of updated asset objects reloaded before import = 0Number of asset objects unloaded after import = 11

========================================================================
Received Import Request.
  Time since last request: 0.000014 seconds.
  path: Assets/World/Environment/Models/NPC/Avatar Masks/Arms/Human Arms Mask.mask
  artifactKey: Guid(a6373b7536cc6fd4485ebc59e60dc4cc) Importer(2089858483,b0f066a214c2f5e87bad3c948f4d605d)
Start importing Assets/World/Environment/Models/NPC/Avatar Masks/Arms/Human Arms Mask.mask using Guid(a6373b7536cc6fd4485ebc59e60dc4cc) Importer(2089858483,b0f066a214c2f5e87bad3c948f4d605d) (ScriptedImporter) -> (artifact id: '2c0d681c5e2d3062ededed6d0f86a106') in 0.0103822 seconds
Number of updated asset objects reloaded before import = 0Number of asset objects unloaded after import = 1

========================================================================
Received Import Request.
  Time since last request: 0.000019 seconds.
  path: Assets/World/Environment/Textures/Custom/Textures/Vol 1 Snow/Snow_Normal.png
  artifactKey: Guid(fb129bd01d5560c4184f8fa698b1beb1) Importer(2089858483,b0f066a214c2f5e87bad3c948f4d605d)
Start importing Assets/World/Environment/Textures/Custom/Textures/Vol 1 Snow/Snow_Normal.png using Guid(fb129bd01d5560c4184f8fa698b1beb1) Importer(2089858483,b0f066a214c2f5e87bad3c948f4d605d) (ScriptedImporter) -> (artifact id: 'a5802e277fe43a984a6a1226dcdcb1e6') in 0.0120076 seconds
Number of updated asset objects reloaded before import = 0Number of asset objects unloaded after import = 1

========================================================================
Received Import Request.
  Time since last request: 0.000012 seconds.
  path: Assets/World/Environment/Textures/Custom/Textures/Vol 2 CarpetPurple/CarpetPurple_Occlusion.png
  artifactKey: Guid(2a84b80b761936e45bcc7cafb419bed8) Importer(2089858483,b0f066a214c2f5e87bad3c948f4d605d)
Start importing Assets/World/Environment/Textures/Custom/Textures/Vol 2 CarpetPurple/CarpetPurple_Occlusion.png using Guid(2a84b80b761936e45bcc7cafb419bed8) Importer(2089858483,b0f066a214c2f5e87bad3c948f4d605d) (ScriptedImporter) -> (artifact id: '8bcfea73c1d36869bda480d71ba40f23') in 0.0119206 seconds
Number of updated asset objects reloaded before import = 0Number of asset objects unloaded after import = 1

========================================================================
Received Import Request.
  Time since last request: 0.000010 seconds.
  path: Assets/World/Environment/Textures/Custom/Textures/Vol 1 Snow/Snow_Specular.mat
  artifactKey: Guid(61185ae7e469a874a80c7668745388b2) Importer(2089858483,b0f066a214c2f5e87bad3c948f4d605d)
Start importing Assets/World/Environment/Textures/Custom/Textures/Vol 1 Snow/Snow_Specular.mat using Guid(61185ae7e469a874a80c7668745388b2) Importer(2089858483,b0f066a214c2f5e87bad3c948f4d605d) (ScriptedImporter) -> (artifact id: 'c4a334b34711fdef36813c4eca83f55b') in 0.0317533 seconds
Number of updated asset objects reloaded before import = 0Number of asset objects unloaded after import = 6

========================================================================
Received Import Request.
  Time since last request: 0.000012 seconds.
  path: Assets/World/Environment/Textures/Custom/Textures/Vol 1 Snow/Snow_Occlusion.png
  artifactKey: Guid(08240fcda54a5404b8b2283bc699b5aa) Importer(2089858483,b0f066a214c2f5e87bad3c948f4d605d)
Start importing Assets/World/Environment/Textures/Custom/Textures/Vol 1 Snow/Snow_Occlusion.png using Guid(08240fcda54a5404b8b2283bc699b5aa) Importer(2089858483,b0f066a214c2f5e87bad3c948f4d605d) (ScriptedImporter) -> (artifact id: '39339beb52d701fd19d46f6d549cf2cd') in 0.0127119 seconds
Number of updated asset objects reloaded before import = 0Number of asset objects unloaded after import = 1

========================================================================
Received Import Request.
  Time since last request: 0.000015 seconds.
  path: Assets/World/Environment/Textures/Custom/Textures/Vol 2 CarpetPurple/CarpetPurple_Height.png
  artifactKey: Guid(4f5525c18547b2149a375df275597848) Importer(2089858483,b0f066a214c2f5e87bad3c948f4d605d)
Start importing Assets/World/Environment/Textures/Custom/Textures/Vol 2 CarpetPurple/CarpetPurple_Height.png using Guid(4f5525c18547b2149a375df275597848) Importer(2089858483,b0f066a214c2f5e87bad3c948f4d605d) (ScriptedImporter) -> (artifact id: 'feabd6906667679ddf0f75da7ffcc55e') in 0.0104301 seconds
Number of updated asset objects reloaded before import = 0Number of asset objects unloaded after import = 1

========================================================================
Received Import Request.
  Time since last request: 0.000024 seconds.
  path: Assets/World/Environment/Textures/Custom/Textures/Vol 3 Moss/Moss_Height.png
  artifactKey: Guid(0d132e87c4504bb4d9398464e2a7bda5) Importer(2089858483,b0f066a214c2f5e87bad3c948f4d605d)
Start importing Assets/World/Environment/Textures/Custom/Textures/Vol 3 Moss/Moss_Height.png using Guid(0d132e87c4504bb4d9398464e2a7bda5) Importer(2089858483,b0f066a214c2f5e87bad3c948f4d605d) (ScriptedImporter) -> (artifact id: '6ee98d3318d330e7bfce203527744fc7') in 0.0118837 seconds
Number of updated asset objects reloaded before import = 0Number of asset objects unloaded after import = 1

========================================================================
Received Import Request.
  Time since last request: 0.000014 seconds.
  path: Assets/World/Environment/Textures/Custom/Textures/Vol 1 Snow/Snow_Metallic.png
  artifactKey: Guid(7a4704a0d905dfd4d8ff48cc6fae4398) Importer(2089858483,b0f066a214c2f5e87bad3c948f4d605d)
Start importing Assets/World/Environment/Textures/Custom/Textures/Vol 1 Snow/Snow_Metallic.png using Guid(7a4704a0d905dfd4d8ff48cc6fae4398) Importer(2089858483,b0f066a214c2f5e87bad3c948f4d605d) (ScriptedImporter) -> (artifact id: '3d014be2f8f6fbfce60e29882ecc4abc') in 0.0114266 seconds
Number of updated asset objects reloaded before import = 0Number of asset objects unloaded after import = 1

========================================================================
Received Import Request.
  Time since last request: 0.000016 seconds.
  path: Assets/World/Effects/WarFX/_Effects/Smoke/Color Variants/WFX_SmokeGrenade Green.prefab
  artifactKey: Guid(298ea2e9f387a124d9ee2b3ac6bb3a23) Importer(2089858483,b0f066a214c2f5e87bad3c948f4d605d)
Start importing Assets/World/Effects/WarFX/_Effects/Smoke/Color Variants/WFX_SmokeGrenade Green.prefab using Guid(298ea2e9f387a124d9ee2b3ac6bb3a23) Importer(2089858483,b0f066a214c2f5e87bad3c948f4d605d) (ScriptedImporter) -> (artifact id: 'aa91b488c95fbd1b89ff42847943a772') in 0.0240669 seconds
Number of updated asset objects reloaded before import = 0Number of asset objects unloaded after import = 11

========================================================================
Received Import Request.
  Time since last request: 0.000011 seconds.
  path: Assets/World/Effects/WarFX/_Effects (Mobile)/Smoke/Color Variants/WFXMR_SmokeGrenade AlphaBlend Green.prefab
  artifactKey: Guid(1b965847239ef1b4bb7bf9b94bd359af) Importer(2089858483,b0f066a214c2f5e87bad3c948f4d605d)
Start importing Assets/World/Effects/WarFX/_Effects (Mobile)/Smoke/Color Variants/WFXMR_SmokeGrenade AlphaBlend Green.prefab using Guid(1b965847239ef1b4bb7bf9b94bd359af) Importer(2089858483,b0f066a214c2f5e87bad3c948f4d605d) (ScriptedImporter) -> (artifact id: '93cfa466e3a905c6ba1f7d6c476d169a') in 0.0307761 seconds
Number of updated asset objects reloaded before import = 0Number of asset objects unloaded after import = 11

========================================================================
Received Import Request.
  Time since last request: 0.000015 seconds.
  path: Assets/World/Environment/Textures/Custom/Textures/Vol 7 Dirt/Dirt_Metallic.mat
  artifactKey: Guid(37fdd0c21fdbfda48be7e6336a699dc1) Importer(2089858483,b0f066a214c2f5e87bad3c948f4d605d)
Start importing Assets/World/Environment/Textures/Custom/Textures/Vol 7 Dirt/Dirt_Metallic.mat using Guid(37fdd0c21fdbfda48be7e6336a699dc1) Importer(2089858483,b0f066a214c2f5e87bad3c948f4d605d) (ScriptedImporter) -> (artifact id: '57722a3fd7ce386524c9a76ad8dec035') in 0.0298008 seconds
Number of updated asset objects reloaded before import = 0Number of asset objects unloaded after import = 6

========================================================================
Received Import Request.
  Time since last request: 0.000022 seconds.
  path: Assets/World/Environment/Textures/Custom/Textures/Vol 6 Carpet Hotel/Carpet Hotel_Specular.mat
  artifactKey: Guid(1c93c6a5ca01daa43b1861ae5f6294a4) Importer(2089858483,b0f066a214c2f5e87bad3c948f4d605d)
Start importing Assets/World/Environment/Textures/Custom/Textures/Vol 6 Carpet Hotel/Carpet Hotel_Specular.mat using Guid(1c93c6a5ca01daa43b1861ae5f6294a4) Importer(2089858483,b0f066a214c2f5e87bad3c948f4d605d) (ScriptedImporter) -> (artifact id: '5676f129ba57dc4210f8ba52189f21ca') in 0.013631 seconds
Number of updated asset objects reloaded before import = 0Number of asset objects unloaded after import = 6

========================================================================
Received Import Request.
  Time since last request: 0.000013 seconds.
  path: Assets/World/Environment/Textures/Custom/Textures/Vol 7 Dirt/Dirt_Occlusion.png
  artifactKey: Guid(070efa007c3b87c419c65eb641ea6f3a) Importer(2089858483,b0f066a214c2f5e87bad3c948f4d605d)
Start importing Assets/World/Environment/Textures/Custom/Textures/Vol 7 Dirt/Dirt_Occlusion.png using Guid(070efa007c3b87c419c65eb641ea6f3a) Importer(2089858483,b0f066a214c2f5e87bad3c948f4d605d) (ScriptedImporter) -> (artifact id: 'a2ee0aa42850f12980c1586dfc90c22c') in 0.0130833 seconds
Number of updated asset objects reloaded before import = 0Number of asset objects unloaded after import = 1

========================================================================
Received Import Request.
  Time since last request: 0.000013 seconds.
  path: Assets/World/Environment/Textures/Custom/Textures/Vol 6 Logs/Logs_Specular.png
  artifactKey: Guid(38302918127a9f845937315ac975417c) Importer(2089858483,b0f066a214c2f5e87bad3c948f4d605d)
Start importing Assets/World/Environment/Textures/Custom/Textures/Vol 6 Logs/Logs_Specular.png using Guid(38302918127a9f845937315ac975417c) Importer(2089858483,b0f066a214c2f5e87bad3c948f4d605d) (ScriptedImporter) -> (artifact id: '73b5889e6e41487bdb85daeae8860eda') in 0.0112559 seconds
Number of updated asset objects reloaded before import = 0Number of asset objects unloaded after import = 1

========================================================================
Received Import Request.
  Time since last request: 0.000013 seconds.
  path: Assets/World/Environment/Textures/Custom/Textures/Vol 6 Logs/Logs_Height.png
  artifactKey: Guid(7038e8021a5af2241a3f10e2ad713c4f) Importer(2089858483,b0f066a214c2f5e87bad3c948f4d605d)
Start importing Assets/World/Environment/Textures/Custom/Textures/Vol 6 Logs/Logs_Height.png using Guid(7038e8021a5af2241a3f10e2ad713c4f) Importer(2089858483,b0f066a214c2f5e87bad3c948f4d605d) (ScriptedImporter) -> (artifact id: 'c6e68c07e6bfba1d04fede134da24548') in 0.0139742 seconds
Number of updated asset objects reloaded before import = 0Number of asset objects unloaded after import = 1

========================================================================
Received Import Request.
  Time since last request: 0.000013 seconds.
  path: Assets/World/Environment/Textures/Custom/Textures/Vol 6 Logs/Logs_Metallic.png
  artifactKey: Guid(378d788f59db12e4fa0b6bfeec7b64e1) Importer(2089858483,b0f066a214c2f5e87bad3c948f4d605d)
Start importing Assets/World/Environment/Textures/Custom/Textures/Vol 6 Logs/Logs_Metallic.png using Guid(378d788f59db12e4fa0b6bfeec7b64e1) Importer(2089858483,b0f066a214c2f5e87bad3c948f4d605d) (ScriptedImporter) -> (artifact id: '2bf3f8842fb6b73f000e52a9b10f9c73') in 0.0126132 seconds
Number of updated asset objects reloaded before import = 0Number of asset objects unloaded after import = 1

========================================================================
Received Import Request.
  Time since last request: 0.000014 seconds.
  path: Assets/World/Environment/Textures/Custom/Textures/Vol 6 Carpet Hotel/CarpetHotel_Metallic.png
  artifactKey: Guid(e503fd3f0cf191d4f86d6fbe8694825b) Importer(2089858483,b0f066a214c2f5e87bad3c948f4d605d)
Start importing Assets/World/Environment/Textures/Custom/Textures/Vol 6 Carpet Hotel/CarpetHotel_Metallic.png using Guid(e503fd3f0cf191d4f86d6fbe8694825b) Importer(2089858483,b0f066a214c2f5e87bad3c948f4d605d) (ScriptedImporter) -> (artifact id: '1d56edff1b94c5a90c95ab05b07db88d') in 0.0137063 seconds
Number of updated asset objects reloaded before import = 0Number of asset objects unloaded after import = 1

========================================================================
Received Import Request.
  Time since last request: 0.000021 seconds.
  path: Assets/World/Environment/Textures/Custom/Textures/Vol 4 Snow/Snow_Specular.png
  artifactKey: Guid(8e60426cf11afc7489bfa1f5dc8dd101) Importer(2089858483,b0f066a214c2f5e87bad3c948f4d605d)
Start importing Assets/World/Environment/Textures/Custom/Textures/Vol 4 Snow/Snow_Specular.png using Guid(8e60426cf11afc7489bfa1f5dc8dd101) Importer(2089858483,b0f066a214c2f5e87bad3c948f4d605d) (ScriptedImporter) -> (artifact id: 'c56ba5e4973eb8d138f08851bacca4e3') in 0.0134678 seconds
Number of updated asset objects reloaded before import = 0Number of asset objects unloaded after import = 1

========================================================================
Received Import Request.
  Time since last request: 0.000013 seconds.
  path: Assets/World/Effects/WarFX/_Effects/MuzzleFlashes/FPS/WFX_MF FPS RIFLE3.prefab
  artifactKey: Guid(8eaaa4f553116f44b8459bc24201c514) Importer(2089858483,b0f066a214c2f5e87bad3c948f4d605d)
Start importing Assets/World/Effects/WarFX/_Effects/MuzzleFlashes/FPS/WFX_MF FPS RIFLE3.prefab using Guid(8eaaa4f553116f44b8459bc24201c514) Importer(2089858483,b0f066a214c2f5e87bad3c948f4d605d) (ScriptedImporter) -> (artifact id: '5e4c2450d85aa1653e7cf1a2a6812a78') in 0.025174 seconds
Number of updated asset objects reloaded before import = 0Number of asset objects unloaded after import = 20

========================================================================
Received Import Request.
  Time since last request: 0.000012 seconds.
  path: Assets/World/Effects/WarFX/Desktop/Textures/Smoke/WFX_T_SmokeSpikeStretched A8.tga
  artifactKey: Guid(0f3f5635b6a7c0c4c9723fd09fa51d5a) Importer(2089858483,b0f066a214c2f5e87bad3c948f4d605d)
Start importing Assets/World/Effects/WarFX/Desktop/Textures/Smoke/WFX_T_SmokeSpikeStretched A8.tga using Guid(0f3f5635b6a7c0c4c9723fd09fa51d5a) Importer(2089858483,b0f066a214c2f5e87bad3c948f4d605d) (ScriptedImporter) -> (artifact id: '4288edd3d29d83bd3238af6a9b94e585') in 0.0134326 seconds
Number of updated asset objects reloaded before import = 0Number of asset objects unloaded after import = 1

========================================================================
Received Import Request.
  Time since last request: 0.000016 seconds.
  path: Assets/World/Environment/Textures/Custom/Textures/Vol 8 Water/Water_Height.png
  artifactKey: Guid(5b62cb360f2abf34f8fa0eeef0af451e) Importer(2089858483,b0f066a214c2f5e87bad3c948f4d605d)
Start importing Assets/World/Environment/Textures/Custom/Textures/Vol 8 Water/Water_Height.png using Guid(5b62cb360f2abf34f8fa0eeef0af451e) Importer(2089858483,b0f066a214c2f5e87bad3c948f4d605d) (ScriptedImporter) -> (artifact id: 'd62188ed35845705e2ee37f4a10dc798') in 0.0128987 seconds
Number of updated asset objects reloaded before import = 0Number of asset objects unloaded after import = 1

========================================================================
Received Import Request.
  Time since last request: 0.000017 seconds.
  path: Assets/Game/AIImport/Human Animations/Unity Demo Scenes/Human Melee Animations/Prefabs/Characters/HumanM_Dummy_Red - Polearm.prefab
  artifactKey: Guid(5e02feb93337456458b0267308c59947) Importer(2089858483,b0f066a214c2f5e87bad3c948f4d605d)
Start importing Assets/Game/AIImport/Human Animations/Unity Demo Scenes/Human Melee Animations/Prefabs/Characters/HumanM_Dummy_Red - Polearm.prefab using Guid(5e02feb93337456458b0267308c59947) Importer(2089858483,b0f066a214c2f5e87bad3c948f4d605d) (ScriptedImporter) -> (artifact id: 'd33ef11c8abe9f430029a5a3080e4cd2') in 0.0123553 seconds
Number of updated asset objects reloaded before import = 0Number of asset objects unloaded after import = 252

========================================================================
Received Import Request.
  Time since last request: 0.000016 seconds.
  path: Assets/World/Environment/Textures/Custom/Textures/Vol 8 Water/Water_Occlusion.png
  artifactKey: Guid(a31af133392d436499a0daf58e6a08b5) Importer(2089858483,b0f066a214c2f5e87bad3c948f4d605d)
Start importing Assets/World/Environment/Textures/Custom/Textures/Vol 8 Water/Water_Occlusion.png using Guid(a31af133392d436499a0daf58e6a08b5) Importer(2089858483,b0f066a214c2f5e87bad3c948f4d605d) (ScriptedImporter) -> (artifact id: '77d4f1ce5471b81ede16635a05af7525') in 0.0202925 seconds
Number of updated asset objects reloaded before import = 0Number of asset objects unloaded after import = 1

========================================================================
Received Import Request.
  Time since last request: 0.000020 seconds.
  path: Assets/World/Environment/Textures/Custom/Textures/Vol 8 Water/Water_Specular.png
  artifactKey: Guid(1c9ceb44d79cec742881d1abe0693d2b) Importer(2089858483,b0f066a214c2f5e87bad3c948f4d605d)
Start importing Assets/World/Environment/Textures/Custom/Textures/Vol 8 Water/Water_Specular.png using Guid(1c9ceb44d79cec742881d1abe0693d2b) Importer(2089858483,b0f066a214c2f5e87bad3c948f4d605d) (ScriptedImporter) -> (artifact id: '23c992ff1fce405b85907e0736fb8da3') in 0.0127076 seconds
Number of updated asset objects reloaded before import = 0Number of asset objects unloaded after import = 1

========================================================================
Received Import Request.
  Time since last request: 0.000011 seconds.
  path: Assets/World/Environment/Textures/Custom/Textures/Vol 7 Grass/Grass_Specular.mat
  artifactKey: Guid(1c0c0e97e78af7a4387351aa9a07625a) Importer(2089858483,b0f066a214c2f5e87bad3c948f4d605d)
Start importing Assets/World/Environment/Textures/Custom/Textures/Vol 7 Grass/Grass_Specular.mat using Guid(1c0c0e97e78af7a4387351aa9a07625a) Importer(2089858483,b0f066a214c2f5e87bad3c948f4d605d) (ScriptedImporter) -> (artifact id: 'cc39a7ab200331f36c4a43c1c66cfae4') in 0.0127848 seconds
Number of updated asset objects reloaded before import = 0Number of asset objects unloaded after import = 6

========================================================================
Received Import Request.
  Time since last request: 0.000015 seconds.
  path: Assets/Game/AIImport/Human Animations/Unity Demo Scenes/Human Melee Animations/Prefabs/Characters/HumanF_Dummy_Red.prefab
  artifactKey: Guid(c73a0a72483e00b4f8e6a2728f9ebcf0) Importer(2089858483,b0f066a214c2f5e87bad3c948f4d605d)
Start importing Assets/Game/AIImport/Human Animations/Unity Demo Scenes/Human Melee Animations/Prefabs/Characters/HumanF_Dummy_Red.prefab using Guid(c73a0a72483e00b4f8e6a2728f9ebcf0) Importer(2089858483,b0f066a214c2f5e87bad3c948f4d605d) (ScriptedImporter) -> (artifact id: 'cc924a3fe6ee44eb9839dc618f7e2caa') in 0.0125658 seconds
Number of updated asset objects reloaded before import = 0Number of asset objects unloaded after import = 247

========================================================================
Received Import Request.
  Time since last request: 0.000013 seconds.
  path: Assets/World/Environment/Textures/Custom/Textures/Vol 8 Water/Water_Specular.mat
  artifactKey: Guid(c1d8a53a708d2884f9c5d1e2ce70a80c) Importer(2089858483,b0f066a214c2f5e87bad3c948f4d605d)
Start importing Assets/World/Environment/Textures/Custom/Textures/Vol 8 Water/Water_Specular.mat using Guid(c1d8a53a708d2884f9c5d1e2ce70a80c) Importer(2089858483,b0f066a214c2f5e87bad3c948f4d605d) (ScriptedImporter) -> (artifact id: '86ac8e11432ede98c15488972f296210') in 0.0111407 seconds
Number of updated asset objects reloaded before import = 0Number of asset objects unloaded after import = 6

========================================================================
Received Import Request.
  Time since last request: 0.000013 seconds.
  path: Assets/World/Environment/Textures/Custom/Textures/Vol 9 Carpet/Carpet_Height.png
  artifactKey: Guid(557703846ce2b534390a157ca84b1e43) Importer(2089858483,b0f066a214c2f5e87bad3c948f4d605d)
Start importing Assets/World/Environment/Textures/Custom/Textures/Vol 9 Carpet/Carpet_Height.png using Guid(557703846ce2b534390a157ca84b1e43) Importer(2089858483,b0f066a214c2f5e87bad3c948f4d605d) (ScriptedImporter) -> (artifact id: 'aa31283915cdad22981ed5c64d109009') in 0.0126405 seconds
Number of updated asset objects reloaded before import = 0Number of asset objects unloaded after import = 1

========================================================================
Received Import Request.
  Time since last request: 0.000015 seconds.
  path: Assets/World/Environment/Textures/Custom/Textures/Vol 8 Water/Water_Metallic.mat
  artifactKey: Guid(3a4a6c5a11c245c44a4a36bd03ce06c0) Importer(2089858483,b0f066a214c2f5e87bad3c948f4d605d)
Start importing Assets/World/Environment/Textures/Custom/Textures/Vol 8 Water/Water_Metallic.mat using Guid(3a4a6c5a11c245c44a4a36bd03ce06c0) Importer(2089858483,b0f066a214c2f5e87bad3c948f4d605d) (ScriptedImporter) -> (artifact id: '9d1793bc7a7897b9fea67a7ed4c4c0e0') in 0.0124615 seconds
Number of updated asset objects reloaded before import = 0Number of asset objects unloaded after import = 6

========================================================================
Received Import Request.
  Time since last request: 0.000019 seconds.
  path: Assets/World/Effects/WarFX/Desktop/Textures/Flames/WFX_T_StarFlames A8.tga
  artifactKey: Guid(714258cc1f8222649840f292337fb353) Importer(2089858483,b0f066a214c2f5e87bad3c948f4d605d)
Start importing Assets/World/Effects/WarFX/Desktop/Textures/Flames/WFX_T_StarFlames A8.tga using Guid(714258cc1f8222649840f292337fb353) Importer(2089858483,b0f066a214c2f5e87bad3c948f4d605d) (ScriptedImporter) -> (artifact id: 'f309216dc853cdcd21948b9ade300b89') in 0.0133067 seconds
Number of updated asset objects reloaded before import = 0Number of asset objects unloaded after import = 1

========================================================================
Received Import Request.
  Time since last request: 0.000011 seconds.
  path: Assets/Game/Animations/NPC/Male/Movement/Strafe/StrafeRun/HumanM@StrafeRun01_ForwardRight.fbx
  artifactKey: Guid(81cf46b9928206f44bd3947c9cd9c9b2) Importer(2089858483,b0f066a214c2f5e87bad3c948f4d605d)
Start importing Assets/Game/Animations/NPC/Male/Movement/Strafe/StrafeRun/HumanM@StrafeRun01_ForwardRight.fbx using Guid(81cf46b9928206f44bd3947c9cd9c9b2) Importer(2089858483,b0f066a214c2f5e87bad3c948f4d605d) (ScriptedImporter) -> (artifact id: '06718682fd4f243616c94793a26c7bac') in 0.0151768 seconds
Number of updated asset objects reloaded before import = 0Number of asset objects unloaded after import = 120

========================================================================
Received Import Request.
  Time since last request: 0.000016 seconds.
  path: Assets/Game/Animations/NPC/Male/Movement/Run/RootMotion/HumanM@Run01_Forward [RM].fbx
  artifactKey: Guid(9500e467e35d4684880037a0762df59b) Importer(2089858483,b0f066a214c2f5e87bad3c948f4d605d)
Start importing Assets/Game/Animations/NPC/Male/Movement/Run/RootMotion/HumanM@Run01_Forward [RM].fbx using Guid(9500e467e35d4684880037a0762df59b) Importer(2089858483,b0f066a214c2f5e87bad3c948f4d605d) (ScriptedImporter) -> (artifact id: '15f339d8e554b9329f77ada3ba3149a0') in 0.016452 seconds
Number of updated asset objects reloaded before import = 0Number of asset objects unloaded after import = 120

========================================================================
Received Import Request.
  Time since last request: 0.000012 seconds.
  path: Assets/Game/Animations/NPC/Male/Movement/Run/RootMotion/HumanM@Run01_Left [RM].fbx
  artifactKey: Guid(dd0055e79f0f8414f986f0dce8f01186) Importer(2089858483,b0f066a214c2f5e87bad3c948f4d605d)
Start importing Assets/Game/Animations/NPC/Male/Movement/Run/RootMotion/HumanM@Run01_Left [RM].fbx using Guid(dd0055e79f0f8414f986f0dce8f01186) Importer(2089858483,b0f066a214c2f5e87bad3c948f4d605d) (ScriptedImporter) -> (artifact id: '7237e8b9269f6b20b84eba89a5352b95') in 0.0138995 seconds
Number of updated asset objects reloaded before import = 0Number of asset objects unloaded after import = 120

========================================================================
Received Import Request.
  Time since last request: 0.000012 seconds.
  path: Assets/World/Effects/WarFX/_Effects/Bullet Impacts/+ Bullet Hole/Unlit/WFX_BImpact Wood NoCollision + Hole Unlit.prefab
  artifactKey: Guid(9bdf482976052a647946e8159033a295) Importer(2089858483,b0f066a214c2f5e87bad3c948f4d605d)
Start importing Assets/World/Effects/WarFX/_Effects/Bullet Impacts/+ Bullet Hole/Unlit/WFX_BImpact Wood NoCollision + Hole Unlit.prefab using Guid(9bdf482976052a647946e8159033a295) Importer(2089858483,b0f066a214c2f5e87bad3c948f4d605d) (ScriptedImporter) -> (artifact id: '90f017ef907188d513b3401b4a28d86c') in 0.0247757 seconds
Number of updated asset objects reloaded before import = 0Number of asset objects unloaded after import = 21

========================================================================
Received Import Request.
  Time since last request: 0.000015 seconds.
  path: Assets/Game/Animations/NPC/Male/Movement/Run/RootMotion/HumanM@Run01_BackwardRight [RM].fbx
  artifactKey: Guid(4751c211b658f37459b5165f3a027e22) Importer(2089858483,b0f066a214c2f5e87bad3c948f4d605d)
Start importing Assets/Game/Animations/NPC/Male/Movement/Run/RootMotion/HumanM@Run01_BackwardRight [RM].fbx using Guid(4751c211b658f37459b5165f3a027e22) Importer(2089858483,b0f066a214c2f5e87bad3c948f4d605d) (ScriptedImporter) -> (artifact id: '14a436332e485c5bd9a8181f019687f2') in 0.0156949 seconds
Number of updated asset objects reloaded before import = 0Number of asset objects unloaded after import = 120

========================================================================
Received Import Request.
  Time since last request: 0.000030 seconds.
  path: Assets/World/Effects/WarFX/_Effects/Bullet Impacts/+ Bullet Hole/Lit/WFX_BImpact Metal + Hole Lit.prefab
  artifactKey: Guid(caa8bd0d2623acf4d915f16e0ab71218) Importer(2089858483,b0f066a214c2f5e87bad3c948f4d605d)
Start importing Assets/World/Effects/WarFX/_Effects/Bullet Impacts/+ Bullet Hole/Lit/WFX_BImpact Metal + Hole Lit.prefab using Guid(caa8bd0d2623acf4d915f16e0ab71218) Importer(2089858483,b0f066a214c2f5e87bad3c948f4d605d) (ScriptedImporter) -> (artifact id: '18b989e6977ade04a3257f9d4ef9f2d9') in 0.0295918 seconds
Number of updated asset objects reloaded before import = 0Number of asset objects unloaded after import = 17

========================================================================
Received Import Request.
  Time since last request: 0.000016 seconds.
  path: Assets/Game/Animations/NPC/Male/Movement/Run/RootMotion/HumanM@Run01_ForwardLeft [RM].fbx
  artifactKey: Guid(56d8ff19983f1de47a7aef7fb3a2d2e3) Importer(2089858483,b0f066a214c2f5e87bad3c948f4d605d)
Start importing Assets/Game/Animations/NPC/Male/Movement/Run/RootMotion/HumanM@Run01_ForwardLeft [RM].fbx using Guid(56d8ff19983f1de47a7aef7fb3a2d2e3) Importer(2089858483,b0f066a214c2f5e87bad3c948f4d605d) (ScriptedImporter) -> (artifact id: '96f037a36b787cb24554f865c0b0ae82') in 0.0154584 seconds
Number of updated asset objects reloaded before import = 0Number of asset objects unloaded after import = 120

========================================================================
Received Import Request.
  Time since last request: 0.000015 seconds.
  path: Assets/World/Effects/WarFX/_Effects/Bullet Impacts/+ Bullet Hole/Lit/WFX_BImpact Concrete + Hole Lit.prefab
  artifactKey: Guid(9e95c7b2183a4f345aaf86846f8f1918) Importer(2089858483,b0f066a214c2f5e87bad3c948f4d605d)
Start importing Assets/World/Effects/WarFX/_Effects/Bullet Impacts/+ Bullet Hole/Lit/WFX_BImpact Concrete + Hole Lit.prefab using Guid(9e95c7b2183a4f345aaf86846f8f1918) Importer(2089858483,b0f066a214c2f5e87bad3c948f4d605d) (ScriptedImporter) -> (artifact id: '0bbc49cd7d5905a2134a04dd7ea4b482') in 0.0201471 seconds
Number of updated asset objects reloaded before import = 0Number of asset objects unloaded after import = 21

========================================================================
Received Import Request.
  Time since last request: 0.000014 seconds.
  path: Assets/Game/Animations/NPC/Male/Movement/Run/RootMotion/HumanM@Run01_Backward [RM].fbx
  artifactKey: Guid(31116f689ea4d374593385937d990c7c) Importer(2089858483,b0f066a214c2f5e87bad3c948f4d605d)
Start importing Assets/Game/Animations/NPC/Male/Movement/Run/RootMotion/HumanM@Run01_Backward [RM].fbx using Guid(31116f689ea4d374593385937d990c7c) Importer(2089858483,b0f066a214c2f5e87bad3c948f4d605d) (ScriptedImporter) -> (artifact id: '023c6b678b791fe1781fed38ec4fdc59') in 0.0155307 seconds
Number of updated asset objects reloaded before import = 0Number of asset objects unloaded after import = 120

========================================================================
Received Import Request.
  Time since last request: 0.000014 seconds.
  path: Assets/Game/Animations/NPC/Male/Movement/Strafe/StrafeRun/HumanM@StrafeRun01_BackwardRight.fbx
  artifactKey: Guid(f6a76e1e7adcd69428a86bd1d8e9b7ac) Importer(2089858483,b0f066a214c2f5e87bad3c948f4d605d)
Start importing Assets/Game/Animations/NPC/Male/Movement/Strafe/StrafeRun/HumanM@StrafeRun01_BackwardRight.fbx using Guid(f6a76e1e7adcd69428a86bd1d8e9b7ac) Importer(2089858483,b0f066a214c2f5e87bad3c948f4d605d) (ScriptedImporter) -> (artifact id: '73488e27cccdf46cdb355e23b86e0bee') in 0.0139916 seconds
Number of updated asset objects reloaded before import = 0Number of asset objects unloaded after import = 120

========================================================================
Received Import Request.
  Time since last request: 0.000022 seconds.
  path: Assets/Game/AIImport/Human Animations/Unity Demo Scenes/Human Melee Animations/AnimatorControllers/Female/1H/HumanF@RunStrafe01_BackwardLeft - 1H.overrideController
  artifactKey: Guid(92af66bb3d1ea2f4892d20477b9dafd0) Importer(2089858483,b0f066a214c2f5e87bad3c948f4d605d)
Start importing Assets/Game/AIImport/Human Animations/Unity Demo Scenes/Human Melee Animations/AnimatorControllers/Female/1H/HumanF@RunStrafe01_BackwardLeft - 1H.overrideController using Guid(92af66bb3d1ea2f4892d20477b9dafd0) Importer(2089858483,b0f066a214c2f5e87bad3c948f4d605d) (ScriptedImporter) -> (artifact id: '124b33f8624df20d0f1073918f6bde2e') in 0.0122207 seconds
Number of updated asset objects reloaded before import = 0Number of asset objects unloaded after import = 6

========================================================================
Received Import Request.
  Time since last request: 0.000016 seconds.
  path: Assets/Game/AIImport/Human Animations/Unity Demo Scenes/Human Melee Animations/AnimatorControllers/Female/1H/HumanF@Run_ForwardLeft - 1H.overrideController
  artifactKey: Guid(bef6b84033569684ebae49632632c3d4) Importer(2089858483,b0f066a214c2f5e87bad3c948f4d605d)
Start importing Assets/Game/AIImport/Human Animations/Unity Demo Scenes/Human Melee Animations/AnimatorControllers/Female/1H/HumanF@Run_ForwardLeft - 1H.overrideController using Guid(bef6b84033569684ebae49632632c3d4) Importer(2089858483,b0f066a214c2f5e87bad3c948f4d605d) (ScriptedImporter) -> (artifact id: '3e2f96cb9cf035139774d15f6d421fbd') in 0.0126951 seconds
Number of updated asset objects reloaded before import = 0Number of asset objects unloaded after import = 6

========================================================================
Received Import Request.
  Time since last request: 0.000016 seconds.
  path: Assets/Game/AIImport/Human Animations/Unity Demo Scenes/Human Melee Animations/AnimatorControllers/Female/Polearm/HumanF@Combat Movement - Polearm.overrideController
  artifactKey: Guid(fe961c6598dcff447859c651f742fa8c) Importer(2089858483,b0f066a214c2f5e87bad3c948f4d605d)
Start importing Assets/Game/AIImport/Human Animations/Unity Demo Scenes/Human Melee Animations/AnimatorControllers/Female/Polearm/HumanF@Combat Movement - Polearm.overrideController using Guid(fe961c6598dcff447859c651f742fa8c) Importer(2089858483,b0f066a214c2f5e87bad3c948f4d605d) (ScriptedImporter) -> (artifact id: '6db7c12110ad46ba5592864d1804b954') in 0.0171743 seconds
Number of updated asset objects reloaded before import = 0Number of asset objects unloaded after import = 35

========================================================================
Received Import Request.
  Time since last request: 0.000012 seconds.
  path: Assets/Game/AIImport/Human Animations/Unity Demo Scenes/Human Melee Animations/AnimatorControllers/Female/2H/HumanF@RunStrafe01_ForwardRight - 2H.overrideController
  artifactKey: Guid(0da82aabb5fb6084f91acb37790d6932) Importer(2089858483,b0f066a214c2f5e87bad3c948f4d605d)
Start importing Assets/Game/AIImport/Human Animations/Unity Demo Scenes/Human Melee Animations/AnimatorControllers/Female/2H/HumanF@RunStrafe01_ForwardRight - 2H.overrideController using Guid(0da82aabb5fb6084f91acb37790d6932) Importer(2089858483,b0f066a214c2f5e87bad3c948f4d605d) (ScriptedImporter) -> (artifact id: '78939dc71dd39cd4f55473d83d94d21d') in 0.0130714 seconds
Number of updated asset objects reloaded before import = 0Number of asset objects unloaded after import = 11

========================================================================
Received Import Request.
  Time since last request: 0.000015 seconds.
  path: Assets/Game/AIImport/Human Animations/Unity Demo Scenes/Human Melee Animations/AnimatorControllers/Female/1H/HumanF@Combat - Sword and Shield.overrideController
  artifactKey: Guid(4eeef1c8ae428b7418881c959b070a97) Importer(2089858483,b0f066a214c2f5e87bad3c948f4d605d)
Start importing Assets/Game/AIImport/Human Animations/Unity Demo Scenes/Human Melee Animations/AnimatorControllers/Female/1H/HumanF@Combat - Sword and Shield.overrideController using Guid(4eeef1c8ae428b7418881c959b070a97) Importer(2089858483,b0f066a214c2f5e87bad3c948f4d605d) (ScriptedImporter) -> (artifact id: 'e86bbb670dd023b176a92a3ef0a9fafc') in 0.0188527 seconds
Number of updated asset objects reloaded before import = 0Number of asset objects unloaded after import = 35

========================================================================
Received Import Request.
  Time since last request: 0.000015 seconds.
  path: Assets/Game/AIImport/Human Animations/Unity Demo Scenes/Human Melee Animations/AnimatorControllers/Female/1H/HumanF@RunStrafe01_Left - 1H.overrideController
  artifactKey: Guid(31811ada60a1d454e9fe5657d431e1fc) Importer(2089858483,b0f066a214c2f5e87bad3c948f4d605d)
Start importing Assets/Game/AIImport/Human Animations/Unity Demo Scenes/Human Melee Animations/AnimatorControllers/Female/1H/HumanF@RunStrafe01_Left - 1H.overrideController using Guid(31811ada60a1d454e9fe5657d431e1fc) Importer(2089858483,b0f066a214c2f5e87bad3c948f4d605d) (ScriptedImporter) -> (artifact id: 'e3edbb9ff85ff2861b616cbe9ccf9f07') in 0.010081 seconds
Number of updated asset objects reloaded before import = 0Number of asset objects unloaded after import = 6

========================================================================
Received Import Request.
  Time since last request: 0.000019 seconds.
  path: Assets/Game/AIImport/Human Animations/Unity Demo Scenes/Human Melee Animations/AnimatorControllers/Female/2H/HumanF@RunStrafe01_BackwardLeft - 2H.overrideController
  artifactKey: Guid(1a3e93d051b9cbf47aaa8ea24896bc41) Importer(2089858483,b0f066a214c2f5e87bad3c948f4d605d)
Start importing Assets/Game/AIImport/Human Animations/Unity Demo Scenes/Human Melee Animations/AnimatorControllers/Female/2H/HumanF@RunStrafe01_BackwardLeft - 2H.overrideController using Guid(1a3e93d051b9cbf47aaa8ea24896bc41) Importer(2089858483,b0f066a214c2f5e87bad3c948f4d605d) (ScriptedImporter) -> (artifact id: '8c448bbda787f3c714411428ceb88acb') in 0.0112555 seconds
Number of updated asset objects reloaded before import = 0Number of asset objects unloaded after import = 11

========================================================================
Received Import Request.
  Time since last request: 0.000015 seconds.
  path: Assets/Game/AIImport/Human Animations/Unity Demo Scenes/Human Melee Animations/AnimatorControllers/Female/2H/HumanF@RunStrafe01_Right - 2H.overrideController
  artifactKey: Guid(7c220e4a68bec6449b92243b0f940fa5) Importer(2089858483,b0f066a214c2f5e87bad3c948f4d605d)
Start importing Assets/Game/AIImport/Human Animations/Unity Demo Scenes/Human Melee Animations/AnimatorControllers/Female/2H/HumanF@RunStrafe01_Right - 2H.overrideController using Guid(7c220e4a68bec6449b92243b0f940fa5) Importer(2089858483,b0f066a214c2f5e87bad3c948f4d605d) (ScriptedImporter) -> (artifact id: 'a848d948094ab9869707f1043a988fdb') in 0.0119894 seconds
Number of updated asset objects reloaded before import = 0Number of asset objects unloaded after import = 11

========================================================================
Received Import Request.
  Time since last request: 0.000013 seconds.
  path: Assets/World/Effects/WarFX/_Effects (Mobile)/Bullet Impacts/+ Bullet Hole/Unlit/WFXMR_BImpact Concrete NoCollision + Hole Unlit.prefab
  artifactKey: Guid(2b4ffdf4a64f87d4ca3c0de925e6d343) Importer(2089858483,b0f066a214c2f5e87bad3c948f4d605d)
Start importing Assets/World/Effects/WarFX/_Effects (Mobile)/Bullet Impacts/+ Bullet Hole/Unlit/WFXMR_BImpact Concrete NoCollision + Hole Unlit.prefab using Guid(2b4ffdf4a64f87d4ca3c0de925e6d343) Importer(2089858483,b0f066a214c2f5e87bad3c948f4d605d) (ScriptedImporter) -> (artifact id: 'e86dfaa561e9368dd4cdf3c2276d91a7') in 0.0233196 seconds
Number of updated asset objects reloaded before import = 0Number of asset objects unloaded after import = 21

========================================================================
Received Import Request.
  Time since last request: 0.000014 seconds.
  path: Assets/Game/AIImport/Human Animations/Unity Demo Scenes/Human Melee Animations/AnimatorControllers/Female/2H/HumanF@Run_Backward - 2H.overrideController
  artifactKey: Guid(775b9d4fea4c6b7428ca3bf92a658b76) Importer(2089858483,b0f066a214c2f5e87bad3c948f4d605d)
Start importing Assets/Game/AIImport/Human Animations/Unity Demo Scenes/Human Melee Animations/AnimatorControllers/Female/2H/HumanF@Run_Backward - 2H.overrideController using Guid(775b9d4fea4c6b7428ca3bf92a658b76) Importer(2089858483,b0f066a214c2f5e87bad3c948f4d605d) (ScriptedImporter) -> (artifact id: '86f149e3fc1f1698da591a4ca8e11b2a') in 0.0130639 seconds
Number of updated asset objects reloaded before import = 0Number of asset objects unloaded after import = 11

========================================================================
Received Import Request.
  Time since last request: 0.000013 seconds.
  path: Assets/Game/AIImport/Human Animations/Unity Demo Scenes/Human Melee Animations/AnimatorControllers/Male/2H/HumanM@Combat - 2H.controller
  artifactKey: Guid(f9e89ec160eab4542b06995586c22dd4) Importer(2089858483,b0f066a214c2f5e87bad3c948f4d605d)
Start importing Assets/Game/AIImport/Human Animations/Unity Demo Scenes/Human Melee Animations/AnimatorControllers/Male/2H/HumanM@Combat - 2H.controller using Guid(f9e89ec160eab4542b06995586c22dd4) Importer(2089858483,b0f066a214c2f5e87bad3c948f4d605d) (ScriptedImporter) -> (artifact id: '7a6103fb2c09eba578bc20501c00db14') in 0.0138631 seconds
Number of updated asset objects reloaded before import = 0Number of asset objects unloaded after import = 23

========================================================================
Received Import Request.
  Time since last request: 0.000015 seconds.
  path: Assets/Game/AIImport/Human Animations/Unity Demo Scenes/Human Melee Animations/AnimatorControllers/Male/1H/HumanM@Run_ForwardLeft - 1H.controller
  artifactKey: Guid(432277e674c908b41b6aa76b554920f7) Importer(2089858483,b0f066a214c2f5e87bad3c948f4d605d)
Start importing Assets/Game/AIImport/Human Animations/Unity Demo Scenes/Human Melee Animations/AnimatorControllers/Male/1H/HumanM@Run_ForwardLeft - 1H.controller using Guid(432277e674c908b41b6aa76b554920f7) Importer(2089858483,b0f066a214c2f5e87bad3c948f4d605d) (ScriptedImporter) -> (artifact id: 'd694faa6476ebfd63e2a861bd9c7c749') in 0.0165727 seconds
Number of updated asset objects reloaded before import = 0Number of asset objects unloaded after import = 4

========================================================================
Received Import Request.
  Time since last request: 0.000022 seconds.
  path: Assets/Game/AIImport/Human Animations/Unity Demo Scenes/Human Melee Animations/AnimatorControllers/Male/1H/HumanM@Run_Forward - 1H.controller
  artifactKey: Guid(289774fc460f5e1468cbd52ad3d21b2d) Importer(2089858483,b0f066a214c2f5e87bad3c948f4d605d)
Start importing Assets/Game/AIImport/Human Animations/Unity Demo Scenes/Human Melee Animations/AnimatorControllers/Male/1H/HumanM@Run_Forward - 1H.controller using Guid(289774fc460f5e1468cbd52ad3d21b2d) Importer(2089858483,b0f066a214c2f5e87bad3c948f4d605d) (ScriptedImporter) -> (artifact id: '85779da177279e316a96b13f4762d48f') in 0.0099741 seconds
Number of updated asset objects reloaded before import = 0Number of asset objects unloaded after import = 4

========================================================================
Received Import Request.
  Time since last request: 0.000012 seconds.
  path: Assets/Game/AIImport/Human Animations/Unity Demo Scenes/Human Melee Animations/AnimatorControllers/Male/2H/HumanM@RunStrafe01_ForwardLeft - 2H.controller
  artifactKey: Guid(c596b3576d62094409962e79dccfcc0d) Importer(2089858483,b0f066a214c2f5e87bad3c948f4d605d)
Start importing Assets/Game/AIImport/Human Animations/Unity Demo Scenes/Human Melee Animations/AnimatorControllers/Male/2H/HumanM@RunStrafe01_ForwardLeft - 2H.controller using Guid(c596b3576d62094409962e79dccfcc0d) Importer(2089858483,b0f066a214c2f5e87bad3c948f4d605d) (ScriptedImporter) -> (artifact id: '020df896b917eff166aec0e9fa244cf7') in 0.0090832 seconds
Number of updated asset objects reloaded before import = 0Number of asset objects unloaded after import = 8

========================================================================
Received Import Request.
  Time since last request: 0.000012 seconds.
  path: Assets/Game/AIImport/Human Animations/Unity Demo Scenes/Human Melee Animations/AnimatorControllers/Female/Polearm/HumanF@Run_ForwardLeft - Polearm.overrideController
  artifactKey: Guid(cf6677d24dbe87d47b3cef795fc90521) Importer(2089858483,b0f066a214c2f5e87bad3c948f4d605d)
Start importing Assets/Game/AIImport/Human Animations/Unity Demo Scenes/Human Melee Animations/AnimatorControllers/Female/Polearm/HumanF@Run_ForwardLeft - Polearm.overrideController using Guid(cf6677d24dbe87d47b3cef795fc90521) Importer(2089858483,b0f066a214c2f5e87bad3c948f4d605d) (ScriptedImporter) -> (artifact id: 'f04975c7978f5875fe1d91d2f55d8674') in 0.0121126 seconds
Number of updated asset objects reloaded before import = 0Number of asset objects unloaded after import = 11

========================================================================
Received Import Request.
  Time since last request: 0.000014 seconds.
  path: Assets/Game/AIImport/Human Animations/Unity Demo Scenes/Human Melee Animations/AnimatorControllers/Male/1H/HumanM@Run_BackwardLeft - 1H.controller
  artifactKey: Guid(726e17252bb9d90488c4e2b521fb9bb7) Importer(2089858483,b0f066a214c2f5e87bad3c948f4d605d)
Start importing Assets/Game/AIImport/Human Animations/Unity Demo Scenes/Human Melee Animations/AnimatorControllers/Male/1H/HumanM@Run_BackwardLeft - 1H.controller using Guid(726e17252bb9d90488c4e2b521fb9bb7) Importer(2089858483,b0f066a214c2f5e87bad3c948f4d605d) (ScriptedImporter) -> (artifact id: '36ff53eebbdb56b6900f9d522f9b9ca5') in 0.0109779 seconds
Number of updated asset objects reloaded before import = 0Number of asset objects unloaded after import = 4

========================================================================
Received Import Request.
  Time since last request: 0.000012 seconds.
  path: Assets/Game/AIImport/Human Animations/Unity Demo Scenes/Human Melee Animations/AnimatorControllers/Male/1H/HumanM@Run_Backward - 1H.controller
  artifactKey: Guid(014868a852152a34ca21974d6be66fd0) Importer(2089858483,b0f066a214c2f5e87bad3c948f4d605d)
Start importing Assets/Game/AIImport/Human Animations/Unity Demo Scenes/Human Melee Animations/AnimatorControllers/Male/1H/HumanM@Run_Backward - 1H.controller using Guid(014868a852152a34ca21974d6be66fd0) Importer(2089858483,b0f066a214c2f5e87bad3c948f4d605d) (ScriptedImporter) -> (artifact id: 'b9133d2b3580db40752022221575bb88') in 0.0099925 seconds
Number of updated asset objects reloaded before import = 0Number of asset objects unloaded after import = 4

========================================================================
Received Import Request.
  Time since last request: 0.000016 seconds.
  path: Assets/Game/AIImport/Human Animations/Unity Demo Scenes/Human Melee Animations/AnimatorControllers/Male/2H/HumanM@Combat Movement - 2H.controller
  artifactKey: Guid(08bf4b85aff13574e9824c881c880446) Importer(2089858483,b0f066a214c2f5e87bad3c948f4d605d)
Start importing Assets/Game/AIImport/Human Animations/Unity Demo Scenes/Human Melee Animations/AnimatorControllers/Male/2H/HumanM@Combat Movement - 2H.controller using Guid(08bf4b85aff13574e9824c881c880446) Importer(2089858483,b0f066a214c2f5e87bad3c948f4d605d) (ScriptedImporter) -> (artifact id: '14d236886f47c4a28ec2dd3b1044624f') in 0.0128341 seconds
Number of updated asset objects reloaded before import = 0Number of asset objects unloaded after import = 30

========================================================================
Received Import Request.
  Time since last request: 0.000023 seconds.
  path: Assets/Game/AIImport/Human Animations/Unity Demo Scenes/Human Melee Animations/AnimatorControllers/Male/2H/HumanM@Run_Backward - 2H.controller
  artifactKey: Guid(69ce34bcce82b944ebc4c670514ef27c) Importer(2089858483,b0f066a214c2f5e87bad3c948f4d605d)
Start importing Assets/Game/AIImport/Human Animations/Unity Demo Scenes/Human Melee Animations/AnimatorControllers/Male/2H/HumanM@Run_Backward - 2H.controller using Guid(69ce34bcce82b944ebc4c670514ef27c) Importer(2089858483,b0f066a214c2f5e87bad3c948f4d605d) (ScriptedImporter) -> (artifact id: '6acf4dd811bf40ca5c8c152de0712eed') in 0.0116837 seconds
Number of updated asset objects reloaded before import = 0Number of asset objects unloaded after import = 8

========================================================================
Received Import Request.
  Time since last request: 0.000013 seconds.
  path: Assets/World/Environment/Materials/Furniture/Carpets/CarpetBlack.mat
  artifactKey: Guid(a2671a5d8d614fd43a8375f4db7f371d) Importer(2089858483,b0f066a214c2f5e87bad3c948f4d605d)
Start importing Assets/World/Environment/Materials/Furniture/Carpets/CarpetBlack.mat using Guid(a2671a5d8d614fd43a8375f4db7f371d) Importer(2089858483,b0f066a214c2f5e87bad3c948f4d605d) (ScriptedImporter) -> (artifact id: 'e699e6e3113983da879cbb8b89d43a4c') in 0.0111265 seconds
Number of updated asset objects reloaded before import = 0Number of asset objects unloaded after import = 2

========================================================================
Received Import Request.
  Time since last request: 0.000011 seconds.
  path: Assets/World/Environment/Models/PSDs/Bookshelf/contents.obv
  artifactKey: Guid(b4c917bba3edd4e4eb5f9e2d2bcd4019) Importer(2089858483,b0f066a214c2f5e87bad3c948f4d605d)
Start importing Assets/World/Environment/Models/PSDs/Bookshelf/contents.obv using Guid(b4c917bba3edd4e4eb5f9e2d2bcd4019) Importer(2089858483,b0f066a214c2f5e87bad3c948f4d605d) (ScriptedImporter) -> (artifact id: '3129b78007e28f85be1c293957db6332') in 0.0111156 seconds
Number of updated asset objects reloaded before import = 0Number of asset objects unloaded after import = 1

========================================================================
Received Import Request.
  Time since last request: 0.000012 seconds.
  path: Assets/Game/AIImport/Human Animations/Unity Demo Scenes/Human Melee Animations/AnimatorControllers/Male/Polearm/HumanM@Run_BackwardRight - Polearm.controller
  artifactKey: Guid(88b5f4d62e8664544a855b0486ca7357) Importer(2089858483,b0f066a214c2f5e87bad3c948f4d605d)
Start importing Assets/Game/AIImport/Human Animations/Unity Demo Scenes/Human Melee Animations/AnimatorControllers/Male/Polearm/HumanM@Run_BackwardRight - Polearm.controller using Guid(88b5f4d62e8664544a855b0486ca7357) Importer(2089858483,b0f066a214c2f5e87bad3c948f4d605d) (ScriptedImporter) -> (artifact id: '298ebecfc53e1bfeef105c8b3692572d') in 0.0126873 seconds
Number of updated asset objects reloaded before import = 0Number of asset objects unloaded after import = 8

========================================================================
Received Import Request.
  Time since last request: 0.000016 seconds.
  path: Assets/Game/AIImport/Human Animations/Unity Demo Scenes/Human Melee Animations/AnimatorControllers/Male/Polearm/HumanM@Run_Right - Polearm.controller
  artifactKey: Guid(fed8e8e9b07377547a0cc3c4907ea7d6) Importer(2089858483,b0f066a214c2f5e87bad3c948f4d605d)
Start importing Assets/Game/AIImport/Human Animations/Unity Demo Scenes/Human Melee Animations/AnimatorControllers/Male/Polearm/HumanM@Run_Right - Polearm.controller using Guid(fed8e8e9b07377547a0cc3c4907ea7d6) Importer(2089858483,b0f066a214c2f5e87bad3c948f4d605d) (ScriptedImporter) -> (artifact id: '427df234ef3ea0d08a4c3c53fb486022') in 0.0111071 seconds
Number of updated asset objects reloaded before import = 0Number of asset objects unloaded after import = 8

========================================================================
Received Import Request.
  Time since last request: 0.000017 seconds.
  path: Assets/Game/Animations/NPC/Female/Movement/Strafe/StrafeRun/RootMotion/HumanF@StrafeRun01_ForwardLeft [RM].fbx
  artifactKey: Guid(6fc6fe2ce0c08bb449d420f7653ed173) Importer(2089858483,b0f066a214c2f5e87bad3c948f4d605d)
Start importing Assets/Game/Animations/NPC/Female/Movement/Strafe/StrafeRun/RootMotion/HumanF@StrafeRun01_ForwardLeft [RM].fbx using Guid(6fc6fe2ce0c08bb449d420f7653ed173) Importer(2089858483,b0f066a214c2f5e87bad3c948f4d605d) (ScriptedImporter) -> (artifact id: '3d319bc8e19338dfe30bd6801d6f6468') in 0.0160549 seconds
Number of updated asset objects reloaded before import = 0Number of asset objects unloaded after import = 120

========================================================================
Received Import Request.
  Time since last request: 0.000020 seconds.
  path: Assets/Game/Animations/NPC/Female/Movement/Strafe/StrafeRun/RootMotion/HumanF@StrafeRun01_ForwardRight [RM].fbx
  artifactKey: Guid(78cf87d23cc6a1547af79ad81e510c5c) Importer(2089858483,b0f066a214c2f5e87bad3c948f4d605d)
Start importing Assets/Game/Animations/NPC/Female/Movement/Strafe/StrafeRun/RootMotion/HumanF@StrafeRun01_ForwardRight [RM].fbx using Guid(78cf87d23cc6a1547af79ad81e510c5c) Importer(2089858483,b0f066a214c2f5e87bad3c948f4d605d) (ScriptedImporter) -> (artifact id: 'dd0e75c7722c201d87c9d12bad27b8df') in 0.014455 seconds
Number of updated asset objects reloaded before import = 0Number of asset objects unloaded after import = 120

========================================================================
Received Import Request.
  Time since last request: 0.000012 seconds.
  path: Assets/Game/AIImport/Human Animations/Unity Demo Scenes/Human Melee Animations/AnimatorControllers/Male/2H/HumanM@Run_ForwardLeft - 2H.controller
  artifactKey: Guid(995937cb19a9254419c1fd5b2a6af694) Importer(2089858483,b0f066a214c2f5e87bad3c948f4d605d)
Start importing Assets/Game/AIImport/Human Animations/Unity Demo Scenes/Human Melee Animations/AnimatorControllers/Male/2H/HumanM@Run_ForwardLeft - 2H.controller using Guid(995937cb19a9254419c1fd5b2a6af694) Importer(2089858483,b0f066a214c2f5e87bad3c948f4d605d) (ScriptedImporter) -> (artifact id: '7da45d5a56ffe425b46d90b03ce05cb7') in 0.0107212 seconds
Number of updated asset objects reloaded before import = 0Number of asset objects unloaded after import = 8

========================================================================
Received Import Request.
  Time since last request: 0.000018 seconds.
  path: Assets/Game/AIImport/Human Animations/Unity Demo Scenes/Human Melee Animations/AnimatorControllers/Male/2H/HumanM@Run_BackwardRight - 2H.controller
  artifactKey: Guid(8e60e831458057c48aa9304d4e85d7d0) Importer(2089858483,b0f066a214c2f5e87bad3c948f4d605d)
Start importing Assets/Game/AIImport/Human Animations/Unity Demo Scenes/Human Melee Animations/AnimatorControllers/Male/2H/HumanM@Run_BackwardRight - 2H.controller using Guid(8e60e831458057c48aa9304d4e85d7d0) Importer(2089858483,b0f066a214c2f5e87bad3c948f4d605d) (ScriptedImporter) -> (artifact id: '0bcd725bf132aeaf5060233bd0990b3e') in 0.0126456 seconds
Number of updated asset objects reloaded before import = 0Number of asset objects unloaded after import = 8

========================================================================
Received Import Request.
  Time since last request: 0.000016 seconds.
  path: Assets/Game/AIImport/Human Animations/Unity Demo Scenes/Human Melee Animations/AnimatorControllers/Male/2H/HumanM@Run_Right - 2H.controller
  artifactKey: Guid(e44ebb478a865884c8d0df481263c2ec) Importer(2089858483,b0f066a214c2f5e87bad3c948f4d605d)
Start importing Assets/Game/AIImport/Human Animations/Unity Demo Scenes/Human Melee Animations/AnimatorControllers/Male/2H/HumanM@Run_Right - 2H.controller using Guid(e44ebb478a865884c8d0df481263c2ec) Importer(2089858483,b0f066a214c2f5e87bad3c948f4d605d) (ScriptedImporter) -> (artifact id: 'b5cfe415e7a2d87fc401b55965087693') in 0.012294 seconds
Number of updated asset objects reloaded before import = 0Number of asset objects unloaded after import = 8

========================================================================
Received Import Request.
  Time since last request: 0.000011 seconds.
  path: Assets/Game/AIImport/Human Animations/Unity Demo Scenes/Human Melee Animations/AnimatorControllers/Male/Polearm/HumanM@RunStrafe01_ForwardLeft - Polearm.controller
  artifactKey: Guid(d4780be61e4af8f4191f213919d55279) Importer(2089858483,b0f066a214c2f5e87bad3c948f4d605d)
Start importing Assets/Game/AIImport/Human Animations/Unity Demo Scenes/Human Melee Animations/AnimatorControllers/Male/Polearm/HumanM@RunStrafe01_ForwardLeft - Polearm.controller using Guid(d4780be61e4af8f4191f213919d55279) Importer(2089858483,b0f066a214c2f5e87bad3c948f4d605d) (ScriptedImporter) -> (artifact id: '4a1db5a4b2ad1a633fbc8831f49db470') in 0.0111786 seconds
Number of updated asset objects reloaded before import = 0Number of asset objects unloaded after import = 8

========================================================================
Received Import Request.
  Time since last request: 0.000017 seconds.
  path: Assets/Game/AIImport/Human Animations/Unity Demo Scenes/Human Melee Animations/AnimatorControllers/Male/Polearm/HumanM@Combat - Polearm.controller
  artifactKey: Guid(17443ee122df721439efa518d3858ca0) Importer(2089858483,b0f066a214c2f5e87bad3c948f4d605d)
Start importing Assets/Game/AIImport/Human Animations/Unity Demo Scenes/Human Melee Animations/AnimatorControllers/Male/Polearm/HumanM@Combat - Polearm.controller using Guid(17443ee122df721439efa518d3858ca0) Importer(2089858483,b0f066a214c2f5e87bad3c948f4d605d) (ScriptedImporter) -> (artifact id: 'cf1daa13312deb1d391072b9f2cdbbc3') in 0.0146094 seconds
Number of updated asset objects reloaded before import = 0Number of asset objects unloaded after import = 25

========================================================================
Received Import Request.
  Time since last request: 0.000025 seconds.
  path: Assets/World/Effects/WarFX/Desktop/Materials/Flames/WFX_M_FlameThrower Stream.mat
  artifactKey: Guid(1371a6078902c7b4faaebd2d94e436d4) Importer(2089858483,b0f066a214c2f5e87bad3c948f4d605d)
Start importing Assets/World/Effects/WarFX/Desktop/Materials/Flames/WFX_M_FlameThrower Stream.mat using Guid(1371a6078902c7b4faaebd2d94e436d4) Importer(2089858483,b0f066a214c2f5e87bad3c948f4d605d) (ScriptedImporter) -> (artifact id: '6658abcb441004a7e292e6dd3d4eaef9') in 0.0117011 seconds
Number of updated asset objects reloaded before import = 0Number of asset objects unloaded after import = 2

========================================================================
Received Import Request.
  Time since last request: 0.000014 seconds.
  path: Assets/Game/Animations/NPC/Male/Movement/Strafe/StrafeRun/HumanM@StrafeRun01_BackwardLeft.fbx
  artifactKey: Guid(51bdc1cd12e2d1a489d0eefb275b3cb6) Importer(2089858483,b0f066a214c2f5e87bad3c948f4d605d)
Start importing Assets/Game/Animations/NPC/Male/Movement/Strafe/StrafeRun/HumanM@StrafeRun01_BackwardLeft.fbx using Guid(51bdc1cd12e2d1a489d0eefb275b3cb6) Importer(2089858483,b0f066a214c2f5e87bad3c948f4d605d) (ScriptedImporter) -> (artifact id: '2a54c3ba21a42f0283c2a3f26b402348') in 0.0138682 seconds
Number of updated asset objects reloaded before import = 0Number of asset objects unloaded after import = 120

========================================================================
Received Import Request.
  Time since last request: 0.000011 seconds.
  path: Assets/World/Environment/Models/Lanterns/Materials/Candle1.mat
  artifactKey: Guid(de611aa4ade604440a3f9759cd653971) Importer(2089858483,b0f066a214c2f5e87bad3c948f4d605d)
Start importing Assets/World/Environment/Models/Lanterns/Materials/Candle1.mat using Guid(de611aa4ade604440a3f9759cd653971) Importer(2089858483,b0f066a214c2f5e87bad3c948f4d605d) (ScriptedImporter) -> (artifact id: '20c2049689c9a04bfe8a5bfd33ba1113') in 0.0133188 seconds
Number of updated asset objects reloaded before import = 0Number of asset objects unloaded after import = 1

========================================================================
Received Import Request.
  Time since last request: 0.000015 seconds.
  path: Assets/World/Effects/WarFX/_Effects/Bullet Impacts/+ Bullet Hole/Unlit/WFX_BImpact Concrete + Hole Unlit.prefab
  artifactKey: Guid(94a130fb17f1cae4388a8fe1d8bd3055) Importer(2089858483,b0f066a214c2f5e87bad3c948f4d605d)
Start importing Assets/World/Effects/WarFX/_Effects/Bullet Impacts/+ Bullet Hole/Unlit/WFX_BImpact Concrete + Hole Unlit.prefab using Guid(94a130fb17f1cae4388a8fe1d8bd3055) Importer(2089858483,b0f066a214c2f5e87bad3c948f4d605d) (ScriptedImporter) -> (artifact id: '62816959db36aa18fe025e0bc27635d8') in 0.0338861 seconds
Number of updated asset objects reloaded before import = 0Number of asset objects unloaded after import = 21

========================================================================
Received Import Request.
  Time since last request: 0.000015 seconds.
  path: Assets/World/Effects/WarFX/_Effects (Mobile)/Fire/Gray Smoke/WFXMR_Fire Natural Broad (Gray Smoke).prefab
  artifactKey: Guid(6653f15cda5958544adcee9813458b88) Importer(2089858483,b0f066a214c2f5e87bad3c948f4d605d)
Start importing Assets/World/Effects/WarFX/_Effects (Mobile)/Fire/Gray Smoke/WFXMR_Fire Natural Broad (Gray Smoke).prefab using Guid(6653f15cda5958544adcee9813458b88) Importer(2089858483,b0f066a214c2f5e87bad3c948f4d605d) (ScriptedImporter) -> (artifact id: '5a9a442c3c9d2950b705828995e2ac80') in 0.0237353 seconds
Number of updated asset objects reloaded before import = 0Number of asset objects unloaded after import = 15

========================================================================
Received Import Request.
  Time since last request: 0.000022 seconds.
  path: Assets/World/Environment/Textures/TerrainAutoUpgrade/layer_Rock_2Rock_2_normal3d1cca0d6d0e9938.terrainlayer
  artifactKey: Guid(364691fddd40adb46a6325bc1a32edf6) Importer(2089858483,b0f066a214c2f5e87bad3c948f4d605d)
Start importing Assets/World/Environment/Textures/TerrainAutoUpgrade/layer_Rock_2Rock_2_normal3d1cca0d6d0e9938.terrainlayer using Guid(364691fddd40adb46a6325bc1a32edf6) Importer(2089858483,b0f066a214c2f5e87bad3c948f4d605d) (ScriptedImporter) -> (artifact id: '398b466a5696f7eb84400462d0f98b54') in 0.013805 seconds
Number of updated asset objects reloaded before import = 0Number of asset objects unloaded after import = 3

========================================================================
Received Import Request.
  Time since last request: 0.000012 seconds.
  path: Assets/World/Environment/Textures/Custom/Textures/Vol 7 Grass/Grass_Base.png
  artifactKey: Guid(a82fd1397d5e3934992bb51ed73c5f61) Importer(2089858483,b0f066a214c2f5e87bad3c948f4d605d)
Start importing Assets/World/Environment/Textures/Custom/Textures/Vol 7 Grass/Grass_Base.png using Guid(a82fd1397d5e3934992bb51ed73c5f61) Importer(2089858483,b0f066a214c2f5e87bad3c948f4d605d) (ScriptedImporter) -> (artifact id: '178db34aef8823bacf6be8da99c64839') in 0.0110507 seconds
Number of updated asset objects reloaded before import = 0Number of asset objects unloaded after import = 1

========================================================================
Received Import Request.
  Time since last request: 0.000012 seconds.
  path: Assets/World/Environment/Models/Books/Materials/BooksA_mtl.mat
  artifactKey: Guid(158e5675bb3289b48b0e3c75d10a6ff1) Importer(2089858483,b0f066a214c2f5e87bad3c948f4d605d)
Start importing Assets/World/Environment/Models/Books/Materials/BooksA_mtl.mat using Guid(158e5675bb3289b48b0e3c75d10a6ff1) Importer(2089858483,b0f066a214c2f5e87bad3c948f4d605d) (ScriptedImporter) -> (artifact id: '3fc01e3697328a4830df9d08ccf7c3e1') in 0.0131087 seconds
Number of updated asset objects reloaded before import = 0Number of asset objects unloaded after import = 4

========================================================================
Received Import Request.
  Time since last request: 0.000012 seconds.
  path: Assets/World/Effects/WarFX/_Effects/Fire/Gray Smoke/WFX_GazFire (Gray Smoke).prefab
  artifactKey: Guid(8f4c8e6e19f6811488df5bbe56510f9d) Importer(2089858483,b0f066a214c2f5e87bad3c948f4d605d)
Start importing Assets/World/Effects/WarFX/_Effects/Fire/Gray Smoke/WFX_GazFire (Gray Smoke).prefab using Guid(8f4c8e6e19f6811488df5bbe56510f9d) Importer(2089858483,b0f066a214c2f5e87bad3c948f4d605d) (ScriptedImporter) -> (artifact id: 'b3be6f8422e67ced5ba18710e22b3579') in 0.0199953 seconds
Number of updated asset objects reloaded before import = 0Number of asset objects unloaded after import = 15

========================================================================
Received Import Request.
  Time since last request: 0.000013 seconds.
  path: Assets/Game/AIImport/Human Animations/Unity Demo Scenes/Human Melee Animations/AnimatorControllers/Male/2H/HumanM@Run_Forward - 2H.controller
  artifactKey: Guid(b481413f70b808c4dbb46c48522ae272) Importer(2089858483,b0f066a214c2f5e87bad3c948f4d605d)
Start importing Assets/Game/AIImport/Human Animations/Unity Demo Scenes/Human Melee Animations/AnimatorControllers/Male/2H/HumanM@Run_Forward - 2H.controller using Guid(b481413f70b808c4dbb46c48522ae272) Importer(2089858483,b0f066a214c2f5e87bad3c948f4d605d) (ScriptedImporter) -> (artifact id: '65fe8d8437c5a5c8eeceaf18be30dff8') in 0.0119013 seconds
Number of updated asset objects reloaded before import = 0Number of asset objects unloaded after import = 8

========================================================================
Received Import Request.
  Time since last request: 0.000013 seconds.
  path: Assets/World/Environment/Textures/Lanterns/Latern5 [Specular].tif
  artifactKey: Guid(1ffad570bb0c5f241b3193d441583c0f) Importer(2089858483,b0f066a214c2f5e87bad3c948f4d605d)
Start importing Assets/World/Environment/Textures/Lanterns/Latern5 [Specular].tif using Guid(1ffad570bb0c5f241b3193d441583c0f) Importer(2089858483,b0f066a214c2f5e87bad3c948f4d605d) (ScriptedImporter) -> (artifact id: 'bda2685f7bb764375659474f7c1f94ae') in 0.0121165 seconds
Number of updated asset objects reloaded before import = 0Number of asset objects unloaded after import = 1

========================================================================
Received Import Request.
  Time since last request: 0.000017 seconds.
  path: Assets/World/Environment/Materials/Furniture/Book Shelf/BookShelf.mat
  artifactKey: Guid(ae3d8d02eab8f3945b4c496c22cea61d) Importer(2089858483,b0f066a214c2f5e87bad3c948f4d605d)
Start importing Assets/World/Environment/Materials/Furniture/Book Shelf/BookShelf.mat using Guid(ae3d8d02eab8f3945b4c496c22cea61d) Importer(2089858483,b0f066a214c2f5e87bad3c948f4d605d) (ScriptedImporter) -> (artifact id: '05030d7d0ec5b87113e3926daec18faf') in 0.0119189 seconds
Number of updated asset objects reloaded before import = 0Number of asset objects unloaded after import = 2

========================================================================
Received Import Request.
  Time since last request: 0.000014 seconds.
  path: Assets/World/Environment/Textures/Building2/LooseRocks_RMHA.png
  artifactKey: Guid(46db8276991c844489b3ac5bbcbd1c4f) Importer(2089858483,b0f066a214c2f5e87bad3c948f4d605d)
Start importing Assets/World/Environment/Textures/Building2/LooseRocks_RMHA.png using Guid(46db8276991c844489b3ac5bbcbd1c4f) Importer(2089858483,b0f066a214c2f5e87bad3c948f4d605d) (ScriptedImporter) -> (artifact id: '153fec748c376243436108b1b412b734') in 0.0132985 seconds
Number of updated asset objects reloaded before import = 0Number of asset objects unloaded after import = 1

========================================================================
Received Import Request.
  Time since last request: 0.000012 seconds.
  path: Assets/World/Environment/Textures/Building2/Roof_Wood_Tile_basecolor.png
  artifactKey: Guid(f199ed0cf59a4394fb5062276d7aec76) Importer(2089858483,b0f066a214c2f5e87bad3c948f4d605d)
Start importing Assets/World/Environment/Textures/Building2/Roof_Wood_Tile_basecolor.png using Guid(f199ed0cf59a4394fb5062276d7aec76) Importer(2089858483,b0f066a214c2f5e87bad3c948f4d605d) (ScriptedImporter) -> (artifact id: 'e52e1579e0423f6d1748ee67d03e6558') in 0.0137816 seconds
Number of updated asset objects reloaded before import = 0Number of asset objects unloaded after import = 1

========================================================================
Received Import Request.
  Time since last request: 0.000015 seconds.
  path: Assets/World/Environment/Textures/Lanterns/LampPost [Normal].png
  artifactKey: Guid(f481ca6f17839344581ad9db7c1c0246) Importer(2089858483,b0f066a214c2f5e87bad3c948f4d605d)
Start importing Assets/World/Environment/Textures/Lanterns/LampPost [Normal].png using Guid(f481ca6f17839344581ad9db7c1c0246) Importer(2089858483,b0f066a214c2f5e87bad3c948f4d605d) (ScriptedImporter) -> (artifact id: 'c3dbba8f7a6a7ad13b2709f9f2220164') in 0.0131517 seconds
Number of updated asset objects reloaded before import = 0Number of asset objects unloaded after import = 1

========================================================================
Received Import Request.
  Time since last request: 0.000012 seconds.
  path: Assets/World/Environment/Textures/Lanterns/Candle emission_green 1.png
  artifactKey: Guid(aacd4e2ad027859479c951b93b2e67f0) Importer(2089858483,b0f066a214c2f5e87bad3c948f4d605d)
Start importing Assets/World/Environment/Textures/Lanterns/Candle emission_green 1.png using Guid(aacd4e2ad027859479c951b93b2e67f0) Importer(2089858483,b0f066a214c2f5e87bad3c948f4d605d) (ScriptedImporter) -> (artifact id: '79056ad4dbaa880f1a40228a7304cbb3') in 0.0113019 seconds
Number of updated asset objects reloaded before import = 0Number of asset objects unloaded after import = 1

========================================================================
Received Import Request.
  Time since last request: 0.000016 seconds.
  path: Assets/World/Environment/Prefabs/Trees/Pine2.prefab
  artifactKey: Guid(4741400472e6c18499620f6779ecab12) Importer(2089858483,b0f066a214c2f5e87bad3c948f4d605d)
Start importing Assets/World/Environment/Prefabs/Trees/Pine2.prefab using Guid(4741400472e6c18499620f6779ecab12) Importer(2089858483,b0f066a214c2f5e87bad3c948f4d605d) (ScriptedImporter) -> (artifact id: 'fc82662f7532ca7076c41e455da08906') in 0.0124365 seconds
Number of updated asset objects reloaded before import = 0Number of asset objects unloaded after import = 10

========================================================================
Received Import Request.
  Time since last request: 0.000020 seconds.
  path: Assets/World/Environment/Prefabs/Furniture/3Seat.prefab
  artifactKey: Guid(4da9f6017c5c2954282fe23c8f297ec2) Importer(2089858483,b0f066a214c2f5e87bad3c948f4d605d)
Start importing Assets/World/Environment/Prefabs/Furniture/3Seat.prefab using Guid(4da9f6017c5c2954282fe23c8f297ec2) Importer(2089858483,b0f066a214c2f5e87bad3c948f4d605d) (ScriptedImporter) -> (artifact id: 'c88ce27fb0304f211f19b4c4de3dc931') in 0.010074 seconds
Number of updated asset objects reloaded before import = 0Number of asset objects unloaded after import = 9

========================================================================
Received Import Request.
  Time since last request: 0.000013 seconds.
  path: Assets/World/Environment/Prefabs/Furniture/CoffeeTable.prefab
  artifactKey: Guid(eacf95f1d443b5d47883d1b50d208d97) Importer(2089858483,b0f066a214c2f5e87bad3c948f4d605d)
Start importing Assets/World/Environment/Prefabs/Furniture/CoffeeTable.prefab using Guid(eacf95f1d443b5d47883d1b50d208d97) Importer(2089858483,b0f066a214c2f5e87bad3c948f4d605d) (ScriptedImporter) -> (artifact id: 'f942d9831d4796b96e51aad69ae9d977') in 0.0097273 seconds
Number of updated asset objects reloaded before import = 0Number of asset objects unloaded after import = 15

========================================================================
Received Import Request.
  Time since last request: 0.000011 seconds.
  path: Assets/World/Environment/Prefabs/Books/Book_18.prefab
  artifactKey: Guid(716f6e89ae77a3c4099c9b880caece9e) Importer(2089858483,b0f066a214c2f5e87bad3c948f4d605d)
Start importing Assets/World/Environment/Prefabs/Books/Book_18.prefab using Guid(716f6e89ae77a3c4099c9b880caece9e) Importer(2089858483,b0f066a214c2f5e87bad3c948f4d605d) (ScriptedImporter) -> (artifact id: '98cb40341e1fcad4909d41f00b7dd900') in 0.0210085 seconds
Number of updated asset objects reloaded before import = 0Number of asset objects unloaded after import = 9

========================================================================
Received Import Request.
  Time since last request: 0.000015 seconds.
  path: Assets/World/Environment/Prefabs/Building2/Roof_Thatch_End_Cap_Inv_Corner1.prefab
  artifactKey: Guid(391743362b80ec0419d803f2463fadbe) Importer(2089858483,b0f066a214c2f5e87bad3c948f4d605d)
Start importing Assets/World/Environment/Prefabs/Building2/Roof_Thatch_End_Cap_Inv_Corner1.prefab using Guid(391743362b80ec0419d803f2463fadbe) Importer(2089858483,b0f066a214c2f5e87bad3c948f4d605d) (ScriptedImporter) -> (artifact id: '82d71e084d2f5ae3895aeb3e2095c59e') in 0.0146183 seconds
Number of updated asset objects reloaded before import = 0Number of asset objects unloaded after import = 12

========================================================================
Received Import Request.
  Time since last request: 0.000016 seconds.
  path: Assets/World/Environment/Prefabs/Building2/Roof_Tile_Top_Slope_Cap_Med.prefab
  artifactKey: Guid(e86f9aa8c092e254092e349aa557944a) Importer(2089858483,b0f066a214c2f5e87bad3c948f4d605d)
Start importing Assets/World/Environment/Prefabs/Building2/Roof_Tile_Top_Slope_Cap_Med.prefab using Guid(e86f9aa8c092e254092e349aa557944a) Importer(2089858483,b0f066a214c2f5e87bad3c948f4d605d) (ScriptedImporter) -> (artifact id: 'ad7028b325c18abafe9f3f4287365e42') in 0.0124623 seconds
Number of updated asset objects reloaded before import = 0Number of asset objects unloaded after import = 11

========================================================================
Received Import Request.
  Time since last request: 0.000015 seconds.
  path: Assets/World/Environment/Textures/Furniture/furnitureMerged_diffuse.tga
  artifactKey: Guid(6420d5f0db4caba4e8900775369bb996) Importer(2089858483,b0f066a214c2f5e87bad3c948f4d605d)
Start importing Assets/World/Environment/Textures/Furniture/furnitureMerged_diffuse.tga using Guid(6420d5f0db4caba4e8900775369bb996) Importer(2089858483,b0f066a214c2f5e87bad3c948f4d605d) (ScriptedImporter) -> (artifact id: '68b714d479bf5255bc76934ccca24169') in 0.0117163 seconds
Number of updated asset objects reloaded before import = 0Number of asset objects unloaded after import = 1

========================================================================
Received Import Request.
  Time since last request: 0.000018 seconds.
  path: Assets/World/Sounds/FX/BlizzardFX/Blizzard_medium.wav
  artifactKey: Guid(02bfcc2d69fc71a49ae920c9c0f5f3c7) Importer(2089858483,b0f066a214c2f5e87bad3c948f4d605d)
Start importing Assets/World/Sounds/FX/BlizzardFX/Blizzard_medium.wav using Guid(02bfcc2d69fc71a49ae920c9c0f5f3c7) Importer(2089858483,b0f066a214c2f5e87bad3c948f4d605d) (ScriptedImporter) -> (artifact id: 'ab14d3dce9429dc1147115bff22181d3') in 0.1711288 seconds
Number of updated asset objects reloaded before import = 0Number of asset objects unloaded after import = 1

========================================================================
Received Import Request.
  Time since last request: 0.000016 seconds.
  path: Assets/World/Environment/Prefabs/Building2/Wood_Arch_1.prefab
  artifactKey: Guid(9cee44d243419eb47ba3a1f497d5ebf0) Importer(2089858483,b0f066a214c2f5e87bad3c948f4d605d)
Start importing Assets/World/Environment/Prefabs/Building2/Wood_Arch_1.prefab using Guid(9cee44d243419eb47ba3a1f497d5ebf0) Importer(2089858483,b0f066a214c2f5e87bad3c948f4d605d) (ScriptedImporter) -> (artifact id: '99faf063d870592e38cd910037059c00') in 0.0115092 seconds
Number of updated asset objects reloaded before import = 0Number of asset objects unloaded after import = 9

========================================================================
Received Import Request.
  Time since last request: 0.000022 seconds.
  path: Assets/World/Environment/Textures/Building2/Stone_Wall_RMHA.png
  artifactKey: Guid(1021edbfa7751a54a854c668e3f5efb6) Importer(2089858483,b0f066a214c2f5e87bad3c948f4d605d)
Start importing Assets/World/Environment/Textures/Building2/Stone_Wall_RMHA.png using Guid(1021edbfa7751a54a854c668e3f5efb6) Importer(2089858483,b0f066a214c2f5e87bad3c948f4d605d) (ScriptedImporter) -> (artifact id: '0e3471976ed8146e2772870ebf090f0e') in 0.0132897 seconds
Number of updated asset objects reloaded before import = 0Number of asset objects unloaded after import = 1

========================================================================
Received Import Request.
  Time since last request: 0.000011 seconds.
  path: Assets/World/Environment/Prefabs/Building2/Roof_Wood_End_Cap_Inv_Corner.prefab
  artifactKey: Guid(4ed4487ce2b2f064fa995e833a57bcb1) Importer(2089858483,b0f066a214c2f5e87bad3c948f4d605d)
Start importing Assets/World/Environment/Prefabs/Building2/Roof_Wood_End_Cap_Inv_Corner.prefab using Guid(4ed4487ce2b2f064fa995e833a57bcb1) Importer(2089858483,b0f066a214c2f5e87bad3c948f4d605d) (ScriptedImporter) -> (artifact id: 'efc94bd8616693edf312da4410bcd73c') in 0.0120407 seconds
Number of updated asset objects reloaded before import = 0Number of asset objects unloaded after import = 9

========================================================================
Received Import Request.
  Time since last request: 0.000015 seconds.
  path: Assets/World/Environment/Prefabs/Building2/Wood_Pole_Frame_1x05_Slope.prefab
  artifactKey: Guid(445c5ef67b9aa8649954e13ea8a0bf79) Importer(2089858483,b0f066a214c2f5e87bad3c948f4d605d)
Start importing Assets/World/Environment/Prefabs/Building2/Wood_Pole_Frame_1x05_Slope.prefab using Guid(445c5ef67b9aa8649954e13ea8a0bf79) Importer(2089858483,b0f066a214c2f5e87bad3c948f4d605d) (ScriptedImporter) -> (artifact id: '3be31c66ac0c067d5c06b3c97cae0745') in 0.0124343 seconds
Number of updated asset objects reloaded before import = 0Number of asset objects unloaded after import = 9

========================================================================
Received Import Request.
  Time since last request: 0.000011 seconds.
  path: Assets/World/Effects/WarFX/Mobile/Textures/MuzzleFlashes/WFXM_T_MF Sparks RIFLE1 A8.tga
  artifactKey: Guid(3ef55c046c7234b46b84192f57507b7d) Importer(2089858483,b0f066a214c2f5e87bad3c948f4d605d)
Start importing Assets/World/Effects/WarFX/Mobile/Textures/MuzzleFlashes/WFXM_T_MF Sparks RIFLE1 A8.tga using Guid(3ef55c046c7234b46b84192f57507b7d) Importer(2089858483,b0f066a214c2f5e87bad3c948f4d605d) (ScriptedImporter) -> (artifact id: 'abcdf1af85728f113aebdbde0195eb5f') in 0.0129725 seconds
Number of updated asset objects reloaded before import = 0Number of asset objects unloaded after import = 1

========================================================================
Received Import Request.
  Time since last request: 0.000010 seconds.
  path: Assets/World/Environment/Prefabs/Books/Books_13.prefab
  artifactKey: Guid(00e2fda8feb9b4349a0f704095edb0ed) Importer(2089858483,b0f066a214c2f5e87bad3c948f4d605d)
Start importing Assets/World/Environment/Prefabs/Books/Books_13.prefab using Guid(00e2fda8feb9b4349a0f704095edb0ed) Importer(2089858483,b0f066a214c2f5e87bad3c948f4d605d) (ScriptedImporter) -> (artifact id: 'd24f5b1192367c3b82a52869220ac321') in 0.0122147 seconds
Number of updated asset objects reloaded before import = 0Number of asset objects unloaded after import = 9

========================================================================
Received Import Request.
  Time since last request: 0.000016 seconds.
  path: Assets/World/Environment/Textures/Lanterns/Latern4 [Normal].png
  artifactKey: Guid(3267ac2ad410381479482265c7a8379c) Importer(2089858483,b0f066a214c2f5e87bad3c948f4d605d)
Start importing Assets/World/Environment/Textures/Lanterns/Latern4 [Normal].png using Guid(3267ac2ad410381479482265c7a8379c) Importer(2089858483,b0f066a214c2f5e87bad3c948f4d605d) (ScriptedImporter) -> (artifact id: 'd3399dd578687b7117a34a7d2a934145') in 0.011819 seconds
Number of updated asset objects reloaded before import = 0Number of asset objects unloaded after import = 1

========================================================================
Received Import Request.
  Time since last request: 0.000020 seconds.
  path: Assets/World/Environment/Prefabs/Books/Book_48.prefab
  artifactKey: Guid(1a07456d67796204ea7678dbe6cfe362) Importer(2089858483,b0f066a214c2f5e87bad3c948f4d605d)
Start importing Assets/World/Environment/Prefabs/Books/Book_48.prefab using Guid(1a07456d67796204ea7678dbe6cfe362) Importer(2089858483,b0f066a214c2f5e87bad3c948f4d605d) (ScriptedImporter) -> (artifact id: 'b4e2902dafc5db44c9bf98eaf44322c0') in 0.0126394 seconds
Number of updated asset objects reloaded before import = 0Number of asset objects unloaded after import = 9

========================================================================
Received Import Request.
  Time since last request: 0.000074 seconds.
  path: Assets/World/Environment/Prefabs/Furniture/BigCloset.prefab
  artifactKey: Guid(9d4494b8b100519479f9699c5a7390a9) Importer(2089858483,b0f066a214c2f5e87bad3c948f4d605d)
Start importing Assets/World/Environment/Prefabs/Furniture/BigCloset.prefab using Guid(9d4494b8b100519479f9699c5a7390a9) Importer(2089858483,b0f066a214c2f5e87bad3c948f4d605d) (ScriptedImporter) -> (artifact id: 'ccb7ee58908a61d43d98791ff5eb126e') in 0.0122731 seconds
Number of updated asset objects reloaded before import = 0Number of asset objects unloaded after import = 9

========================================================================
Received Import Request.
  Time since last request: 0.000014 seconds.
  path: Assets/World/Environment/Prefabs/Building2/Wall_Window_1x2_2.prefab
  artifactKey: Guid(8e737bb07ec9a414487456af848579b6) Importer(2089858483,b0f066a214c2f5e87bad3c948f4d605d)
Start importing Assets/World/Environment/Prefabs/Building2/Wall_Window_1x2_2.prefab using Guid(8e737bb07ec9a414487456af848579b6) Importer(2089858483,b0f066a214c2f5e87bad3c948f4d605d) (ScriptedImporter) -> (artifact id: '97b9a554738409181ed61d99d9313dad') in 0.0135158 seconds
Number of updated asset objects reloaded before import = 0Number of asset objects unloaded after import = 10

========================================================================
Received Import Request.
  Time since last request: 0.000012 seconds.
  path: Assets/World/Effects/WarFX/_Effects/Fire/Gray Smoke/WFX_Fire Natural Broad (Gray Smoke).prefab
  artifactKey: Guid(46db5b1dc2de2384da9a75fc063273be) Importer(2089858483,b0f066a214c2f5e87bad3c948f4d605d)
Start importing Assets/World/Effects/WarFX/_Effects/Fire/Gray Smoke/WFX_Fire Natural Broad (Gray Smoke).prefab using Guid(46db5b1dc2de2384da9a75fc063273be) Importer(2089858483,b0f066a214c2f5e87bad3c948f4d605d) (ScriptedImporter) -> (artifact id: 'ece2847de1b00c655e18a3dd9feb4125') in 0.0304053 seconds
Number of updated asset objects reloaded before import = 0Number of asset objects unloaded after import = 15

========================================================================
Received Import Request.
  Time since last request: 0.000013 seconds.
  path: Assets/World/Environment/Prefabs/Building2/Roof_Wood_Tall_End_R.prefab
  artifactKey: Guid(c95a6bfb9ebf9d54095ae2d23373b185) Importer(2089858483,b0f066a214c2f5e87bad3c948f4d605d)
Start importing Assets/World/Environment/Prefabs/Building2/Roof_Wood_Tall_End_R.prefab using Guid(c95a6bfb9ebf9d54095ae2d23373b185) Importer(2089858483,b0f066a214c2f5e87bad3c948f4d605d) (ScriptedImporter) -> (artifact id: '276abdc2796ac1d722f48bbb5411763a') in 0.0118327 seconds
Number of updated asset objects reloaded before import = 0Number of asset objects unloaded after import = 10

========================================================================
Received Import Request.
  Time since last request: 0.000014 seconds.
  path: Assets/World/Sounds/FX/scary/doorKnocking.wav
  artifactKey: Guid(54c9dfdd03f6d9f4891aa5984acad8d9) Importer(2089858483,b0f066a214c2f5e87bad3c948f4d605d)
Start importing Assets/World/Sounds/FX/scary/doorKnocking.wav using Guid(54c9dfdd03f6d9f4891aa5984acad8d9) Importer(2089858483,b0f066a214c2f5e87bad3c948f4d605d) (ScriptedImporter) -> (artifact id: '8e0bcb50bde2bd87db6c579cd613b734') in 0.045495 seconds
Number of updated asset objects reloaded before import = 0Number of asset objects unloaded after import = 1

========================================================================
Received Import Request.
  Time since last request: 0.000023 seconds.
  path: Assets/World/Environment/Textures/Furniture/glass_01_ALBEDO.png
  artifactKey: Guid(f627d5eba70cce04e9c8f20635a9251e) Importer(2089858483,b0f066a214c2f5e87bad3c948f4d605d)
Start importing Assets/World/Environment/Textures/Furniture/glass_01_ALBEDO.png using Guid(f627d5eba70cce04e9c8f20635a9251e) Importer(2089858483,b0f066a214c2f5e87bad3c948f4d605d) (ScriptedImporter) -> (artifact id: 'b6fd51cb3aa5ffd4a6db82ad9e2e1bd3') in 0.0134866 seconds
Number of updated asset objects reloaded before import = 0Number of asset objects unloaded after import = 1

========================================================================
Received Import Request.
  Time since last request: 0.000012 seconds.
  path: Assets/World/Environment/Textures/Lanterns/Candle3_Emission.png
  artifactKey: Guid(e021051f746d881459b36adb6f6f4622) Importer(2089858483,b0f066a214c2f5e87bad3c948f4d605d)
Start importing Assets/World/Environment/Textures/Lanterns/Candle3_Emission.png using Guid(e021051f746d881459b36adb6f6f4622) Importer(2089858483,b0f066a214c2f5e87bad3c948f4d605d) (ScriptedImporter) -> (artifact id: 'a76f3e15c8cb061172c4a0cb378d3384') in 0.0130062 seconds
Number of updated asset objects reloaded before import = 0Number of asset objects unloaded after import = 1

========================================================================
Received Import Request.
  Time since last request: 0.000012 seconds.
  path: Assets/World/Environment/Textures/Furniture/2SeatD_mask.tga
  artifactKey: Guid(f1d33e39cf03d834ba5ac2aaf7260c9c) Importer(2089858483,b0f066a214c2f5e87bad3c948f4d605d)
Start importing Assets/World/Environment/Textures/Furniture/2SeatD_mask.tga using Guid(f1d33e39cf03d834ba5ac2aaf7260c9c) Importer(2089858483,b0f066a214c2f5e87bad3c948f4d605d) (ScriptedImporter) -> (artifact id: '3cf2e1a1165ee55f61bb1daef73bd8b0') in 0.0150603 seconds
Number of updated asset objects reloaded before import = 0Number of asset objects unloaded after import = 1

========================================================================
Received Import Request.
  Time since last request: 0.000015 seconds.
  path: Assets/World/Environment/Textures/Furniture/Basket_Alb.tga
  artifactKey: Guid(f2545c4b6f90444319de2b20048e5751) Importer(2089858483,b0f066a214c2f5e87bad3c948f4d605d)
Start importing Assets/World/Environment/Textures/Furniture/Basket_Alb.tga using Guid(f2545c4b6f90444319de2b20048e5751) Importer(2089858483,b0f066a214c2f5e87bad3c948f4d605d) (ScriptedImporter) -> (artifact id: '9852a8eadc126a115723521224da9056') in 0.0137046 seconds
Number of updated asset objects reloaded before import = 0Number of asset objects unloaded after import = 1

========================================================================
Received Import Request.
  Time since last request: 0.000017 seconds.
  path: Assets/World/Effects/WarFX/_Effects (Mobile)/Explosions/WFXMR_ExplosiveSmoke Big.prefab
  artifactKey: Guid(1ae4db7b36e51124b89d2b32303a7a0b) Importer(2089858483,b0f066a214c2f5e87bad3c948f4d605d)
Start importing Assets/World/Effects/WarFX/_Effects (Mobile)/Explosions/WFXMR_ExplosiveSmoke Big.prefab using Guid(1ae4db7b36e51124b89d2b32303a7a0b) Importer(2089858483,b0f066a214c2f5e87bad3c948f4d605d) (ScriptedImporter) -> (artifact id: '7561f047c97f5b72d3fe0b9ed2b26c46') in 0.0223548 seconds
Number of updated asset objects reloaded before import = 0Number of asset objects unloaded after import = 27

========================================================================
Received Import Request.
  Time since last request: 0.000014 seconds.
  path: Assets/World/Environment/Prefabs/Building2/Roof_Thatch_Short_End_L.prefab
  artifactKey: Guid(58c98efd2fdd3d24d82fcf607bc83d3c) Importer(2089858483,b0f066a214c2f5e87bad3c948f4d605d)
Start importing Assets/World/Environment/Prefabs/Building2/Roof_Thatch_Short_End_L.prefab using Guid(58c98efd2fdd3d24d82fcf607bc83d3c) Importer(2089858483,b0f066a214c2f5e87bad3c948f4d605d) (ScriptedImporter) -> (artifact id: '6be1efcfbcaf674663c6bd65424f1993') in 0.0118425 seconds
Number of updated asset objects reloaded before import = 0Number of asset objects unloaded after import = 13

========================================================================
Received Import Request.
  Time since last request: 0.000023 seconds.
  path: Assets/World/Environment/Prefabs/Building2/Brick_Row_2.prefab
  artifactKey: Guid(9047cbaf5c478e64497cd365dd6c6351) Importer(2089858483,b0f066a214c2f5e87bad3c948f4d605d)
Start importing Assets/World/Environment/Prefabs/Building2/Brick_Row_2.prefab using Guid(9047cbaf5c478e64497cd365dd6c6351) Importer(2089858483,b0f066a214c2f5e87bad3c948f4d605d) (ScriptedImporter) -> (artifact id: '45d808860aafd5f7e6fce6d51f53a367') in 0.0211934 seconds
Number of updated asset objects reloaded before import = 0Number of asset objects unloaded after import = 8

========================================================================
Received Import Request.
  Time since last request: 0.000016 seconds.
  path: Assets/World/Environment/Textures/Trees/flower daisy.png
  artifactKey: Guid(4cd0514b45f83384bafa873fa2f9b888) Importer(2089858483,b0f066a214c2f5e87bad3c948f4d605d)
Start importing Assets/World/Environment/Textures/Trees/flower daisy.png using Guid(4cd0514b45f83384bafa873fa2f9b888) Importer(2089858483,b0f066a214c2f5e87bad3c948f4d605d) (ScriptedImporter) -> (artifact id: 'dd456f46ae3bf5b2dc74ed55c8519cee') in 0.0130896 seconds
Number of updated asset objects reloaded before import = 0Number of asset objects unloaded after import = 1

========================================================================
Received Import Request.
  Time since last request: 0.000011 seconds.
  path: Assets/World/Environment/Textures/Trees/bark01.png
  artifactKey: Guid(6fd8debbbd56b18458395c01cc0300da) Importer(2089858483,b0f066a214c2f5e87bad3c948f4d605d)
Start importing Assets/World/Environment/Textures/Trees/bark01.png using Guid(6fd8debbbd56b18458395c01cc0300da) Importer(2089858483,b0f066a214c2f5e87bad3c948f4d605d) (ScriptedImporter) -> (artifact id: 'dcf348a5ccb271a6812543de21b508fc') in 0.0102234 seconds
Number of updated asset objects reloaded before import = 0Number of asset objects unloaded after import = 1

Editor requested this worker to shutdown with reason: Scaling down because of idle timeout
AssetImportWorker is now disconnected from the server
Process exiting
Exiting without the bug reporter. Application will terminate with return code 0