[Licensing::Module] Trying to connect to existing licensing client channel...
Built from '6000.3/staging' branch; Version is '6000.3.3f1 (ef04196de0d6) revision 15664153'; Using compiler version '194234433'; Build Type 'Release'
[Licensing::IpcConnector] Successfully connected to: "LicenseClient-Hopic" at "2026-02-10T19:57:53.5945629Z"
OS: 'Windows 10  (10.0.19045) 64bit Core' Language: 'en' Physical Memory: 16004 MB
BatchMode: 1, IsHumanControllingUs: 0, StartBugReporterOnCrash: 0, Is64bit: 1
Date: 2026-02-10T19:57:53Z
[Licensing::Client] Code 10 while verifying Licensing Client signature (process Id: 16956, path: "C:/Program Files/Unity Hub/UnityLicensingClient_V1/Unity.Licensing.Client.exe")
[Licensing::Module] LicensingClient has failed validation; ignoring
[Licensing::Client] Error: HandshakeResponse reported an error:
	ResponseCode: 505
	ResponseStatus: Unsupported protocol version '1.17.4'.
[Licensing::Module] Error: Failed to handshake to channel: "LicenseClient-Hopic"
[Licensing::IpcConnector] LicenseClient-Hopic channel disconnected successfully.
[Licensing::IpcConnector] Successfully connected to: "LicenseClient-Hopic-6000.3.3" at "2026-02-10T19:57:53.6554712Z"

COMMAND LINE ARGUMENTS:
C:\Program Files\Unity\Hub\Editor\6000.3.3f1\Editor\Unity.exe
-adb2
-batchMode
-noUpm
-name
AssetImportWorker9
-projectPath
E:/unity/maturitniprace/active/devGame
-logFile
Logs/AssetImportWorker9.log
-srvPort
59434
-licensingIpc
LicenseClient-Hopic
-job-worker-count
7
-background-job-worker-count
8
-gc-helper-count
1
-name
AssetImport
Successfully changed project path to: E:/unity/maturitniprace/active/devGame
E:/unity/maturitniprace/active/devGame
[UnityMemory] Configuration Parameters - Can be set up in boot.config
    "memorysetup-temp-allocator-size-nav-mesh-worker=65536"
    "memorysetup-temp-allocator-size-audio-worker=65536"
    "memorysetup-temp-allocator-size-gfx=262144"
    "memorysetup-allocator-temp-initial-block-size-main=262144"
    "memorysetup-allocator-temp-initial-block-size-worker=262144"
    "memorysetup-temp-allocator-size-background-worker=32768"
    "memorysetup-temp-allocator-size-job-worker=262144"
    "memorysetup-temp-allocator-size-preload-manager=33554432"
    "memorysetup-temp-allocator-size-gi-baking-worker=262144"
    "memorysetup-temp-allocator-size-gi-baking-worker=262144"
    "memorysetup-temp-allocator-size-gi-baking-worker=262144"
    "memorysetup-temp-allocator-size-gi-baking-worker=262144"
    "memorysetup-temp-allocator-size-gi-baking-worker=262144"
    "memorysetup-bucket-allocator-granularity=16"
    "memorysetup-bucket-allocator-bucket-count=8"
    "memorysetup-bucket-allocator-block-size=33554432"
    "memorysetup-bucket-allocator-block-count=8"
    "memorysetup-main-allocator-block-size=16777216"
    "memorysetup-thread-allocator-block-size=16777216"
    "memorysetup-gfx-main-allocator-block-size=16777216"
    "memorysetup-gfx-thread-allocator-block-size=16777216"
    "memorysetup-cache-allocator-block-size=4194304"
    "memorysetup-typetree-allocator-block-size=2097152"
    "memorysetup-profiler-bucket-allocator-granularity=16"
    "memorysetup-profiler-bucket-allocator-bucket-count=8"
    "memorysetup-profiler-bucket-allocator-block-size=33554432"
    "memorysetup-profiler-bucket-allocator-block-count=8"
    "memorysetup-profiler-allocator-block-size=16777216"
    "memorysetup-profiler-editor-allocator-block-size=1048576"
    "memorysetup-temp-allocator-size-main=16777216"
    "memorysetup-job-temp-allocator-block-size=2097152"
    "memorysetup-job-temp-allocator-block-size-background=1048576"
    "memorysetup-job-temp-allocator-reduction-small-platforms=262144"
    "memorysetup-temp-allocator-size-cloud-worker=32768"
Player connection [24656]  Target information:

Player connection [24656]  * "[IP] 192.168.56.1 [Port] 0 [Flags] 2 [Guid] 3330494670 [EditorId] 3330494670 [Version] 1048832 [Id] WindowsEditor(7,DESKTOP-HOPICEKCZ) [Debug] 1 [PackageName] WindowsEditor [ProjectName] Editor" 

Player connection [24656]  * "[IP] 26.18.104.236 [Port] 0 [Flags] 2 [Guid] 3330494670 [EditorId] 3330494670 [Version] 1048832 [Id] WindowsEditor(7,DESKTOP-HOPICEKCZ) [Debug] 1 [PackageName] WindowsEditor [ProjectName] Editor" 

Player connection [24656]  * "[IP] 10.0.1.28 [Port] 0 [Flags] 2 [Guid] 3330494670 [EditorId] 3330494670 [Version] 1048832 [Id] WindowsEditor(7,DESKTOP-HOPICEKCZ) [Debug] 1 [PackageName] WindowsEditor [ProjectName] Editor" 

Player connection [24656] Host joined multi-casting on [225.0.0.222:54997]...
Player connection [24656] Host joined alternative multi-casting on [225.0.0.222:34997]...
JobSystem: Creating JobQueue using job-worker-count value 7
Input System module state changed to: Initialized.
[Physics::Module] Initialized fallback backend.
[Physics::Module] Id: 0xdecafbad
Library Redirect Path: Library/
[Physics::Module] Selected backend.
[Physics::Module] Name: PhysX
[Physics::Module] Id: 0xf2b8ea05
[Physics::Module] SDK Version: 4.1.2
[Physics::Module] Integration Version: 1.0.0
[Physics::Module] Threading Mode: Multi-Threaded
Refreshing native plugins compatible for Editor in 7.30 ms, found 2 plugins.
Preloading 0 native plugins for Editor in 0.00 ms.
Initialize engine version: 6000.3.3f1 (ef04196de0d6)
[Subsystems] Discovering subsystems at path C:/Program Files/Unity/Hub/Editor/6000.3.3f1/Editor/Data/Resources/UnitySubsystems
[Subsystems] Discovering subsystems at path E:/unity/maturitniprace/active/devGame/Assets
GfxDevice: creating device client; kGfxThreadingModeNonThreaded
Direct3D:
    Version:  Direct3D 11.0 [level 11.1]
    Renderer: NVIDIA GeForce RTX 3060 Laptop GPU (ID=0x2520)
    Vendor:   NVIDIA
    VRAM:     5994 MB
    Driver:   32.0.15.9174
Shader 'WFX/Transparent Diffuse': fallback shader 'Particles/Alpha Blended' not found
Shader 'WFX/Transparent Specular': fallback shader 'Particles/Alpha Blended' not found
Initialize mono
Mono path[0] = 'C:/Program Files/Unity/Hub/Editor/6000.3.3f1/Editor/Data/Managed'
Mono path[1] = 'C:/Program Files/Unity/Hub/Editor/6000.3.3f1/Editor/Data/MonoBleedingEdge/lib/mono/unityjit-win32'
Mono config path = 'C:/Program Files/Unity/Hub/Editor/6000.3.3f1/Editor/Data/MonoBleedingEdge/etc'
Using monoOptions --debugger-agent=transport=dt_socket,embedding=1,server=y,suspend=n,address=127.0.0.1:56500
Begin MonoManager ReloadAssembly
Registering precompiled unity dll's ...
Register platform support module: C:/Program Files/Unity/Hub/Editor/6000.3.3f1/Editor/Data/PlaybackEngines/WindowsStandaloneSupport/UnityEditor.WindowsStandalone.Extensions.dll
Registered in 0.003502 seconds.
- Loaded All Assemblies, in  0.530 seconds
Native extension for WindowsStandalone target not found
[Licensing::Client] Handshaking with LicensingClient:
  Version:                 1.17.4+4293ba1
  Session Id:              718410336e5642c7bec387daf4dc72ad
  Correlation Id:          04a246eae0b2f02f2351bc0e7fdcb6c2
  External correlation Id: 8857995097707863923
  Machine Id:              4VB2xDT1CV9zqVbIIZWsGa/FyKA=
[Licensing::Module] Successfully connected to LicensingClient on channel: "LicenseClient-Hopic-6000.3.3" (connect: 0.00s, validation: 0.00s, handshake: 1.47s)
[Licensing::IpcConnector] Successfully connected to: "LicenseClient-Hopic-6000.3.3-notifications" at "2026-02-10T19:57:55.1313141Z"
[Licensing::Module] Licensing Background thread has ended after 1.54s
Mono: successfully reloaded assembly
- Finished resetting the current domain, in  0.544 seconds
Domain Reload Profiling: 1068ms
	BeginReloadAssembly (175ms)
		ExecutionOrderSort (0ms)
		DisableScriptedObjects (0ms)
		BackupInstance (0ms)
		ReleaseScriptingObjects (0ms)
		CreateAndSetChildDomain (1ms)
	RebuildCommonClasses (48ms)
	RebuildNativeTypeToScriptingClass (18ms)
	initialDomainReloadingComplete (66ms)
	LoadAllAssembliesAndSetupDomain (217ms)
		LoadAssemblies (169ms)
		RebuildTransferFunctionScriptingTraits (0ms)
		AnalyzeDomain (213ms)
			TypeCache.Refresh (211ms)
				TypeCache.ScanAssembly (194ms)
			BuildScriptInfoCaches (0ms)
			ResolveRequiredComponents (1ms)
	FinalizeReload (544ms)
		ReleaseScriptCaches (0ms)
		RebuildScriptCaches (0ms)
		SetupLoadedEditorAssemblies (485ms)
			LogAssemblyErrors (0ms)
			InitializePlatformSupportModulesInManaged (65ms)
			SetLoadedEditorAssemblies (4ms)
			BeforeProcessingInitializeOnLoad (137ms)
			ProcessInitializeOnLoadAttributes (184ms)
			ProcessInitializeOnLoadMethodAttributes (95ms)
			AfterProcessingInitializeOnLoad (0ms)
			EditorAssembliesLoaded (0ms)
		ExecutionOrderSort2 (0ms)
		AwakeInstancesAfterBackupRestoration (0ms)
========================================================================
Worker process is ready to serve import requests
Import Worker Mode flag is 0x00
Begin MonoManager ReloadAssembly
[Licensing::Client] Successfully resolved entitlement details
[Licensing::Module] License group:
  Id: F4-W4H8-9NJQ-FYFT-38SD-XXXX
  Product: Unity Personal
  Type: ULF
  Expiration: Unlimited
[Licensing::Module] License group:
  Id: 7971629442671-UnityPersXXXX
  Product: Unity Personal
  Type: Assigned
  Expiration: Unlimited
Symbol file LoadedFromMemory is not a mono symbol file
- Loaded All Assemblies, in  1.137 seconds
Refreshing native plugins compatible for Editor in 6.50 ms, found 2 plugins.
Native extension for WindowsStandalone target not found
Package Manager log level set to [2]
[Package Manager] Failed to launch server process. Reason: Unity was launched with the -noUpm command-line argument
[Package Manager] Unable to send message (not connected to server process).
[Package Manager] Cannot connect to Unity Package Manager local server
Refreshing native plugins compatible for Editor in 6.87 ms, found 2 plugins.
Mono: successfully reloaded assembly
- Finished resetting the current domain, in  1.207 seconds
Domain Reload Profiling: 2337ms
	BeginReloadAssembly (231ms)
		ExecutionOrderSort (0ms)
		DisableScriptedObjects (6ms)
		BackupInstance (0ms)
		ReleaseScriptingObjects (0ms)
		CreateAndSetChildDomain (34ms)
	RebuildCommonClasses (45ms)
	RebuildNativeTypeToScriptingClass (18ms)
	initialDomainReloadingComplete (59ms)
	LoadAllAssembliesAndSetupDomain (777ms)
		LoadAssemblies (553ms)
		RebuildTransferFunctionScriptingTraits (0ms)
		AnalyzeDomain (358ms)
			TypeCache.Refresh (262ms)
				TypeCache.ScanAssembly (238ms)
			BuildScriptInfoCaches (79ms)
			ResolveRequiredComponents (13ms)
	FinalizeReload (1207ms)
		ReleaseScriptCaches (0ms)
		RebuildScriptCaches (0ms)
		SetupLoadedEditorAssemblies (958ms)
			LogAssemblyErrors (0ms)
			InitializePlatformSupportModulesInManaged (2ms)
			SetLoadedEditorAssemblies (4ms)
			BeforeProcessingInitializeOnLoad (179ms)
			ProcessInitializeOnLoadAttributes (468ms)
			ProcessInitializeOnLoadMethodAttributes (291ms)
			AfterProcessingInitializeOnLoad (13ms)
			EditorAssembliesLoaded (1ms)
		ExecutionOrderSort2 (0ms)
		AwakeInstancesAfterBackupRestoration (13ms)
Shader 'WFX/Transparent Specular': fallback shader 'Particles/Alpha Blended' not found
Shader 'WFX/Transparent Diffuse': fallback shader 'Particles/Alpha Blended' not found
Launched and connected shader compiler UnityShaderCompiler.exe after 0.02 seconds
Refreshing native plugins compatible for Editor in 6.27 ms, found 2 plugins.
Preloading 0 native plugins for Editor in 0.00 ms.
Unloading 17 Unused Serialized files (Serialized files now loaded: 0)
Unloading 6088 unused Assets / (4.4 MB). Loaded Objects now: 6884.
Memory consumption went from 156.3 MB to 151.9 MB.
Total: 14.248000 ms (FindLiveObjects: 0.778200 ms CreateObjectMapping: 0.358600 ms MarkObjects: 11.200500 ms  DeleteObjects: 1.908800 ms)

========================================================================
Received Prepare
Begin MonoManager ReloadAssembly
Symbol file LoadedFromMemory is not a mono symbol file
- Loaded All Assemblies, in  1.079 seconds
Refreshing native plugins compatible for Editor in 7.36 ms, found 2 plugins.
Native extension for WindowsStandalone target not found
[Package Manager] Failed to launch server process. Reason: Unity was launched with the -noUpm command-line argument
[Package Manager] Unable to send message (not connected to server process).
[Package Manager] Cannot connect to Unity Package Manager local server
Mono: successfully reloaded assembly
- Finished resetting the current domain, in  1.532 seconds
Domain Reload Profiling: 2606ms
	BeginReloadAssembly (286ms)
		ExecutionOrderSort (0ms)
		DisableScriptedObjects (9ms)
		BackupInstance (0ms)
		ReleaseScriptingObjects (0ms)
		CreateAndSetChildDomain (68ms)
	RebuildCommonClasses (47ms)
	RebuildNativeTypeToScriptingClass (19ms)
	initialDomainReloadingComplete (48ms)
	LoadAllAssembliesAndSetupDomain (673ms)
		LoadAssemblies (558ms)
		RebuildTransferFunctionScriptingTraits (0ms)
		AnalyzeDomain (252ms)
			TypeCache.Refresh (10ms)
				TypeCache.ScanAssembly (0ms)
			BuildScriptInfoCaches (225ms)
			ResolveRequiredComponents (13ms)
	FinalizeReload (1532ms)
		ReleaseScriptCaches (0ms)
		RebuildScriptCaches (0ms)
		SetupLoadedEditorAssemblies (1295ms)
			LogAssemblyErrors (0ms)
			InitializePlatformSupportModulesInManaged (4ms)
			SetLoadedEditorAssemblies (5ms)
			BeforeProcessingInitializeOnLoad (347ms)
			ProcessInitializeOnLoadAttributes (561ms)
			ProcessInitializeOnLoadMethodAttributes (361ms)
			AfterProcessingInitializeOnLoad (16ms)
			EditorAssembliesLoaded (1ms)
		ExecutionOrderSort2 (0ms)
		AwakeInstancesAfterBackupRestoration (27ms)
Shader 'WFX/Transparent Specular': fallback shader 'Particles/Alpha Blended' not found
Shader 'WFX/Transparent Diffuse': fallback shader 'Particles/Alpha Blended' not found
Refreshing native plugins compatible for Editor in 8.35 ms, found 2 plugins.
Preloading 0 native plugins for Editor in 0.00 ms.
Unloading 17 Unused Serialized files (Serialized files now loaded: 0)
Unloading 6086 unused Assets / (4.4 MB). Loaded Objects now: 6899.
Memory consumption went from 160.0 MB to 155.6 MB.
Total: 16.043400 ms (FindLiveObjects: 0.861500 ms CreateObjectMapping: 0.496900 ms MarkObjects: 12.395400 ms  DeleteObjects: 2.288000 ms)

Prepare: number of updated asset objects reloaded= 0
========================================================================
Received Prepare
Begin MonoManager ReloadAssembly
Symbol file LoadedFromMemory is not a mono symbol file
- Loaded All Assemblies, in  1.093 seconds
Refreshing native plugins compatible for Editor in 7.50 ms, found 2 plugins.
Native extension for WindowsStandalone target not found
[Package Manager] Failed to launch server process. Reason: Unity was launched with the -noUpm command-line argument
[Package Manager] Unable to send message (not connected to server process).
[Package Manager] Cannot connect to Unity Package Manager local server
Mono: successfully reloaded assembly
- Finished resetting the current domain, in  1.391 seconds
Domain Reload Profiling: 2480ms
	BeginReloadAssembly (310ms)
		ExecutionOrderSort (0ms)
		DisableScriptedObjects (9ms)
		BackupInstance (0ms)
		ReleaseScriptingObjects (0ms)
		CreateAndSetChildDomain (65ms)
	RebuildCommonClasses (46ms)
	RebuildNativeTypeToScriptingClass (19ms)
	initialDomainReloadingComplete (45ms)
	LoadAllAssembliesAndSetupDomain (668ms)
		LoadAssemblies (540ms)
		RebuildTransferFunctionScriptingTraits (0ms)
		AnalyzeDomain (265ms)
			TypeCache.Refresh (13ms)
				TypeCache.ScanAssembly (1ms)
			BuildScriptInfoCaches (233ms)
			ResolveRequiredComponents (13ms)
	FinalizeReload (1392ms)
		ReleaseScriptCaches (0ms)
		RebuildScriptCaches (0ms)
		SetupLoadedEditorAssemblies (1166ms)
			LogAssemblyErrors (0ms)
			InitializePlatformSupportModulesInManaged (5ms)
			SetLoadedEditorAssemblies (8ms)
			BeforeProcessingInitializeOnLoad (302ms)
			ProcessInitializeOnLoadAttributes (485ms)
			ProcessInitializeOnLoadMethodAttributes (352ms)
			AfterProcessingInitializeOnLoad (14ms)
			EditorAssembliesLoaded (0ms)
		ExecutionOrderSort2 (0ms)
		AwakeInstancesAfterBackupRestoration (27ms)
Shader 'WFX/Transparent Specular': fallback shader 'Particles/Alpha Blended' not found
Shader 'WFX/Transparent Diffuse': fallback shader 'Particles/Alpha Blended' not found
Refreshing native plugins compatible for Editor in 7.40 ms, found 2 plugins.
Preloading 0 native plugins for Editor in 0.00 ms.
Unloading 17 Unused Serialized files (Serialized files now loaded: 0)
Unloading 6086 unused Assets / (4.3 MB). Loaded Objects now: 6902.
Memory consumption went from 159.9 MB to 155.6 MB.
Total: 15.669500 ms (FindLiveObjects: 0.881800 ms CreateObjectMapping: 0.567200 ms MarkObjects: 12.147800 ms  DeleteObjects: 2.071000 ms)

Prepare: number of updated asset objects reloaded= 0
========================================================================
Received Prepare
Begin MonoManager ReloadAssembly
Symbol file LoadedFromMemory is not a mono symbol file
- Loaded All Assemblies, in  1.031 seconds
Refreshing native plugins compatible for Editor in 7.94 ms, found 2 plugins.
Native extension for WindowsStandalone target not found
[Package Manager] Failed to launch server process. Reason: Unity was launched with the -noUpm command-line argument
[Package Manager] Unable to send message (not connected to server process).
[Package Manager] Cannot connect to Unity Package Manager local server
Mono: successfully reloaded assembly
- Finished resetting the current domain, in  1.277 seconds
Domain Reload Profiling: 2304ms
	BeginReloadAssembly (273ms)
		ExecutionOrderSort (0ms)
		DisableScriptedObjects (9ms)
		BackupInstance (0ms)
		ReleaseScriptingObjects (0ms)
		CreateAndSetChildDomain (60ms)
	RebuildCommonClasses (44ms)
	RebuildNativeTypeToScriptingClass (19ms)
	initialDomainReloadingComplete (45ms)
	LoadAllAssembliesAndSetupDomain (646ms)
		LoadAssemblies (529ms)
		RebuildTransferFunctionScriptingTraits (0ms)
		AnalyzeDomain (250ms)
			TypeCache.Refresh (10ms)
				TypeCache.ScanAssembly (0ms)
			BuildScriptInfoCaches (222ms)
			ResolveRequiredComponents (13ms)
	FinalizeReload (1277ms)
		ReleaseScriptCaches (0ms)
		RebuildScriptCaches (0ms)
		SetupLoadedEditorAssemblies (1063ms)
			LogAssemblyErrors (0ms)
			InitializePlatformSupportModulesInManaged (3ms)
			SetLoadedEditorAssemblies (5ms)
			BeforeProcessingInitializeOnLoad (223ms)
			ProcessInitializeOnLoadAttributes (497ms)
			ProcessInitializeOnLoadMethodAttributes (319ms)
			AfterProcessingInitializeOnLoad (15ms)
			EditorAssembliesLoaded (1ms)
		ExecutionOrderSort2 (0ms)
		AwakeInstancesAfterBackupRestoration (28ms)
Shader 'WFX/Transparent Specular': fallback shader 'Particles/Alpha Blended' not found
Shader 'WFX/Transparent Diffuse': fallback shader 'Particles/Alpha Blended' not found
Refreshing native plugins compatible for Editor in 9.07 ms, found 2 plugins.
Preloading 0 native plugins for Editor in 0.00 ms.
Unloading 17 Unused Serialized files (Serialized files now loaded: 0)
Unloading 6086 unused Assets / (3.1 MB). Loaded Objects now: 6905.
Memory consumption went from 159.9 MB to 156.8 MB.
Total: 16.376800 ms (FindLiveObjects: 0.932000 ms CreateObjectMapping: 0.598700 ms MarkObjects: 12.659200 ms  DeleteObjects: 2.185400 ms)

Prepare: number of updated asset objects reloaded= 0
========================================================================
Received Import Request.
  Time since last request: 11561.634621 seconds.
  path: Assets/EnemyNPC.prefab
  artifactKey: Guid(bfed9c4a5a9aa6f40ae884b560d7e071) Importer(815301076,1909f56bfc062723c751e8b465ee728b)
Start importing Assets/EnemyNPC.prefab using Guid(bfed9c4a5a9aa6f40ae884b560d7e071) Importer(815301076,1909f56bfc062723c751e8b465ee728b) (PreviewImporter) -> (artifact id: 'ec47d638a6891cd707e6cd74fdaea13e') in 0.7040991 seconds
Number of updated asset objects reloaded before import = 0Number of asset objects unloaded after import = 272

========================================================================
Received Prepare
Begin MonoManager ReloadAssembly
[Licensing::Client] Successfully resolved entitlement details
[Licensing::Module] License group:
  Id: F4-W4H8-9NJQ-FYFT-38SD-XXXX
  Product: Unity Personal
  Type: ULF
  Expiration: Unlimited
[Licensing::Module] License group:
  Id: 7971629442671-UnityPersXXXX
  Product: Unity Personal
  Type: Assigned
  Expiration: Unlimited
ADTM: Control thread waiting for realtime thread timed out, have to lock...
Symbol file LoadedFromMemory is not a mono symbol file
- Loaded All Assemblies, in  2.066 seconds
Refreshing native plugins compatible for Editor in 6.80 ms, found 2 plugins.
Native extension for WindowsStandalone target not found
[Package Manager] Failed to launch server process. Reason: Unity was launched with the -noUpm command-line argument
[Package Manager] Unable to send message (not connected to server process).
[Package Manager] Cannot connect to Unity Package Manager local server
Mono: successfully reloaded assembly
- Finished resetting the current domain, in  1.122 seconds
Domain Reload Profiling: 3185ms
	BeginReloadAssembly (1314ms)
		ExecutionOrderSort (0ms)
		DisableScriptedObjects (25ms)
		BackupInstance (0ms)
		ReleaseScriptingObjects (0ms)
		CreateAndSetChildDomain (1084ms)
	RebuildCommonClasses (46ms)
	RebuildNativeTypeToScriptingClass (19ms)
	initialDomainReloadingComplete (47ms)
	LoadAllAssembliesAndSetupDomain (636ms)
		LoadAssemblies (517ms)
		RebuildTransferFunctionScriptingTraits (0ms)
		AnalyzeDomain (255ms)
			TypeCache.Refresh (14ms)
				TypeCache.ScanAssembly (1ms)
			BuildScriptInfoCaches (223ms)
			ResolveRequiredComponents (13ms)
	FinalizeReload (1123ms)
		ReleaseScriptCaches (0ms)
		RebuildScriptCaches (0ms)
		SetupLoadedEditorAssemblies (924ms)
			LogAssemblyErrors (0ms)
			InitializePlatformSupportModulesInManaged (3ms)
			SetLoadedEditorAssemblies (4ms)
			BeforeProcessingInitializeOnLoad (188ms)
			ProcessInitializeOnLoadAttributes (444ms)
			ProcessInitializeOnLoadMethodAttributes (271ms)
			AfterProcessingInitializeOnLoad (13ms)
			EditorAssembliesLoaded (0ms)
		ExecutionOrderSort2 (0ms)
		AwakeInstancesAfterBackupRestoration (24ms)
Shader 'WFX/Transparent Diffuse': fallback shader 'Particles/Alpha Blended' not found
Shader 'WFX/Transparent Specular': fallback shader 'Particles/Alpha Blended' not found
Refreshing native plugins compatible for Editor in 6.03 ms, found 2 plugins.
Preloading 0 native plugins for Editor in 0.00 ms.
Unloading 17 Unused Serialized files (Serialized files now loaded: 0)
Unloading 6086 unused Assets / (4.0 MB). Loaded Objects now: 6943.
Memory consumption went from 168.3 MB to 164.3 MB.
Total: 12.801700 ms (FindLiveObjects: 0.779700 ms CreateObjectMapping: 0.360500 ms MarkObjects: 10.006400 ms  DeleteObjects: 1.653800 ms)

Prepare: number of updated asset objects reloaded= 0
========================================================================
Received Prepare
Begin MonoManager ReloadAssembly
ADTM: Control thread waiting for realtime thread timed out, have to lock...
Symbol file LoadedFromMemory is not a mono symbol file
- Loaded All Assemblies, in  2.084 seconds
Refreshing native plugins compatible for Editor in 7.54 ms, found 2 plugins.
Native extension for WindowsStandalone target not found
[Package Manager] Failed to launch server process. Reason: Unity was launched with the -noUpm command-line argument
[Package Manager] Unable to send message (not connected to server process).
[Package Manager] Cannot connect to Unity Package Manager local server
Mono: successfully reloaded assembly
- Finished resetting the current domain, in  1.197 seconds
Domain Reload Profiling: 3277ms
	BeginReloadAssembly (1282ms)
		ExecutionOrderSort (0ms)
		DisableScriptedObjects (8ms)
		BackupInstance (0ms)
		ReleaseScriptingObjects (0ms)
		CreateAndSetChildDomain (1062ms)
	RebuildCommonClasses (48ms)
	RebuildNativeTypeToScriptingClass (20ms)
	initialDomainReloadingComplete (49ms)
	LoadAllAssembliesAndSetupDomain (682ms)
		LoadAssemblies (557ms)
		RebuildTransferFunctionScriptingTraits (0ms)
		AnalyzeDomain (267ms)
			TypeCache.Refresh (10ms)
				TypeCache.ScanAssembly (0ms)
			BuildScriptInfoCaches (239ms)
			ResolveRequiredComponents (13ms)
	FinalizeReload (1197ms)
		ReleaseScriptCaches (0ms)
		RebuildScriptCaches (0ms)
		SetupLoadedEditorAssemblies (991ms)
			LogAssemblyErrors (0ms)
			InitializePlatformSupportModulesInManaged (3ms)
			SetLoadedEditorAssemblies (4ms)
			BeforeProcessingInitializeOnLoad (192ms)
			ProcessInitializeOnLoadAttributes (473ms)
			ProcessInitializeOnLoadMethodAttributes (304ms)
			AfterProcessingInitializeOnLoad (14ms)
			EditorAssembliesLoaded (1ms)
		ExecutionOrderSort2 (0ms)
		AwakeInstancesAfterBackupRestoration (25ms)
Shader 'WFX/Transparent Diffuse': fallback shader 'Particles/Alpha Blended' not found
Shader 'WFX/Transparent Specular': fallback shader 'Particles/Alpha Blended' not found
Refreshing native plugins compatible for Editor in 6.96 ms, found 2 plugins.
Preloading 0 native plugins for Editor in 0.00 ms.
Unloading 17 Unused Serialized files (Serialized files now loaded: 0)
Unloading 6086 unused Assets / (4.1 MB). Loaded Objects now: 6946.
Memory consumption went from 168.1 MB to 164.0 MB.
Total: 14.152300 ms (FindLiveObjects: 0.823400 ms CreateObjectMapping: 0.376200 ms MarkObjects: 10.991800 ms  DeleteObjects: 1.957500 ms)

Prepare: number of updated asset objects reloaded= 0
========================================================================
Received Prepare
Begin MonoManager ReloadAssembly
ADTM: Control thread waiting for realtime thread timed out, have to lock...
Symbol file LoadedFromMemory is not a mono symbol file
- Loaded All Assemblies, in  2.102 seconds
Refreshing native plugins compatible for Editor in 7.26 ms, found 2 plugins.
Native extension for WindowsStandalone target not found
[Package Manager] Failed to launch server process. Reason: Unity was launched with the -noUpm command-line argument
[Package Manager] Unable to send message (not connected to server process).
[Package Manager] Cannot connect to Unity Package Manager local server
Mono: successfully reloaded assembly
- Finished resetting the current domain, in  1.186 seconds
Domain Reload Profiling: 3284ms
	BeginReloadAssembly (1295ms)
		ExecutionOrderSort (0ms)
		DisableScriptedObjects (8ms)
		BackupInstance (0ms)
		ReleaseScriptingObjects (0ms)
		CreateAndSetChildDomain (1075ms)
	RebuildCommonClasses (48ms)
	RebuildNativeTypeToScriptingClass (20ms)
	initialDomainReloadingComplete (48ms)
	LoadAllAssembliesAndSetupDomain (687ms)
		LoadAssemblies (560ms)
		RebuildTransferFunctionScriptingTraits (0ms)
		AnalyzeDomain (269ms)
			TypeCache.Refresh (10ms)
				TypeCache.ScanAssembly (0ms)
			BuildScriptInfoCaches (240ms)
			ResolveRequiredComponents (14ms)
	FinalizeReload (1187ms)
		ReleaseScriptCaches (0ms)
		RebuildScriptCaches (0ms)
		SetupLoadedEditorAssemblies (979ms)
			LogAssemblyErrors (0ms)
			InitializePlatformSupportModulesInManaged (3ms)
			SetLoadedEditorAssemblies (5ms)
			BeforeProcessingInitializeOnLoad (192ms)
			ProcessInitializeOnLoadAttributes (461ms)
			ProcessInitializeOnLoadMethodAttributes (303ms)
			AfterProcessingInitializeOnLoad (14ms)
			EditorAssembliesLoaded (1ms)
		ExecutionOrderSort2 (0ms)
		AwakeInstancesAfterBackupRestoration (25ms)
Shader 'WFX/Transparent Diffuse': fallback shader 'Particles/Alpha Blended' not found
Shader 'WFX/Transparent Specular': fallback shader 'Particles/Alpha Blended' not found
Refreshing native plugins compatible for Editor in 7.58 ms, found 2 plugins.
Preloading 0 native plugins for Editor in 0.00 ms.
Unloading 17 Unused Serialized files (Serialized files now loaded: 0)
Unloading 6086 unused Assets / (4.1 MB). Loaded Objects now: 6949.
Memory consumption went from 168.2 MB to 164.0 MB.
Total: 15.150200 ms (FindLiveObjects: 0.982100 ms CreateObjectMapping: 0.549800 ms MarkObjects: 11.416600 ms  DeleteObjects: 2.200100 ms)

Prepare: number of updated asset objects reloaded= 0
========================================================================
Received Prepare
Begin MonoManager ReloadAssembly
[Licensing::Client] Successfully resolved entitlement details
[Licensing::Module] License group:
  Id: F4-W4H8-9NJQ-FYFT-38SD-XXXX
  Product: Unity Personal
  Type: ULF
  Expiration: Unlimited
[Licensing::Module] License group:
  Id: 7971629442671-UnityPersXXXX
  Product: Unity Personal
  Type: Assigned
  Expiration: Unlimited
ADTM: Control thread waiting for realtime thread timed out, have to lock...
Symbol file LoadedFromMemory is not a mono symbol file
- Loaded All Assemblies, in  2.096 seconds
Refreshing native plugins compatible for Editor in 7.16 ms, found 2 plugins.
Native extension for WindowsStandalone target not found
[Package Manager] Failed to launch server process. Reason: Unity was launched with the -noUpm command-line argument
[Package Manager] Unable to send message (not connected to server process).
[Package Manager] Cannot connect to Unity Package Manager local server
Mono: successfully reloaded assembly
- Finished resetting the current domain, in  1.201 seconds
Domain Reload Profiling: 3292ms
	BeginReloadAssembly (1283ms)
		ExecutionOrderSort (0ms)
		DisableScriptedObjects (8ms)
		BackupInstance (0ms)
		ReleaseScriptingObjects (0ms)
		CreateAndSetChildDomain (1076ms)
	RebuildCommonClasses (47ms)
	RebuildNativeTypeToScriptingClass (20ms)
	initialDomainReloadingComplete (46ms)
	LoadAllAssembliesAndSetupDomain (695ms)
		LoadAssemblies (546ms)
		RebuildTransferFunctionScriptingTraits (0ms)
		AnalyzeDomain (277ms)
			TypeCache.Refresh (11ms)
				TypeCache.ScanAssembly (0ms)
			BuildScriptInfoCaches (246ms)
			ResolveRequiredComponents (14ms)
	FinalizeReload (1202ms)
		ReleaseScriptCaches (0ms)
		RebuildScriptCaches (0ms)
		SetupLoadedEditorAssemblies (993ms)
			LogAssemblyErrors (0ms)
			InitializePlatformSupportModulesInManaged (3ms)
			SetLoadedEditorAssemblies (4ms)
			BeforeProcessingInitializeOnLoad (188ms)
			ProcessInitializeOnLoadAttributes (478ms)
			ProcessInitializeOnLoadMethodAttributes (304ms)
			AfterProcessingInitializeOnLoad (15ms)
			EditorAssembliesLoaded (1ms)
		ExecutionOrderSort2 (0ms)
		AwakeInstancesAfterBackupRestoration (25ms)
Shader 'WFX/Transparent Diffuse': fallback shader 'Particles/Alpha Blended' not found
Shader 'WFX/Transparent Specular': fallback shader 'Particles/Alpha Blended' not found
Refreshing native plugins compatible for Editor in 7.50 ms, found 2 plugins.
Preloading 0 native plugins for Editor in 0.00 ms.
Unloading 17 Unused Serialized files (Serialized files now loaded: 0)
Unloading 6086 unused Assets / (4.1 MB). Loaded Objects now: 6952.
Memory consumption went from 168.2 MB to 164.2 MB.
Total: 14.809900 ms (FindLiveObjects: 0.843300 ms CreateObjectMapping: 0.420700 ms MarkObjects: 11.724500 ms  DeleteObjects: 1.820200 ms)

Prepare: number of updated asset objects reloaded= 0
========================================================================
Received Prepare
Shader 'WFX/Transparent Diffuse': fallback shader 'Particles/Alpha Blended' not found
Shader 'WFX/Transparent Specular': fallback shader 'Particles/Alpha Blended' not found
Refreshing native plugins compatible for Editor in 7.09 ms, found 2 plugins.
Preloading 0 native plugins for Editor in 0.00 ms.
Unloading 17 Unused Serialized files (Serialized files now loaded: 0)
Unloading 6055 unused Assets / (4.0 MB). Loaded Objects now: 6952.
Memory consumption went from 168.2 MB to 164.3 MB.
Total: 14.757700 ms (FindLiveObjects: 0.860800 ms CreateObjectMapping: 0.477700 ms MarkObjects: 11.710700 ms  DeleteObjects: 1.707100 ms)

Prepare: number of updated asset objects reloaded= 0
========================================================================
Received Prepare
Begin MonoManager ReloadAssembly
ADTM: Control thread waiting for realtime thread timed out, have to lock...
[Licensing::Client] Successfully resolved entitlement details
[Licensing::Module] License group:
  Id: F4-W4H8-9NJQ-FYFT-38SD-XXXX
  Product: Unity Personal
  Type: ULF
  Expiration: Unlimited
[Licensing::Module] License group:
  Id: 7971629442671-UnityPersXXXX
  Product: Unity Personal
  Type: Assigned
  Expiration: Unlimited
Symbol file LoadedFromMemory is not a mono symbol file
- Loaded All Assemblies, in  2.022 seconds
Refreshing native plugins compatible for Editor in 6.37 ms, found 2 plugins.
Native extension for WindowsStandalone target not found
[Package Manager] Failed to launch server process. Reason: Unity was launched with the -noUpm command-line argument
[Package Manager] Unable to send message (not connected to server process).
[Package Manager] Cannot connect to Unity Package Manager local server
Mono: successfully reloaded assembly
- Finished resetting the current domain, in  1.129 seconds
Domain Reload Profiling: 3147ms
	BeginReloadAssembly (1275ms)
		ExecutionOrderSort (0ms)
		DisableScriptedObjects (8ms)
		BackupInstance (0ms)
		ReleaseScriptingObjects (0ms)
		CreateAndSetChildDomain (1067ms)
	RebuildCommonClasses (44ms)
	RebuildNativeTypeToScriptingClass (19ms)
	initialDomainReloadingComplete (46ms)
	LoadAllAssembliesAndSetupDomain (635ms)
		LoadAssemblies (511ms)
		RebuildTransferFunctionScriptingTraits (0ms)
		AnalyzeDomain (255ms)
			TypeCache.Refresh (14ms)
				TypeCache.ScanAssembly (1ms)
			BuildScriptInfoCaches (223ms)
			ResolveRequiredComponents (13ms)
	FinalizeReload (1129ms)
		ReleaseScriptCaches (0ms)
		RebuildScriptCaches (0ms)
		SetupLoadedEditorAssemblies (937ms)
			LogAssemblyErrors (0ms)
			InitializePlatformSupportModulesInManaged (3ms)
			SetLoadedEditorAssemblies (4ms)
			BeforeProcessingInitializeOnLoad (182ms)
			ProcessInitializeOnLoadAttributes (453ms)
			ProcessInitializeOnLoadMethodAttributes (282ms)
			AfterProcessingInitializeOnLoad (13ms)
			EditorAssembliesLoaded (0ms)
		ExecutionOrderSort2 (0ms)
		AwakeInstancesAfterBackupRestoration (24ms)
Shader 'WFX/Transparent Diffuse': fallback shader 'Particles/Alpha Blended' not found
Shader 'WFX/Transparent Specular': fallback shader 'Particles/Alpha Blended' not found
Refreshing native plugins compatible for Editor in 6.84 ms, found 2 plugins.
Preloading 0 native plugins for Editor in 0.00 ms.
Unloading 17 Unused Serialized files (Serialized files now loaded: 0)
Unloading 6086 unused Assets / (4.1 MB). Loaded Objects now: 6955.
Memory consumption went from 168.2 MB to 164.1 MB.
Total: 13.232500 ms (FindLiveObjects: 0.824600 ms CreateObjectMapping: 0.401400 ms MarkObjects: 10.043500 ms  DeleteObjects: 1.961800 ms)

Prepare: number of updated asset objects reloaded= 0
========================================================================
Received Prepare
Begin MonoManager ReloadAssembly
ADTM: Control thread waiting for realtime thread timed out, have to lock...
Symbol file LoadedFromMemory is not a mono symbol file
- Loaded All Assemblies, in  2.087 seconds
Refreshing native plugins compatible for Editor in 7.12 ms, found 2 plugins.
Native extension for WindowsStandalone target not found
[Package Manager] Failed to launch server process. Reason: Unity was launched with the -noUpm command-line argument
[Package Manager] Unable to send message (not connected to server process).
[Package Manager] Cannot connect to Unity Package Manager local server
Mono: successfully reloaded assembly
- Finished resetting the current domain, in  1.206 seconds
Domain Reload Profiling: 3288ms
	BeginReloadAssembly (1282ms)
		ExecutionOrderSort (0ms)
		DisableScriptedObjects (8ms)
		BackupInstance (0ms)
		ReleaseScriptingObjects (0ms)
		CreateAndSetChildDomain (1068ms)
	RebuildCommonClasses (46ms)
	RebuildNativeTypeToScriptingClass (20ms)
	initialDomainReloadingComplete (48ms)
	LoadAllAssembliesAndSetupDomain (685ms)
		LoadAssemblies (555ms)
		RebuildTransferFunctionScriptingTraits (0ms)
		AnalyzeDomain (268ms)
			TypeCache.Refresh (10ms)
				TypeCache.ScanAssembly (0ms)
			BuildScriptInfoCaches (232ms)
			ResolveRequiredComponents (20ms)
	FinalizeReload (1206ms)
		ReleaseScriptCaches (0ms)
		RebuildScriptCaches (0ms)
		SetupLoadedEditorAssemblies (989ms)
			LogAssemblyErrors (0ms)
			InitializePlatformSupportModulesInManaged (3ms)
			SetLoadedEditorAssemblies (4ms)
			BeforeProcessingInitializeOnLoad (192ms)
			ProcessInitializeOnLoadAttributes (477ms)
			ProcessInitializeOnLoadMethodAttributes (298ms)
			AfterProcessingInitializeOnLoad (15ms)
			EditorAssembliesLoaded (1ms)
		ExecutionOrderSort2 (0ms)
		AwakeInstancesAfterBackupRestoration (32ms)
Shader 'WFX/Transparent Diffuse': fallback shader 'Particles/Alpha Blended' not found
Shader 'WFX/Transparent Specular': fallback shader 'Particles/Alpha Blended' not found
Refreshing native plugins compatible for Editor in 7.19 ms, found 2 plugins.
Preloading 0 native plugins for Editor in 0.00 ms.
Unloading 17 Unused Serialized files (Serialized files now loaded: 0)
Unloading 6086 unused Assets / (4.0 MB). Loaded Objects now: 6958.
Memory consumption went from 168.3 MB to 164.3 MB.
Total: 15.877200 ms (FindLiveObjects: 1.012400 ms CreateObjectMapping: 0.556800 ms MarkObjects: 12.496000 ms  DeleteObjects: 1.810800 ms)

Prepare: number of updated asset objects reloaded= 0
========================================================================
Received Prepare
Begin MonoManager ReloadAssembly
[Licensing::Client] Successfully resolved entitlement details
[Licensing::Module] License group:
  Id: F4-W4H8-9NJQ-FYFT-38SD-XXXX
  Product: Unity Personal
  Type: ULF
  Expiration: Unlimited
[Licensing::Module] License group:
  Id: 7971629442671-UnityPersXXXX
  Product: Unity Personal
  Type: Assigned
  Expiration: Unlimited
ADTM: Control thread waiting for realtime thread timed out, have to lock...
Symbol file LoadedFromMemory is not a mono symbol file
- Loaded All Assemblies, in  2.058 seconds
Refreshing native plugins compatible for Editor in 6.86 ms, found 2 plugins.
Native extension for WindowsStandalone target not found
[Package Manager] Failed to launch server process. Reason: Unity was launched with the -noUpm command-line argument
[Package Manager] Unable to send message (not connected to server process).
[Package Manager] Cannot connect to Unity Package Manager local server
Mono: successfully reloaded assembly
- Finished resetting the current domain, in  1.134 seconds
Domain Reload Profiling: 3189ms
	BeginReloadAssembly (1284ms)
		ExecutionOrderSort (0ms)
		DisableScriptedObjects (8ms)
		BackupInstance (0ms)
		ReleaseScriptingObjects (0ms)
		CreateAndSetChildDomain (1071ms)
	RebuildCommonClasses (44ms)
	RebuildNativeTypeToScriptingClass (19ms)
	initialDomainReloadingComplete (45ms)
	LoadAllAssembliesAndSetupDomain (662ms)
		LoadAssemblies (537ms)
		RebuildTransferFunctionScriptingTraits (0ms)
		AnalyzeDomain (258ms)
			TypeCache.Refresh (15ms)
				TypeCache.ScanAssembly (1ms)
			BuildScriptInfoCaches (226ms)
			ResolveRequiredComponents (13ms)
	FinalizeReload (1135ms)
		ReleaseScriptCaches (0ms)
		RebuildScriptCaches (0ms)
		SetupLoadedEditorAssemblies (938ms)
			LogAssemblyErrors (0ms)
			InitializePlatformSupportModulesInManaged (3ms)
			SetLoadedEditorAssemblies (4ms)
			BeforeProcessingInitializeOnLoad (183ms)
			ProcessInitializeOnLoadAttributes (449ms)
			ProcessInitializeOnLoadMethodAttributes (284ms)
			AfterProcessingInitializeOnLoad (14ms)
			EditorAssembliesLoaded (0ms)
		ExecutionOrderSort2 (0ms)
		AwakeInstancesAfterBackupRestoration (24ms)
Shader 'WFX/Transparent Diffuse': fallback shader 'Particles/Alpha Blended' not found
Shader 'WFX/Transparent Specular': fallback shader 'Particles/Alpha Blended' not found
Refreshing native plugins compatible for Editor in 6.93 ms, found 2 plugins.
Preloading 0 native plugins for Editor in 0.00 ms.
Unloading 17 Unused Serialized files (Serialized files now loaded: 0)
Unloading 6086 unused Assets / (4.2 MB). Loaded Objects now: 6961.
Memory consumption went from 168.4 MB to 164.1 MB.
Total: 14.550800 ms (FindLiveObjects: 0.799200 ms CreateObjectMapping: 0.409000 ms MarkObjects: 11.136500 ms  DeleteObjects: 2.204500 ms)

Prepare: number of updated asset objects reloaded= 0
========================================================================
Received Prepare
Begin MonoManager ReloadAssembly
ADTM: Control thread waiting for realtime thread timed out, have to lock...
Symbol file LoadedFromMemory is not a mono symbol file
- Loaded All Assemblies, in  2.048 seconds
Refreshing native plugins compatible for Editor in 6.72 ms, found 2 plugins.
Native extension for WindowsStandalone target not found
[Package Manager] Failed to launch server process. Reason: Unity was launched with the -noUpm command-line argument
[Package Manager] Unable to send message (not connected to server process).
[Package Manager] Cannot connect to Unity Package Manager local server
Mono: successfully reloaded assembly
- Finished resetting the current domain, in  1.126 seconds
Domain Reload Profiling: 3170ms
	BeginReloadAssembly (1280ms)
		ExecutionOrderSort (0ms)
		DisableScriptedObjects (8ms)
		BackupInstance (0ms)
		ReleaseScriptingObjects (0ms)
		CreateAndSetChildDomain (1070ms)
	RebuildCommonClasses (46ms)
	RebuildNativeTypeToScriptingClass (19ms)
	initialDomainReloadingComplete (48ms)
	LoadAllAssembliesAndSetupDomain (650ms)
		LoadAssemblies (525ms)
		RebuildTransferFunctionScriptingTraits (0ms)
		AnalyzeDomain (258ms)
			TypeCache.Refresh (14ms)
				TypeCache.ScanAssembly (1ms)
			BuildScriptInfoCaches (226ms)
			ResolveRequiredComponents (12ms)
	FinalizeReload (1126ms)
		ReleaseScriptCaches (0ms)
		RebuildScriptCaches (0ms)
		SetupLoadedEditorAssemblies (935ms)
			LogAssemblyErrors (0ms)
			InitializePlatformSupportModulesInManaged (3ms)
			SetLoadedEditorAssemblies (4ms)
			BeforeProcessingInitializeOnLoad (184ms)
			ProcessInitializeOnLoadAttributes (442ms)
			ProcessInitializeOnLoadMethodAttributes (289ms)
			AfterProcessingInitializeOnLoad (13ms)
			EditorAssembliesLoaded (0ms)
		ExecutionOrderSort2 (0ms)
		AwakeInstancesAfterBackupRestoration (24ms)
Shader 'WFX/Transparent Diffuse': fallback shader 'Particles/Alpha Blended' not found
Shader 'WFX/Transparent Specular': fallback shader 'Particles/Alpha Blended' not found
Refreshing native plugins compatible for Editor in 6.65 ms, found 2 plugins.
Preloading 0 native plugins for Editor in 0.00 ms.
Unloading 17 Unused Serialized files (Serialized files now loaded: 0)
Unloading 6086 unused Assets / (4.2 MB). Loaded Objects now: 6964.
Memory consumption went from 168.4 MB to 164.2 MB.
Total: 14.550000 ms (FindLiveObjects: 0.888800 ms CreateObjectMapping: 0.509200 ms MarkObjects: 10.930800 ms  DeleteObjects: 2.219900 ms)

Prepare: number of updated asset objects reloaded= 0
========================================================================
Received Prepare
Begin MonoManager ReloadAssembly
ADTM: Control thread waiting for realtime thread timed out, have to lock...
Symbol file LoadedFromMemory is not a mono symbol file
- Loaded All Assemblies, in  2.090 seconds
Refreshing native plugins compatible for Editor in 7.77 ms, found 2 plugins.
Native extension for WindowsStandalone target not found
[Package Manager] Failed to launch server process. Reason: Unity was launched with the -noUpm command-line argument
[Package Manager] Unable to send message (not connected to server process).
[Package Manager] Cannot connect to Unity Package Manager local server
Mono: successfully reloaded assembly
- Finished resetting the current domain, in  1.218 seconds
Domain Reload Profiling: 3302ms
	BeginReloadAssembly (1273ms)
		ExecutionOrderSort (0ms)
		DisableScriptedObjects (8ms)
		BackupInstance (0ms)
		ReleaseScriptingObjects (0ms)
		CreateAndSetChildDomain (1068ms)
	RebuildCommonClasses (47ms)
	RebuildNativeTypeToScriptingClass (20ms)
	initialDomainReloadingComplete (49ms)
	LoadAllAssembliesAndSetupDomain (695ms)
		LoadAssemblies (551ms)
		RebuildTransferFunctionScriptingTraits (0ms)
		AnalyzeDomain (273ms)
			TypeCache.Refresh (14ms)
				TypeCache.ScanAssembly (0ms)
			BuildScriptInfoCaches (239ms)
			ResolveRequiredComponents (13ms)
	FinalizeReload (1218ms)
		ReleaseScriptCaches (0ms)
		RebuildScriptCaches (0ms)
		SetupLoadedEditorAssemblies (1010ms)
			LogAssemblyErrors (0ms)
			InitializePlatformSupportModulesInManaged (3ms)
			SetLoadedEditorAssemblies (4ms)
			BeforeProcessingInitializeOnLoad (208ms)
			ProcessInitializeOnLoadAttributes (468ms)
			ProcessInitializeOnLoadMethodAttributes (313ms)
			AfterProcessingInitializeOnLoad (14ms)
			EditorAssembliesLoaded (0ms)
		ExecutionOrderSort2 (0ms)
		AwakeInstancesAfterBackupRestoration (24ms)
Shader 'WFX/Transparent Diffuse': fallback shader 'Particles/Alpha Blended' not found
Shader 'WFX/Transparent Specular': fallback shader 'Particles/Alpha Blended' not found
Refreshing native plugins compatible for Editor in 7.48 ms, found 2 plugins.
Preloading 0 native plugins for Editor in 0.00 ms.
Unloading 17 Unused Serialized files (Serialized files now loaded: 0)
Unloading 6086 unused Assets / (4.1 MB). Loaded Objects now: 6967.
Memory consumption went from 168.4 MB to 164.4 MB.
Total: 14.936800 ms (FindLiveObjects: 0.858200 ms CreateObjectMapping: 0.566100 ms MarkObjects: 11.589500 ms  DeleteObjects: 1.921700 ms)

Prepare: number of updated asset objects reloaded= 0
========================================================================
Received Prepare
Begin MonoManager ReloadAssembly
[Licensing::Client] Successfully resolved entitlement details
[Licensing::Module] License group:
  Id: F4-W4H8-9NJQ-FYFT-38SD-XXXX
  Product: Unity Personal
  Type: ULF
  Expiration: Unlimited
[Licensing::Module] License group:
  Id: 7971629442671-UnityPersXXXX
  Product: Unity Personal
  Type: Assigned
  Expiration: Unlimited
ADTM: Control thread waiting for realtime thread timed out, have to lock...
Symbol file LoadedFromMemory is not a mono symbol file
- Loaded All Assemblies, in  2.064 seconds
Refreshing native plugins compatible for Editor in 6.55 ms, found 2 plugins.
Native extension for WindowsStandalone target not found
[Package Manager] Failed to launch server process. Reason: Unity was launched with the -noUpm command-line argument
[Package Manager] Unable to send message (not connected to server process).
[Package Manager] Cannot connect to Unity Package Manager local server
Mono: successfully reloaded assembly
- Finished resetting the current domain, in  1.204 seconds
Domain Reload Profiling: 3265ms
	BeginReloadAssembly (1283ms)
		ExecutionOrderSort (0ms)
		DisableScriptedObjects (8ms)
		BackupInstance (0ms)
		ReleaseScriptingObjects (0ms)
		CreateAndSetChildDomain (1064ms)
	RebuildCommonClasses (47ms)
	RebuildNativeTypeToScriptingClass (20ms)
	initialDomainReloadingComplete (47ms)
	LoadAllAssembliesAndSetupDomain (663ms)
		LoadAssemblies (540ms)
		RebuildTransferFunctionScriptingTraits (0ms)
		AnalyzeDomain (261ms)
			TypeCache.Refresh (10ms)
				TypeCache.ScanAssembly (0ms)
			BuildScriptInfoCaches (234ms)
			ResolveRequiredComponents (13ms)
	FinalizeReload (1205ms)
		ReleaseScriptCaches (0ms)
		RebuildScriptCaches (0ms)
		SetupLoadedEditorAssemblies (979ms)
			LogAssemblyErrors (0ms)
			InitializePlatformSupportModulesInManaged (3ms)
			SetLoadedEditorAssemblies (4ms)
			BeforeProcessingInitializeOnLoad (188ms)
			ProcessInitializeOnLoadAttributes (471ms)
			ProcessInitializeOnLoadMethodAttributes (298ms)
			AfterProcessingInitializeOnLoad (14ms)
			EditorAssembliesLoaded (1ms)
		ExecutionOrderSort2 (0ms)
		AwakeInstancesAfterBackupRestoration (24ms)
Shader 'WFX/Transparent Diffuse': fallback shader 'Particles/Alpha Blended' not found
Shader 'WFX/Transparent Specular': fallback shader 'Particles/Alpha Blended' not found
Refreshing native plugins compatible for Editor in 7.10 ms, found 2 plugins.
Preloading 0 native plugins for Editor in 0.00 ms.
Unloading 17 Unused Serialized files (Serialized files now loaded: 0)
Unloading 6086 unused Assets / (4.0 MB). Loaded Objects now: 6970.
Memory consumption went from 168.5 MB to 164.5 MB.
Total: 14.937400 ms (FindLiveObjects: 0.865000 ms CreateObjectMapping: 0.515100 ms MarkObjects: 11.827000 ms  DeleteObjects: 1.729200 ms)

Prepare: number of updated asset objects reloaded= 0
========================================================================
Received Prepare
Shader 'WFX/Transparent Diffuse': fallback shader 'Particles/Alpha Blended' not found
Shader 'WFX/Transparent Specular': fallback shader 'Particles/Alpha Blended' not found
Refreshing native plugins compatible for Editor in 6.82 ms, found 2 plugins.
Preloading 0 native plugins for Editor in 0.00 ms.
Unloading 17 Unused Serialized files (Serialized files now loaded: 0)
Unloading 6056 unused Assets / (4.0 MB). Loaded Objects now: 6971.
Memory consumption went from 168.5 MB to 164.5 MB.
Total: 14.604400 ms (FindLiveObjects: 0.806900 ms CreateObjectMapping: 0.367300 ms MarkObjects: 11.690100 ms  DeleteObjects: 1.738900 ms)

Prepare: number of updated asset objects reloaded= 0
========================================================================
Received Prepare
Begin MonoManager ReloadAssembly
[Licensing::Client] Successfully resolved entitlement details
[Licensing::Module] License group:
  Id: F4-W4H8-9NJQ-FYFT-38SD-XXXX
  Product: Unity Personal
  Type: ULF
  Expiration: Unlimited
[Licensing::Module] License group:
  Id: 7971629442671-UnityPersXXXX
  Product: Unity Personal
  Type: Assigned
  Expiration: Unlimited
ADTM: Control thread waiting for realtime thread timed out, have to lock...
Symbol file LoadedFromMemory is not a mono symbol file
- Loaded All Assemblies, in  2.033 seconds
Refreshing native plugins compatible for Editor in 7.51 ms, found 2 plugins.
Native extension for WindowsStandalone target not found
[Package Manager] Failed to launch server process. Reason: Unity was launched with the -noUpm command-line argument
[Package Manager] Unable to send message (not connected to server process).
[Package Manager] Cannot connect to Unity Package Manager local server
Mono: successfully reloaded assembly
- Finished resetting the current domain, in  1.131 seconds
Domain Reload Profiling: 3161ms
	BeginReloadAssembly (1269ms)
		ExecutionOrderSort (0ms)
		DisableScriptedObjects (8ms)
		BackupInstance (0ms)
		ReleaseScriptingObjects (0ms)
		CreateAndSetChildDomain (1063ms)
	RebuildCommonClasses (44ms)
	RebuildNativeTypeToScriptingClass (19ms)
	initialDomainReloadingComplete (45ms)
	LoadAllAssembliesAndSetupDomain (651ms)
		LoadAssemblies (518ms)
		RebuildTransferFunctionScriptingTraits (0ms)
		AnalyzeDomain (261ms)
			TypeCache.Refresh (14ms)
				TypeCache.ScanAssembly (1ms)
			BuildScriptInfoCaches (229ms)
			ResolveRequiredComponents (13ms)
	FinalizeReload (1132ms)
		ReleaseScriptCaches (0ms)
		RebuildScriptCaches (0ms)
		SetupLoadedEditorAssemblies (940ms)
			LogAssemblyErrors (0ms)
			InitializePlatformSupportModulesInManaged (3ms)
			SetLoadedEditorAssemblies (4ms)
			BeforeProcessingInitializeOnLoad (183ms)
			ProcessInitializeOnLoadAttributes (447ms)
			ProcessInitializeOnLoadMethodAttributes (289ms)
			AfterProcessingInitializeOnLoad (13ms)
			EditorAssembliesLoaded (0ms)
		ExecutionOrderSort2 (0ms)
		AwakeInstancesAfterBackupRestoration (23ms)
Shader 'WFX/Transparent Diffuse': fallback shader 'Particles/Alpha Blended' not found
Shader 'WFX/Transparent Specular': fallback shader 'Particles/Alpha Blended' not found
Refreshing native plugins compatible for Editor in 6.84 ms, found 2 plugins.
Preloading 0 native plugins for Editor in 0.00 ms.
Unloading 17 Unused Serialized files (Serialized files now loaded: 0)
Unloading 6087 unused Assets / (4.1 MB). Loaded Objects now: 6974.
Memory consumption went from 168.5 MB to 164.4 MB.
Total: 14.855400 ms (FindLiveObjects: 0.842300 ms CreateObjectMapping: 0.440800 ms MarkObjects: 11.604000 ms  DeleteObjects: 1.966900 ms)

Prepare: number of updated asset objects reloaded= 0
========================================================================
Received Prepare
Shader 'WFX/Transparent Diffuse': fallback shader 'Particles/Alpha Blended' not found
Shader 'WFX/Transparent Specular': fallback shader 'Particles/Alpha Blended' not found
Refreshing native plugins compatible for Editor in 7.05 ms, found 2 plugins.
Preloading 0 native plugins for Editor in 0.00 ms.
Unloading 17 Unused Serialized files (Serialized files now loaded: 0)
Unloading 6056 unused Assets / (4.3 MB). Loaded Objects now: 6974.
Memory consumption went from 168.6 MB to 164.3 MB.
Total: 14.954600 ms (FindLiveObjects: 0.940100 ms CreateObjectMapping: 0.471300 ms MarkObjects: 11.383500 ms  DeleteObjects: 2.158400 ms)

Prepare: number of updated asset objects reloaded= 0
========================================================================
Received Prepare
Shader 'WFX/Transparent Diffuse': fallback shader 'Particles/Alpha Blended' not found
Shader 'WFX/Transparent Specular': fallback shader 'Particles/Alpha Blended' not found
Refreshing native plugins compatible for Editor in 6.50 ms, found 2 plugins.
Preloading 0 native plugins for Editor in 0.00 ms.
Unloading 17 Unused Serialized files (Serialized files now loaded: 0)
Unloading 6056 unused Assets / (4.2 MB). Loaded Objects now: 6974.
Memory consumption went from 168.5 MB to 164.4 MB.
Total: 14.762700 ms (FindLiveObjects: 0.832300 ms CreateObjectMapping: 0.439200 ms MarkObjects: 11.287600 ms  DeleteObjects: 2.202000 ms)

Prepare: number of updated asset objects reloaded= 0
========================================================================
Received Prepare
Shader 'WFX/Transparent Diffuse': fallback shader 'Particles/Alpha Blended' not found
Shader 'WFX/Transparent Specular': fallback shader 'Particles/Alpha Blended' not found
Refreshing native plugins compatible for Editor in 6.99 ms, found 2 plugins.
Preloading 0 native plugins for Editor in 0.00 ms.
Unloading 17 Unused Serialized files (Serialized files now loaded: 0)
Unloading 6056 unused Assets / (4.0 MB). Loaded Objects now: 6974.
Memory consumption went from 168.5 MB to 164.5 MB.
Total: 14.116600 ms (FindLiveObjects: 0.823400 ms CreateObjectMapping: 0.408800 ms MarkObjects: 10.953400 ms  DeleteObjects: 1.929500 ms)

Prepare: number of updated asset objects reloaded= 0
========================================================================
Received Prepare
Begin MonoManager ReloadAssembly
[Licensing::Client] Successfully resolved entitlement details
[Licensing::Module] License group:
  Id: F4-W4H8-9NJQ-FYFT-38SD-XXXX
  Product: Unity Personal
  Type: ULF
  Expiration: Unlimited
[Licensing::Module] License group:
  Id: 7971629442671-UnityPersXXXX
  Product: Unity Personal
  Type: Assigned
  Expiration: Unlimited
ADTM: Control thread waiting for realtime thread timed out, have to lock...
Symbol file LoadedFromMemory is not a mono symbol file
- Loaded All Assemblies, in  2.020 seconds
Refreshing native plugins compatible for Editor in 7.20 ms, found 2 plugins.
Native extension for WindowsStandalone target not found
[Package Manager] Failed to launch server process. Reason: Unity was launched with the -noUpm command-line argument
[Package Manager] Unable to send message (not connected to server process).
[Package Manager] Cannot connect to Unity Package Manager local server
Mono: successfully reloaded assembly
- Finished resetting the current domain, in  1.134 seconds
Domain Reload Profiling: 3150ms
	BeginReloadAssembly (1279ms)
		ExecutionOrderSort (0ms)
		DisableScriptedObjects (8ms)
		BackupInstance (0ms)
		ReleaseScriptingObjects (0ms)
		CreateAndSetChildDomain (1072ms)
	RebuildCommonClasses (44ms)
	RebuildNativeTypeToScriptingClass (19ms)
	initialDomainReloadingComplete (43ms)
	LoadAllAssembliesAndSetupDomain (630ms)
		LoadAssemblies (503ms)
		RebuildTransferFunctionScriptingTraits (0ms)
		AnalyzeDomain (255ms)
			TypeCache.Refresh (15ms)
				TypeCache.ScanAssembly (1ms)
			BuildScriptInfoCaches (223ms)
			ResolveRequiredComponents (12ms)
	FinalizeReload (1134ms)
		ReleaseScriptCaches (0ms)
		RebuildScriptCaches (0ms)
		SetupLoadedEditorAssemblies (938ms)
			LogAssemblyErrors (0ms)
			InitializePlatformSupportModulesInManaged (3ms)
			SetLoadedEditorAssemblies (4ms)
			BeforeProcessingInitializeOnLoad (188ms)
			ProcessInitializeOnLoadAttributes (443ms)
			ProcessInitializeOnLoadMethodAttributes (286ms)
			AfterProcessingInitializeOnLoad (13ms)
			EditorAssembliesLoaded (0ms)
		ExecutionOrderSort2 (0ms)
		AwakeInstancesAfterBackupRestoration (23ms)
Shader 'WFX/Transparent Diffuse': fallback shader 'Particles/Alpha Blended' not found
Shader 'WFX/Transparent Specular': fallback shader 'Particles/Alpha Blended' not found
Refreshing native plugins compatible for Editor in 7.73 ms, found 2 plugins.
Preloading 0 native plugins for Editor in 0.00 ms.
Unloading 17 Unused Serialized files (Serialized files now loaded: 0)
Unloading 6087 unused Assets / (4.1 MB). Loaded Objects now: 6977.
Memory consumption went from 168.6 MB to 164.5 MB.
Total: 13.912800 ms (FindLiveObjects: 0.937700 ms CreateObjectMapping: 0.437800 ms MarkObjects: 10.246900 ms  DeleteObjects: 2.288700 ms)

Prepare: number of updated asset objects reloaded= 0
========================================================================
Received Prepare
Begin MonoManager ReloadAssembly
ADTM: Control thread waiting for realtime thread timed out, have to lock...
Symbol file LoadedFromMemory is not a mono symbol file
- Loaded All Assemblies, in  2.044 seconds
Refreshing native plugins compatible for Editor in 7.28 ms, found 2 plugins.
Native extension for WindowsStandalone target not found
[Package Manager] Failed to launch server process. Reason: Unity was launched with the -noUpm command-line argument
[Package Manager] Unable to send message (not connected to server process).
[Package Manager] Cannot connect to Unity Package Manager local server
Mono: successfully reloaded assembly
- Finished resetting the current domain, in  1.131 seconds
Domain Reload Profiling: 3171ms
	BeginReloadAssembly (1268ms)
		ExecutionOrderSort (0ms)
		DisableScriptedObjects (8ms)
		BackupInstance (0ms)
		ReleaseScriptingObjects (0ms)
		CreateAndSetChildDomain (1063ms)
	RebuildCommonClasses (44ms)
	RebuildNativeTypeToScriptingClass (19ms)
	initialDomainReloadingComplete (46ms)
	LoadAllAssembliesAndSetupDomain (663ms)
		LoadAssemblies (527ms)
		RebuildTransferFunctionScriptingTraits (0ms)
		AnalyzeDomain (261ms)
			TypeCache.Refresh (12ms)
				TypeCache.ScanAssembly (0ms)
			BuildScriptInfoCaches (232ms)
			ResolveRequiredComponents (13ms)
	FinalizeReload (1131ms)
		ReleaseScriptCaches (0ms)
		RebuildScriptCaches (0ms)
		SetupLoadedEditorAssemblies (933ms)
			LogAssemblyErrors (0ms)
			InitializePlatformSupportModulesInManaged (3ms)
			SetLoadedEditorAssemblies (4ms)
			BeforeProcessingInitializeOnLoad (182ms)
			ProcessInitializeOnLoadAttributes (452ms)
			ProcessInitializeOnLoadMethodAttributes (277ms)
			AfterProcessingInitializeOnLoad (14ms)
			EditorAssembliesLoaded (1ms)
		ExecutionOrderSort2 (0ms)
		AwakeInstancesAfterBackupRestoration (25ms)
Shader 'WFX/Transparent Diffuse': fallback shader 'Particles/Alpha Blended' not found
Shader 'WFX/Transparent Specular': fallback shader 'Particles/Alpha Blended' not found
Refreshing native plugins compatible for Editor in 7.01 ms, found 2 plugins.
Preloading 0 native plugins for Editor in 0.00 ms.
Unloading 17 Unused Serialized files (Serialized files now loaded: 0)
Unloading 6087 unused Assets / (4.0 MB). Loaded Objects now: 6980.
Memory consumption went from 168.6 MB to 164.6 MB.
Total: 15.068000 ms (FindLiveObjects: 1.133200 ms CreateObjectMapping: 0.711200 ms MarkObjects: 11.386400 ms  DeleteObjects: 1.835900 ms)

Prepare: number of updated asset objects reloaded= 0
========================================================================
Received Prepare
Begin MonoManager ReloadAssembly
[Licensing::Client] Successfully resolved entitlement details
[Licensing::Module] License group:
  Id: F4-W4H8-9NJQ-FYFT-38SD-XXXX
  Product: Unity Personal
  Type: ULF
  Expiration: Unlimited
[Licensing::Module] License group:
  Id: 7971629442671-UnityPersXXXX
  Product: Unity Personal
  Type: Assigned
  Expiration: Unlimited
ADTM: Control thread waiting for realtime thread timed out, have to lock...
Symbol file LoadedFromMemory is not a mono symbol file
- Loaded All Assemblies, in  2.024 seconds
Refreshing native plugins compatible for Editor in 6.91 ms, found 2 plugins.
Native extension for WindowsStandalone target not found
[Package Manager] Failed to launch server process. Reason: Unity was launched with the -noUpm command-line argument
[Package Manager] Unable to send message (not connected to server process).
[Package Manager] Cannot connect to Unity Package Manager local server
Mono: successfully reloaded assembly
- Finished resetting the current domain, in  1.114 seconds
Domain Reload Profiling: 3134ms
	BeginReloadAssembly (1268ms)
		ExecutionOrderSort (0ms)
		DisableScriptedObjects (8ms)
		BackupInstance (0ms)
		ReleaseScriptingObjects (0ms)
		CreateAndSetChildDomain (1057ms)
	RebuildCommonClasses (47ms)
	RebuildNativeTypeToScriptingClass (19ms)
	initialDomainReloadingComplete (45ms)
	LoadAllAssembliesAndSetupDomain (640ms)
		LoadAssemblies (511ms)
		RebuildTransferFunctionScriptingTraits (0ms)
		AnalyzeDomain (259ms)
			TypeCache.Refresh (14ms)
				TypeCache.ScanAssembly (1ms)
			BuildScriptInfoCaches (227ms)
			ResolveRequiredComponents (13ms)
	FinalizeReload (1114ms)
		ReleaseScriptCaches (0ms)
		RebuildScriptCaches (0ms)
		SetupLoadedEditorAssemblies (919ms)
			LogAssemblyErrors (0ms)
			InitializePlatformSupportModulesInManaged (3ms)
			SetLoadedEditorAssemblies (4ms)
			BeforeProcessingInitializeOnLoad (183ms)
			ProcessInitializeOnLoadAttributes (438ms)
			ProcessInitializeOnLoadMethodAttributes (278ms)
			AfterProcessingInitializeOnLoad (13ms)
			EditorAssembliesLoaded (1ms)
		ExecutionOrderSort2 (0ms)
		AwakeInstancesAfterBackupRestoration (25ms)
Shader 'WFX/Transparent Diffuse': fallback shader 'Particles/Alpha Blended' not found
Shader 'WFX/Transparent Specular': fallback shader 'Particles/Alpha Blended' not found
Refreshing native plugins compatible for Editor in 7.14 ms, found 2 plugins.
Preloading 0 native plugins for Editor in 0.00 ms.
Unloading 17 Unused Serialized files (Serialized files now loaded: 0)
Unloading 6087 unused Assets / (4.0 MB). Loaded Objects now: 6983.
Memory consumption went from 168.7 MB to 164.7 MB.
Total: 14.394300 ms (FindLiveObjects: 0.814200 ms CreateObjectMapping: 0.438400 ms MarkObjects: 11.367700 ms  DeleteObjects: 1.772400 ms)

Prepare: number of updated asset objects reloaded= 0
========================================================================
Received Prepare
Begin MonoManager ReloadAssembly
ADTM: Control thread waiting for realtime thread timed out, have to lock...
Symbol file LoadedFromMemory is not a mono symbol file
- Loaded All Assemblies, in  2.084 seconds
Refreshing native plugins compatible for Editor in 7.26 ms, found 2 plugins.
Native extension for WindowsStandalone target not found
[Package Manager] Failed to launch server process. Reason: Unity was launched with the -noUpm command-line argument
[Package Manager] Unable to send message (not connected to server process).
[Package Manager] Cannot connect to Unity Package Manager local server
Mono: successfully reloaded assembly
- Finished resetting the current domain, in  1.183 seconds
Domain Reload Profiling: 3262ms
	BeginReloadAssembly (1267ms)
		ExecutionOrderSort (0ms)
		DisableScriptedObjects (8ms)
		BackupInstance (0ms)
		ReleaseScriptingObjects (0ms)
		CreateAndSetChildDomain (1058ms)
	RebuildCommonClasses (46ms)
	RebuildNativeTypeToScriptingClass (20ms)
	initialDomainReloadingComplete (48ms)
	LoadAllAssembliesAndSetupDomain (698ms)
		LoadAssemblies (561ms)
		RebuildTransferFunctionScriptingTraits (0ms)
		AnalyzeDomain (269ms)
			TypeCache.Refresh (11ms)
				TypeCache.ScanAssembly (0ms)
			BuildScriptInfoCaches (239ms)
			ResolveRequiredComponents (13ms)
	FinalizeReload (1183ms)
		ReleaseScriptCaches (0ms)
		RebuildScriptCaches (0ms)
		SetupLoadedEditorAssemblies (975ms)
			LogAssemblyErrors (0ms)
			InitializePlatformSupportModulesInManaged (3ms)
			SetLoadedEditorAssemblies (4ms)
			BeforeProcessingInitializeOnLoad (189ms)
			ProcessInitializeOnLoadAttributes (465ms)
			ProcessInitializeOnLoadMethodAttributes (299ms)
			AfterProcessingInitializeOnLoad (14ms)
			EditorAssembliesLoaded (0ms)
		ExecutionOrderSort2 (0ms)
		AwakeInstancesAfterBackupRestoration (26ms)
Shader 'WFX/Transparent Diffuse': fallback shader 'Particles/Alpha Blended' not found
Shader 'WFX/Transparent Specular': fallback shader 'Particles/Alpha Blended' not found
Refreshing native plugins compatible for Editor in 7.68 ms, found 2 plugins.
Preloading 0 native plugins for Editor in 0.00 ms.
Unloading 17 Unused Serialized files (Serialized files now loaded: 0)
Unloading 6087 unused Assets / (4.1 MB). Loaded Objects now: 6986.
Memory consumption went from 168.7 MB to 164.6 MB.
Total: 15.118800 ms (FindLiveObjects: 0.891000 ms CreateObjectMapping: 0.464800 ms MarkObjects: 11.606300 ms  DeleteObjects: 2.155400 ms)

Prepare: number of updated asset objects reloaded= 0
========================================================================
Received Prepare
Shader 'WFX/Transparent Diffuse': fallback shader 'Particles/Alpha Blended' not found
Shader 'WFX/Transparent Specular': fallback shader 'Particles/Alpha Blended' not found
Refreshing native plugins compatible for Editor in 7.15 ms, found 2 plugins.
Preloading 0 native plugins for Editor in 0.00 ms.
Unloading 17 Unused Serialized files (Serialized files now loaded: 0)
Unloading 6056 unused Assets / (4.0 MB). Loaded Objects now: 6986.
Memory consumption went from 168.7 MB to 164.8 MB.
Total: 14.347800 ms (FindLiveObjects: 0.922500 ms CreateObjectMapping: 0.467500 ms MarkObjects: 11.191900 ms  DeleteObjects: 1.764700 ms)

Prepare: number of updated asset objects reloaded= 0
========================================================================
Received Prepare
Begin MonoManager ReloadAssembly
[Licensing::Client] Successfully resolved entitlement details
[Licensing::Module] License group:
  Id: F4-W4H8-9NJQ-FYFT-38SD-XXXX
  Product: Unity Personal
  Type: ULF
  Expiration: Unlimited
[Licensing::Module] License group:
  Id: 7971629442671-UnityPersXXXX
  Product: Unity Personal
  Type: Assigned
  Expiration: Unlimited
ADTM: Control thread waiting for realtime thread timed out, have to lock...
Symbol file LoadedFromMemory is not a mono symbol file
- Loaded All Assemblies, in  2.035 seconds
Refreshing native plugins compatible for Editor in 6.54 ms, found 2 plugins.
Native extension for WindowsStandalone target not found
[Package Manager] Failed to launch server process. Reason: Unity was launched with the -noUpm command-line argument
[Package Manager] Unable to send message (not connected to server process).
[Package Manager] Cannot connect to Unity Package Manager local server
Mono: successfully reloaded assembly
- Finished resetting the current domain, in  1.115 seconds
Domain Reload Profiling: 3147ms
	BeginReloadAssembly (1274ms)
		ExecutionOrderSort (0ms)
		DisableScriptedObjects (8ms)
		BackupInstance (0ms)
		ReleaseScriptingObjects (0ms)
		CreateAndSetChildDomain (1066ms)
	RebuildCommonClasses (44ms)
	RebuildNativeTypeToScriptingClass (19ms)
	initialDomainReloadingComplete (44ms)
	LoadAllAssembliesAndSetupDomain (651ms)
		LoadAssemblies (526ms)
		RebuildTransferFunctionScriptingTraits (0ms)
		AnalyzeDomain (253ms)
			TypeCache.Refresh (14ms)
				TypeCache.ScanAssembly (1ms)
			BuildScriptInfoCaches (221ms)
			ResolveRequiredComponents (12ms)
	FinalizeReload (1116ms)
		ReleaseScriptCaches (0ms)
		RebuildScriptCaches (0ms)
		SetupLoadedEditorAssemblies (922ms)
			LogAssemblyErrors (0ms)
			InitializePlatformSupportModulesInManaged (3ms)
			SetLoadedEditorAssemblies (4ms)
			BeforeProcessingInitializeOnLoad (179ms)
			ProcessInitializeOnLoadAttributes (437ms)
			ProcessInitializeOnLoadMethodAttributes (284ms)
			AfterProcessingInitializeOnLoad (14ms)
			EditorAssembliesLoaded (1ms)
		ExecutionOrderSort2 (0ms)
		AwakeInstancesAfterBackupRestoration (26ms)
Shader 'WFX/Transparent Diffuse': fallback shader 'Particles/Alpha Blended' not found
Shader 'WFX/Transparent Specular': fallback shader 'Particles/Alpha Blended' not found
Refreshing native plugins compatible for Editor in 7.06 ms, found 2 plugins.
Preloading 0 native plugins for Editor in 0.00 ms.
Unloading 17 Unused Serialized files (Serialized files now loaded: 0)
Unloading 6087 unused Assets / (4.0 MB). Loaded Objects now: 6989.
Memory consumption went from 168.7 MB to 164.8 MB.
Total: 14.293900 ms (FindLiveObjects: 1.029400 ms CreateObjectMapping: 0.555300 ms MarkObjects: 10.982100 ms  DeleteObjects: 1.725800 ms)

Prepare: number of updated asset objects reloaded= 0
========================================================================
Received Prepare
Begin MonoManager ReloadAssembly
ADTM: Control thread waiting for realtime thread timed out, have to lock...
Symbol file LoadedFromMemory is not a mono symbol file
- Loaded All Assemblies, in  2.108 seconds
Refreshing native plugins compatible for Editor in 7.02 ms, found 2 plugins.
Native extension for WindowsStandalone target not found
[Package Manager] Failed to launch server process. Reason: Unity was launched with the -noUpm command-line argument
[Package Manager] Unable to send message (not connected to server process).
[Package Manager] Cannot connect to Unity Package Manager local server
Mono: successfully reloaded assembly
- Finished resetting the current domain, in  1.181 seconds
Domain Reload Profiling: 3283ms
	BeginReloadAssembly (1275ms)
		ExecutionOrderSort (0ms)
		DisableScriptedObjects (8ms)
		BackupInstance (0ms)
		ReleaseScriptingObjects (0ms)
		CreateAndSetChildDomain (1060ms)
	RebuildCommonClasses (46ms)
	RebuildNativeTypeToScriptingClass (21ms)
	initialDomainReloadingComplete (52ms)
	LoadAllAssembliesAndSetupDomain (707ms)
		LoadAssemblies (571ms)
		RebuildTransferFunctionScriptingTraits (0ms)
		AnalyzeDomain (272ms)
			TypeCache.Refresh (11ms)
				TypeCache.ScanAssembly (0ms)
			BuildScriptInfoCaches (243ms)
			ResolveRequiredComponents (13ms)
	FinalizeReload (1182ms)
		ReleaseScriptCaches (0ms)
		RebuildScriptCaches (0ms)
		SetupLoadedEditorAssemblies (975ms)
			LogAssemblyErrors (0ms)
			InitializePlatformSupportModulesInManaged (3ms)
			SetLoadedEditorAssemblies (4ms)
			BeforeProcessingInitializeOnLoad (189ms)
			ProcessInitializeOnLoadAttributes (468ms)
			ProcessInitializeOnLoadMethodAttributes (295ms)
			AfterProcessingInitializeOnLoad (15ms)
			EditorAssembliesLoaded (1ms)
		ExecutionOrderSort2 (0ms)
		AwakeInstancesAfterBackupRestoration (25ms)
Shader 'WFX/Transparent Diffuse': fallback shader 'Particles/Alpha Blended' not found
Shader 'WFX/Transparent Specular': fallback shader 'Particles/Alpha Blended' not found
Refreshing native plugins compatible for Editor in 7.48 ms, found 2 plugins.
Preloading 0 native plugins for Editor in 0.00 ms.
Unloading 17 Unused Serialized files (Serialized files now loaded: 0)
Unloading 6087 unused Assets / (4.1 MB). Loaded Objects now: 6992.
Memory consumption went from 168.8 MB to 164.7 MB.
Total: 16.340700 ms (FindLiveObjects: 1.036100 ms CreateObjectMapping: 0.793600 ms MarkObjects: 11.983800 ms  DeleteObjects: 2.525900 ms)

Prepare: number of updated asset objects reloaded= 0
========================================================================
Received Prepare
Begin MonoManager ReloadAssembly
ADTM: Control thread waiting for realtime thread timed out, have to lock...
Symbol file LoadedFromMemory is not a mono symbol file
- Loaded All Assemblies, in  2.037 seconds
Refreshing native plugins compatible for Editor in 6.35 ms, found 2 plugins.
Native extension for WindowsStandalone target not found
[Package Manager] Failed to launch server process. Reason: Unity was launched with the -noUpm command-line argument
[Package Manager] Unable to send message (not connected to server process).
[Package Manager] Cannot connect to Unity Package Manager local server
Mono: successfully reloaded assembly
- Finished resetting the current domain, in  1.133 seconds
Domain Reload Profiling: 3168ms
	BeginReloadAssembly (1271ms)
		ExecutionOrderSort (0ms)
		DisableScriptedObjects (8ms)
		BackupInstance (0ms)
		ReleaseScriptingObjects (0ms)
		CreateAndSetChildDomain (1065ms)
	RebuildCommonClasses (44ms)
	RebuildNativeTypeToScriptingClass (19ms)
	initialDomainReloadingComplete (46ms)
	LoadAllAssembliesAndSetupDomain (654ms)
		LoadAssemblies (518ms)
		RebuildTransferFunctionScriptingTraits (0ms)
		AnalyzeDomain (263ms)
			TypeCache.Refresh (15ms)
				TypeCache.ScanAssembly (1ms)
			BuildScriptInfoCaches (224ms)
			ResolveRequiredComponents (19ms)
	FinalizeReload (1134ms)
		ReleaseScriptCaches (0ms)
		RebuildScriptCaches (0ms)
		SetupLoadedEditorAssemblies (930ms)
			LogAssemblyErrors (0ms)
			InitializePlatformSupportModulesInManaged (3ms)
			SetLoadedEditorAssemblies (5ms)
			BeforeProcessingInitializeOnLoad (182ms)
			ProcessInitializeOnLoadAttributes (437ms)
			ProcessInitializeOnLoadMethodAttributes (289ms)
			AfterProcessingInitializeOnLoad (13ms)
			EditorAssembliesLoaded (0ms)
		ExecutionOrderSort2 (0ms)
		AwakeInstancesAfterBackupRestoration (23ms)
Shader 'WFX/Transparent Diffuse': fallback shader 'Particles/Alpha Blended' not found
Shader 'WFX/Transparent Specular': fallback shader 'Particles/Alpha Blended' not found
Refreshing native plugins compatible for Editor in 7.48 ms, found 2 plugins.
Preloading 0 native plugins for Editor in 0.00 ms.
Unloading 17 Unused Serialized files (Serialized files now loaded: 0)
Unloading 6087 unused Assets / (3.9 MB). Loaded Objects now: 6995.
Memory consumption went from 168.8 MB to 164.9 MB.
Total: 15.042300 ms (FindLiveObjects: 0.876000 ms CreateObjectMapping: 0.418400 ms MarkObjects: 12.010800 ms  DeleteObjects: 1.735500 ms)

Prepare: number of updated asset objects reloaded= 0
========================================================================
Received Prepare
Begin MonoManager ReloadAssembly
ADTM: Control thread waiting for realtime thread timed out, have to lock...
Symbol file LoadedFromMemory is not a mono symbol file
- Loaded All Assemblies, in  2.108 seconds
Refreshing native plugins compatible for Editor in 7.13 ms, found 2 plugins.
Native extension for WindowsStandalone target not found
[Package Manager] Failed to launch server process. Reason: Unity was launched with the -noUpm command-line argument
[Package Manager] Unable to send message (not connected to server process).
[Package Manager] Cannot connect to Unity Package Manager local server
Mono: successfully reloaded assembly
- Finished resetting the current domain, in  1.179 seconds
Domain Reload Profiling: 3283ms
	BeginReloadAssembly (1274ms)
		ExecutionOrderSort (0ms)
		DisableScriptedObjects (8ms)
		BackupInstance (0ms)
		ReleaseScriptingObjects (0ms)
		CreateAndSetChildDomain (1065ms)
	RebuildCommonClasses (49ms)
	RebuildNativeTypeToScriptingClass (20ms)
	initialDomainReloadingComplete (52ms)
	LoadAllAssembliesAndSetupDomain (708ms)
		LoadAssemblies (570ms)
		RebuildTransferFunctionScriptingTraits (0ms)
		AnalyzeDomain (269ms)
			TypeCache.Refresh (12ms)
				TypeCache.ScanAssembly (0ms)
			BuildScriptInfoCaches (239ms)
			ResolveRequiredComponents (13ms)
	FinalizeReload (1180ms)
		ReleaseScriptCaches (0ms)
		RebuildScriptCaches (0ms)
		SetupLoadedEditorAssemblies (971ms)
			LogAssemblyErrors (0ms)
			InitializePlatformSupportModulesInManaged (3ms)
			SetLoadedEditorAssemblies (4ms)
			BeforeProcessingInitializeOnLoad (186ms)
			ProcessInitializeOnLoadAttributes (465ms)
			ProcessInitializeOnLoadMethodAttributes (299ms)
			AfterProcessingInitializeOnLoad (14ms)
			EditorAssembliesLoaded (0ms)
		ExecutionOrderSort2 (0ms)
		AwakeInstancesAfterBackupRestoration (27ms)
Shader 'WFX/Transparent Diffuse': fallback shader 'Particles/Alpha Blended' not found
Shader 'WFX/Transparent Specular': fallback shader 'Particles/Alpha Blended' not found
Refreshing native plugins compatible for Editor in 7.33 ms, found 2 plugins.
Preloading 0 native plugins for Editor in 0.00 ms.
Unloading 17 Unused Serialized files (Serialized files now loaded: 0)
Unloading 6087 unused Assets / (3.9 MB). Loaded Objects now: 6998.
Memory consumption went from 168.9 MB to 164.9 MB.
Total: 15.251100 ms (FindLiveObjects: 0.863600 ms CreateObjectMapping: 0.541800 ms MarkObjects: 11.679500 ms  DeleteObjects: 2.164700 ms)

Prepare: number of updated asset objects reloaded= 0
========================================================================
Received Prepare
Shader 'WFX/Transparent Diffuse': fallback shader 'Particles/Alpha Blended' not found
Shader 'WFX/Transparent Specular': fallback shader 'Particles/Alpha Blended' not found
Refreshing native plugins compatible for Editor in 7.48 ms, found 2 plugins.
Preloading 0 native plugins for Editor in 0.00 ms.
Unloading 17 Unused Serialized files (Serialized files now loaded: 0)
Unloading 6056 unused Assets / (4.0 MB). Loaded Objects now: 6998.
Memory consumption went from 168.9 MB to 164.9 MB.
Total: 14.938100 ms (FindLiveObjects: 0.858200 ms CreateObjectMapping: 0.470800 ms MarkObjects: 11.409500 ms  DeleteObjects: 2.198400 ms)

Prepare: number of updated asset objects reloaded= 0
========================================================================
Received Prepare
Begin MonoManager ReloadAssembly
[Licensing::Client] Successfully resolved entitlement details
[Licensing::Module] License group:
  Id: F4-W4H8-9NJQ-FYFT-38SD-XXXX
  Product: Unity Personal
  Type: ULF
  Expiration: Unlimited
[Licensing::Module] License group:
  Id: 7971629442671-UnityPersXXXX
  Product: Unity Personal
  Type: Assigned
  Expiration: Unlimited
ADTM: Control thread waiting for realtime thread timed out, have to lock...
Symbol file LoadedFromMemory is not a mono symbol file
- Loaded All Assemblies, in  2.118 seconds
Refreshing native plugins compatible for Editor in 7.03 ms, found 2 plugins.
Native extension for WindowsStandalone target not found
[Package Manager] Failed to launch server process. Reason: Unity was launched with the -noUpm command-line argument
[Package Manager] Unable to send message (not connected to server process).
[Package Manager] Cannot connect to Unity Package Manager local server
Mono: successfully reloaded assembly
- Finished resetting the current domain, in  1.182 seconds
Domain Reload Profiling: 3296ms
	BeginReloadAssembly (1294ms)
		ExecutionOrderSort (0ms)
		DisableScriptedObjects (9ms)
		BackupInstance (0ms)
		ReleaseScriptingObjects (0ms)
		CreateAndSetChildDomain (1077ms)
	RebuildCommonClasses (48ms)
	RebuildNativeTypeToScriptingClass (20ms)
	initialDomainReloadingComplete (51ms)
	LoadAllAssembliesAndSetupDomain (700ms)
		LoadAssemblies (565ms)
		RebuildTransferFunctionScriptingTraits (0ms)
		AnalyzeDomain (272ms)
			TypeCache.Refresh (15ms)
				TypeCache.ScanAssembly (1ms)
			BuildScriptInfoCaches (238ms)
			ResolveRequiredComponents (13ms)
	FinalizeReload (1183ms)
		ReleaseScriptCaches (0ms)
		RebuildScriptCaches (0ms)
		SetupLoadedEditorAssemblies (974ms)
			LogAssemblyErrors (0ms)
			InitializePlatformSupportModulesInManaged (3ms)
			SetLoadedEditorAssemblies (4ms)
			BeforeProcessingInitializeOnLoad (189ms)
			ProcessInitializeOnLoadAttributes (465ms)
			ProcessInitializeOnLoadMethodAttributes (299ms)
			AfterProcessingInitializeOnLoad (14ms)
			EditorAssembliesLoaded (0ms)
		ExecutionOrderSort2 (0ms)
		AwakeInstancesAfterBackupRestoration (29ms)
Shader 'WFX/Transparent Diffuse': fallback shader 'Particles/Alpha Blended' not found
Shader 'WFX/Transparent Specular': fallback shader 'Particles/Alpha Blended' not found
Refreshing native plugins compatible for Editor in 7.22 ms, found 2 plugins.
Preloading 0 native plugins for Editor in 0.00 ms.
Unloading 17 Unused Serialized files (Serialized files now loaded: 0)
Unloading 6087 unused Assets / (4.0 MB). Loaded Objects now: 7001.
Memory consumption went from 168.9 MB to 164.9 MB.
Total: 15.608900 ms (FindLiveObjects: 0.927800 ms CreateObjectMapping: 0.566100 ms MarkObjects: 11.740000 ms  DeleteObjects: 2.373600 ms)

Prepare: number of updated asset objects reloaded= 0
========================================================================
Received Prepare
Begin MonoManager ReloadAssembly
ADTM: Control thread waiting for realtime thread timed out, have to lock...
Symbol file LoadedFromMemory is not a mono symbol file
- Loaded All Assemblies, in  2.187 seconds
Refreshing native plugins compatible for Editor in 6.65 ms, found 2 plugins.
Native extension for WindowsStandalone target not found
[Package Manager] Failed to launch server process. Reason: Unity was launched with the -noUpm command-line argument
[Package Manager] Unable to send message (not connected to server process).
[Package Manager] Cannot connect to Unity Package Manager local server
Mono: successfully reloaded assembly
- Finished resetting the current domain, in  1.127 seconds
Domain Reload Profiling: 3312ms
	BeginReloadAssembly (1292ms)
		ExecutionOrderSort (0ms)
		DisableScriptedObjects (13ms)
		BackupInstance (0ms)
		ReleaseScriptingObjects (2ms)
		CreateAndSetChildDomain (1062ms)
	RebuildCommonClasses (47ms)
	RebuildNativeTypeToScriptingClass (19ms)
	initialDomainReloadingComplete (47ms)
	LoadAllAssembliesAndSetupDomain (779ms)
		LoadAssemblies (635ms)
		RebuildTransferFunctionScriptingTraits (0ms)
		AnalyzeDomain (282ms)
			TypeCache.Refresh (17ms)
				TypeCache.ScanAssembly (1ms)
			BuildScriptInfoCaches (245ms)
			ResolveRequiredComponents (14ms)
	FinalizeReload (1128ms)
		ReleaseScriptCaches (0ms)
		RebuildScriptCaches (0ms)
		SetupLoadedEditorAssemblies (936ms)
			LogAssemblyErrors (0ms)
			InitializePlatformSupportModulesInManaged (3ms)
			SetLoadedEditorAssemblies (4ms)
			BeforeProcessingInitializeOnLoad (182ms)
			ProcessInitializeOnLoadAttributes (453ms)
			ProcessInitializeOnLoadMethodAttributes (280ms)
			AfterProcessingInitializeOnLoad (14ms)
			EditorAssembliesLoaded (1ms)
		ExecutionOrderSort2 (0ms)
		AwakeInstancesAfterBackupRestoration (24ms)
Shader 'WFX/Transparent Diffuse': fallback shader 'Particles/Alpha Blended' not found
Shader 'WFX/Transparent Specular': fallback shader 'Particles/Alpha Blended' not found
Refreshing native plugins compatible for Editor in 6.93 ms, found 2 plugins.
Preloading 0 native plugins for Editor in 0.00 ms.
Unloading 17 Unused Serialized files (Serialized files now loaded: 0)
Unloading 6087 unused Assets / (4.1 MB). Loaded Objects now: 7004.
Memory consumption went from 169.0 MB to 164.8 MB.
Total: 14.845700 ms (FindLiveObjects: 0.926200 ms CreateObjectMapping: 0.565500 ms MarkObjects: 11.340900 ms  DeleteObjects: 2.011900 ms)

Prepare: number of updated asset objects reloaded= 0
========================================================================
Received Prepare
Begin MonoManager ReloadAssembly
ADTM: Control thread waiting for realtime thread timed out, have to lock...
Symbol file LoadedFromMemory is not a mono symbol file
- Loaded All Assemblies, in  2.115 seconds
Refreshing native plugins compatible for Editor in 7.67 ms, found 2 plugins.
Native extension for WindowsStandalone target not found
[Package Manager] Failed to launch server process. Reason: Unity was launched with the -noUpm command-line argument
[Package Manager] Unable to send message (not connected to server process).
[Package Manager] Cannot connect to Unity Package Manager local server
Mono: successfully reloaded assembly
- Finished resetting the current domain, in  1.185 seconds
Domain Reload Profiling: 3296ms
	BeginReloadAssembly (1273ms)
		ExecutionOrderSort (0ms)
		DisableScriptedObjects (8ms)
		BackupInstance (0ms)
		ReleaseScriptingObjects (0ms)
		CreateAndSetChildDomain (1061ms)
	RebuildCommonClasses (48ms)
	RebuildNativeTypeToScriptingClass (20ms)
	initialDomainReloadingComplete (48ms)
	LoadAllAssembliesAndSetupDomain (722ms)
		LoadAssemblies (575ms)
		RebuildTransferFunctionScriptingTraits (0ms)
		AnalyzeDomain (278ms)
			TypeCache.Refresh (14ms)
				TypeCache.ScanAssembly (0ms)
			BuildScriptInfoCaches (245ms)
			ResolveRequiredComponents (14ms)
	FinalizeReload (1186ms)
		ReleaseScriptCaches (0ms)
		RebuildScriptCaches (0ms)
		SetupLoadedEditorAssemblies (978ms)
			LogAssemblyErrors (0ms)
			InitializePlatformSupportModulesInManaged (3ms)
			SetLoadedEditorAssemblies (4ms)
			BeforeProcessingInitializeOnLoad (187ms)
			ProcessInitializeOnLoadAttributes (471ms)
			ProcessInitializeOnLoadMethodAttributes (299ms)
			AfterProcessingInitializeOnLoad (14ms)
			EditorAssembliesLoaded (1ms)
		ExecutionOrderSort2 (0ms)
		AwakeInstancesAfterBackupRestoration (26ms)
Shader 'WFX/Transparent Diffuse': fallback shader 'Particles/Alpha Blended' not found
Shader 'WFX/Transparent Specular': fallback shader 'Particles/Alpha Blended' not found
Refreshing native plugins compatible for Editor in 7.29 ms, found 2 plugins.
Preloading 0 native plugins for Editor in 0.00 ms.
Unloading 17 Unused Serialized files (Serialized files now loaded: 0)
Unloading 6087 unused Assets / (4.1 MB). Loaded Objects now: 7007.
Memory consumption went from 169.0 MB to 164.9 MB.
Total: 15.490500 ms (FindLiveObjects: 0.991600 ms CreateObjectMapping: 0.569900 ms MarkObjects: 11.623000 ms  DeleteObjects: 2.304800 ms)

Prepare: number of updated asset objects reloaded= 0
========================================================================
Received Prepare
Begin MonoManager ReloadAssembly
[Licensing::Client] Successfully resolved entitlement details
[Licensing::Module] License group:
  Id: F4-W4H8-9NJQ-FYFT-38SD-XXXX
  Product: Unity Personal
  Type: ULF
  Expiration: Unlimited
[Licensing::Module] License group:
  Id: 7971629442671-UnityPersXXXX
  Product: Unity Personal
  Type: Assigned
  Expiration: Unlimited
ADTM: Control thread waiting for realtime thread timed out, have to lock...
Symbol file LoadedFromMemory is not a mono symbol file
- Loaded All Assemblies, in  2.083 seconds
Refreshing native plugins compatible for Editor in 6.75 ms, found 2 plugins.
Native extension for WindowsStandalone target not found
[Package Manager] Failed to launch server process. Reason: Unity was launched with the -noUpm command-line argument
[Package Manager] Unable to send message (not connected to server process).
[Package Manager] Cannot connect to Unity Package Manager local server
Mono: successfully reloaded assembly
- Finished resetting the current domain, in  1.152 seconds
Domain Reload Profiling: 3230ms
	BeginReloadAssembly (1280ms)
		ExecutionOrderSort (0ms)
		DisableScriptedObjects (9ms)
		BackupInstance (0ms)
		ReleaseScriptingObjects (0ms)
		CreateAndSetChildDomain (1061ms)
	RebuildCommonClasses (50ms)
	RebuildNativeTypeToScriptingClass (19ms)
	initialDomainReloadingComplete (49ms)
	LoadAllAssembliesAndSetupDomain (679ms)
		LoadAssemblies (545ms)
		RebuildTransferFunctionScriptingTraits (0ms)
		AnalyzeDomain (273ms)
			TypeCache.Refresh (14ms)
				TypeCache.ScanAssembly (1ms)
			BuildScriptInfoCaches (239ms)
			ResolveRequiredComponents (15ms)
	FinalizeReload (1152ms)
		ReleaseScriptCaches (0ms)
		RebuildScriptCaches (0ms)
		SetupLoadedEditorAssemblies (952ms)
			LogAssemblyErrors (0ms)
			InitializePlatformSupportModulesInManaged (3ms)
			SetLoadedEditorAssemblies (4ms)
			BeforeProcessingInitializeOnLoad (185ms)
			ProcessInitializeOnLoadAttributes (458ms)
			ProcessInitializeOnLoadMethodAttributes (289ms)
			AfterProcessingInitializeOnLoad (13ms)
			EditorAssembliesLoaded (0ms)
		ExecutionOrderSort2 (0ms)
		AwakeInstancesAfterBackupRestoration (24ms)
Shader 'WFX/Transparent Diffuse': fallback shader 'Particles/Alpha Blended' not found
Shader 'WFX/Transparent Specular': fallback shader 'Particles/Alpha Blended' not found
Refreshing native plugins compatible for Editor in 7.16 ms, found 2 plugins.
Preloading 0 native plugins for Editor in 0.00 ms.
Unloading 17 Unused Serialized files (Serialized files now loaded: 0)
Unloading 6087 unused Assets / (4.0 MB). Loaded Objects now: 7010.
Memory consumption went from 169.1 MB to 165.1 MB.
Total: 14.511300 ms (FindLiveObjects: 0.871900 ms CreateObjectMapping: 0.662000 ms MarkObjects: 11.186100 ms  DeleteObjects: 1.789700 ms)

Prepare: number of updated asset objects reloaded= 0
========================================================================
Received Prepare
Begin MonoManager ReloadAssembly
ADTM: Control thread waiting for realtime thread timed out, have to lock...
Symbol file LoadedFromMemory is not a mono symbol file
- Loaded All Assemblies, in  2.043 seconds
Refreshing native plugins compatible for Editor in 6.73 ms, found 2 plugins.
Native extension for WindowsStandalone target not found
[Package Manager] Failed to launch server process. Reason: Unity was launched with the -noUpm command-line argument
[Package Manager] Unable to send message (not connected to server process).
[Package Manager] Cannot connect to Unity Package Manager local server
Mono: successfully reloaded assembly
- Finished resetting the current domain, in  1.108 seconds
Domain Reload Profiling: 3148ms
	BeginReloadAssembly (1272ms)
		ExecutionOrderSort (0ms)
		DisableScriptedObjects (8ms)
		BackupInstance (0ms)
		ReleaseScriptingObjects (0ms)
		CreateAndSetChildDomain (1062ms)
	RebuildCommonClasses (45ms)
	RebuildNativeTypeToScriptingClass (19ms)
	initialDomainReloadingComplete (47ms)
	LoadAllAssembliesAndSetupDomain (657ms)
		LoadAssemblies (527ms)
		RebuildTransferFunctionScriptingTraits (0ms)
		AnalyzeDomain (262ms)
			TypeCache.Refresh (15ms)
				TypeCache.ScanAssembly (1ms)
			BuildScriptInfoCaches (228ms)
			ResolveRequiredComponents (13ms)
	FinalizeReload (1109ms)
		ReleaseScriptCaches (0ms)
		RebuildScriptCaches (0ms)
		SetupLoadedEditorAssemblies (918ms)
			LogAssemblyErrors (0ms)
			InitializePlatformSupportModulesInManaged (3ms)
			SetLoadedEditorAssemblies (4ms)
			BeforeProcessingInitializeOnLoad (178ms)
			ProcessInitializeOnLoadAttributes (452ms)
			ProcessInitializeOnLoadMethodAttributes (267ms)
			AfterProcessingInitializeOnLoad (13ms)
			EditorAssembliesLoaded (1ms)
		ExecutionOrderSort2 (0ms)
		AwakeInstancesAfterBackupRestoration (23ms)
Shader 'WFX/Transparent Diffuse': fallback shader 'Particles/Alpha Blended' not found
Shader 'WFX/Transparent Specular': fallback shader 'Particles/Alpha Blended' not found
Refreshing native plugins compatible for Editor in 7.23 ms, found 2 plugins.
Preloading 0 native plugins for Editor in 0.00 ms.
Unloading 17 Unused Serialized files (Serialized files now loaded: 0)
Unloading 6087 unused Assets / (4.0 MB). Loaded Objects now: 7013.
Memory consumption went from 169.1 MB to 165.1 MB.
Total: 14.240700 ms (FindLiveObjects: 0.836800 ms CreateObjectMapping: 0.396800 ms MarkObjects: 11.233000 ms  DeleteObjects: 1.772900 ms)

Prepare: number of updated asset objects reloaded= 0
========================================================================
Received Prepare
Begin MonoManager ReloadAssembly
ADTM: Control thread waiting for realtime thread timed out, have to lock...
Symbol file LoadedFromMemory is not a mono symbol file
- Loaded All Assemblies, in  2.123 seconds
Refreshing native plugins compatible for Editor in 7.01 ms, found 2 plugins.
Native extension for WindowsStandalone target not found
[Package Manager] Failed to launch server process. Reason: Unity was launched with the -noUpm command-line argument
[Package Manager] Unable to send message (not connected to server process).
[Package Manager] Cannot connect to Unity Package Manager local server
Mono: successfully reloaded assembly
- Finished resetting the current domain, in  1.185 seconds
Domain Reload Profiling: 3303ms
	BeginReloadAssembly (1275ms)
		ExecutionOrderSort (0ms)
		DisableScriptedObjects (8ms)
		BackupInstance (0ms)
		ReleaseScriptingObjects (0ms)
		CreateAndSetChildDomain (1063ms)
	RebuildCommonClasses (46ms)
	RebuildNativeTypeToScriptingClass (20ms)
	initialDomainReloadingComplete (50ms)
	LoadAllAssembliesAndSetupDomain (727ms)
		LoadAssemblies (571ms)
		RebuildTransferFunctionScriptingTraits (0ms)
		AnalyzeDomain (288ms)
			TypeCache.Refresh (12ms)
				TypeCache.ScanAssembly (0ms)
			BuildScriptInfoCaches (251ms)
			ResolveRequiredComponents (21ms)
	FinalizeReload (1186ms)
		ReleaseScriptCaches (0ms)
		RebuildScriptCaches (0ms)
		SetupLoadedEditorAssemblies (977ms)
			LogAssemblyErrors (0ms)
			InitializePlatformSupportModulesInManaged (3ms)
			SetLoadedEditorAssemblies (4ms)
			BeforeProcessingInitializeOnLoad (189ms)
			ProcessInitializeOnLoadAttributes (469ms)
			ProcessInitializeOnLoadMethodAttributes (298ms)
			AfterProcessingInitializeOnLoad (13ms)
			EditorAssembliesLoaded (0ms)
		ExecutionOrderSort2 (0ms)
		AwakeInstancesAfterBackupRestoration (27ms)
Shader 'WFX/Transparent Diffuse': fallback shader 'Particles/Alpha Blended' not found
Shader 'WFX/Transparent Specular': fallback shader 'Particles/Alpha Blended' not found
Refreshing native plugins compatible for Editor in 7.65 ms, found 2 plugins.
Preloading 0 native plugins for Editor in 0.00 ms.
Unloading 17 Unused Serialized files (Serialized files now loaded: 0)
Unloading 6087 unused Assets / (4.0 MB). Loaded Objects now: 7016.
Memory consumption went from 169.2 MB to 165.2 MB.
Total: 14.935200 ms (FindLiveObjects: 0.853100 ms CreateObjectMapping: 0.447200 ms MarkObjects: 11.510100 ms  DeleteObjects: 2.123300 ms)

Prepare: number of updated asset objects reloaded= 0
========================================================================
Received Prepare
Shader 'WFX/Transparent Diffuse': fallback shader 'Particles/Alpha Blended' not found
Shader 'WFX/Transparent Specular': fallback shader 'Particles/Alpha Blended' not found
Refreshing native plugins compatible for Editor in 6.41 ms, found 2 plugins.
Preloading 0 native plugins for Editor in 0.00 ms.
Unloading 17 Unused Serialized files (Serialized files now loaded: 0)
Unloading 6056 unused Assets / (3.8 MB). Loaded Objects now: 7016.
Memory consumption went from 169.2 MB to 165.4 MB.
Total: 15.707100 ms (FindLiveObjects: 0.897500 ms CreateObjectMapping: 0.466300 ms MarkObjects: 12.377300 ms  DeleteObjects: 1.964300 ms)

Prepare: number of updated asset objects reloaded= 0
========================================================================
Received Prepare
Shader 'WFX/Transparent Diffuse': fallback shader 'Particles/Alpha Blended' not found
Shader 'WFX/Transparent Specular': fallback shader 'Particles/Alpha Blended' not found
Refreshing native plugins compatible for Editor in 7.11 ms, found 2 plugins.
Preloading 0 native plugins for Editor in 0.00 ms.
Unloading 17 Unused Serialized files (Serialized files now loaded: 0)
Unloading 6056 unused Assets / (4.0 MB). Loaded Objects now: 7016.
Memory consumption went from 169.2 MB to 165.2 MB.
Total: 15.457100 ms (FindLiveObjects: 1.050300 ms CreateObjectMapping: 0.440800 ms MarkObjects: 12.221200 ms  DeleteObjects: 1.743300 ms)

Prepare: number of updated asset objects reloaded= 0
========================================================================
Received Prepare
Shader 'WFX/Transparent Diffuse': fallback shader 'Particles/Alpha Blended' not found
Shader 'WFX/Transparent Specular': fallback shader 'Particles/Alpha Blended' not found
Refreshing native plugins compatible for Editor in 7.29 ms, found 2 plugins.
Preloading 0 native plugins for Editor in 0.00 ms.
Unloading 17 Unused Serialized files (Serialized files now loaded: 0)
Unloading 6056 unused Assets / (4.0 MB). Loaded Objects now: 7016.
Memory consumption went from 169.2 MB to 165.2 MB.
Total: 14.220300 ms (FindLiveObjects: 0.859200 ms CreateObjectMapping: 0.440100 ms MarkObjects: 11.118500 ms  DeleteObjects: 1.801000 ms)

Prepare: number of updated asset objects reloaded= 0
========================================================================
Received Prepare
Shader 'WFX/Transparent Diffuse': fallback shader 'Particles/Alpha Blended' not found
Shader 'WFX/Transparent Specular': fallback shader 'Particles/Alpha Blended' not found
Refreshing native plugins compatible for Editor in 6.55 ms, found 2 plugins.
Preloading 0 native plugins for Editor in 0.00 ms.
Unloading 17 Unused Serialized files (Serialized files now loaded: 0)
Unloading 6056 unused Assets / (4.0 MB). Loaded Objects now: 7016.
Memory consumption went from 169.2 MB to 165.2 MB.
Total: 14.845200 ms (FindLiveObjects: 0.794300 ms CreateObjectMapping: 0.395800 ms MarkObjects: 11.624300 ms  DeleteObjects: 2.029600 ms)

Prepare: number of updated asset objects reloaded= 0
========================================================================
Received Prepare
Shader 'WFX/Transparent Diffuse': fallback shader 'Particles/Alpha Blended' not found
Shader 'WFX/Transparent Specular': fallback shader 'Particles/Alpha Blended' not found
Refreshing native plugins compatible for Editor in 6.63 ms, found 2 plugins.
Preloading 0 native plugins for Editor in 0.00 ms.
Unloading 17 Unused Serialized files (Serialized files now loaded: 0)
Unloading 6056 unused Assets / (3.9 MB). Loaded Objects now: 7016.
Memory consumption went from 169.2 MB to 165.3 MB.
Total: 14.219000 ms (FindLiveObjects: 0.846500 ms CreateObjectMapping: 0.408200 ms MarkObjects: 11.176600 ms  DeleteObjects: 1.786400 ms)

Prepare: number of updated asset objects reloaded= 0
========================================================================
Received Prepare
Shader 'WFX/Transparent Diffuse': fallback shader 'Particles/Alpha Blended' not found
Shader 'WFX/Transparent Specular': fallback shader 'Particles/Alpha Blended' not found
Refreshing native plugins compatible for Editor in 8.09 ms, found 2 plugins.
Preloading 0 native plugins for Editor in 0.00 ms.
Unloading 17 Unused Serialized files (Serialized files now loaded: 0)
Unloading 6056 unused Assets / (4.1 MB). Loaded Objects now: 7016.
Memory consumption went from 169.2 MB to 165.1 MB.
Total: 16.706000 ms (FindLiveObjects: 0.895500 ms CreateObjectMapping: 0.539800 ms MarkObjects: 13.204700 ms  DeleteObjects: 2.064600 ms)

Prepare: number of updated asset objects reloaded= 0
========================================================================
Received Prepare
Shader 'WFX/Transparent Diffuse': fallback shader 'Particles/Alpha Blended' not found
Shader 'WFX/Transparent Specular': fallback shader 'Particles/Alpha Blended' not found
Refreshing native plugins compatible for Editor in 7.72 ms, found 2 plugins.
Preloading 0 native plugins for Editor in 0.00 ms.
Unloading 17 Unused Serialized files (Serialized files now loaded: 0)
Unloading 6056 unused Assets / (4.1 MB). Loaded Objects now: 7016.
Memory consumption went from 169.2 MB to 165.1 MB.
Total: 17.018900 ms (FindLiveObjects: 0.858900 ms CreateObjectMapping: 0.479500 ms MarkObjects: 13.688500 ms  DeleteObjects: 1.990700 ms)

Prepare: number of updated asset objects reloaded= 0
========================================================================
Received Prepare
Begin MonoManager ReloadAssembly
[Licensing::Client] Successfully resolved entitlement details
[Licensing::Module] License group:
  Id: F4-W4H8-9NJQ-FYFT-38SD-XXXX
  Product: Unity Personal
  Type: ULF
  Expiration: Unlimited
[Licensing::Module] License group:
  Id: 7971629442671-UnityPersXXXX
  Product: Unity Personal
  Type: Assigned
  Expiration: Unlimited
ADTM: Control thread waiting for realtime thread timed out, have to lock...
Symbol file LoadedFromMemory is not a mono symbol file
- Loaded All Assemblies, in  2.130 seconds
Refreshing native plugins compatible for Editor in 7.27 ms, found 2 plugins.
Native extension for WindowsStandalone target not found
[Package Manager] Failed to launch server process. Reason: Unity was launched with the -noUpm command-line argument
[Package Manager] Unable to send message (not connected to server process).
[Package Manager] Cannot connect to Unity Package Manager local server
Mono: successfully reloaded assembly
- Finished resetting the current domain, in  1.187 seconds
Domain Reload Profiling: 3312ms
	BeginReloadAssembly (1291ms)
		ExecutionOrderSort (0ms)
		DisableScriptedObjects (8ms)
		BackupInstance (0ms)
		ReleaseScriptingObjects (0ms)
		CreateAndSetChildDomain (1077ms)
	RebuildCommonClasses (46ms)
	RebuildNativeTypeToScriptingClass (19ms)
	initialDomainReloadingComplete (56ms)
	LoadAllAssembliesAndSetupDomain (713ms)
		LoadAssemblies (571ms)
		RebuildTransferFunctionScriptingTraits (0ms)
		AnalyzeDomain (275ms)
			TypeCache.Refresh (15ms)
				TypeCache.ScanAssembly (1ms)
			BuildScriptInfoCaches (241ms)
			ResolveRequiredComponents (13ms)
	FinalizeReload (1188ms)
		ReleaseScriptCaches (0ms)
		RebuildScriptCaches (0ms)
		SetupLoadedEditorAssemblies (969ms)
			LogAssemblyErrors (0ms)
			InitializePlatformSupportModulesInManaged (3ms)
			SetLoadedEditorAssemblies (4ms)
			BeforeProcessingInitializeOnLoad (189ms)
			ProcessInitializeOnLoadAttributes (462ms)
			ProcessInitializeOnLoadMethodAttributes (296ms)
			AfterProcessingInitializeOnLoad (14ms)
			EditorAssembliesLoaded (1ms)
		ExecutionOrderSort2 (0ms)
		AwakeInstancesAfterBackupRestoration (25ms)
Shader 'WFX/Transparent Diffuse': fallback shader 'Particles/Alpha Blended' not found
Shader 'WFX/Transparent Specular': fallback shader 'Particles/Alpha Blended' not found
Refreshing native plugins compatible for Editor in 7.62 ms, found 2 plugins.
Preloading 0 native plugins for Editor in 0.00 ms.
Unloading 17 Unused Serialized files (Serialized files now loaded: 0)
Unloading 6087 unused Assets / (4.0 MB). Loaded Objects now: 7019.
Memory consumption went from 169.2 MB to 165.2 MB.
Total: 16.369100 ms (FindLiveObjects: 0.930500 ms CreateObjectMapping: 0.527600 ms MarkObjects: 12.873100 ms  DeleteObjects: 2.036500 ms)

Prepare: number of updated asset objects reloaded= 0
========================================================================
Received Prepare
Begin MonoManager ReloadAssembly
ADTM: Control thread waiting for realtime thread timed out, have to lock...
Symbol file LoadedFromMemory is not a mono symbol file
- Loaded All Assemblies, in  2.121 seconds
Refreshing native plugins compatible for Editor in 7.30 ms, found 2 plugins.
Native extension for WindowsStandalone target not found
[Package Manager] Failed to launch server process. Reason: Unity was launched with the -noUpm command-line argument
[Package Manager] Unable to send message (not connected to server process).
[Package Manager] Cannot connect to Unity Package Manager local server
Mono: successfully reloaded assembly
- Finished resetting the current domain, in  1.172 seconds
Domain Reload Profiling: 3288ms
	BeginReloadAssembly (1275ms)
		ExecutionOrderSort (0ms)
		DisableScriptedObjects (9ms)
		BackupInstance (0ms)
		ReleaseScriptingObjects (0ms)
		CreateAndSetChildDomain (1063ms)
	RebuildCommonClasses (48ms)
	RebuildNativeTypeToScriptingClass (19ms)
	initialDomainReloadingComplete (45ms)
	LoadAllAssembliesAndSetupDomain (728ms)
		LoadAssemblies (586ms)
		RebuildTransferFunctionScriptingTraits (0ms)
		AnalyzeDomain (274ms)
			TypeCache.Refresh (12ms)
				TypeCache.ScanAssembly (0ms)
			BuildScriptInfoCaches (244ms)
			ResolveRequiredComponents (13ms)
	FinalizeReload (1172ms)
		ReleaseScriptCaches (0ms)
		RebuildScriptCaches (0ms)
		SetupLoadedEditorAssemblies (962ms)
			LogAssemblyErrors (0ms)
			InitializePlatformSupportModulesInManaged (3ms)
			SetLoadedEditorAssemblies (4ms)
			BeforeProcessingInitializeOnLoad (187ms)
			ProcessInitializeOnLoadAttributes (463ms)
			ProcessInitializeOnLoadMethodAttributes (291ms)
			AfterProcessingInitializeOnLoad (14ms)
			EditorAssembliesLoaded (0ms)
		ExecutionOrderSort2 (0ms)
		AwakeInstancesAfterBackupRestoration (27ms)
Shader 'WFX/Transparent Diffuse': fallback shader 'Particles/Alpha Blended' not found
Shader 'WFX/Transparent Specular': fallback shader 'Particles/Alpha Blended' not found
Refreshing native plugins compatible for Editor in 7.42 ms, found 2 plugins.
Preloading 0 native plugins for Editor in 0.00 ms.
Unloading 17 Unused Serialized files (Serialized files now loaded: 0)
Unloading 6087 unused Assets / (4.1 MB). Loaded Objects now: 7022.
Memory consumption went from 169.3 MB to 165.1 MB.
Total: 15.363700 ms (FindLiveObjects: 0.886000 ms CreateObjectMapping: 0.547200 ms MarkObjects: 11.918100 ms  DeleteObjects: 2.011500 ms)

Prepare: number of updated asset objects reloaded= 0
========================================================================
Received Prepare
Begin MonoManager ReloadAssembly
[Licensing::Client] Successfully resolved entitlement details
[Licensing::Module] License group:
  Id: F4-W4H8-9NJQ-FYFT-38SD-XXXX
  Product: Unity Personal
  Type: ULF
  Expiration: Unlimited
[Licensing::Module] License group:
  Id: 7971629442671-UnityPersXXXX
  Product: Unity Personal
  Type: Assigned
  Expiration: Unlimited
ADTM: Control thread waiting for realtime thread timed out, have to lock...
Symbol file LoadedFromMemory is not a mono symbol file
- Loaded All Assemblies, in  2.065 seconds
Refreshing native plugins compatible for Editor in 7.02 ms, found 2 plugins.
Native extension for WindowsStandalone target not found
[Package Manager] Failed to launch server process. Reason: Unity was launched with the -noUpm command-line argument
[Package Manager] Unable to send message (not connected to server process).
[Package Manager] Cannot connect to Unity Package Manager local server
Mono: successfully reloaded assembly
- Finished resetting the current domain, in  1.139 seconds
Domain Reload Profiling: 3201ms
	BeginReloadAssembly (1285ms)
		ExecutionOrderSort (0ms)
		DisableScriptedObjects (8ms)
		BackupInstance (0ms)
		ReleaseScriptingObjects (0ms)
		CreateAndSetChildDomain (1075ms)
	RebuildCommonClasses (47ms)
	RebuildNativeTypeToScriptingClass (19ms)
	initialDomainReloadingComplete (43ms)
	LoadAllAssembliesAndSetupDomain (666ms)
		LoadAssemblies (529ms)
		RebuildTransferFunctionScriptingTraits (0ms)
		AnalyzeDomain (269ms)
			TypeCache.Refresh (13ms)
				TypeCache.ScanAssembly (0ms)
			BuildScriptInfoCaches (238ms)
			ResolveRequiredComponents (13ms)
	FinalizeReload (1140ms)
		ReleaseScriptCaches (0ms)
		RebuildScriptCaches (0ms)
		SetupLoadedEditorAssemblies (938ms)
			LogAssemblyErrors (0ms)
			InitializePlatformSupportModulesInManaged (3ms)
			SetLoadedEditorAssemblies (4ms)
			BeforeProcessingInitializeOnLoad (182ms)
			ProcessInitializeOnLoadAttributes (450ms)
			ProcessInitializeOnLoadMethodAttributes (285ms)
			AfterProcessingInitializeOnLoad (14ms)
			EditorAssembliesLoaded (1ms)
		ExecutionOrderSort2 (0ms)
		AwakeInstancesAfterBackupRestoration (26ms)
Shader 'WFX/Transparent Diffuse': fallback shader 'Particles/Alpha Blended' not found
Shader 'WFX/Transparent Specular': fallback shader 'Particles/Alpha Blended' not found
Refreshing native plugins compatible for Editor in 7.20 ms, found 2 plugins.
Preloading 0 native plugins for Editor in 0.00 ms.
Unloading 17 Unused Serialized files (Serialized files now loaded: 0)
Unloading 6087 unused Assets / (3.9 MB). Loaded Objects now: 7025.
Memory consumption went from 169.2 MB to 165.3 MB.
Total: 14.188200 ms (FindLiveObjects: 0.895900 ms CreateObjectMapping: 0.440800 ms MarkObjects: 11.089200 ms  DeleteObjects: 1.760900 ms)

Prepare: number of updated asset objects reloaded= 0
========================================================================
Received Prepare
Begin MonoManager ReloadAssembly
ADTM: Control thread waiting for realtime thread timed out, have to lock...
Symbol file LoadedFromMemory is not a mono symbol file
- Loaded All Assemblies, in  2.036 seconds
Refreshing native plugins compatible for Editor in 6.56 ms, found 2 plugins.
Native extension for WindowsStandalone target not found
[Package Manager] Failed to launch server process. Reason: Unity was launched with the -noUpm command-line argument
[Package Manager] Unable to send message (not connected to server process).
[Package Manager] Cannot connect to Unity Package Manager local server
Mono: successfully reloaded assembly
- Finished resetting the current domain, in  1.104 seconds
Domain Reload Profiling: 3136ms
	BeginReloadAssembly (1280ms)
		ExecutionOrderSort (0ms)
		DisableScriptedObjects (8ms)
		BackupInstance (0ms)
		ReleaseScriptingObjects (0ms)
		CreateAndSetChildDomain (1075ms)
	RebuildCommonClasses (44ms)
	RebuildNativeTypeToScriptingClass (19ms)
	initialDomainReloadingComplete (44ms)
	LoadAllAssembliesAndSetupDomain (645ms)
		LoadAssemblies (516ms)
		RebuildTransferFunctionScriptingTraits (0ms)
		AnalyzeDomain (256ms)
			TypeCache.Refresh (15ms)
				TypeCache.ScanAssembly (1ms)
			BuildScriptInfoCaches (224ms)
			ResolveRequiredComponents (12ms)
	FinalizeReload (1104ms)
		ReleaseScriptCaches (0ms)
		RebuildScriptCaches (0ms)
		SetupLoadedEditorAssemblies (913ms)
			LogAssemblyErrors (0ms)
			InitializePlatformSupportModulesInManaged (3ms)
			SetLoadedEditorAssemblies (4ms)
			BeforeProcessingInitializeOnLoad (178ms)
			ProcessInitializeOnLoadAttributes (446ms)
			ProcessInitializeOnLoadMethodAttributes (268ms)
			AfterProcessingInitializeOnLoad (13ms)
			EditorAssembliesLoaded (0ms)
		ExecutionOrderSort2 (0ms)
		AwakeInstancesAfterBackupRestoration (23ms)
Shader 'WFX/Transparent Diffuse': fallback shader 'Particles/Alpha Blended' not found
Shader 'WFX/Transparent Specular': fallback shader 'Particles/Alpha Blended' not found
Refreshing native plugins compatible for Editor in 7.30 ms, found 2 plugins.
Preloading 0 native plugins for Editor in 0.00 ms.
Unloading 17 Unused Serialized files (Serialized files now loaded: 0)
Unloading 6087 unused Assets / (4.0 MB). Loaded Objects now: 7028.
Memory consumption went from 169.3 MB to 165.3 MB.
Total: 14.264600 ms (FindLiveObjects: 0.850100 ms CreateObjectMapping: 0.464500 ms MarkObjects: 11.095900 ms  DeleteObjects: 1.852600 ms)

Prepare: number of updated asset objects reloaded= 0
========================================================================
Received Prepare
Begin MonoManager ReloadAssembly
ADTM: Control thread waiting for realtime thread timed out, have to lock...
Symbol file LoadedFromMemory is not a mono symbol file
- Loaded All Assemblies, in  2.132 seconds
Refreshing native plugins compatible for Editor in 7.34 ms, found 2 plugins.
Native extension for WindowsStandalone target not found
[Package Manager] Failed to launch server process. Reason: Unity was launched with the -noUpm command-line argument
[Package Manager] Unable to send message (not connected to server process).
[Package Manager] Cannot connect to Unity Package Manager local server
Mono: successfully reloaded assembly
- Finished resetting the current domain, in  1.183 seconds
Domain Reload Profiling: 3311ms
	BeginReloadAssembly (1281ms)
		ExecutionOrderSort (0ms)
		DisableScriptedObjects (8ms)
		BackupInstance (0ms)
		ReleaseScriptingObjects (0ms)
		CreateAndSetChildDomain (1072ms)
	RebuildCommonClasses (45ms)
	RebuildNativeTypeToScriptingClass (19ms)
	initialDomainReloadingComplete (48ms)
	LoadAllAssembliesAndSetupDomain (736ms)
		LoadAssemblies (583ms)
		RebuildTransferFunctionScriptingTraits (0ms)
		AnalyzeDomain (284ms)
			TypeCache.Refresh (12ms)
				TypeCache.ScanAssembly (0ms)
			BuildScriptInfoCaches (252ms)
			ResolveRequiredComponents (14ms)
	FinalizeReload (1183ms)
		ReleaseScriptCaches (0ms)
		RebuildScriptCaches (0ms)
		SetupLoadedEditorAssemblies (974ms)
			LogAssemblyErrors (0ms)
			InitializePlatformSupportModulesInManaged (3ms)
			SetLoadedEditorAssemblies (4ms)
			BeforeProcessingInitializeOnLoad (189ms)
			ProcessInitializeOnLoadAttributes (466ms)
			ProcessInitializeOnLoadMethodAttributes (298ms)
			AfterProcessingInitializeOnLoad (13ms)
			EditorAssembliesLoaded (1ms)
		ExecutionOrderSort2 (0ms)
		AwakeInstancesAfterBackupRestoration (26ms)
Shader 'WFX/Transparent Diffuse': fallback shader 'Particles/Alpha Blended' not found
Shader 'WFX/Transparent Specular': fallback shader 'Particles/Alpha Blended' not found
Refreshing native plugins compatible for Editor in 7.45 ms, found 2 plugins.
Preloading 0 native plugins for Editor in 0.00 ms.
Unloading 17 Unused Serialized files (Serialized files now loaded: 0)
Unloading 6087 unused Assets / (4.1 MB). Loaded Objects now: 7031.
Memory consumption went from 169.4 MB to 165.3 MB.
Total: 16.923500 ms (FindLiveObjects: 1.046500 ms CreateObjectMapping: 0.683300 ms MarkObjects: 13.073300 ms  DeleteObjects: 2.118900 ms)

Prepare: number of updated asset objects reloaded= 0
========================================================================
Received Prepare
Shader 'WFX/Transparent Diffuse': fallback shader 'Particles/Alpha Blended' not found
Shader 'WFX/Transparent Specular': fallback shader 'Particles/Alpha Blended' not found
Refreshing native plugins compatible for Editor in 7.34 ms, found 2 plugins.
Preloading 0 native plugins for Editor in 0.00 ms.
Unloading 17 Unused Serialized files (Serialized files now loaded: 0)
Unloading 6056 unused Assets / (4.0 MB). Loaded Objects now: 7031.
Memory consumption went from 169.4 MB to 165.5 MB.
Total: 14.296800 ms (FindLiveObjects: 0.862000 ms CreateObjectMapping: 0.423400 ms MarkObjects: 11.076600 ms  DeleteObjects: 1.933400 ms)

Prepare: number of updated asset objects reloaded= 0
========================================================================
Received Prepare
Begin MonoManager ReloadAssembly
[Licensing::Client] Successfully resolved entitlement details
[Licensing::Module] License group:
  Id: F4-W4H8-9NJQ-FYFT-38SD-XXXX
  Product: Unity Personal
  Type: ULF
  Expiration: Unlimited
[Licensing::Module] License group:
  Id: 7971629442671-UnityPersXXXX
  Product: Unity Personal
  Type: Assigned
  Expiration: Unlimited
ADTM: Control thread waiting for realtime thread timed out, have to lock...
Symbol file LoadedFromMemory is not a mono symbol file
- Loaded All Assemblies, in  2.044 seconds
Refreshing native plugins compatible for Editor in 6.81 ms, found 2 plugins.
Native extension for WindowsStandalone target not found
[Package Manager] Failed to launch server process. Reason: Unity was launched with the -noUpm command-line argument
[Package Manager] Unable to send message (not connected to server process).
[Package Manager] Cannot connect to Unity Package Manager local server
Mono: successfully reloaded assembly
- Finished resetting the current domain, in  1.123 seconds
Domain Reload Profiling: 3163ms
	BeginReloadAssembly (1285ms)
		ExecutionOrderSort (0ms)
		DisableScriptedObjects (9ms)
		BackupInstance (0ms)
		ReleaseScriptingObjects (0ms)
		CreateAndSetChildDomain (1070ms)
	RebuildCommonClasses (44ms)
	RebuildNativeTypeToScriptingClass (19ms)
	initialDomainReloadingComplete (46ms)
	LoadAllAssembliesAndSetupDomain (646ms)
		LoadAssemblies (523ms)
		RebuildTransferFunctionScriptingTraits (0ms)
		AnalyzeDomain (256ms)
			TypeCache.Refresh (14ms)
				TypeCache.ScanAssembly (1ms)
			BuildScriptInfoCaches (224ms)
			ResolveRequiredComponents (12ms)
	FinalizeReload (1124ms)
		ReleaseScriptCaches (0ms)
		RebuildScriptCaches (0ms)
		SetupLoadedEditorAssemblies (925ms)
			LogAssemblyErrors (0ms)
			InitializePlatformSupportModulesInManaged (3ms)
			SetLoadedEditorAssemblies (4ms)
			BeforeProcessingInitializeOnLoad (181ms)
			ProcessInitializeOnLoadAttributes (449ms)
			ProcessInitializeOnLoadMethodAttributes (275ms)
			AfterProcessingInitializeOnLoad (12ms)
			EditorAssembliesLoaded (0ms)
		ExecutionOrderSort2 (0ms)
		AwakeInstancesAfterBackupRestoration (24ms)
Shader 'WFX/Transparent Diffuse': fallback shader 'Particles/Alpha Blended' not found
Shader 'WFX/Transparent Specular': fallback shader 'Particles/Alpha Blended' not found
Refreshing native plugins compatible for Editor in 7.94 ms, found 2 plugins.
Preloading 0 native plugins for Editor in 0.00 ms.
Unloading 17 Unused Serialized files (Serialized files now loaded: 0)
Unloading 6087 unused Assets / (4.2 MB). Loaded Objects now: 7034.
Memory consumption went from 169.4 MB to 165.3 MB.
Total: 15.987400 ms (FindLiveObjects: 0.885200 ms CreateObjectMapping: 0.559400 ms MarkObjects: 12.055700 ms  DeleteObjects: 2.485400 ms)

Prepare: number of updated asset objects reloaded= 0
========================================================================
Received Prepare
Begin MonoManager ReloadAssembly
ADTM: Control thread waiting for realtime thread timed out, have to lock...
Symbol file LoadedFromMemory is not a mono symbol file
- Loaded All Assemblies, in  2.098 seconds
Refreshing native plugins compatible for Editor in 7.61 ms, found 2 plugins.
Native extension for WindowsStandalone target not found
[Package Manager] Failed to launch server process. Reason: Unity was launched with the -noUpm command-line argument
[Package Manager] Unable to send message (not connected to server process).
[Package Manager] Cannot connect to Unity Package Manager local server
Mono: successfully reloaded assembly
- Finished resetting the current domain, in  1.147 seconds
Domain Reload Profiling: 3243ms
	BeginReloadAssembly (1266ms)
		ExecutionOrderSort (0ms)
		DisableScriptedObjects (8ms)
		BackupInstance (0ms)
		ReleaseScriptingObjects (0ms)
		CreateAndSetChildDomain (1060ms)
	RebuildCommonClasses (44ms)
	RebuildNativeTypeToScriptingClass (19ms)
	initialDomainReloadingComplete (44ms)
	LoadAllAssembliesAndSetupDomain (723ms)
		LoadAssemblies (579ms)
		RebuildTransferFunctionScriptingTraits (0ms)
		AnalyzeDomain (271ms)
			TypeCache.Refresh (12ms)
				TypeCache.ScanAssembly (0ms)
			BuildScriptInfoCaches (240ms)
			ResolveRequiredComponents (13ms)
	FinalizeReload (1148ms)
		ReleaseScriptCaches (0ms)
		RebuildScriptCaches (0ms)
		SetupLoadedEditorAssemblies (940ms)
			LogAssemblyErrors (0ms)
			InitializePlatformSupportModulesInManaged (3ms)
			SetLoadedEditorAssemblies (4ms)
			BeforeProcessingInitializeOnLoad (178ms)
			ProcessInitializeOnLoadAttributes (464ms)
			ProcessInitializeOnLoadMethodAttributes (277ms)
			AfterProcessingInitializeOnLoad (14ms)
			EditorAssembliesLoaded (0ms)
		ExecutionOrderSort2 (0ms)
		AwakeInstancesAfterBackupRestoration (24ms)
Shader 'WFX/Transparent Diffuse': fallback shader 'Particles/Alpha Blended' not found
Shader 'WFX/Transparent Specular': fallback shader 'Particles/Alpha Blended' not found
Refreshing native plugins compatible for Editor in 7.63 ms, found 2 plugins.
Preloading 0 native plugins for Editor in 0.00 ms.
Unloading 17 Unused Serialized files (Serialized files now loaded: 0)
Unloading 6087 unused Assets / (4.2 MB). Loaded Objects now: 7037.
Memory consumption went from 169.5 MB to 165.3 MB.
Total: 15.222300 ms (FindLiveObjects: 0.889500 ms CreateObjectMapping: 0.470900 ms MarkObjects: 11.708100 ms  DeleteObjects: 2.152400 ms)

Prepare: number of updated asset objects reloaded= 0
========================================================================
Received Prepare
Begin MonoManager ReloadAssembly
ADTM: Control thread waiting for realtime thread timed out, have to lock...
Symbol file LoadedFromMemory is not a mono symbol file
- Loaded All Assemblies, in  2.061 seconds
Refreshing native plugins compatible for Editor in 6.61 ms, found 2 plugins.
Native extension for WindowsStandalone target not found
[Package Manager] Failed to launch server process. Reason: Unity was launched with the -noUpm command-line argument
[Package Manager] Unable to send message (not connected to server process).
[Package Manager] Cannot connect to Unity Package Manager local server
Mono: successfully reloaded assembly
- Finished resetting the current domain, in  1.081 seconds
Domain Reload Profiling: 3137ms
	BeginReloadAssembly (1289ms)
		ExecutionOrderSort (0ms)
		DisableScriptedObjects (9ms)
		BackupInstance (0ms)
		ReleaseScriptingObjects (0ms)
		CreateAndSetChildDomain (1073ms)
	RebuildCommonClasses (44ms)
	RebuildNativeTypeToScriptingClass (20ms)
	initialDomainReloadingComplete (46ms)
	LoadAllAssembliesAndSetupDomain (657ms)
		LoadAssemblies (536ms)
		RebuildTransferFunctionScriptingTraits (0ms)
		AnalyzeDomain (256ms)
			TypeCache.Refresh (15ms)
				TypeCache.ScanAssembly (1ms)
			BuildScriptInfoCaches (223ms)
			ResolveRequiredComponents (13ms)
	FinalizeReload (1081ms)
		ReleaseScriptCaches (0ms)
		RebuildScriptCaches (0ms)
		SetupLoadedEditorAssemblies (890ms)
			LogAssemblyErrors (0ms)
			InitializePlatformSupportModulesInManaged (3ms)
			SetLoadedEditorAssemblies (4ms)
			BeforeProcessingInitializeOnLoad (177ms)
			ProcessInitializeOnLoadAttributes (432ms)
			ProcessInitializeOnLoadMethodAttributes (262ms)
			AfterProcessingInitializeOnLoad (13ms)
			EditorAssembliesLoaded (1ms)
		ExecutionOrderSort2 (0ms)
		AwakeInstancesAfterBackupRestoration (23ms)
Shader 'WFX/Transparent Diffuse': fallback shader 'Particles/Alpha Blended' not found
Shader 'WFX/Transparent Specular': fallback shader 'Particles/Alpha Blended' not found
Refreshing native plugins compatible for Editor in 6.91 ms, found 2 plugins.
Preloading 0 native plugins for Editor in 0.00 ms.
Unloading 17 Unused Serialized files (Serialized files now loaded: 0)
Unloading 6087 unused Assets / (4.2 MB). Loaded Objects now: 7040.
Memory consumption went from 169.4 MB to 165.3 MB.
Total: 15.068300 ms (FindLiveObjects: 0.877500 ms CreateObjectMapping: 0.543900 ms MarkObjects: 11.215300 ms  DeleteObjects: 2.430200 ms)

Prepare: number of updated asset objects reloaded= 0
========================================================================
Received Prepare
Begin MonoManager ReloadAssembly
ADTM: Control thread waiting for realtime thread timed out, have to lock...
Symbol file LoadedFromMemory is not a mono symbol file
- Loaded All Assemblies, in  2.104 seconds
Refreshing native plugins compatible for Editor in 7.96 ms, found 2 plugins.
Native extension for WindowsStandalone target not found
[Package Manager] Failed to launch server process. Reason: Unity was launched with the -noUpm command-line argument
[Package Manager] Unable to send message (not connected to server process).
[Package Manager] Cannot connect to Unity Package Manager local server
Mono: successfully reloaded assembly
- Finished resetting the current domain, in  1.192 seconds
Domain Reload Profiling: 3293ms
	BeginReloadAssembly (1268ms)
		ExecutionOrderSort (0ms)
		DisableScriptedObjects (8ms)
		BackupInstance (0ms)
		ReleaseScriptingObjects (0ms)
		CreateAndSetChildDomain (1063ms)
	RebuildCommonClasses (44ms)
	RebuildNativeTypeToScriptingClass (27ms)
	initialDomainReloadingComplete (50ms)
	LoadAllAssembliesAndSetupDomain (712ms)
		LoadAssemblies (563ms)
		RebuildTransferFunctionScriptingTraits (0ms)
		AnalyzeDomain (275ms)
			TypeCache.Refresh (12ms)
				TypeCache.ScanAssembly (0ms)
			BuildScriptInfoCaches (243ms)
			ResolveRequiredComponents (14ms)
	FinalizeReload (1193ms)
		ReleaseScriptCaches (0ms)
		RebuildScriptCaches (0ms)
		SetupLoadedEditorAssemblies (983ms)
			LogAssemblyErrors (0ms)
			InitializePlatformSupportModulesInManaged (3ms)
			SetLoadedEditorAssemblies (4ms)
			BeforeProcessingInitializeOnLoad (188ms)
			ProcessInitializeOnLoadAttributes (471ms)
			ProcessInitializeOnLoadMethodAttributes (301ms)
			AfterProcessingInitializeOnLoad (14ms)
			EditorAssembliesLoaded (1ms)
		ExecutionOrderSort2 (0ms)
		AwakeInstancesAfterBackupRestoration (27ms)
Shader 'WFX/Transparent Diffuse': fallback shader 'Particles/Alpha Blended' not found
Shader 'WFX/Transparent Specular': fallback shader 'Particles/Alpha Blended' not found
Refreshing native plugins compatible for Editor in 7.64 ms, found 2 plugins.
Preloading 0 native plugins for Editor in 0.00 ms.
Unloading 17 Unused Serialized files (Serialized files now loaded: 0)
Unloading 6087 unused Assets / (4.1 MB). Loaded Objects now: 7043.
Memory consumption went from 169.6 MB to 165.5 MB.
Total: 15.350600 ms (FindLiveObjects: 0.889700 ms CreateObjectMapping: 0.509800 ms MarkObjects: 11.784100 ms  DeleteObjects: 2.165800 ms)

Prepare: number of updated asset objects reloaded= 0
========================================================================
Received Prepare
Begin MonoManager ReloadAssembly
[Licensing::Client] Successfully resolved entitlement details
[Licensing::Module] License group:
  Id: F4-W4H8-9NJQ-FYFT-38SD-XXXX
  Product: Unity Personal
  Type: ULF
  Expiration: Unlimited
[Licensing::Module] License group:
  Id: 7971629442671-UnityPersXXXX
  Product: Unity Personal
  Type: Assigned
  Expiration: Unlimited
ADTM: Control thread waiting for realtime thread timed out, have to lock...
Symbol file LoadedFromMemory is not a mono symbol file
- Loaded All Assemblies, in  2.073 seconds
Refreshing native plugins compatible for Editor in 6.56 ms, found 2 plugins.
Native extension for WindowsStandalone target not found
[Package Manager] Failed to launch server process. Reason: Unity was launched with the -noUpm command-line argument
[Package Manager] Unable to send message (not connected to server process).
[Package Manager] Cannot connect to Unity Package Manager local server
Mono: successfully reloaded assembly
- Finished resetting the current domain, in  1.134 seconds
Domain Reload Profiling: 3203ms
	BeginReloadAssembly (1279ms)
		ExecutionOrderSort (0ms)
		DisableScriptedObjects (8ms)
		BackupInstance (0ms)
		ReleaseScriptingObjects (0ms)
		CreateAndSetChildDomain (1070ms)
	RebuildCommonClasses (44ms)
	RebuildNativeTypeToScriptingClass (19ms)
	initialDomainReloadingComplete (44ms)
	LoadAllAssembliesAndSetupDomain (683ms)
		LoadAssemblies (553ms)
		RebuildTransferFunctionScriptingTraits (0ms)
		AnalyzeDomain (260ms)
			TypeCache.Refresh (10ms)
				TypeCache.ScanAssembly (0ms)
			BuildScriptInfoCaches (231ms)
			ResolveRequiredComponents (13ms)
	FinalizeReload (1135ms)
		ReleaseScriptCaches (0ms)
		RebuildScriptCaches (0ms)
		SetupLoadedEditorAssemblies (936ms)
			LogAssemblyErrors (0ms)
			InitializePlatformSupportModulesInManaged (3ms)
			SetLoadedEditorAssemblies (4ms)
			BeforeProcessingInitializeOnLoad (182ms)
			ProcessInitializeOnLoadAttributes (452ms)
			ProcessInitializeOnLoadMethodAttributes (281ms)
			AfterProcessingInitializeOnLoad (14ms)
			EditorAssembliesLoaded (1ms)
		ExecutionOrderSort2 (0ms)
		AwakeInstancesAfterBackupRestoration (25ms)
Shader 'WFX/Transparent Diffuse': fallback shader 'Particles/Alpha Blended' not found
Shader 'WFX/Transparent Specular': fallback shader 'Particles/Alpha Blended' not found
Refreshing native plugins compatible for Editor in 7.29 ms, found 2 plugins.
Preloading 0 native plugins for Editor in 0.00 ms.
Unloading 17 Unused Serialized files (Serialized files now loaded: 0)
Unloading 6087 unused Assets / (4.3 MB). Loaded Objects now: 7046.
Memory consumption went from 169.6 MB to 165.3 MB.
Total: 15.277300 ms (FindLiveObjects: 0.933900 ms CreateObjectMapping: 0.552800 ms MarkObjects: 11.471000 ms  DeleteObjects: 2.317800 ms)

Prepare: number of updated asset objects reloaded= 0
========================================================================
Received Prepare
Shader 'WFX/Transparent Diffuse': fallback shader 'Particles/Alpha Blended' not found
Shader 'WFX/Transparent Specular': fallback shader 'Particles/Alpha Blended' not found
Refreshing native plugins compatible for Editor in 7.10 ms, found 2 plugins.
Preloading 0 native plugins for Editor in 0.00 ms.
Unloading 17 Unused Serialized files (Serialized files now loaded: 0)
Unloading 6056 unused Assets / (3.9 MB). Loaded Objects now: 7046.
Memory consumption went from 169.6 MB to 165.7 MB.
Total: 15.030600 ms (FindLiveObjects: 0.852000 ms CreateObjectMapping: 0.457000 ms MarkObjects: 11.940500 ms  DeleteObjects: 1.779700 ms)

Prepare: number of updated asset objects reloaded= 0
========================================================================
Received Prepare
Shader 'WFX/Transparent Diffuse': fallback shader 'Particles/Alpha Blended' not found
Shader 'WFX/Transparent Specular': fallback shader 'Particles/Alpha Blended' not found
Refreshing native plugins compatible for Editor in 7.05 ms, found 2 plugins.
Preloading 0 native plugins for Editor in 0.00 ms.
Unloading 17 Unused Serialized files (Serialized files now loaded: 0)
Unloading 6056 unused Assets / (4.0 MB). Loaded Objects now: 7046.
Memory consumption went from 169.6 MB to 165.6 MB.
Total: 14.245500 ms (FindLiveObjects: 1.011300 ms CreateObjectMapping: 0.542900 ms MarkObjects: 10.752400 ms  DeleteObjects: 1.938000 ms)

Prepare: number of updated asset objects reloaded= 0
========================================================================
Received Prepare
Shader 'WFX/Transparent Diffuse': fallback shader 'Particles/Alpha Blended' not found
Shader 'WFX/Transparent Specular': fallback shader 'Particles/Alpha Blended' not found
Refreshing native plugins compatible for Editor in 8.15 ms, found 2 plugins.
Preloading 0 native plugins for Editor in 0.00 ms.
Unloading 17 Unused Serialized files (Serialized files now loaded: 0)
Unloading 6056 unused Assets / (4.0 MB). Loaded Objects now: 7046.
Memory consumption went from 169.6 MB to 165.6 MB.
Total: 15.712600 ms (FindLiveObjects: 0.940200 ms CreateObjectMapping: 0.553400 ms MarkObjects: 12.229600 ms  DeleteObjects: 1.988000 ms)

Prepare: number of updated asset objects reloaded= 0
========================================================================
Received Prepare
Begin MonoManager ReloadAssembly
[Licensing::Client] Successfully resolved entitlement details
[Licensing::Module] License group:
  Id: F4-W4H8-9NJQ-FYFT-38SD-XXXX
  Product: Unity Personal
  Type: ULF
  Expiration: Unlimited
[Licensing::Module] License group:
  Id: 7971629442671-UnityPersXXXX
  Product: Unity Personal
  Type: Assigned
  Expiration: Unlimited
ADTM: Control thread waiting for realtime thread timed out, have to lock...
Symbol file LoadedFromMemory is not a mono symbol file
- Loaded All Assemblies, in  2.171 seconds
Refreshing native plugins compatible for Editor in 6.89 ms, found 2 plugins.
Native extension for WindowsStandalone target not found
[Package Manager] Failed to launch server process. Reason: Unity was launched with the -noUpm command-line argument
[Package Manager] Unable to send message (not connected to server process).
[Package Manager] Cannot connect to Unity Package Manager local server
Mono: successfully reloaded assembly
- Finished resetting the current domain, in  1.102 seconds
Domain Reload Profiling: 3269ms
	BeginReloadAssembly (1290ms)
		ExecutionOrderSort (0ms)
		DisableScriptedObjects (8ms)
		BackupInstance (0ms)
		ReleaseScriptingObjects (0ms)
		CreateAndSetChildDomain (1071ms)
	RebuildCommonClasses (44ms)
	RebuildNativeTypeToScriptingClass (19ms)
	initialDomainReloadingComplete (48ms)
	LoadAllAssembliesAndSetupDomain (766ms)
		LoadAssemblies (644ms)
		RebuildTransferFunctionScriptingTraits (0ms)
		AnalyzeDomain (261ms)
			TypeCache.Refresh (14ms)
				TypeCache.ScanAssembly (1ms)
			BuildScriptInfoCaches (228ms)
			ResolveRequiredComponents (12ms)
	FinalizeReload (1102ms)
		ReleaseScriptCaches (0ms)
		RebuildScriptCaches (0ms)
		SetupLoadedEditorAssemblies (911ms)
			LogAssemblyErrors (0ms)
			InitializePlatformSupportModulesInManaged (3ms)
			SetLoadedEditorAssemblies (5ms)
			BeforeProcessingInitializeOnLoad (178ms)
			ProcessInitializeOnLoadAttributes (439ms)
			ProcessInitializeOnLoadMethodAttributes (273ms)
			AfterProcessingInitializeOnLoad (13ms)
			EditorAssembliesLoaded (0ms)
		ExecutionOrderSort2 (0ms)
		AwakeInstancesAfterBackupRestoration (23ms)
Shader 'WFX/Transparent Diffuse': fallback shader 'Particles/Alpha Blended' not found
Shader 'WFX/Transparent Specular': fallback shader 'Particles/Alpha Blended' not found
Refreshing native plugins compatible for Editor in 7.07 ms, found 2 plugins.
Preloading 0 native plugins for Editor in 0.00 ms.
Unloading 17 Unused Serialized files (Serialized files now loaded: 0)
Unloading 6087 unused Assets / (4.2 MB). Loaded Objects now: 7049.
Memory consumption went from 169.6 MB to 165.5 MB.
Total: 15.038300 ms (FindLiveObjects: 0.900000 ms CreateObjectMapping: 0.595400 ms MarkObjects: 11.422500 ms  DeleteObjects: 2.118900 ms)

Prepare: number of updated asset objects reloaded= 0
========================================================================
Received Prepare
Begin MonoManager ReloadAssembly
ADTM: Control thread waiting for realtime thread timed out, have to lock...
Symbol file LoadedFromMemory is not a mono symbol file
- Loaded All Assemblies, in  2.061 seconds
Refreshing native plugins compatible for Editor in 7.49 ms, found 2 plugins.
Native extension for WindowsStandalone target not found
[Package Manager] Failed to launch server process. Reason: Unity was launched with the -noUpm command-line argument
[Package Manager] Unable to send message (not connected to server process).
[Package Manager] Cannot connect to Unity Package Manager local server
Mono: successfully reloaded assembly
- Finished resetting the current domain, in  1.197 seconds
Domain Reload Profiling: 3255ms
	BeginReloadAssembly (1282ms)
		ExecutionOrderSort (0ms)
		DisableScriptedObjects (8ms)
		BackupInstance (0ms)
		ReleaseScriptingObjects (0ms)
		CreateAndSetChildDomain (1073ms)
	RebuildCommonClasses (44ms)
	RebuildNativeTypeToScriptingClass (19ms)
	initialDomainReloadingComplete (44ms)
	LoadAllAssembliesAndSetupDomain (668ms)
		LoadAssemblies (528ms)
		RebuildTransferFunctionScriptingTraits (0ms)
		AnalyzeDomain (270ms)
			TypeCache.Refresh (10ms)
				TypeCache.ScanAssembly (0ms)
			BuildScriptInfoCaches (242ms)
			ResolveRequiredComponents (13ms)
	FinalizeReload (1198ms)
		ReleaseScriptCaches (0ms)
		RebuildScriptCaches (0ms)
		SetupLoadedEditorAssemblies (987ms)
			LogAssemblyErrors (0ms)
			InitializePlatformSupportModulesInManaged (5ms)
			SetLoadedEditorAssemblies (4ms)
			BeforeProcessingInitializeOnLoad (208ms)
			ProcessInitializeOnLoadAttributes (471ms)
			ProcessInitializeOnLoadMethodAttributes (284ms)
			AfterProcessingInitializeOnLoad (14ms)
			EditorAssembliesLoaded (1ms)
		ExecutionOrderSort2 (0ms)
		AwakeInstancesAfterBackupRestoration (24ms)
Shader 'WFX/Transparent Diffuse': fallback shader 'Particles/Alpha Blended' not found
Shader 'WFX/Transparent Specular': fallback shader 'Particles/Alpha Blended' not found
Refreshing native plugins compatible for Editor in 6.98 ms, found 2 plugins.
Preloading 0 native plugins for Editor in 0.00 ms.
Unloading 17 Unused Serialized files (Serialized files now loaded: 0)
Unloading 6087 unused Assets / (4.1 MB). Loaded Objects now: 7052.
Memory consumption went from 169.7 MB to 165.6 MB.
Total: 15.178300 ms (FindLiveObjects: 1.001400 ms CreateObjectMapping: 0.547000 ms MarkObjects: 11.686100 ms  DeleteObjects: 1.941900 ms)

Prepare: number of updated asset objects reloaded= 0
========================================================================
Received Prepare
Shader 'WFX/Transparent Diffuse': fallback shader 'Particles/Alpha Blended' not found
Shader 'WFX/Transparent Specular': fallback shader 'Particles/Alpha Blended' not found
Refreshing native plugins compatible for Editor in 7.94 ms, found 2 plugins.
Preloading 0 native plugins for Editor in 0.00 ms.
Unloading 17 Unused Serialized files (Serialized files now loaded: 0)
Unloading 6056 unused Assets / (4.0 MB). Loaded Objects now: 7052.
Memory consumption went from 169.7 MB to 165.7 MB.
Total: 15.625400 ms (FindLiveObjects: 0.847900 ms CreateObjectMapping: 0.425600 ms MarkObjects: 12.476000 ms  DeleteObjects: 1.874600 ms)

Prepare: number of updated asset objects reloaded= 0
========================================================================
Received Prepare
Shader 'WFX/Transparent Diffuse': fallback shader 'Particles/Alpha Blended' not found
Shader 'WFX/Transparent Specular': fallback shader 'Particles/Alpha Blended' not found
Refreshing native plugins compatible for Editor in 7.28 ms, found 2 plugins.
Preloading 0 native plugins for Editor in 0.00 ms.
Unloading 17 Unused Serialized files (Serialized files now loaded: 0)
Unloading 6056 unused Assets / (4.2 MB). Loaded Objects now: 7052.
Memory consumption went from 169.7 MB to 165.5 MB.
Total: 14.957600 ms (FindLiveObjects: 1.204300 ms CreateObjectMapping: 0.739200 ms MarkObjects: 10.858200 ms  DeleteObjects: 2.154500 ms)

Prepare: number of updated asset objects reloaded= 0
========================================================================
Received Prepare
Shader 'WFX/Transparent Diffuse': fallback shader 'Particles/Alpha Blended' not found
Shader 'WFX/Transparent Specular': fallback shader 'Particles/Alpha Blended' not found
Refreshing native plugins compatible for Editor in 6.83 ms, found 2 plugins.
Preloading 0 native plugins for Editor in 0.00 ms.
Unloading 17 Unused Serialized files (Serialized files now loaded: 0)
Unloading 6056 unused Assets / (4.1 MB). Loaded Objects now: 7052.
Memory consumption went from 169.7 MB to 165.6 MB.
Total: 14.438900 ms (FindLiveObjects: 0.858500 ms CreateObjectMapping: 0.626200 ms MarkObjects: 10.924600 ms  DeleteObjects: 2.028200 ms)

Prepare: number of updated asset objects reloaded= 0
========================================================================
Received Prepare
Shader 'WFX/Transparent Diffuse': fallback shader 'Particles/Alpha Blended' not found
Shader 'WFX/Transparent Specular': fallback shader 'Particles/Alpha Blended' not found
Refreshing native plugins compatible for Editor in 6.51 ms, found 2 plugins.
Preloading 0 native plugins for Editor in 0.00 ms.
Unloading 17 Unused Serialized files (Serialized files now loaded: 0)
Unloading 6056 unused Assets / (4.1 MB). Loaded Objects now: 7052.
Memory consumption went from 169.7 MB to 165.6 MB.
Total: 14.893300 ms (FindLiveObjects: 0.863600 ms CreateObjectMapping: 0.492400 ms MarkObjects: 10.952000 ms  DeleteObjects: 2.583800 ms)

Prepare: number of updated asset objects reloaded= 0
========================================================================
Received Prepare
Shader 'WFX/Transparent Diffuse': fallback shader 'Particles/Alpha Blended' not found
Shader 'WFX/Transparent Specular': fallback shader 'Particles/Alpha Blended' not found
Refreshing native plugins compatible for Editor in 7.52 ms, found 2 plugins.
Preloading 0 native plugins for Editor in 0.00 ms.
Unloading 17 Unused Serialized files (Serialized files now loaded: 0)
Unloading 6056 unused Assets / (3.9 MB). Loaded Objects now: 7052.
Memory consumption went from 169.7 MB to 165.8 MB.
Total: 14.378500 ms (FindLiveObjects: 0.867800 ms CreateObjectMapping: 0.449400 ms MarkObjects: 11.300400 ms  DeleteObjects: 1.759600 ms)

Prepare: number of updated asset objects reloaded= 0
========================================================================
Received Prepare
Shader 'WFX/Transparent Diffuse': fallback shader 'Particles/Alpha Blended' not found
Shader 'WFX/Transparent Specular': fallback shader 'Particles/Alpha Blended' not found
Refreshing native plugins compatible for Editor in 7.09 ms, found 2 plugins.
Preloading 0 native plugins for Editor in 0.00 ms.
Unloading 17 Unused Serialized files (Serialized files now loaded: 0)
Unloading 6056 unused Assets / (3.9 MB). Loaded Objects now: 7052.
Memory consumption went from 169.7 MB to 165.8 MB.
Total: 14.102100 ms (FindLiveObjects: 0.829200 ms CreateObjectMapping: 0.437700 ms MarkObjects: 11.098800 ms  DeleteObjects: 1.734700 ms)

Prepare: number of updated asset objects reloaded= 0
========================================================================
Received Prepare
Shader 'WFX/Transparent Diffuse': fallback shader 'Particles/Alpha Blended' not found
Shader 'WFX/Transparent Specular': fallback shader 'Particles/Alpha Blended' not found
Refreshing native plugins compatible for Editor in 12.41 ms, found 2 plugins.
Preloading 0 native plugins for Editor in 0.00 ms.
Unloading 17 Unused Serialized files (Serialized files now loaded: 0)
Unloading 6056 unused Assets / (4.0 MB). Loaded Objects now: 7052.
Memory consumption went from 169.7 MB to 165.7 MB.
Total: 14.788900 ms (FindLiveObjects: 0.934300 ms CreateObjectMapping: 0.649800 ms MarkObjects: 11.282300 ms  DeleteObjects: 1.921100 ms)

Prepare: number of updated asset objects reloaded= 0
========================================================================
Received Prepare
Shader 'WFX/Transparent Diffuse': fallback shader 'Particles/Alpha Blended' not found
Shader 'WFX/Transparent Specular': fallback shader 'Particles/Alpha Blended' not found
Refreshing native plugins compatible for Editor in 7.32 ms, found 2 plugins.
Preloading 0 native plugins for Editor in 0.00 ms.
Unloading 17 Unused Serialized files (Serialized files now loaded: 0)
Unloading 6056 unused Assets / (4.1 MB). Loaded Objects now: 7052.
Memory consumption went from 169.7 MB to 165.6 MB.
Total: 15.052200 ms (FindLiveObjects: 0.992500 ms CreateObjectMapping: 0.528300 ms MarkObjects: 11.262600 ms  DeleteObjects: 2.267500 ms)

Prepare: number of updated asset objects reloaded= 0
========================================================================
Received Prepare
Shader 'WFX/Transparent Diffuse': fallback shader 'Particles/Alpha Blended' not found
Shader 'WFX/Transparent Specular': fallback shader 'Particles/Alpha Blended' not found
Refreshing native plugins compatible for Editor in 7.27 ms, found 2 plugins.
Preloading 0 native plugins for Editor in 0.00 ms.
Unloading 17 Unused Serialized files (Serialized files now loaded: 0)
Unloading 6056 unused Assets / (3.7 MB). Loaded Objects now: 7052.
Memory consumption went from 169.7 MB to 166.0 MB.
Total: 15.301500 ms (FindLiveObjects: 0.972600 ms CreateObjectMapping: 0.657800 ms MarkObjects: 11.338900 ms  DeleteObjects: 2.330600 ms)

Prepare: number of updated asset objects reloaded= 0
========================================================================
Received Prepare
Shader 'WFX/Transparent Diffuse': fallback shader 'Particles/Alpha Blended' not found
Shader 'WFX/Transparent Specular': fallback shader 'Particles/Alpha Blended' not found
Refreshing native plugins compatible for Editor in 7.01 ms, found 2 plugins.
Preloading 0 native plugins for Editor in 0.00 ms.
Unloading 17 Unused Serialized files (Serialized files now loaded: 0)
Unloading 6056 unused Assets / (3.9 MB). Loaded Objects now: 7052.
Memory consumption went from 169.7 MB to 165.8 MB.
Total: 14.184000 ms (FindLiveObjects: 0.903800 ms CreateObjectMapping: 0.375100 ms MarkObjects: 10.950400 ms  DeleteObjects: 1.953400 ms)

Prepare: number of updated asset objects reloaded= 0
========================================================================
Received Prepare
Shader 'WFX/Transparent Diffuse': fallback shader 'Particles/Alpha Blended' not found
Shader 'WFX/Transparent Specular': fallback shader 'Particles/Alpha Blended' not found
Refreshing native plugins compatible for Editor in 7.69 ms, found 2 plugins.
Preloading 0 native plugins for Editor in 0.00 ms.
Unloading 17 Unused Serialized files (Serialized files now loaded: 0)
Unloading 6056 unused Assets / (3.9 MB). Loaded Objects now: 7052.
Memory consumption went from 169.7 MB to 165.8 MB.
Total: 14.215600 ms (FindLiveObjects: 0.848700 ms CreateObjectMapping: 0.439200 ms MarkObjects: 11.171300 ms  DeleteObjects: 1.754900 ms)

Prepare: number of updated asset objects reloaded= 0
========================================================================
Received Prepare
Shader 'WFX/Transparent Diffuse': fallback shader 'Particles/Alpha Blended' not found
Shader 'WFX/Transparent Specular': fallback shader 'Particles/Alpha Blended' not found
Refreshing native plugins compatible for Editor in 7.94 ms, found 2 plugins.
Preloading 0 native plugins for Editor in 0.00 ms.
Unloading 17 Unused Serialized files (Serialized files now loaded: 0)
Unloading 6056 unused Assets / (4.2 MB). Loaded Objects now: 7052.
Memory consumption went from 169.7 MB to 165.5 MB.
Total: 15.433100 ms (FindLiveObjects: 0.964700 ms CreateObjectMapping: 0.500600 ms MarkObjects: 11.762200 ms  DeleteObjects: 2.204100 ms)

Prepare: number of updated asset objects reloaded= 0
========================================================================
Received Prepare
Shader 'WFX/Transparent Diffuse': fallback shader 'Particles/Alpha Blended' not found
Shader 'WFX/Transparent Specular': fallback shader 'Particles/Alpha Blended' not found
Refreshing native plugins compatible for Editor in 7.14 ms, found 2 plugins.
Preloading 0 native plugins for Editor in 0.00 ms.
Unloading 17 Unused Serialized files (Serialized files now loaded: 0)
Unloading 6056 unused Assets / (3.9 MB). Loaded Objects now: 7052.
Memory consumption went from 169.7 MB to 165.8 MB.
Total: 13.898100 ms (FindLiveObjects: 0.860400 ms CreateObjectMapping: 0.422100 ms MarkObjects: 10.927400 ms  DeleteObjects: 1.686700 ms)

Prepare: number of updated asset objects reloaded= 0
========================================================================
Received Prepare
Begin MonoManager ReloadAssembly
[Licensing::Client] Successfully resolved entitlement details
[Licensing::Module] License group:
  Id: F4-W4H8-9NJQ-FYFT-38SD-XXXX
  Product: Unity Personal
  Type: ULF
  Expiration: Unlimited
[Licensing::Module] License group:
  Id: 7971629442671-UnityPersXXXX
  Product: Unity Personal
  Type: Assigned
  Expiration: Unlimited
ADTM: Control thread waiting for realtime thread timed out, have to lock...
Symbol file LoadedFromMemory is not a mono symbol file
- Loaded All Assemblies, in  2.079 seconds
Refreshing native plugins compatible for Editor in 6.68 ms, found 2 plugins.
Native extension for WindowsStandalone target not found
[Package Manager] Failed to launch server process. Reason: Unity was launched with the -noUpm command-line argument
[Package Manager] Unable to send message (not connected to server process).
[Package Manager] Cannot connect to Unity Package Manager local server
Mono: successfully reloaded assembly
- Finished resetting the current domain, in  1.130 seconds
Domain Reload Profiling: 3204ms
	BeginReloadAssembly (1286ms)
		ExecutionOrderSort (0ms)
		DisableScriptedObjects (8ms)
		BackupInstance (0ms)
		ReleaseScriptingObjects (0ms)
		CreateAndSetChildDomain (1073ms)
	RebuildCommonClasses (44ms)
	RebuildNativeTypeToScriptingClass (19ms)
	initialDomainReloadingComplete (47ms)
	LoadAllAssembliesAndSetupDomain (678ms)
		LoadAssemblies (549ms)
		RebuildTransferFunctionScriptingTraits (0ms)
		AnalyzeDomain (259ms)
			TypeCache.Refresh (14ms)
				TypeCache.ScanAssembly (1ms)
			BuildScriptInfoCaches (227ms)
			ResolveRequiredComponents (12ms)
	FinalizeReload (1130ms)
		ReleaseScriptCaches (0ms)
		RebuildScriptCaches (0ms)
		SetupLoadedEditorAssemblies (929ms)
			LogAssemblyErrors (0ms)
			InitializePlatformSupportModulesInManaged (3ms)
			SetLoadedEditorAssemblies (4ms)
			BeforeProcessingInitializeOnLoad (184ms)
			ProcessInitializeOnLoadAttributes (445ms)
			ProcessInitializeOnLoadMethodAttributes (280ms)
			AfterProcessingInitializeOnLoad (13ms)
			EditorAssembliesLoaded (0ms)
		ExecutionOrderSort2 (0ms)
		AwakeInstancesAfterBackupRestoration (25ms)
Shader 'WFX/Transparent Diffuse': fallback shader 'Particles/Alpha Blended' not found
Shader 'WFX/Transparent Specular': fallback shader 'Particles/Alpha Blended' not found
Refreshing native plugins compatible for Editor in 7.41 ms, found 2 plugins.
Preloading 0 native plugins for Editor in 0.00 ms.
Unloading 17 Unused Serialized files (Serialized files now loaded: 0)
Unloading 6087 unused Assets / (4.0 MB). Loaded Objects now: 7055.
Memory consumption went from 169.7 MB to 165.6 MB.
Total: 14.633500 ms (FindLiveObjects: 0.821100 ms CreateObjectMapping: 0.439700 ms MarkObjects: 11.379500 ms  DeleteObjects: 1.991900 ms)

Prepare: number of updated asset objects reloaded= 0
========================================================================
Received Prepare
Begin MonoManager ReloadAssembly
ADTM: Control thread waiting for realtime thread timed out, have to lock...
Symbol file LoadedFromMemory is not a mono symbol file
- Loaded All Assemblies, in  2.021 seconds
Refreshing native plugins compatible for Editor in 6.83 ms, found 2 plugins.
Native extension for WindowsStandalone target not found
[Package Manager] Failed to launch server process. Reason: Unity was launched with the -noUpm command-line argument
[Package Manager] Unable to send message (not connected to server process).
[Package Manager] Cannot connect to Unity Package Manager local server
Mono: successfully reloaded assembly
- Finished resetting the current domain, in  1.180 seconds
Domain Reload Profiling: 3198ms
	BeginReloadAssembly (1273ms)
		ExecutionOrderSort (0ms)
		DisableScriptedObjects (9ms)
		BackupInstance (0ms)
		ReleaseScriptingObjects (0ms)
		CreateAndSetChildDomain (1063ms)
	RebuildCommonClasses (44ms)
	RebuildNativeTypeToScriptingClass (19ms)
	initialDomainReloadingComplete (44ms)
	LoadAllAssembliesAndSetupDomain (638ms)
		LoadAssemblies (499ms)
		RebuildTransferFunctionScriptingTraits (0ms)
		AnalyzeDomain (269ms)
			TypeCache.Refresh (10ms)
				TypeCache.ScanAssembly (0ms)
			BuildScriptInfoCaches (240ms)
			ResolveRequiredComponents (13ms)
	FinalizeReload (1180ms)
		ReleaseScriptCaches (0ms)
		RebuildScriptCaches (0ms)
		SetupLoadedEditorAssemblies (968ms)
			LogAssemblyErrors (0ms)
			InitializePlatformSupportModulesInManaged (3ms)
			SetLoadedEditorAssemblies (4ms)
			BeforeProcessingInitializeOnLoad (190ms)
			ProcessInitializeOnLoadAttributes (477ms)
			ProcessInitializeOnLoadMethodAttributes (278ms)
			AfterProcessingInitializeOnLoad (14ms)
			EditorAssembliesLoaded (1ms)
		ExecutionOrderSort2 (0ms)
		AwakeInstancesAfterBackupRestoration (26ms)
Shader 'WFX/Transparent Diffuse': fallback shader 'Particles/Alpha Blended' not found
Shader 'WFX/Transparent Specular': fallback shader 'Particles/Alpha Blended' not found
Refreshing native plugins compatible for Editor in 7.60 ms, found 2 plugins.
Preloading 0 native plugins for Editor in 0.00 ms.
Unloading 17 Unused Serialized files (Serialized files now loaded: 0)
Unloading 6087 unused Assets / (4.2 MB). Loaded Objects now: 7058.
Memory consumption went from 169.8 MB to 165.6 MB.
Total: 15.538400 ms (FindLiveObjects: 0.865300 ms CreateObjectMapping: 0.488300 ms MarkObjects: 11.958100 ms  DeleteObjects: 2.225500 ms)

Prepare: number of updated asset objects reloaded= 0
========================================================================
Received Prepare
Shader 'WFX/Transparent Diffuse': fallback shader 'Particles/Alpha Blended' not found
Shader 'WFX/Transparent Specular': fallback shader 'Particles/Alpha Blended' not found
Refreshing native plugins compatible for Editor in 7.03 ms, found 2 plugins.
Preloading 0 native plugins for Editor in 0.00 ms.
Unloading 17 Unused Serialized files (Serialized files now loaded: 0)
Unloading 6056 unused Assets / (4.2 MB). Loaded Objects now: 7058.
Memory consumption went from 169.8 MB to 165.6 MB.
Total: 15.203700 ms (FindLiveObjects: 0.976500 ms CreateObjectMapping: 0.554300 ms MarkObjects: 11.378000 ms  DeleteObjects: 2.293700 ms)

Prepare: number of updated asset objects reloaded= 0
========================================================================
Received Prepare
Begin MonoManager ReloadAssembly
[Licensing::Client] Successfully resolved entitlement details
[Licensing::Module] License group:
  Id: F4-W4H8-9NJQ-FYFT-38SD-XXXX
  Product: Unity Personal
  Type: ULF
  Expiration: Unlimited
[Licensing::Module] License group:
  Id: 7971629442671-UnityPersXXXX
  Product: Unity Personal
  Type: Assigned
  Expiration: Unlimited
ADTM: Control thread waiting for realtime thread timed out, have to lock...
Symbol file LoadedFromMemory is not a mono symbol file
- Loaded All Assemblies, in  2.155 seconds
Refreshing native plugins compatible for Editor in 8.05 ms, found 2 plugins.
Native extension for WindowsStandalone target not found
[Package Manager] Failed to launch server process. Reason: Unity was launched with the -noUpm command-line argument
[Package Manager] Unable to send message (not connected to server process).
[Package Manager] Cannot connect to Unity Package Manager local server
Mono: successfully reloaded assembly
- Finished resetting the current domain, in  1.207 seconds
Domain Reload Profiling: 3359ms
	BeginReloadAssembly (1277ms)
		ExecutionOrderSort (0ms)
		DisableScriptedObjects (8ms)
		BackupInstance (0ms)
		ReleaseScriptingObjects (0ms)
		CreateAndSetChildDomain (1069ms)
	RebuildCommonClasses (45ms)
	RebuildNativeTypeToScriptingClass (19ms)
	initialDomainReloadingComplete (46ms)
	LoadAllAssembliesAndSetupDomain (764ms)
		LoadAssemblies (595ms)
		RebuildTransferFunctionScriptingTraits (0ms)
		AnalyzeDomain (296ms)
			TypeCache.Refresh (15ms)
				TypeCache.ScanAssembly (1ms)
			BuildScriptInfoCaches (261ms)
			ResolveRequiredComponents (15ms)
	FinalizeReload (1208ms)
		ReleaseScriptCaches (0ms)
		RebuildScriptCaches (0ms)
		SetupLoadedEditorAssemblies (987ms)
			LogAssemblyErrors (0ms)
			InitializePlatformSupportModulesInManaged (3ms)
			SetLoadedEditorAssemblies (5ms)
			BeforeProcessingInitializeOnLoad (214ms)
			ProcessInitializeOnLoadAttributes (479ms)
			ProcessInitializeOnLoadMethodAttributes (273ms)
			AfterProcessingInitializeOnLoad (13ms)
			EditorAssembliesLoaded (0ms)
		ExecutionOrderSort2 (0ms)
		AwakeInstancesAfterBackupRestoration (24ms)
Shader 'WFX/Transparent Diffuse': fallback shader 'Particles/Alpha Blended' not found
Shader 'WFX/Transparent Specular': fallback shader 'Particles/Alpha Blended' not found
Refreshing native plugins compatible for Editor in 7.34 ms, found 2 plugins.
Preloading 0 native plugins for Editor in 0.00 ms.
Unloading 17 Unused Serialized files (Serialized files now loaded: 0)
Unloading 6087 unused Assets / (4.1 MB). Loaded Objects now: 7061.
Memory consumption went from 169.8 MB to 165.7 MB.
Total: 14.850400 ms (FindLiveObjects: 0.891700 ms CreateObjectMapping: 0.456600 ms MarkObjects: 11.497700 ms  DeleteObjects: 2.002800 ms)

Prepare: number of updated asset objects reloaded= 0
========================================================================
Received Prepare
Begin MonoManager ReloadAssembly
ADTM: Control thread waiting for realtime thread timed out, have to lock...
Symbol file LoadedFromMemory is not a mono symbol file
- Loaded All Assemblies, in  2.029 seconds
Refreshing native plugins compatible for Editor in 7.65 ms, found 2 plugins.
Native extension for WindowsStandalone target not found
[Package Manager] Failed to launch server process. Reason: Unity was launched with the -noUpm command-line argument
[Package Manager] Unable to send message (not connected to server process).
[Package Manager] Cannot connect to Unity Package Manager local server
Mono: successfully reloaded assembly
- Finished resetting the current domain, in  1.157 seconds
Domain Reload Profiling: 3182ms
	BeginReloadAssembly (1275ms)
		ExecutionOrderSort (0ms)
		DisableScriptedObjects (8ms)
		BackupInstance (0ms)
		ReleaseScriptingObjects (0ms)
		CreateAndSetChildDomain (1065ms)
	RebuildCommonClasses (44ms)
	RebuildNativeTypeToScriptingClass (20ms)
	initialDomainReloadingComplete (46ms)
	LoadAllAssembliesAndSetupDomain (639ms)
		LoadAssemblies (506ms)
		RebuildTransferFunctionScriptingTraits (0ms)
		AnalyzeDomain (262ms)
			TypeCache.Refresh (14ms)
				TypeCache.ScanAssembly (1ms)
			BuildScriptInfoCaches (229ms)
			ResolveRequiredComponents (14ms)
	FinalizeReload (1158ms)
		ReleaseScriptCaches (0ms)
		RebuildScriptCaches (0ms)
		SetupLoadedEditorAssemblies (955ms)
			LogAssemblyErrors (0ms)
			InitializePlatformSupportModulesInManaged (3ms)
			SetLoadedEditorAssemblies (4ms)
			BeforeProcessingInitializeOnLoad (188ms)
			ProcessInitializeOnLoadAttributes (474ms)
			ProcessInitializeOnLoadMethodAttributes (272ms)
			AfterProcessingInitializeOnLoad (13ms)
			EditorAssembliesLoaded (0ms)
		ExecutionOrderSort2 (0ms)
		AwakeInstancesAfterBackupRestoration (23ms)
Shader 'WFX/Transparent Diffuse': fallback shader 'Particles/Alpha Blended' not found
Shader 'WFX/Transparent Specular': fallback shader 'Particles/Alpha Blended' not found
Refreshing native plugins compatible for Editor in 7.14 ms, found 2 plugins.
Preloading 0 native plugins for Editor in 0.00 ms.
Unloading 17 Unused Serialized files (Serialized files now loaded: 0)
Unloading 6087 unused Assets / (4.0 MB). Loaded Objects now: 7064.
Memory consumption went from 169.8 MB to 165.8 MB.
Total: 14.493400 ms (FindLiveObjects: 0.852400 ms CreateObjectMapping: 0.468700 ms MarkObjects: 11.190500 ms  DeleteObjects: 1.980400 ms)

Prepare: number of updated asset objects reloaded= 0
========================================================================
Received Prepare
Begin MonoManager ReloadAssembly
[Licensing::Client] Successfully resolved entitlement details
[Licensing::Module] License group:
  Id: F4-W4H8-9NJQ-FYFT-38SD-XXXX
  Product: Unity Personal
  Type: ULF
  Expiration: Unlimited
[Licensing::Module] License group:
  Id: 7971629442671-UnityPersXXXX
  Product: Unity Personal
  Type: Assigned
  Expiration: Unlimited
ADTM: Control thread waiting for realtime thread timed out, have to lock...
Symbol file LoadedFromMemory is not a mono symbol file
- Loaded All Assemblies, in  2.028 seconds
Refreshing native plugins compatible for Editor in 6.61 ms, found 2 plugins.
Native extension for WindowsStandalone target not found
[Package Manager] Failed to launch server process. Reason: Unity was launched with the -noUpm command-line argument
[Package Manager] Unable to send message (not connected to server process).
[Package Manager] Cannot connect to Unity Package Manager local server
Mono: successfully reloaded assembly
- Finished resetting the current domain, in  1.116 seconds
Domain Reload Profiling: 3140ms
	BeginReloadAssembly (1273ms)
		ExecutionOrderSort (0ms)
		DisableScriptedObjects (9ms)
		BackupInstance (0ms)
		ReleaseScriptingObjects (0ms)
		CreateAndSetChildDomain (1065ms)
	RebuildCommonClasses (45ms)
	RebuildNativeTypeToScriptingClass (23ms)
	initialDomainReloadingComplete (46ms)
	LoadAllAssembliesAndSetupDomain (637ms)
		LoadAssemblies (506ms)
		RebuildTransferFunctionScriptingTraits (0ms)
		AnalyzeDomain (258ms)
			TypeCache.Refresh (14ms)
				TypeCache.ScanAssembly (1ms)
			BuildScriptInfoCaches (226ms)
			ResolveRequiredComponents (13ms)
	FinalizeReload (1116ms)
		ReleaseScriptCaches (0ms)
		RebuildScriptCaches (0ms)
		SetupLoadedEditorAssemblies (920ms)
			LogAssemblyErrors (0ms)
			InitializePlatformSupportModulesInManaged (3ms)
			SetLoadedEditorAssemblies (4ms)
			BeforeProcessingInitializeOnLoad (182ms)
			ProcessInitializeOnLoadAttributes (443ms)
			ProcessInitializeOnLoadMethodAttributes (273ms)
			AfterProcessingInitializeOnLoad (13ms)
			EditorAssembliesLoaded (0ms)
		ExecutionOrderSort2 (0ms)
		AwakeInstancesAfterBackupRestoration (25ms)
Shader 'WFX/Transparent Diffuse': fallback shader 'Particles/Alpha Blended' not found
Shader 'WFX/Transparent Specular': fallback shader 'Particles/Alpha Blended' not found
Refreshing native plugins compatible for Editor in 7.70 ms, found 2 plugins.
Preloading 0 native plugins for Editor in 0.00 ms.
Unloading 17 Unused Serialized files (Serialized files now loaded: 0)
Unloading 6087 unused Assets / (4.2 MB). Loaded Objects now: 7067.
Memory consumption went from 169.9 MB to 165.7 MB.
Total: 15.442700 ms (FindLiveObjects: 0.848900 ms CreateObjectMapping: 0.504500 ms MarkObjects: 11.794400 ms  DeleteObjects: 2.293900 ms)

Prepare: number of updated asset objects reloaded= 0
========================================================================
Received Prepare
Begin MonoManager ReloadAssembly
ADTM: Control thread waiting for realtime thread timed out, have to lock...
Symbol file LoadedFromMemory is not a mono symbol file
- Loaded All Assemblies, in  2.017 seconds
Refreshing native plugins compatible for Editor in 6.99 ms, found 2 plugins.
Native extension for WindowsStandalone target not found
[Package Manager] Failed to launch server process. Reason: Unity was launched with the -noUpm command-line argument
[Package Manager] Unable to send message (not connected to server process).
[Package Manager] Cannot connect to Unity Package Manager local server
Mono: successfully reloaded assembly
- Finished resetting the current domain, in  1.153 seconds
Domain Reload Profiling: 3166ms
	BeginReloadAssembly (1282ms)
		ExecutionOrderSort (0ms)
		DisableScriptedObjects (8ms)
		BackupInstance (0ms)
		ReleaseScriptingObjects (0ms)
		CreateAndSetChildDomain (1071ms)
	RebuildCommonClasses (44ms)
	RebuildNativeTypeToScriptingClass (19ms)
	initialDomainReloadingComplete (45ms)
	LoadAllAssembliesAndSetupDomain (624ms)
		LoadAssemblies (499ms)
		RebuildTransferFunctionScriptingTraits (0ms)
		AnalyzeDomain (255ms)
			TypeCache.Refresh (14ms)
				TypeCache.ScanAssembly (1ms)
			BuildScriptInfoCaches (223ms)
			ResolveRequiredComponents (13ms)
	FinalizeReload (1153ms)
		ReleaseScriptCaches (0ms)
		RebuildScriptCaches (0ms)
		SetupLoadedEditorAssemblies (960ms)
			LogAssemblyErrors (0ms)
			InitializePlatformSupportModulesInManaged (3ms)
			SetLoadedEditorAssemblies (4ms)
			BeforeProcessingInitializeOnLoad (178ms)
			ProcessInitializeOnLoadAttributes (479ms)
			ProcessInitializeOnLoadMethodAttributes (282ms)
			AfterProcessingInitializeOnLoad (14ms)
			EditorAssembliesLoaded (1ms)
		ExecutionOrderSort2 (0ms)
		AwakeInstancesAfterBackupRestoration (23ms)
Shader 'WFX/Transparent Diffuse': fallback shader 'Particles/Alpha Blended' not found
Shader 'WFX/Transparent Specular': fallback shader 'Particles/Alpha Blended' not found
Refreshing native plugins compatible for Editor in 7.29 ms, found 2 plugins.
Preloading 0 native plugins for Editor in 0.00 ms.
Unloading 17 Unused Serialized files (Serialized files now loaded: 0)
Unloading 6087 unused Assets / (4.1 MB). Loaded Objects now: 7070.
Memory consumption went from 169.9 MB to 165.8 MB.
Total: 14.997500 ms (FindLiveObjects: 0.911800 ms CreateObjectMapping: 0.527200 ms MarkObjects: 11.530300 ms  DeleteObjects: 2.026600 ms)

Prepare: number of updated asset objects reloaded= 0
========================================================================
Received Prepare
Begin MonoManager ReloadAssembly
[Licensing::Client] Successfully resolved entitlement details
[Licensing::Module] License group:
  Id: F4-W4H8-9NJQ-FYFT-38SD-XXXX
  Product: Unity Personal
  Type: ULF
  Expiration: Unlimited
[Licensing::Module] License group:
  Id: 7971629442671-UnityPersXXXX
  Product: Unity Personal
  Type: Assigned
  Expiration: Unlimited
ADTM: Control thread waiting for realtime thread timed out, have to lock...
Symbol file LoadedFromMemory is not a mono symbol file
- Loaded All Assemblies, in  2.025 seconds
Refreshing native plugins compatible for Editor in 7.41 ms, found 2 plugins.
Native extension for WindowsStandalone target not found
[Package Manager] Failed to launch server process. Reason: Unity was launched with the -noUpm command-line argument
[Package Manager] Unable to send message (not connected to server process).
[Package Manager] Cannot connect to Unity Package Manager local server
Mono: successfully reloaded assembly
- Finished resetting the current domain, in  1.146 seconds
Domain Reload Profiling: 3168ms
	BeginReloadAssembly (1281ms)
		ExecutionOrderSort (0ms)
		DisableScriptedObjects (8ms)
		BackupInstance (0ms)
		ReleaseScriptingObjects (0ms)
		CreateAndSetChildDomain (1073ms)
	RebuildCommonClasses (44ms)
	RebuildNativeTypeToScriptingClass (19ms)
	initialDomainReloadingComplete (45ms)
	LoadAllAssembliesAndSetupDomain (632ms)
		LoadAssemblies (502ms)
		RebuildTransferFunctionScriptingTraits (0ms)
		AnalyzeDomain (258ms)
			TypeCache.Refresh (10ms)
				TypeCache.ScanAssembly (0ms)
			BuildScriptInfoCaches (230ms)
			ResolveRequiredComponents (13ms)
	FinalizeReload (1147ms)
		ReleaseScriptCaches (0ms)
		RebuildScriptCaches (0ms)
		SetupLoadedEditorAssemblies (947ms)
			LogAssemblyErrors (0ms)
			InitializePlatformSupportModulesInManaged (3ms)
			SetLoadedEditorAssemblies (4ms)
			BeforeProcessingInitializeOnLoad (183ms)
			ProcessInitializeOnLoadAttributes (463ms)
			ProcessInitializeOnLoadMethodAttributes (280ms)
			AfterProcessingInitializeOnLoad (14ms)
			EditorAssembliesLoaded (1ms)
		ExecutionOrderSort2 (0ms)
		AwakeInstancesAfterBackupRestoration (24ms)
Shader 'WFX/Transparent Diffuse': fallback shader 'Particles/Alpha Blended' not found
Shader 'WFX/Transparent Specular': fallback shader 'Particles/Alpha Blended' not found
Refreshing native plugins compatible for Editor in 8.02 ms, found 2 plugins.
Preloading 0 native plugins for Editor in 0.00 ms.
Unloading 17 Unused Serialized files (Serialized files now loaded: 0)
Unloading 6087 unused Assets / (4.1 MB). Loaded Objects now: 7073.
Memory consumption went from 170.0 MB to 165.9 MB.
Total: 16.856400 ms (FindLiveObjects: 0.961000 ms CreateObjectMapping: 0.774700 ms MarkObjects: 12.954400 ms  DeleteObjects: 2.165300 ms)

Prepare: number of updated asset objects reloaded= 0
========================================================================
Received Prepare
Begin MonoManager ReloadAssembly
[Licensing::Client] Successfully resolved entitlement details
[Licensing::Module] License group:
  Id: F4-W4H8-9NJQ-FYFT-38SD-XXXX
  Product: Unity Personal
  Type: ULF
  Expiration: Unlimited
[Licensing::Module] License group:
  Id: 7971629442671-UnityPersXXXX
  Product: Unity Personal
  Type: Assigned
  Expiration: Unlimited
ADTM: Control thread waiting for realtime thread timed out, have to lock...
Symbol file LoadedFromMemory is not a mono symbol file
- Loaded All Assemblies, in  2.018 seconds
Refreshing native plugins compatible for Editor in 6.93 ms, found 2 plugins.
Native extension for WindowsStandalone target not found
[Package Manager] Failed to launch server process. Reason: Unity was launched with the -noUpm command-line argument
[Package Manager] Unable to send message (not connected to server process).
[Package Manager] Cannot connect to Unity Package Manager local server
Mono: successfully reloaded assembly
- Finished resetting the current domain, in  1.144 seconds
Domain Reload Profiling: 3157ms
	BeginReloadAssembly (1276ms)
		ExecutionOrderSort (0ms)
		DisableScriptedObjects (8ms)
		BackupInstance (0ms)
		ReleaseScriptingObjects (0ms)
		CreateAndSetChildDomain (1065ms)
	RebuildCommonClasses (44ms)
	RebuildNativeTypeToScriptingClass (19ms)
	initialDomainReloadingComplete (45ms)
	LoadAllAssembliesAndSetupDomain (630ms)
		LoadAssemblies (503ms)
		RebuildTransferFunctionScriptingTraits (0ms)
		AnalyzeDomain (257ms)
			TypeCache.Refresh (14ms)
				TypeCache.ScanAssembly (1ms)
			BuildScriptInfoCaches (225ms)
			ResolveRequiredComponents (13ms)
	FinalizeReload (1144ms)
		ReleaseScriptCaches (0ms)
		RebuildScriptCaches (0ms)
		SetupLoadedEditorAssemblies (949ms)
			LogAssemblyErrors (0ms)
			InitializePlatformSupportModulesInManaged (3ms)
			SetLoadedEditorAssemblies (4ms)
			BeforeProcessingInitializeOnLoad (183ms)
			ProcessInitializeOnLoadAttributes (454ms)
			ProcessInitializeOnLoadMethodAttributes (291ms)
			AfterProcessingInitializeOnLoad (13ms)
			EditorAssembliesLoaded (0ms)
		ExecutionOrderSort2 (0ms)
		AwakeInstancesAfterBackupRestoration (23ms)
Shader 'WFX/Transparent Diffuse': fallback shader 'Particles/Alpha Blended' not found
Shader 'WFX/Transparent Specular': fallback shader 'Particles/Alpha Blended' not found
Refreshing native plugins compatible for Editor in 7.34 ms, found 2 plugins.
Preloading 0 native plugins for Editor in 0.00 ms.
Unloading 17 Unused Serialized files (Serialized files now loaded: 0)
Unloading 6087 unused Assets / (4.1 MB). Loaded Objects now: 7076.
Memory consumption went from 170.0 MB to 165.9 MB.
Total: 15.632100 ms (FindLiveObjects: 0.904800 ms CreateObjectMapping: 0.608800 ms MarkObjects: 12.108000 ms  DeleteObjects: 2.009300 ms)

Prepare: number of updated asset objects reloaded= 0
========================================================================
Received Prepare
Begin MonoManager ReloadAssembly
ADTM: Control thread waiting for realtime thread timed out, have to lock...
Symbol file LoadedFromMemory is not a mono symbol file
- Loaded All Assemblies, in  2.029 seconds
Refreshing native plugins compatible for Editor in 6.72 ms, found 2 plugins.
Native extension for WindowsStandalone target not found
[Package Manager] Failed to launch server process. Reason: Unity was launched with the -noUpm command-line argument
[Package Manager] Unable to send message (not connected to server process).
[Package Manager] Cannot connect to Unity Package Manager local server
Mono: successfully reloaded assembly
- Finished resetting the current domain, in  1.176 seconds
Domain Reload Profiling: 3202ms
	BeginReloadAssembly (1280ms)
		ExecutionOrderSort (0ms)
		DisableScriptedObjects (9ms)
		BackupInstance (0ms)
		ReleaseScriptingObjects (0ms)
		CreateAndSetChildDomain (1071ms)
	RebuildCommonClasses (44ms)
	RebuildNativeTypeToScriptingClass (19ms)
	initialDomainReloadingComplete (44ms)
	LoadAllAssembliesAndSetupDomain (639ms)
		LoadAssemblies (508ms)
		RebuildTransferFunctionScriptingTraits (0ms)
		AnalyzeDomain (262ms)
			TypeCache.Refresh (11ms)
				TypeCache.ScanAssembly (0ms)
			BuildScriptInfoCaches (233ms)
			ResolveRequiredComponents (13ms)
	FinalizeReload (1176ms)
		ReleaseScriptCaches (0ms)
		RebuildScriptCaches (0ms)
		SetupLoadedEditorAssemblies (977ms)
			LogAssemblyErrors (0ms)
			InitializePlatformSupportModulesInManaged (3ms)
			SetLoadedEditorAssemblies (4ms)
			BeforeProcessingInitializeOnLoad (190ms)
			ProcessInitializeOnLoadAttributes (472ms)
			ProcessInitializeOnLoadMethodAttributes (294ms)
			AfterProcessingInitializeOnLoad (14ms)
			EditorAssembliesLoaded (1ms)
		ExecutionOrderSort2 (0ms)
		AwakeInstancesAfterBackupRestoration (26ms)
Shader 'WFX/Transparent Diffuse': fallback shader 'Particles/Alpha Blended' not found
Shader 'WFX/Transparent Specular': fallback shader 'Particles/Alpha Blended' not found
Refreshing native plugins compatible for Editor in 7.90 ms, found 2 plugins.
Preloading 0 native plugins for Editor in 0.00 ms.
Unloading 17 Unused Serialized files (Serialized files now loaded: 0)
Unloading 6087 unused Assets / (4.1 MB). Loaded Objects now: 7079.
Memory consumption went from 170.1 MB to 165.9 MB.
Total: 16.484900 ms (FindLiveObjects: 0.883200 ms CreateObjectMapping: 0.535700 ms MarkObjects: 12.836900 ms  DeleteObjects: 2.227900 ms)

Prepare: number of updated asset objects reloaded= 0
========================================================================
Received Prepare
Begin MonoManager ReloadAssembly
[Licensing::Client] Successfully resolved entitlement details
[Licensing::Module] License group:
  Id: F4-W4H8-9NJQ-FYFT-38SD-XXXX
  Product: Unity Personal
  Type: ULF
  Expiration: Unlimited
[Licensing::Module] License group:
  Id: 7971629442671-UnityPersXXXX
  Product: Unity Personal
  Type: Assigned
  Expiration: Unlimited
ADTM: Control thread waiting for realtime thread timed out, have to lock...
Symbol file LoadedFromMemory is not a mono symbol file
- Loaded All Assemblies, in  2.106 seconds
Refreshing native plugins compatible for Editor in 8.65 ms, found 2 plugins.
Native extension for WindowsStandalone target not found
[Package Manager] Failed to launch server process. Reason: Unity was launched with the -noUpm command-line argument
[Package Manager] Unable to send message (not connected to server process).
[Package Manager] Cannot connect to Unity Package Manager local server
Mono: successfully reloaded assembly
- Finished resetting the current domain, in  1.211 seconds
Domain Reload Profiling: 3313ms
	BeginReloadAssembly (1279ms)
		ExecutionOrderSort (0ms)
		DisableScriptedObjects (8ms)
		BackupInstance (0ms)
		ReleaseScriptingObjects (0ms)
		CreateAndSetChildDomain (1067ms)
	RebuildCommonClasses (47ms)
	RebuildNativeTypeToScriptingClass (19ms)
	initialDomainReloadingComplete (77ms)
	LoadAllAssembliesAndSetupDomain (678ms)
		LoadAssemblies (534ms)
		RebuildTransferFunctionScriptingTraits (0ms)
		AnalyzeDomain (274ms)
			TypeCache.Refresh (12ms)
				TypeCache.ScanAssembly (0ms)
			BuildScriptInfoCaches (243ms)
			ResolveRequiredComponents (14ms)
	FinalizeReload (1212ms)
		ReleaseScriptCaches (0ms)
		RebuildScriptCaches (0ms)
		SetupLoadedEditorAssemblies (992ms)
			LogAssemblyErrors (0ms)
			InitializePlatformSupportModulesInManaged (3ms)
			SetLoadedEditorAssemblies (4ms)
			BeforeProcessingInitializeOnLoad (189ms)
			ProcessInitializeOnLoadAttributes (483ms)
			ProcessInitializeOnLoadMethodAttributes (298ms)
			AfterProcessingInitializeOnLoad (14ms)
			EditorAssembliesLoaded (0ms)
		ExecutionOrderSort2 (0ms)
		AwakeInstancesAfterBackupRestoration (26ms)
Shader 'WFX/Transparent Diffuse': fallback shader 'Particles/Alpha Blended' not found
Shader 'WFX/Transparent Specular': fallback shader 'Particles/Alpha Blended' not found
Refreshing native plugins compatible for Editor in 7.52 ms, found 2 plugins.
Preloading 0 native plugins for Editor in 0.00 ms.
Unloading 17 Unused Serialized files (Serialized files now loaded: 0)
Unloading 6087 unused Assets / (4.1 MB). Loaded Objects now: 7082.
Memory consumption went from 170.1 MB to 166.0 MB.
Total: 16.671200 ms (FindLiveObjects: 0.923400 ms CreateObjectMapping: 0.671200 ms MarkObjects: 12.653600 ms  DeleteObjects: 2.421400 ms)

Prepare: number of updated asset objects reloaded= 0
========================================================================
Received Import Request.
  Time since last request: 3773.273741 seconds.
  path: Assets/EnemyNPC.prefab
  artifactKey: Guid(bfed9c4a5a9aa6f40ae884b560d7e071) Importer(2089858483,b0f066a214c2f5e87bad3c948f4d605d)
Start importing Assets/EnemyNPC.prefab using Guid(bfed9c4a5a9aa6f40ae884b560d7e071) Importer(2089858483,b0f066a214c2f5e87bad3c948f4d605d) (ScriptedImporter) -> (artifact id: 'fd269f19535e4dacecfb39afa10733d0') in 3.3299783 seconds
Number of updated asset objects reloaded before import = 0Number of asset objects unloaded after import = 255

========================================================================
Received Prepare
Begin MonoManager ReloadAssembly
[Licensing::Client] Successfully resolved entitlement details
[Licensing::Module] License group:
  Id: F4-W4H8-9NJQ-FYFT-38SD-XXXX
  Product: Unity Personal
  Type: ULF
  Expiration: Unlimited
[Licensing::Module] License group:
  Id: 7971629442671-UnityPersXXXX
  Product: Unity Personal
  Type: Assigned
  Expiration: Unlimited
ADTM: Control thread waiting for realtime thread timed out, have to lock...
Symbol file LoadedFromMemory is not a mono symbol file
- Loaded All Assemblies, in  2.195 seconds
Refreshing native plugins compatible for Editor in 7.31 ms, found 2 plugins.
Native extension for WindowsStandalone target not found
[Package Manager] Failed to launch server process. Reason: Unity was launched with the -noUpm command-line argument
[Package Manager] Unable to send message (not connected to server process).
[Package Manager] Cannot connect to Unity Package Manager local server
Mono: successfully reloaded assembly
- Finished resetting the current domain, in  1.298 seconds
Domain Reload Profiling: 3490ms
	BeginReloadAssembly (1318ms)
		ExecutionOrderSort (0ms)
		DisableScriptedObjects (9ms)
		BackupInstance (0ms)
		ReleaseScriptingObjects (0ms)
		CreateAndSetChildDomain (1093ms)
	RebuildCommonClasses (48ms)
	RebuildNativeTypeToScriptingClass (20ms)
	initialDomainReloadingComplete (48ms)
	LoadAllAssembliesAndSetupDomain (757ms)
		LoadAssemblies (614ms)
		RebuildTransferFunctionScriptingTraits (0ms)
		AnalyzeDomain (285ms)
			TypeCache.Refresh (12ms)
				TypeCache.ScanAssembly (0ms)
			BuildScriptInfoCaches (255ms)
			ResolveRequiredComponents (14ms)
	FinalizeReload (1299ms)
		ReleaseScriptCaches (0ms)
		RebuildScriptCaches (0ms)
		SetupLoadedEditorAssemblies (1069ms)
			LogAssemblyErrors (0ms)
			InitializePlatformSupportModulesInManaged (3ms)
			SetLoadedEditorAssemblies (5ms)
			BeforeProcessingInitializeOnLoad (224ms)
			ProcessInitializeOnLoadAttributes (515ms)
			ProcessInitializeOnLoadMethodAttributes (306ms)
			AfterProcessingInitializeOnLoad (14ms)
			EditorAssembliesLoaded (1ms)
		ExecutionOrderSort2 (0ms)
		AwakeInstancesAfterBackupRestoration (27ms)
Shader 'WFX/Transparent Diffuse': fallback shader 'Particles/Alpha Blended' not found
Shader 'WFX/Transparent Specular': fallback shader 'Particles/Alpha Blended' not found
Refreshing native plugins compatible for Editor in 7.19 ms, found 2 plugins.
Preloading 0 native plugins for Editor in 0.00 ms.
Unloading 17 Unused Serialized files (Serialized files now loaded: 0)
Unloading 6087 unused Assets / (4.0 MB). Loaded Objects now: 7085.
Memory consumption went from 170.1 MB to 166.1 MB.
Total: 14.745600 ms (FindLiveObjects: 0.812900 ms CreateObjectMapping: 0.417500 ms MarkObjects: 11.319000 ms  DeleteObjects: 2.194800 ms)

Prepare: number of updated asset objects reloaded= 0
========================================================================
Received Prepare
Begin MonoManager ReloadAssembly
ADTM: Control thread waiting for realtime thread timed out, have to lock...
Symbol file LoadedFromMemory is not a mono symbol file
- Loaded All Assemblies, in  2.109 seconds
Refreshing native plugins compatible for Editor in 6.68 ms, found 2 plugins.
Native extension for WindowsStandalone target not found
[Package Manager] Failed to launch server process. Reason: Unity was launched with the -noUpm command-line argument
[Package Manager] Unable to send message (not connected to server process).
[Package Manager] Cannot connect to Unity Package Manager local server
Mono: successfully reloaded assembly
- Finished resetting the current domain, in  1.282 seconds
Domain Reload Profiling: 3387ms
	BeginReloadAssembly (1305ms)
		ExecutionOrderSort (0ms)
		DisableScriptedObjects (9ms)
		BackupInstance (0ms)
		ReleaseScriptingObjects (0ms)
		CreateAndSetChildDomain (1084ms)
	RebuildCommonClasses (46ms)
	RebuildNativeTypeToScriptingClass (19ms)
	initialDomainReloadingComplete (49ms)
	LoadAllAssembliesAndSetupDomain (685ms)
		LoadAssemblies (559ms)
		RebuildTransferFunctionScriptingTraits (0ms)
		AnalyzeDomain (267ms)
			TypeCache.Refresh (11ms)
				TypeCache.ScanAssembly (0ms)
			BuildScriptInfoCaches (238ms)
			ResolveRequiredComponents (13ms)
	FinalizeReload (1282ms)
		ReleaseScriptCaches (0ms)
		RebuildScriptCaches (0ms)
		SetupLoadedEditorAssemblies (1078ms)
			LogAssemblyErrors (0ms)
			InitializePlatformSupportModulesInManaged (3ms)
			SetLoadedEditorAssemblies (5ms)
			BeforeProcessingInitializeOnLoad (240ms)
			ProcessInitializeOnLoadAttributes (508ms)
			ProcessInitializeOnLoadMethodAttributes (308ms)
			AfterProcessingInitializeOnLoad (14ms)
			EditorAssembliesLoaded (1ms)
		ExecutionOrderSort2 (0ms)
		AwakeInstancesAfterBackupRestoration (26ms)
Shader 'WFX/Transparent Diffuse': fallback shader 'Particles/Alpha Blended' not found
Shader 'WFX/Transparent Specular': fallback shader 'Particles/Alpha Blended' not found
Refreshing native plugins compatible for Editor in 7.49 ms, found 2 plugins.
Preloading 0 native plugins for Editor in 0.00 ms.
Unloading 17 Unused Serialized files (Serialized files now loaded: 0)
Unloading 6087 unused Assets / (4.0 MB). Loaded Objects now: 7088.
Memory consumption went from 170.2 MB to 166.1 MB.
Total: 16.075000 ms (FindLiveObjects: 0.914500 ms CreateObjectMapping: 0.505500 ms MarkObjects: 12.438100 ms  DeleteObjects: 2.214600 ms)

Prepare: number of updated asset objects reloaded= 0
========================================================================
Received Prepare
Begin MonoManager ReloadAssembly
ADTM: Control thread waiting for realtime thread timed out, have to lock...
Symbol file LoadedFromMemory is not a mono symbol file
- Loaded All Assemblies, in  2.111 seconds
Refreshing native plugins compatible for Editor in 7.44 ms, found 2 plugins.
Native extension for WindowsStandalone target not found
[Package Manager] Failed to launch server process. Reason: Unity was launched with the -noUpm command-line argument
[Package Manager] Unable to send message (not connected to server process).
[Package Manager] Cannot connect to Unity Package Manager local server
Mono: successfully reloaded assembly
- Finished resetting the current domain, in  1.258 seconds
Domain Reload Profiling: 3367ms
	BeginReloadAssembly (1285ms)
		ExecutionOrderSort (0ms)
		DisableScriptedObjects (9ms)
		BackupInstance (0ms)
		ReleaseScriptingObjects (0ms)
		CreateAndSetChildDomain (1070ms)
	RebuildCommonClasses (47ms)
	RebuildNativeTypeToScriptingClass (19ms)
	initialDomainReloadingComplete (44ms)
	LoadAllAssembliesAndSetupDomain (715ms)
		LoadAssemblies (563ms)
		RebuildTransferFunctionScriptingTraits (0ms)
		AnalyzeDomain (287ms)
			TypeCache.Refresh (10ms)
				TypeCache.ScanAssembly (0ms)
			BuildScriptInfoCaches (255ms)
			ResolveRequiredComponents (16ms)
	FinalizeReload (1259ms)
		ReleaseScriptCaches (0ms)
		RebuildScriptCaches (0ms)
		SetupLoadedEditorAssemblies (1040ms)
			LogAssemblyErrors (0ms)
			InitializePlatformSupportModulesInManaged (4ms)
			SetLoadedEditorAssemblies (5ms)
			BeforeProcessingInitializeOnLoad (198ms)
			ProcessInitializeOnLoadAttributes (497ms)
			ProcessInitializeOnLoadMethodAttributes (321ms)
			AfterProcessingInitializeOnLoad (14ms)
			EditorAssembliesLoaded (1ms)
		ExecutionOrderSort2 (0ms)
		AwakeInstancesAfterBackupRestoration (27ms)
Shader 'WFX/Transparent Diffuse': fallback shader 'Particles/Alpha Blended' not found
Shader 'WFX/Transparent Specular': fallback shader 'Particles/Alpha Blended' not found
Refreshing native plugins compatible for Editor in 10.43 ms, found 2 plugins.
Preloading 0 native plugins for Editor in 0.00 ms.
Unloading 17 Unused Serialized files (Serialized files now loaded: 0)
Unloading 6087 unused Assets / (3.8 MB). Loaded Objects now: 7091.
Memory consumption went from 170.2 MB to 166.4 MB.
Total: 19.174400 ms (FindLiveObjects: 0.853000 ms CreateObjectMapping: 0.484200 ms MarkObjects: 14.855700 ms  DeleteObjects: 2.979100 ms)

Prepare: number of updated asset objects reloaded= 0
========================================================================
Received Prepare
Begin MonoManager ReloadAssembly
[Licensing::Client] Successfully resolved entitlement details
[Licensing::Module] License group:
  Id: F4-W4H8-9NJQ-FYFT-38SD-XXXX
  Product: Unity Personal
  Type: ULF
  Expiration: Unlimited
[Licensing::Module] License group:
  Id: 7971629442671-UnityPersXXXX
  Product: Unity Personal
  Type: Assigned
  Expiration: Unlimited
ADTM: Control thread waiting for realtime thread timed out, have to lock...
Symbol file LoadedFromMemory is not a mono symbol file
- Loaded All Assemblies, in  2.034 seconds
Refreshing native plugins compatible for Editor in 7.38 ms, found 2 plugins.
Native extension for WindowsStandalone target not found
[Package Manager] Failed to launch server process. Reason: Unity was launched with the -noUpm command-line argument
[Package Manager] Unable to send message (not connected to server process).
[Package Manager] Cannot connect to Unity Package Manager local server
Mono: successfully reloaded assembly
- Finished resetting the current domain, in  1.204 seconds
Domain Reload Profiling: 3235ms
	BeginReloadAssembly (1291ms)
		ExecutionOrderSort (0ms)
		DisableScriptedObjects (9ms)
		BackupInstance (0ms)
		ReleaseScriptingObjects (0ms)
		CreateAndSetChildDomain (1077ms)
	RebuildCommonClasses (45ms)
	RebuildNativeTypeToScriptingClass (20ms)
	initialDomainReloadingComplete (46ms)
	LoadAllAssembliesAndSetupDomain (629ms)
		LoadAssemblies (511ms)
		RebuildTransferFunctionScriptingTraits (0ms)
		AnalyzeDomain (250ms)
			TypeCache.Refresh (9ms)
				TypeCache.ScanAssembly (0ms)
			BuildScriptInfoCaches (223ms)
			ResolveRequiredComponents (12ms)
	FinalizeReload (1205ms)
		ReleaseScriptCaches (0ms)
		RebuildScriptCaches (0ms)
		SetupLoadedEditorAssemblies (983ms)
			LogAssemblyErrors (0ms)
			InitializePlatformSupportModulesInManaged (4ms)
			SetLoadedEditorAssemblies (4ms)
			BeforeProcessingInitializeOnLoad (195ms)
			ProcessInitializeOnLoadAttributes (483ms)
			ProcessInitializeOnLoadMethodAttributes (282ms)
			AfterProcessingInitializeOnLoad (14ms)
			EditorAssembliesLoaded (1ms)
		ExecutionOrderSort2 (0ms)
		AwakeInstancesAfterBackupRestoration (25ms)
Shader 'WFX/Transparent Diffuse': fallback shader 'Particles/Alpha Blended' not found
Shader 'WFX/Transparent Specular': fallback shader 'Particles/Alpha Blended' not found
Refreshing native plugins compatible for Editor in 6.59 ms, found 2 plugins.
Preloading 0 native plugins for Editor in 0.00 ms.
Unloading 17 Unused Serialized files (Serialized files now loaded: 0)
Unloading 6087 unused Assets / (3.7 MB). Loaded Objects now: 7094.
Memory consumption went from 170.3 MB to 166.6 MB.
Total: 13.878700 ms (FindLiveObjects: 0.808400 ms CreateObjectMapping: 0.396500 ms MarkObjects: 10.919000 ms  DeleteObjects: 1.753100 ms)

Prepare: number of updated asset objects reloaded= 0
========================================================================
Received Prepare
Begin MonoManager ReloadAssembly
ADTM: Control thread waiting for realtime thread timed out, have to lock...
[Licensing::Client] Successfully resolved entitlement details
[Licensing::Module] License group:
  Id: F4-W4H8-9NJQ-FYFT-38SD-XXXX
  Product: Unity Personal
  Type: ULF
  Expiration: Unlimited
[Licensing::Module] License group:
  Id: 7971629442671-UnityPersXXXX
  Product: Unity Personal
  Type: Assigned
  Expiration: Unlimited
Symbol file LoadedFromMemory is not a mono symbol file
- Loaded All Assemblies, in  2.074 seconds
Refreshing native plugins compatible for Editor in 7.35 ms, found 2 plugins.
Native extension for WindowsStandalone target not found
[Package Manager] Failed to launch server process. Reason: Unity was launched with the -noUpm command-line argument
[Package Manager] Unable to send message (not connected to server process).
[Package Manager] Cannot connect to Unity Package Manager local server
Mono: successfully reloaded assembly
- Finished resetting the current domain, in  1.204 seconds
Domain Reload Profiling: 3274ms
	BeginReloadAssembly (1281ms)
		ExecutionOrderSort (0ms)
		DisableScriptedObjects (10ms)
		BackupInstance (0ms)
		ReleaseScriptingObjects (0ms)
		CreateAndSetChildDomain (1067ms)
	RebuildCommonClasses (45ms)
	RebuildNativeTypeToScriptingClass (19ms)
	initialDomainReloadingComplete (46ms)
	LoadAllAssembliesAndSetupDomain (679ms)
		LoadAssemblies (538ms)
		RebuildTransferFunctionScriptingTraits (0ms)
		AnalyzeDomain (272ms)
			TypeCache.Refresh (10ms)
				TypeCache.ScanAssembly (0ms)
			BuildScriptInfoCaches (245ms)
			ResolveRequiredComponents (12ms)
	FinalizeReload (1204ms)
		ReleaseScriptCaches (0ms)
		RebuildScriptCaches (0ms)
		SetupLoadedEditorAssemblies (996ms)
			LogAssemblyErrors (0ms)
			InitializePlatformSupportModulesInManaged (3ms)
			SetLoadedEditorAssemblies (4ms)
			BeforeProcessingInitializeOnLoad (204ms)
			ProcessInitializeOnLoadAttributes (488ms)
			ProcessInitializeOnLoadMethodAttributes (283ms)
			AfterProcessingInitializeOnLoad (14ms)
			EditorAssembliesLoaded (1ms)
		ExecutionOrderSort2 (0ms)
		AwakeInstancesAfterBackupRestoration (25ms)
Shader 'WFX/Transparent Diffuse': fallback shader 'Particles/Alpha Blended' not found
Shader 'WFX/Transparent Specular': fallback shader 'Particles/Alpha Blended' not found
Refreshing native plugins compatible for Editor in 7.52 ms, found 2 plugins.
Preloading 0 native plugins for Editor in 0.00 ms.
Unloading 17 Unused Serialized files (Serialized files now loaded: 0)
Unloading 6087 unused Assets / (3.9 MB). Loaded Objects now: 7097.
Memory consumption went from 170.3 MB to 166.4 MB.
Total: 15.978300 ms (FindLiveObjects: 0.919500 ms CreateObjectMapping: 0.568800 ms MarkObjects: 12.534600 ms  DeleteObjects: 1.953900 ms)

Prepare: number of updated asset objects reloaded= 0
========================================================================
Received Prepare
Begin MonoManager ReloadAssembly
[Licensing::Client] Successfully resolved entitlement details
[Licensing::Module] License group:
  Id: F4-W4H8-9NJQ-FYFT-38SD-XXXX
  Product: Unity Personal
  Type: ULF
  Expiration: Unlimited
[Licensing::Module] License group:
  Id: 7971629442671-UnityPersXXXX
  Product: Unity Personal
  Type: Assigned
  Expiration: Unlimited
ADTM: Control thread waiting for realtime thread timed out, have to lock...
Symbol file LoadedFromMemory is not a mono symbol file
- Loaded All Assemblies, in  2.058 seconds
Refreshing native plugins compatible for Editor in 6.71 ms, found 2 plugins.
Native extension for WindowsStandalone target not found
[Package Manager] Failed to launch server process. Reason: Unity was launched with the -noUpm command-line argument
[Package Manager] Unable to send message (not connected to server process).
[Package Manager] Cannot connect to Unity Package Manager local server
Mono: successfully reloaded assembly
- Finished resetting the current domain, in  1.096 seconds
Domain Reload Profiling: 3150ms
	BeginReloadAssembly (1289ms)
		ExecutionOrderSort (0ms)
		DisableScriptedObjects (8ms)
		BackupInstance (0ms)
		ReleaseScriptingObjects (0ms)
		CreateAndSetChildDomain (1075ms)
	RebuildCommonClasses (47ms)
	RebuildNativeTypeToScriptingClass (20ms)
	initialDomainReloadingComplete (46ms)
	LoadAllAssembliesAndSetupDomain (653ms)
		LoadAssemblies (524ms)
		RebuildTransferFunctionScriptingTraits (0ms)
		AnalyzeDomain (263ms)
			TypeCache.Refresh (14ms)
				TypeCache.ScanAssembly (1ms)
			BuildScriptInfoCaches (229ms)
			ResolveRequiredComponents (15ms)
	FinalizeReload (1096ms)
		ReleaseScriptCaches (0ms)
		RebuildScriptCaches (0ms)
		SetupLoadedEditorAssemblies (901ms)
			LogAssemblyErrors (0ms)
			InitializePlatformSupportModulesInManaged (3ms)
			SetLoadedEditorAssemblies (4ms)
			BeforeProcessingInitializeOnLoad (192ms)
			ProcessInitializeOnLoadAttributes (436ms)
			ProcessInitializeOnLoadMethodAttributes (252ms)
			AfterProcessingInitializeOnLoad (13ms)
			EditorAssembliesLoaded (0ms)
		ExecutionOrderSort2 (0ms)
		AwakeInstancesAfterBackupRestoration (23ms)
Shader 'WFX/Transparent Diffuse': fallback shader 'Particles/Alpha Blended' not found
Shader 'WFX/Transparent Specular': fallback shader 'Particles/Alpha Blended' not found
Refreshing native plugins compatible for Editor in 6.24 ms, found 2 plugins.
Preloading 0 native plugins for Editor in 0.00 ms.
Unloading 17 Unused Serialized files (Serialized files now loaded: 0)
Unloading 6087 unused Assets / (3.7 MB). Loaded Objects now: 7100.
Memory consumption went from 170.3 MB to 166.6 MB.
Total: 13.172400 ms (FindLiveObjects: 0.818300 ms CreateObjectMapping: 0.414500 ms MarkObjects: 9.982500 ms  DeleteObjects: 1.956000 ms)

Prepare: number of updated asset objects reloaded= 0
========================================================================
Received Prepare
Begin MonoManager ReloadAssembly
ADTM: Control thread waiting for realtime thread timed out, have to lock...
Symbol file LoadedFromMemory is not a mono symbol file
- Loaded All Assemblies, in  2.016 seconds
Refreshing native plugins compatible for Editor in 7.35 ms, found 2 plugins.
Native extension for WindowsStandalone target not found
[Package Manager] Failed to launch server process. Reason: Unity was launched with the -noUpm command-line argument
[Package Manager] Unable to send message (not connected to server process).
[Package Manager] Cannot connect to Unity Package Manager local server
Mono: successfully reloaded assembly
- Finished resetting the current domain, in  1.180 seconds
Domain Reload Profiling: 3193ms
	BeginReloadAssembly (1281ms)
		ExecutionOrderSort (0ms)
		DisableScriptedObjects (8ms)
		BackupInstance (0ms)
		ReleaseScriptingObjects (0ms)
		CreateAndSetChildDomain (1069ms)
	RebuildCommonClasses (46ms)
	RebuildNativeTypeToScriptingClass (19ms)
	initialDomainReloadingComplete (44ms)
	LoadAllAssembliesAndSetupDomain (623ms)
		LoadAssemblies (504ms)
		RebuildTransferFunctionScriptingTraits (0ms)
		AnalyzeDomain (252ms)
			TypeCache.Refresh (9ms)
				TypeCache.ScanAssembly (0ms)
			BuildScriptInfoCaches (225ms)
			ResolveRequiredComponents (13ms)
	FinalizeReload (1181ms)
		ReleaseScriptCaches (0ms)
		RebuildScriptCaches (0ms)
		SetupLoadedEditorAssemblies (961ms)
			LogAssemblyErrors (0ms)
			InitializePlatformSupportModulesInManaged (3ms)
			SetLoadedEditorAssemblies (5ms)
			BeforeProcessingInitializeOnLoad (199ms)
			ProcessInitializeOnLoadAttributes (465ms)
			ProcessInitializeOnLoadMethodAttributes (275ms)
			AfterProcessingInitializeOnLoad (13ms)
			EditorAssembliesLoaded (1ms)
		ExecutionOrderSort2 (0ms)
		AwakeInstancesAfterBackupRestoration (25ms)
Shader 'WFX/Transparent Diffuse': fallback shader 'Particles/Alpha Blended' not found
Shader 'WFX/Transparent Specular': fallback shader 'Particles/Alpha Blended' not found
Refreshing native plugins compatible for Editor in 7.05 ms, found 2 plugins.
Preloading 0 native plugins for Editor in 0.00 ms.
Unloading 17 Unused Serialized files (Serialized files now loaded: 0)
Unloading 6087 unused Assets / (4.0 MB). Loaded Objects now: 7103.
Memory consumption went from 170.4 MB to 166.4 MB.
Total: 15.168900 ms (FindLiveObjects: 0.906200 ms CreateObjectMapping: 0.485200 ms MarkObjects: 11.838500 ms  DeleteObjects: 1.937700 ms)

Prepare: number of updated asset objects reloaded= 0
========================================================================
Received Prepare
Begin MonoManager ReloadAssembly
ADTM: Control thread waiting for realtime thread timed out, have to lock...
Symbol file LoadedFromMemory is not a mono symbol file
- Loaded All Assemblies, in  2.044 seconds
Refreshing native plugins compatible for Editor in 7.05 ms, found 2 plugins.
Native extension for WindowsStandalone target not found
[Package Manager] Failed to launch server process. Reason: Unity was launched with the -noUpm command-line argument
[Package Manager] Unable to send message (not connected to server process).
[Package Manager] Cannot connect to Unity Package Manager local server
Mono: successfully reloaded assembly
- Finished resetting the current domain, in  1.080 seconds
Domain Reload Profiling: 3122ms
	BeginReloadAssembly (1283ms)
		ExecutionOrderSort (0ms)
		DisableScriptedObjects (9ms)
		BackupInstance (0ms)
		ReleaseScriptingObjects (0ms)
		CreateAndSetChildDomain (1071ms)
	RebuildCommonClasses (46ms)
	RebuildNativeTypeToScriptingClass (19ms)
	initialDomainReloadingComplete (44ms)
	LoadAllAssembliesAndSetupDomain (647ms)
		LoadAssemblies (523ms)
		RebuildTransferFunctionScriptingTraits (0ms)
		AnalyzeDomain (259ms)
			TypeCache.Refresh (14ms)
				TypeCache.ScanAssembly (1ms)
			BuildScriptInfoCaches (227ms)
			ResolveRequiredComponents (14ms)
	FinalizeReload (1082ms)
		ReleaseScriptCaches (0ms)
		RebuildScriptCaches (0ms)
		SetupLoadedEditorAssemblies (883ms)
			LogAssemblyErrors (0ms)
			InitializePlatformSupportModulesInManaged (3ms)
			SetLoadedEditorAssemblies (4ms)
			BeforeProcessingInitializeOnLoad (193ms)
			ProcessInitializeOnLoadAttributes (428ms)
			ProcessInitializeOnLoadMethodAttributes (243ms)
			AfterProcessingInitializeOnLoad (12ms)
			EditorAssembliesLoaded (0ms)
		ExecutionOrderSort2 (0ms)
		AwakeInstancesAfterBackupRestoration (23ms)
Shader 'WFX/Transparent Diffuse': fallback shader 'Particles/Alpha Blended' not found
Shader 'WFX/Transparent Specular': fallback shader 'Particles/Alpha Blended' not found
Refreshing native plugins compatible for Editor in 6.18 ms, found 2 plugins.
Preloading 0 native plugins for Editor in 0.00 ms.
Unloading 17 Unused Serialized files (Serialized files now loaded: 0)
Unloading 6087 unused Assets / (3.6 MB). Loaded Objects now: 7106.
Memory consumption went from 170.4 MB to 166.8 MB.
Total: 14.614100 ms (FindLiveObjects: 0.803400 ms CreateObjectMapping: 0.362200 ms MarkObjects: 11.811500 ms  DeleteObjects: 1.635400 ms)

Prepare: number of updated asset objects reloaded= 0
========================================================================
Received Prepare
Begin MonoManager ReloadAssembly
ADTM: Control thread waiting for realtime thread timed out, have to lock...
Symbol file LoadedFromMemory is not a mono symbol file
- Loaded All Assemblies, in  2.048 seconds
Refreshing native plugins compatible for Editor in 7.51 ms, found 2 plugins.
Native extension for WindowsStandalone target not found
[Package Manager] Failed to launch server process. Reason: Unity was launched with the -noUpm command-line argument
[Package Manager] Unable to send message (not connected to server process).
[Package Manager] Cannot connect to Unity Package Manager local server
Mono: successfully reloaded assembly
- Finished resetting the current domain, in  1.221 seconds
Domain Reload Profiling: 3267ms
	BeginReloadAssembly (1285ms)
		ExecutionOrderSort (0ms)
		DisableScriptedObjects (8ms)
		BackupInstance (0ms)
		ReleaseScriptingObjects (0ms)
		CreateAndSetChildDomain (1074ms)
	RebuildCommonClasses (45ms)
	RebuildNativeTypeToScriptingClass (19ms)
	initialDomainReloadingComplete (45ms)
	LoadAllAssembliesAndSetupDomain (652ms)
		LoadAssemblies (513ms)
		RebuildTransferFunctionScriptingTraits (0ms)
		AnalyzeDomain (273ms)
			TypeCache.Refresh (10ms)
				TypeCache.ScanAssembly (0ms)
			BuildScriptInfoCaches (245ms)
			ResolveRequiredComponents (14ms)
	FinalizeReload (1221ms)
		ReleaseScriptCaches (0ms)
		RebuildScriptCaches (0ms)
		SetupLoadedEditorAssemblies (996ms)
			LogAssemblyErrors (0ms)
			InitializePlatformSupportModulesInManaged (4ms)
			SetLoadedEditorAssemblies (5ms)
			BeforeProcessingInitializeOnLoad (201ms)
			ProcessInitializeOnLoadAttributes (488ms)
			ProcessInitializeOnLoadMethodAttributes (285ms)
			AfterProcessingInitializeOnLoad (14ms)
			EditorAssembliesLoaded (1ms)
		ExecutionOrderSort2 (0ms)
		AwakeInstancesAfterBackupRestoration (26ms)
Shader 'WFX/Transparent Diffuse': fallback shader 'Particles/Alpha Blended' not found
Shader 'WFX/Transparent Specular': fallback shader 'Particles/Alpha Blended' not found
Refreshing native plugins compatible for Editor in 6.84 ms, found 2 plugins.
Preloading 0 native plugins for Editor in 0.00 ms.
Unloading 17 Unused Serialized files (Serialized files now loaded: 0)
Unloading 6087 unused Assets / (3.9 MB). Loaded Objects now: 7109.
Memory consumption went from 170.5 MB to 166.5 MB.
Total: 14.716400 ms (FindLiveObjects: 0.865600 ms CreateObjectMapping: 0.419200 ms MarkObjects: 11.596000 ms  DeleteObjects: 1.834400 ms)

Prepare: number of updated asset objects reloaded= 0
========================================================================
Received Prepare
Begin MonoManager ReloadAssembly
[Licensing::Client] Successfully resolved entitlement details
[Licensing::Module] License group:
  Id: F4-W4H8-9NJQ-FYFT-38SD-XXXX
  Product: Unity Personal
  Type: ULF
  Expiration: Unlimited
[Licensing::Module] License group:
  Id: 7971629442671-UnityPersXXXX
  Product: Unity Personal
  Type: Assigned
  Expiration: Unlimited
ADTM: Control thread waiting for realtime thread timed out, have to lock...
Symbol file LoadedFromMemory is not a mono symbol file
- Loaded All Assemblies, in  2.222 seconds
Refreshing native plugins compatible for Editor in 7.46 ms, found 2 plugins.
Native extension for WindowsStandalone target not found
[Package Manager] Failed to launch server process. Reason: Unity was launched with the -noUpm command-line argument
[Package Manager] Unable to send message (not connected to server process).
[Package Manager] Cannot connect to Unity Package Manager local server
Mono: successfully reloaded assembly
- Finished resetting the current domain, in  1.115 seconds
Domain Reload Profiling: 3333ms
	BeginReloadAssembly (1365ms)
		ExecutionOrderSort (0ms)
		DisableScriptedObjects (9ms)
		BackupInstance (0ms)
		ReleaseScriptingObjects (0ms)
		CreateAndSetChildDomain (1073ms)
	RebuildCommonClasses (50ms)
	RebuildNativeTypeToScriptingClass (20ms)
	initialDomainReloadingComplete (50ms)
	LoadAllAssembliesAndSetupDomain (732ms)
		LoadAssemblies (639ms)
		RebuildTransferFunctionScriptingTraits (0ms)
		AnalyzeDomain (305ms)
			TypeCache.Refresh (14ms)
				TypeCache.ScanAssembly (1ms)
			BuildScriptInfoCaches (273ms)
			ResolveRequiredComponents (13ms)
	FinalizeReload (1116ms)
		ReleaseScriptCaches (0ms)
		RebuildScriptCaches (0ms)
		SetupLoadedEditorAssemblies (920ms)
			LogAssemblyErrors (0ms)
			InitializePlatformSupportModulesInManaged (3ms)
			SetLoadedEditorAssemblies (4ms)
			BeforeProcessingInitializeOnLoad (192ms)
			ProcessInitializeOnLoadAttributes (452ms)
			ProcessInitializeOnLoadMethodAttributes (256ms)
			AfterProcessingInitializeOnLoad (12ms)
			EditorAssembliesLoaded (0ms)
		ExecutionOrderSort2 (0ms)
		AwakeInstancesAfterBackupRestoration (24ms)
Shader 'WFX/Transparent Diffuse': fallback shader 'Particles/Alpha Blended' not found
Shader 'WFX/Transparent Specular': fallback shader 'Particles/Alpha Blended' not found
Refreshing native plugins compatible for Editor in 6.57 ms, found 2 plugins.
Preloading 0 native plugins for Editor in 0.00 ms.
Unloading 17 Unused Serialized files (Serialized files now loaded: 0)
Unloading 6087 unused Assets / (3.6 MB). Loaded Objects now: 7112.
Memory consumption went from 170.5 MB to 166.9 MB.
Total: 13.538400 ms (FindLiveObjects: 0.796000 ms CreateObjectMapping: 0.368500 ms MarkObjects: 10.700900 ms  DeleteObjects: 1.671800 ms)

Prepare: number of updated asset objects reloaded= 0
========================================================================
Received Prepare
Begin MonoManager ReloadAssembly
ADTM: Control thread waiting for realtime thread timed out, have to lock...
Symbol file LoadedFromMemory is not a mono symbol file
- Loaded All Assemblies, in  2.062 seconds
Refreshing native plugins compatible for Editor in 7.14 ms, found 2 plugins.
Native extension for WindowsStandalone target not found
[Package Manager] Failed to launch server process. Reason: Unity was launched with the -noUpm command-line argument
[Package Manager] Unable to send message (not connected to server process).
[Package Manager] Cannot connect to Unity Package Manager local server
Mono: successfully reloaded assembly
- Finished resetting the current domain, in  1.211 seconds
Domain Reload Profiling: 3272ms
	BeginReloadAssembly (1287ms)
		ExecutionOrderSort (0ms)
		DisableScriptedObjects (8ms)
		BackupInstance (0ms)
		ReleaseScriptingObjects (0ms)
		CreateAndSetChildDomain (1077ms)
	RebuildCommonClasses (45ms)
	RebuildNativeTypeToScriptingClass (19ms)
	initialDomainReloadingComplete (44ms)
	LoadAllAssembliesAndSetupDomain (665ms)
		LoadAssemblies (520ms)
		RebuildTransferFunctionScriptingTraits (0ms)
		AnalyzeDomain (277ms)
			TypeCache.Refresh (11ms)
				TypeCache.ScanAssembly (0ms)
			BuildScriptInfoCaches (248ms)
			ResolveRequiredComponents (13ms)
	FinalizeReload (1212ms)
		ReleaseScriptCaches (0ms)
		RebuildScriptCaches (0ms)
		SetupLoadedEditorAssemblies (983ms)
			LogAssemblyErrors (0ms)
			InitializePlatformSupportModulesInManaged (4ms)
			SetLoadedEditorAssemblies (4ms)
			BeforeProcessingInitializeOnLoad (198ms)
			ProcessInitializeOnLoadAttributes (472ms)
			ProcessInitializeOnLoadMethodAttributes (290ms)
			AfterProcessingInitializeOnLoad (14ms)
			EditorAssembliesLoaded (1ms)
		ExecutionOrderSort2 (0ms)
		AwakeInstancesAfterBackupRestoration (27ms)
Shader 'WFX/Transparent Diffuse': fallback shader 'Particles/Alpha Blended' not found
Shader 'WFX/Transparent Specular': fallback shader 'Particles/Alpha Blended' not found
Refreshing native plugins compatible for Editor in 7.10 ms, found 2 plugins.
Preloading 0 native plugins for Editor in 0.00 ms.
Unloading 17 Unused Serialized files (Serialized files now loaded: 0)
Unloading 6087 unused Assets / (4.0 MB). Loaded Objects now: 7115.
Memory consumption went from 170.5 MB to 166.5 MB.
Total: 14.915900 ms (FindLiveObjects: 1.030300 ms CreateObjectMapping: 0.492400 ms MarkObjects: 11.495600 ms  DeleteObjects: 1.896400 ms)

Prepare: number of updated asset objects reloaded= 0
========================================================================
Received Prepare
Shader 'WFX/Transparent Diffuse': fallback shader 'Particles/Alpha Blended' not found
Shader 'WFX/Transparent Specular': fallback shader 'Particles/Alpha Blended' not found
Refreshing native plugins compatible for Editor in 6.78 ms, found 2 plugins.
Preloading 0 native plugins for Editor in 0.00 ms.
Unloading 17 Unused Serialized files (Serialized files now loaded: 0)
Unloading 6056 unused Assets / (3.9 MB). Loaded Objects now: 7115.
Memory consumption went from 170.5 MB to 166.6 MB.
Total: 14.329000 ms (FindLiveObjects: 0.812800 ms CreateObjectMapping: 0.401500 ms MarkObjects: 11.439000 ms  DeleteObjects: 1.674900 ms)

Prepare: number of updated asset objects reloaded= 0
========================================================================
Received Prepare
Begin MonoManager ReloadAssembly
[Licensing::Client] Successfully resolved entitlement details
[Licensing::Module] License group:
  Id: F4-W4H8-9NJQ-FYFT-38SD-XXXX
  Product: Unity Personal
  Type: ULF
  Expiration: Unlimited
[Licensing::Module] License group:
  Id: 7971629442671-UnityPersXXXX
  Product: Unity Personal
  Type: Assigned
  Expiration: Unlimited
ADTM: Control thread waiting for realtime thread timed out, have to lock...
Symbol file LoadedFromMemory is not a mono symbol file
- Loaded All Assemblies, in  2.032 seconds
Refreshing native plugins compatible for Editor in 7.14 ms, found 2 plugins.
Native extension for WindowsStandalone target not found
[Package Manager] Failed to launch server process. Reason: Unity was launched with the -noUpm command-line argument
[Package Manager] Unable to send message (not connected to server process).
[Package Manager] Cannot connect to Unity Package Manager local server
Mono: successfully reloaded assembly
- Finished resetting the current domain, in  1.089 seconds
Domain Reload Profiling: 3116ms
	BeginReloadAssembly (1279ms)
		ExecutionOrderSort (0ms)
		DisableScriptedObjects (9ms)
		BackupInstance (0ms)
		ReleaseScriptingObjects (0ms)
		CreateAndSetChildDomain (1066ms)
	RebuildCommonClasses (44ms)
	RebuildNativeTypeToScriptingClass (19ms)
	initialDomainReloadingComplete (45ms)
	LoadAllAssembliesAndSetupDomain (640ms)
		LoadAssemblies (516ms)
		RebuildTransferFunctionScriptingTraits (0ms)
		AnalyzeDomain (257ms)
			TypeCache.Refresh (14ms)
				TypeCache.ScanAssembly (1ms)
			BuildScriptInfoCaches (225ms)
			ResolveRequiredComponents (13ms)
	FinalizeReload (1090ms)
		ReleaseScriptCaches (0ms)
		RebuildScriptCaches (0ms)
		SetupLoadedEditorAssemblies (893ms)
			LogAssemblyErrors (0ms)
			InitializePlatformSupportModulesInManaged (3ms)
			SetLoadedEditorAssemblies (4ms)
			BeforeProcessingInitializeOnLoad (188ms)
			ProcessInitializeOnLoadAttributes (438ms)
			ProcessInitializeOnLoadMethodAttributes (247ms)
			AfterProcessingInitializeOnLoad (13ms)
			EditorAssembliesLoaded (0ms)
		ExecutionOrderSort2 (0ms)
		AwakeInstancesAfterBackupRestoration (24ms)
Shader 'WFX/Transparent Diffuse': fallback shader 'Particles/Alpha Blended' not found
Shader 'WFX/Transparent Specular': fallback shader 'Particles/Alpha Blended' not found
Refreshing native plugins compatible for Editor in 6.13 ms, found 2 plugins.
Preloading 0 native plugins for Editor in 0.00 ms.
Unloading 17 Unused Serialized files (Serialized files now loaded: 0)
Unloading 6087 unused Assets / (3.7 MB). Loaded Objects now: 7118.
Memory consumption went from 170.6 MB to 166.9 MB.
Total: 13.667000 ms (FindLiveObjects: 0.825600 ms CreateObjectMapping: 0.402300 ms MarkObjects: 10.778500 ms  DeleteObjects: 1.659400 ms)

Prepare: number of updated asset objects reloaded= 0
========================================================================
Received Prepare
Begin MonoManager ReloadAssembly
ADTM: Control thread waiting for realtime thread timed out, have to lock...
Symbol file LoadedFromMemory is not a mono symbol file
- Loaded All Assemblies, in  2.095 seconds
Refreshing native plugins compatible for Editor in 7.19 ms, found 2 plugins.
Native extension for WindowsStandalone target not found
[Package Manager] Failed to launch server process. Reason: Unity was launched with the -noUpm command-line argument
[Package Manager] Unable to send message (not connected to server process).
[Package Manager] Cannot connect to Unity Package Manager local server
Mono: successfully reloaded assembly
- Finished resetting the current domain, in  1.194 seconds
Domain Reload Profiling: 3286ms
	BeginReloadAssembly (1278ms)
		ExecutionOrderSort (0ms)
		DisableScriptedObjects (8ms)
		BackupInstance (0ms)
		ReleaseScriptingObjects (0ms)
		CreateAndSetChildDomain (1070ms)
	RebuildCommonClasses (46ms)
	RebuildNativeTypeToScriptingClass (19ms)
	initialDomainReloadingComplete (46ms)
	LoadAllAssembliesAndSetupDomain (703ms)
		LoadAssemblies (554ms)
		RebuildTransferFunctionScriptingTraits (0ms)
		AnalyzeDomain (279ms)
			TypeCache.Refresh (11ms)
				TypeCache.ScanAssembly (0ms)
			BuildScriptInfoCaches (250ms)
			ResolveRequiredComponents (14ms)
	FinalizeReload (1195ms)
		ReleaseScriptCaches (0ms)
		RebuildScriptCaches (0ms)
		SetupLoadedEditorAssemblies (972ms)
			LogAssemblyErrors (0ms)
			InitializePlatformSupportModulesInManaged (3ms)
			SetLoadedEditorAssemblies (5ms)
			BeforeProcessingInitializeOnLoad (196ms)
			ProcessInitializeOnLoadAttributes (474ms)
			ProcessInitializeOnLoadMethodAttributes (280ms)
			AfterProcessingInitializeOnLoad (14ms)
			EditorAssembliesLoaded (1ms)
		ExecutionOrderSort2 (0ms)
		AwakeInstancesAfterBackupRestoration (26ms)
Shader 'WFX/Transparent Diffuse': fallback shader 'Particles/Alpha Blended' not found
Shader 'WFX/Transparent Specular': fallback shader 'Particles/Alpha Blended' not found
Refreshing native plugins compatible for Editor in 7.06 ms, found 2 plugins.
Preloading 0 native plugins for Editor in 0.00 ms.
Unloading 17 Unused Serialized files (Serialized files now loaded: 0)
Unloading 6087 unused Assets / (4.0 MB). Loaded Objects now: 7121.
Memory consumption went from 170.7 MB to 166.7 MB.
Total: 14.995700 ms (FindLiveObjects: 0.852300 ms CreateObjectMapping: 0.403000 ms MarkObjects: 11.727600 ms  DeleteObjects: 2.011700 ms)

Prepare: number of updated asset objects reloaded= 0
========================================================================
Received Import Request.
  Time since last request: 432.627445 seconds.
  path: Assets/Weapons/eretichable Technologies/Revolver Gun (Low Poly)/Meshes/Revolver_Bullet.fbx
  artifactKey: Guid(7570e4ba38bd1d544a6cf853896d01ee) Importer(815301076,1909f56bfc062723c751e8b465ee728b)
Start importing Assets/Weapons/eretichable Technologies/Revolver Gun (Low Poly)/Meshes/Revolver_Bullet.fbx using Guid(7570e4ba38bd1d544a6cf853896d01ee) Importer(815301076,1909f56bfc062723c751e8b465ee728b) (PreviewImporter) -> (artifact id: 'b6b7c53275d9e6256056d83e8d1487eb') in 1.0269599 seconds
Number of updated asset objects reloaded before import = 0Number of asset objects unloaded after import = 7

========================================================================
Received Import Request.
  Time since last request: 0.000036 seconds.
  path: Assets/Weapons/eretichable Technologies/Revolver Gun (Low Poly)/Textures/Revolver_green_camo.png
  artifactKey: Guid(bfec4e3715b8451468f0105307a06ebd) Importer(815301076,1909f56bfc062723c751e8b465ee728b)
Start importing Assets/Weapons/eretichable Technologies/Revolver Gun (Low Poly)/Textures/Revolver_green_camo.png using Guid(bfec4e3715b8451468f0105307a06ebd) Importer(815301076,1909f56bfc062723c751e8b465ee728b) (PreviewImporter) -> (artifact id: 'cef92ccf731d29fd26fb026b676da201') in 0.1316864 seconds
Number of updated asset objects reloaded before import = 0Number of asset objects unloaded after import = 2

========================================================================
Received Import Request.
  Time since last request: 0.000037 seconds.
  path: Assets/Weapons/eretichable Technologies/Revolver Gun (Low Poly)/Textures/Revolver_LP.png
  artifactKey: Guid(0c7957f45c8fa1f43a6579cf5ef2acd9) Importer(815301076,1909f56bfc062723c751e8b465ee728b)
Start importing Assets/Weapons/eretichable Technologies/Revolver Gun (Low Poly)/Textures/Revolver_LP.png using Guid(0c7957f45c8fa1f43a6579cf5ef2acd9) Importer(815301076,1909f56bfc062723c751e8b465ee728b) (PreviewImporter) -> (artifact id: '193f2c4320dc6ac5d899f21e2706a71d') in 0.0800005 seconds
Number of updated asset objects reloaded before import = 0Number of asset objects unloaded after import = 2

========================================================================
Received Import Request.
  Time since last request: 0.000026 seconds.
  path: Assets/Weapons/eretichable Technologies/Revolver Gun (Low Poly)/Meshes/Revolver_LP.fbx
  artifactKey: Guid(6940fd40d4e0300479ab2c3c4e65c5c2) Importer(815301076,1909f56bfc062723c751e8b465ee728b)
Start importing Assets/Weapons/eretichable Technologies/Revolver Gun (Low Poly)/Meshes/Revolver_LP.fbx using Guid(6940fd40d4e0300479ab2c3c4e65c5c2) Importer(815301076,1909f56bfc062723c751e8b465ee728b) (PreviewImporter) -> (artifact id: '3197f56a8620e88406ce83880e4c502d') in 0.1404408 seconds
Number of updated asset objects reloaded before import = 0Number of asset objects unloaded after import = 59

========================================================================
Received Prepare
Begin MonoManager ReloadAssembly
[Licensing::Client] Successfully resolved entitlement details
[Licensing::Module] License group:
  Id: F4-W4H8-9NJQ-FYFT-38SD-XXXX
  Product: Unity Personal
  Type: ULF
  Expiration: Unlimited
[Licensing::Module] License group:
  Id: 7971629442671-UnityPersXXXX
  Product: Unity Personal
  Type: Assigned
  Expiration: Unlimited
ADTM: Control thread waiting for realtime thread timed out, have to lock...
Symbol file LoadedFromMemory is not a mono symbol file
- Loaded All Assemblies, in  2.334 seconds
Refreshing native plugins compatible for Editor in 7.69 ms, found 2 plugins.
Native extension for WindowsStandalone target not found
[Package Manager] Failed to launch server process. Reason: Unity was launched with the -noUpm command-line argument
[Package Manager] Unable to send message (not connected to server process).
[Package Manager] Cannot connect to Unity Package Manager local server
Mono: successfully reloaded assembly
- Finished resetting the current domain, in  1.274 seconds
Domain Reload Profiling: 3604ms
	BeginReloadAssembly (1358ms)
		ExecutionOrderSort (0ms)
		DisableScriptedObjects (27ms)
		BackupInstance (0ms)
		ReleaseScriptingObjects (0ms)
		CreateAndSetChildDomain (1108ms)
	RebuildCommonClasses (50ms)
	RebuildNativeTypeToScriptingClass (20ms)
	initialDomainReloadingComplete (50ms)
	LoadAllAssembliesAndSetupDomain (852ms)
		LoadAssemblies (720ms)
		RebuildTransferFunctionScriptingTraits (0ms)
		AnalyzeDomain (280ms)
			TypeCache.Refresh (15ms)
				TypeCache.ScanAssembly (1ms)
			BuildScriptInfoCaches (248ms)
			ResolveRequiredComponents (13ms)
	FinalizeReload (1274ms)
		ReleaseScriptCaches (0ms)
		RebuildScriptCaches (0ms)
		SetupLoadedEditorAssemblies (1056ms)
			LogAssemblyErrors (0ms)
			InitializePlatformSupportModulesInManaged (3ms)
			SetLoadedEditorAssemblies (4ms)
			BeforeProcessingInitializeOnLoad (238ms)
			ProcessInitializeOnLoadAttributes (535ms)
			ProcessInitializeOnLoadMethodAttributes (261ms)
			AfterProcessingInitializeOnLoad (13ms)
			EditorAssembliesLoaded (1ms)
		ExecutionOrderSort2 (0ms)
		AwakeInstancesAfterBackupRestoration (27ms)
Shader 'WFX/Transparent Diffuse': fallback shader 'Particles/Alpha Blended' not found
Shader 'WFX/Transparent Specular': fallback shader 'Particles/Alpha Blended' not found
Refreshing native plugins compatible for Editor in 6.37 ms, found 2 plugins.
Preloading 0 native plugins for Editor in 0.00 ms.
Unloading 17 Unused Serialized files (Serialized files now loaded: 0)
Unloading 6088 unused Assets / (4.0 MB). Loaded Objects now: 7149.
Memory consumption went from 171.0 MB to 167.1 MB.
Total: 13.431600 ms (FindLiveObjects: 0.808100 ms CreateObjectMapping: 0.407100 ms MarkObjects: 10.357500 ms  DeleteObjects: 1.857000 ms)

Prepare: number of updated asset objects reloaded= 0
Editor requested this worker to shutdown with reason: Scaling down because of idle timeout
AssetImportWorker is now disconnected from the server
Process exiting
Exiting without the bug reporter. Application will terminate with return code 0