[Licensing::Module] Trying to connect to existing licensing client channel...
[Licensing::IpcConnector] Successfully connected to: "LicenseClient-6R9Ys1I47hzb8zxPdOKrd" at "2026-04-05T16:57:29.409433Z"
Built from '6000.3/staging' branch; Version is '6000.3.3f1 (ef04196de0d6) revision 15664153'; Using compiler version '194234433'; Build Type 'Release'
OS: 'Windows 10  (10.0.19045) 64bit Core' Language: 'en' Physical Memory: 16004 MB
BatchMode: 1, IsHumanControllingUs: 0, StartBugReporterOnCrash: 0, Is64bit: 1
Date: 2026-04-05T16:57:29Z
[Licensing::Client] Code 10 while verifying Licensing Client signature (process Id: 23960, path: "C:/Program Files/Unity Hub/UnityLicensingClient_V1/Unity.Licensing.Client.exe")
[Licensing::Module] LicensingClient has failed validation; ignoring
[Licensing::Client] Error: HandshakeResponse reported an error:
	ResponseCode: 505
	ResponseStatus: Unsupported protocol version '1.17.4'.
[Licensing::Module] Error: Failed to handshake to channel: "LicenseClient-6R9Ys1I47hzb8zxPdOKrd"
[Licensing::IpcConnector] LicenseClient-6R9Ys1I47hzb8zxPdOKrd channel disconnected successfully.
[Licensing::IpcConnector] Successfully connected to: "LicenseClient-Hopic-6000.3.3" at "2026-04-05T16:57:29.4715574Z"

COMMAND LINE ARGUMENTS:
C:\Program Files\Unity\Hub\Editor\6000.3.3f1\Editor\Unity.exe
-adb2
-batchMode
-noUpm
-name
AssetImportWorker27
-projectPath
E:/unity/maturitniprace/active/devGame
-logFile
Logs/AssetImportWorker27.log
-srvPort
60078
-licensingIpc
LicenseClient-6R9Ys1I47hzb8zxPdOKrd
-job-worker-count
7
-background-job-worker-count
8
-gc-helper-count
1
-name
AssetImport
Successfully changed project path to: E:/unity/maturitniprace/active/devGame
E:/unity/maturitniprace/active/devGame
[UnityMemory] Configuration Parameters - Can be set up in boot.config
    "memorysetup-temp-allocator-size-nav-mesh-worker=65536"
    "memorysetup-temp-allocator-size-audio-worker=65536"
    "memorysetup-temp-allocator-size-gfx=262144"
    "memorysetup-allocator-temp-initial-block-size-main=262144"
    "memorysetup-allocator-temp-initial-block-size-worker=262144"
    "memorysetup-temp-allocator-size-background-worker=32768"
    "memorysetup-temp-allocator-size-job-worker=262144"
    "memorysetup-temp-allocator-size-preload-manager=33554432"
    "memorysetup-temp-allocator-size-gi-baking-worker=262144"
    "memorysetup-temp-allocator-size-gi-baking-worker=262144"
    "memorysetup-temp-allocator-size-gi-baking-worker=262144"
    "memorysetup-temp-allocator-size-gi-baking-worker=262144"
    "memorysetup-temp-allocator-size-gi-baking-worker=262144"
    "memorysetup-bucket-allocator-granularity=16"
    "memorysetup-bucket-allocator-bucket-count=8"
    "memorysetup-bucket-allocator-block-size=33554432"
    "memorysetup-bucket-allocator-block-count=8"
    "memorysetup-main-allocator-block-size=16777216"
    "memorysetup-thread-allocator-block-size=16777216"
    "memorysetup-gfx-main-allocator-block-size=16777216"
    "memorysetup-gfx-thread-allocator-block-size=16777216"
    "memorysetup-cache-allocator-block-size=4194304"
    "memorysetup-typetree-allocator-block-size=2097152"
    "memorysetup-profiler-bucket-allocator-granularity=16"
    "memorysetup-profiler-bucket-allocator-bucket-count=8"
    "memorysetup-profiler-bucket-allocator-block-size=33554432"
    "memorysetup-profiler-bucket-allocator-block-count=8"
    "memorysetup-profiler-allocator-block-size=16777216"
    "memorysetup-profiler-editor-allocator-block-size=1048576"
    "memorysetup-temp-allocator-size-main=16777216"
    "memorysetup-job-temp-allocator-block-size=2097152"
    "memorysetup-job-temp-allocator-block-size-background=1048576"
    "memorysetup-job-temp-allocator-reduction-small-platforms=262144"
    "memorysetup-temp-allocator-size-cloud-worker=32768"
Player connection [19092]  Target information:

Player connection [19092]  * "[IP] 192.168.56.1 [Port] 0 [Flags] 2 [Guid] 3464650707 [EditorId] 3464650707 [Version] 1048832 [Id] WindowsEditor(7,DESKTOP-HOPICEKCZ) [Debug] 1 [PackageName] WindowsEditor [ProjectName] Editor" 

Player connection [19092]  * "[IP] 26.18.104.236 [Port] 0 [Flags] 2 [Guid] 3464650707 [EditorId] 3464650707 [Version] 1048832 [Id] WindowsEditor(7,DESKTOP-HOPICEKCZ) [Debug] 1 [PackageName] WindowsEditor [ProjectName] Editor" 

Player connection [19092]  * "[IP] 10.0.1.28 [Port] 0 [Flags] 2 [Guid] 3464650707 [EditorId] 3464650707 [Version] 1048832 [Id] WindowsEditor(7,DESKTOP-HOPICEKCZ) [Debug] 1 [PackageName] WindowsEditor [ProjectName] Editor" 

Player connection [19092] Host joined multi-casting on [225.0.0.222:54997]...
Player connection [19092] Host joined alternative multi-casting on [225.0.0.222:34997]...
JobSystem: Creating JobQueue using job-worker-count value 7
Input System module state changed to: Initialized.
[Physics::Module] Initialized fallback backend.
[Physics::Module] Id: 0xdecafbad
Library Redirect Path: Library/
[Physics::Module] Selected backend.
[Physics::Module] Name: PhysX
[Physics::Module] Id: 0xf2b8ea05
[Physics::Module] SDK Version: 4.1.2
[Physics::Module] Integration Version: 1.0.0
[Physics::Module] Threading Mode: Multi-Threaded
Refreshing native plugins compatible for Editor in 8.38 ms, found 2 plugins.
Preloading 0 native plugins for Editor in 0.00 ms.
Initialize engine version: 6000.3.3f1 (ef04196de0d6)
[Subsystems] Discovering subsystems at path C:/Program Files/Unity/Hub/Editor/6000.3.3f1/Editor/Data/Resources/UnitySubsystems
[Subsystems] Discovering subsystems at path E:/unity/maturitniprace/active/devGame/Assets
GfxDevice: creating device client; kGfxThreadingModeNonThreaded
Direct3D:
    Version:  Direct3D 11.0 [level 11.1]
    Renderer: NVIDIA GeForce RTX 3060 Laptop GPU (ID=0x2520)
    Vendor:   NVIDIA
    VRAM:     5994 MB
    Driver:   32.0.15.9597
Shader 'WFX/Transparent Diffuse': fallback shader 'Particles/Alpha Blended' not found
Shader 'WFX/Transparent Specular': fallback shader 'Particles/Alpha Blended' not found
Initialize mono
Mono path[0] = 'C:/Program Files/Unity/Hub/Editor/6000.3.3f1/Editor/Data/Managed'
Mono path[1] = 'C:/Program Files/Unity/Hub/Editor/6000.3.3f1/Editor/Data/MonoBleedingEdge/lib/mono/unityjit-win32'
Mono config path = 'C:/Program Files/Unity/Hub/Editor/6000.3.3f1/Editor/Data/MonoBleedingEdge/etc'
Using monoOptions --debugger-agent=transport=dt_socket,embedding=1,server=y,suspend=n,address=127.0.0.1:56836
Begin MonoManager ReloadAssembly
Registering precompiled unity dll's ...
Register platform support module: C:/Program Files/Unity/Hub/Editor/6000.3.3f1/Editor/Data/PlaybackEngines/WindowsStandaloneSupport/UnityEditor.WindowsStandalone.Extensions.dll
Registered in 0.017009 seconds.
- Loaded All Assemblies, in  0.950 seconds
Native extension for WindowsStandalone target not found
[Licensing::Client] Handshaking with LicensingClient:
  Version:                 1.17.4+4293ba1
  Session Id:              3fac628428e1449980b8f2f25d1b2349
  Correlation Id:          d69630c652239c9637f78763fce1e0d2
  External correlation Id: 2033970529178308348
  Machine Id:              4VB2xDT1CV9zqVbIIZWsGa/FyKA=
[Licensing::Module] Successfully connected to LicensingClient on channel: "LicenseClient-Hopic-6000.3.3" (connect: 0.00s, validation: 0.00s, handshake: 2.63s)
[Licensing::IpcConnector] Successfully connected to: "LicenseClient-Hopic-6000.3.3-notifications" at "2026-04-05T16:57:32.1032657Z"
[Licensing::Module] Licensing Background thread has ended after 2.69s
Mono: successfully reloaded assembly
- Finished resetting the current domain, in  0.879 seconds
Domain Reload Profiling: 1822ms
	BeginReloadAssembly (311ms)
		ExecutionOrderSort (0ms)
		DisableScriptedObjects (0ms)
		BackupInstance (0ms)
		ReleaseScriptingObjects (0ms)
		CreateAndSetChildDomain (1ms)
	RebuildCommonClasses (60ms)
	RebuildNativeTypeToScriptingClass (27ms)
	initialDomainReloadingComplete (128ms)
	LoadAllAssembliesAndSetupDomain (417ms)
		LoadAssemblies (301ms)
		RebuildTransferFunctionScriptingTraits (0ms)
		AnalyzeDomain (407ms)
			TypeCache.Refresh (404ms)
				TypeCache.ScanAssembly (382ms)
			BuildScriptInfoCaches (0ms)
			ResolveRequiredComponents (1ms)
	FinalizeReload (879ms)
		ReleaseScriptCaches (0ms)
		RebuildScriptCaches (0ms)
		SetupLoadedEditorAssemblies (783ms)
			LogAssemblyErrors (0ms)
			InitializePlatformSupportModulesInManaged (109ms)
			SetLoadedEditorAssemblies (4ms)
			BeforeProcessingInitializeOnLoad (233ms)
			ProcessInitializeOnLoadAttributes (287ms)
			ProcessInitializeOnLoadMethodAttributes (149ms)
			AfterProcessingInitializeOnLoad (0ms)
			EditorAssembliesLoaded (0ms)
		ExecutionOrderSort2 (0ms)
		AwakeInstancesAfterBackupRestoration (0ms)
========================================================================
Worker process is ready to serve import requests
Import Worker Mode flag is 0x00
Begin MonoManager ReloadAssembly
[Licensing::Client] Successfully resolved entitlement details
[Licensing::Module] License group:
  Id: F4-W4H8-9NJQ-FYFT-38SD-XXXX
  Product: Unity Personal
  Type: ULF
  Expiration: Unlimited
[Licensing::Module] License group:
  Id: 7971629442671-UnityPersXXXX
  Product: Unity Personal
  Type: Assigned
  Expiration: Unlimited
Symbol file LoadedFromMemory is not a mono symbol file
- Loaded All Assemblies, in  5.144 seconds
Refreshing native plugins compatible for Editor in 18.90 ms, found 2 plugins.
Native extension for WindowsStandalone target not found
Package Manager log level set to [2]
[Package Manager] Failed to launch server process. Reason: Unity was launched with the -noUpm command-line argument
[Package Manager] Unable to send message (not connected to server process).
[Package Manager] Cannot connect to Unity Package Manager local server
[MODES] ModeService[none].Initialize
[MODES] ModeService[none].LoadModes
[MODES] Loading mode Default (0) for mode-current-id-devGame
Refreshing native plugins compatible for Editor in 7.66 ms, found 2 plugins.
Your project uses Compatibility Mode, which disables the render graph system. Compatibility Mode is deprecated. Migrate your ScriptableRenderPasses to the Render Graph API instead. After you migrate, go to Edit > Project Settings > Player and remove the URP_COMPATIBILITY_MODE define from the Scripting Define Symbols. If you don't remove the define, build time and build size are slightly increased.
UnityEngine.Debug:ExtractStackTraceNoAlloc (byte*,int,string)
UnityEngine.StackTraceUtility:ExtractStackTrace ()
UnityEngine.DebugLogHandler:Internal_Log (UnityEngine.LogType,UnityEngine.LogOption,string,UnityEngine.Object)
UnityEngine.DebugLogHandler:LogFormat (UnityEngine.LogType,UnityEngine.Object,string,object[])
UnityEngine.Logger:Log (UnityEngine.LogType,object)
UnityEngine.Debug:LogWarning (object)
UnityEngine.Rendering.Universal.WarnUsingNonRenderGraph:EmitConsoleWarning () (at ./Library/PackageCache/com.unity.render-pipelines.universal@f70afd0d2146/Runtime/Data/UniversalRenderPipelineAsset.cs:440)
System.Reflection.RuntimeMethodInfo:Invoke (object,System.Reflection.BindingFlags,System.Reflection.Binder,object[],System.Globalization.CultureInfo)
System.Reflection.MethodBase:Invoke (object,object[])
UnityEditor.EditorAssemblies:ProcessInitializeOnLoadMethodAttributes ()

(Filename: ./Library/PackageCache/com.unity.render-pipelines.universal@f70afd0d2146/Runtime/Data/UniversalRenderPipelineAsset.cs Line: 440)

Mono: successfully reloaded assembly
- Finished resetting the current domain, in  2.423 seconds
Domain Reload Profiling: 7559ms
	BeginReloadAssembly (303ms)
		ExecutionOrderSort (0ms)
		DisableScriptedObjects (10ms)
		BackupInstance (0ms)
		ReleaseScriptingObjects (0ms)
		CreateAndSetChildDomain (45ms)
	RebuildCommonClasses (58ms)
	RebuildNativeTypeToScriptingClass (22ms)
	initialDomainReloadingComplete (72ms)
	LoadAllAssembliesAndSetupDomain (4681ms)
		LoadAssemblies (4415ms)
		RebuildTransferFunctionScriptingTraits (0ms)
		AnalyzeDomain (428ms)
			TypeCache.Refresh (319ms)
				TypeCache.ScanAssembly (293ms)
			BuildScriptInfoCaches (88ms)
			ResolveRequiredComponents (16ms)
	FinalizeReload (2424ms)
		ReleaseScriptCaches (0ms)
		RebuildScriptCaches (0ms)
		SetupLoadedEditorAssemblies (1333ms)
			LogAssemblyErrors (0ms)
			InitializePlatformSupportModulesInManaged (3ms)
			SetLoadedEditorAssemblies (5ms)
			BeforeProcessingInitializeOnLoad (305ms)
			ProcessInitializeOnLoadAttributes (699ms)
			ProcessInitializeOnLoadMethodAttributes (304ms)
			AfterProcessingInitializeOnLoad (16ms)
			EditorAssembliesLoaded (0ms)
		ExecutionOrderSort2 (0ms)
		AwakeInstancesAfterBackupRestoration (16ms)
Shader 'WFX/Transparent Diffuse': fallback shader 'Particles/Alpha Blended' not found
Shader 'WFX/Transparent Specular': fallback shader 'Particles/Alpha Blended' not found
Launched and connected shader compiler UnityShaderCompiler.exe after 0.04 seconds
Refreshing native plugins compatible for Editor in 9.61 ms, found 2 plugins.
Preloading 0 native plugins for Editor in 0.00 ms.
Unloading 17 Unused Serialized files (Serialized files now loaded: 0)
Unloading 6211 unused Assets / (4.6 MB). Loaded Objects now: 7056.
Memory consumption went from 262.2 MB to 257.6 MB.
Total: 20.451700 ms (FindLiveObjects: 1.176500 ms CreateObjectMapping: 0.537300 ms MarkObjects: 15.368700 ms  DeleteObjects: 3.367400 ms)

========================================================================
Received Import Request.
  Time since last request: 95317.563086 seconds.
  path: Assets/World/Environment/Prefabs/Custom/asset set/BarStool_low003.prefab
  artifactKey: Guid(fff75f2cf22b85043aca6a64382e5f63) Importer(815301076,1909f56bfc062723c751e8b465ee728b)
Start importing Assets/World/Environment/Prefabs/Custom/asset set/BarStool_low003.prefab using Guid(fff75f2cf22b85043aca6a64382e5f63) Importer(815301076,1909f56bfc062723c751e8b465ee728b) (PreviewImporter)CommandBuffer: temporary render texture  not found while executing  (Copy source)
UnityEngine.Debug:ExtractStackTraceNoAlloc (byte*,int,string)
UnityEngine.StackTraceUtility:ExtractStackTrace ()
UnityEngine.Rendering.ScriptableRenderContext:Submit ()
UnityEngine.Rendering.Universal.UniversalRenderPipeline:RenderSingleCamera (UnityEngine.Rendering.ScriptableRenderContext,UnityEngine.Rendering.Universal.UniversalCameraData) (at ./Library/PackageCache/com.unity.render-pipelines.universal@f70afd0d2146/Runtime/UniversalRenderPipeline.cs:921)
UnityEngine.Rendering.Universal.UniversalRenderPipeline:RenderSingleCameraInternal (UnityEngine.Rendering.ScriptableRenderContext,UnityEngine.Camera,UnityEngine.Rendering.Universal.UniversalAdditionalCameraData&,bool) (at ./Library/PackageCache/com.unity.render-pipelines.universal@f70afd0d2146/Runtime/UniversalRenderPipeline.cs:720)
UnityEngine.Rendering.Universal.UniversalRenderPipeline:RenderSingleCameraInternal (UnityEngine.Rendering.ScriptableRenderContext,UnityEngine.Camera,bool) (at ./Library/PackageCache/com.unity.render-pipelines.universal@f70afd0d2146/Runtime/UniversalRenderPipeline.cs:695)
UnityEngine.Rendering.Universal.UniversalRenderPipeline:Render (UnityEngine.Rendering.ScriptableRenderContext,System.Collections.Generic.List`1<UnityEngine.Camera>) (at ./Library/PackageCache/com.unity.render-pipelines.universal@f70afd0d2146/Runtime/UniversalRenderPipeline.cs:512)
UnityEngine.Rendering.RenderPipeline:InternalRender (UnityEngine.Rendering.ScriptableRenderContext,System.Collections.Generic.List`1<UnityEngine.Camera>)
UnityEngine.Rendering.RenderPipelineManager:DoRenderLoop_Internal (UnityEngine.Rendering.RenderPipelineAsset,intptr,UnityEngine.Object,Unity.Collections.LowLevel.Unsafe.AtomicSafetyHandle)
UnityEngine.Camera:Render ()
UnityEditor.PreviewRenderUtility:Render (bool,bool)
UnityEditor.GameObjectInspector:DoRenderPreview (UnityEditor.GameObjectInspector/PreviewData)
UnityEditor.GameObjectInspector:RenderStaticPreview (string,UnityEngine.Object[],int,int)
UnityEditor.AssetPreviewUpdater:CreatePreview (UnityEngine.Object,UnityEngine.Object[],string,int,int)
UnityEditor.AssetPreviewUpdater:CreatePreviewForAsset (UnityEngine.Object,UnityEngine.Object[],string)

[./Library/PackageCache/com.unity.render-pipelines.universal@f70afd0d2146/Runtime/UniversalRenderPipeline.cs line 921]

CommandBuffer: temporary render texture  not found while executing  (Copy destination)
UnityEngine.Debug:ExtractStackTraceNoAlloc (byte*,int,string)
UnityEngine.StackTraceUtility:ExtractStackTrace ()
UnityEngine.Rendering.ScriptableRenderContext:Submit ()
UnityEngine.Rendering.Universal.UniversalRenderPipeline:RenderSingleCamera (UnityEngine.Rendering.ScriptableRenderContext,UnityEngine.Rendering.Universal.UniversalCameraData) (at ./Library/PackageCache/com.unity.render-pipelines.universal@f70afd0d2146/Runtime/UniversalRenderPipeline.cs:921)
UnityEngine.Rendering.Universal.UniversalRenderPipeline:RenderSingleCameraInternal (UnityEngine.Rendering.ScriptableRenderContext,UnityEngine.Camera,UnityEngine.Rendering.Universal.UniversalAdditionalCameraData&,bool) (at ./Library/PackageCache/com.unity.render-pipelines.universal@f70afd0d2146/Runtime/UniversalRenderPipeline.cs:720)
UnityEngine.Rendering.Universal.UniversalRenderPipeline:RenderSingleCameraInternal (UnityEngine.Rendering.ScriptableRenderContext,UnityEngine.Camera,bool) (at ./Library/PackageCache/com.unity.render-pipelines.universal@f70afd0d2146/Runtime/UniversalRenderPipeline.cs:695)
UnityEngine.Rendering.Universal.UniversalRenderPipeline:Render (UnityEngine.Rendering.ScriptableRenderContext,System.Collections.Generic.List`1<UnityEngine.Camera>) (at ./Library/PackageCache/com.unity.render-pipelines.universal@f70afd0d2146/Runtime/UniversalRenderPipeline.cs:512)
UnityEngine.Rendering.RenderPipeline:InternalRender (UnityEngine.Rendering.ScriptableRenderContext,System.Collections.Generic.List`1<UnityEngine.Camera>)
UnityEngine.Rendering.RenderPipelineManager:DoRenderLoop_Internal (UnityEngine.Rendering.RenderPipelineAsset,intptr,UnityEngine.Object,Unity.Collections.LowLevel.Unsafe.AtomicSafetyHandle)
UnityEngine.Camera:Render ()
UnityEditor.PreviewRenderUtility:Render (bool,bool)
UnityEditor.GameObjectInspector:DoRenderPreview (UnityEditor.GameObjectInspector/PreviewData)
UnityEditor.GameObjectInspector:RenderStaticPreview (string,UnityEngine.Object[],int,int)
UnityEditor.AssetPreviewUpdater:CreatePreview (UnityEngine.Object,UnityEngine.Object[],string,int,int)
UnityEditor.AssetPreviewUpdater:CreatePreviewForAsset (UnityEngine.Object,UnityEngine.Object[],string)

[./Library/PackageCache/com.unity.render-pipelines.universal@f70afd0d2146/Runtime/UniversalRenderPipeline.cs line 921]

 -> (artifact id: 'c06a412039c478e1a4d12e286972963c') in 0.6989646 seconds
Number of updated asset objects reloaded before import = 0Number of asset objects unloaded after import = 606

========================================================================
Received Import Request.
  Time since last request: 2.253307 seconds.
  path: Assets/World/Environment/Prefabs/Custom/asset set/ChairBackRest_low006.prefab
  artifactKey: Guid(fee275a45773ba7459ee1a0c19b71b66) Importer(2089858483,b0f066a214c2f5e87bad3c948f4d605d)
Start importing Assets/World/Environment/Prefabs/Custom/asset set/ChairBackRest_low006.prefab using Guid(fee275a45773ba7459ee1a0c19b71b66) Importer(2089858483,b0f066a214c2f5e87bad3c948f4d605d) (ScriptedImporter) -> (artifact id: 'c9408da69a1a23b6ae1b4c1ca57feb15') in 0.1385955 seconds
Number of updated asset objects reloaded before import = 0Number of asset objects unloaded after import = 8

========================================================================
Received Import Request.
  Time since last request: 0.000057 seconds.
  path: Assets/World/Environment/Prefabs/Custom/asset set/ChairSeat_low007.prefab
  artifactKey: Guid(47cbe88c8994c664ba6d4dee1f924798) Importer(2089858483,b0f066a214c2f5e87bad3c948f4d605d)
Start importing Assets/World/Environment/Prefabs/Custom/asset set/ChairSeat_low007.prefab using Guid(47cbe88c8994c664ba6d4dee1f924798) Importer(2089858483,b0f066a214c2f5e87bad3c948f4d605d) (ScriptedImporter) -> (artifact id: '20c13c9ce21b806fb3a8a41e797ec831') in 0.0102439 seconds
Number of updated asset objects reloaded before import = 0Number of asset objects unloaded after import = 8

========================================================================
Received Import Request.
  Time since last request: 0.000034 seconds.
  path: Assets/World/Environment/Prefabs/Custom/asset set/WantedPoster2.prefab
  artifactKey: Guid(373806f2eb61c884ebafd2b970f9bdd2) Importer(2089858483,b0f066a214c2f5e87bad3c948f4d605d)
Start importing Assets/World/Environment/Prefabs/Custom/asset set/WantedPoster2.prefab using Guid(373806f2eb61c884ebafd2b970f9bdd2) Importer(2089858483,b0f066a214c2f5e87bad3c948f4d605d) (ScriptedImporter) -> (artifact id: '76d7b552900212cbdce71db4c832d6ff') in 0.0078724 seconds
Number of updated asset objects reloaded before import = 0Number of asset objects unloaded after import = 8

========================================================================
Received Import Request.
  Time since last request: 5.809290 seconds.
  path: Assets/World/Environment/Prefabs/Custom/asset set/RoundGlass_low007.prefab
  artifactKey: Guid(c0c3f0fd78b5d874db97e5bbf687a5a8) Importer(815301076,1909f56bfc062723c751e8b465ee728b)
Start importing Assets/World/Environment/Prefabs/Custom/asset set/RoundGlass_low007.prefab using Guid(c0c3f0fd78b5d874db97e5bbf687a5a8) Importer(815301076,1909f56bfc062723c751e8b465ee728b) (PreviewImporter) -> (artifact id: '1576fa7e43ce0d47a721d05c14dfdf2b') in 0.0470478 seconds
Number of updated asset objects reloaded before import = 0Number of asset objects unloaded after import = 606

========================================================================
Received Import Request.
  Time since last request: 0.000038 seconds.
  path: Assets/World/Environment/Prefabs/Custom/asset set/WantedPoster011.prefab
  artifactKey: Guid(696647e6364af6341a55145163b90c52) Importer(815301076,1909f56bfc062723c751e8b465ee728b)
Start importing Assets/World/Environment/Prefabs/Custom/asset set/WantedPoster011.prefab using Guid(696647e6364af6341a55145163b90c52) Importer(815301076,1909f56bfc062723c751e8b465ee728b) (PreviewImporter) -> (artifact id: '1341eafd8ced6f30ea9f04b0a10c38eb') in 0.0460878 seconds
Number of updated asset objects reloaded before import = 0Number of asset objects unloaded after import = 606

========================================================================
Received Import Request.
  Time since last request: 0.000036 seconds.
  path: Assets/World/Environment/Prefabs/Custom/asset set/SheriffBadgePin_low001.prefab
  artifactKey: Guid(ceaf65be9e4b0c94dab9d460f24b555f) Importer(815301076,1909f56bfc062723c751e8b465ee728b)
Start importing Assets/World/Environment/Prefabs/Custom/asset set/SheriffBadgePin_low001.prefab using Guid(ceaf65be9e4b0c94dab9d460f24b555f) Importer(815301076,1909f56bfc062723c751e8b465ee728b) (PreviewImporter) -> (artifact id: 'c3f86cba49514e2641bb009e74807a02') in 0.0381905 seconds
Number of updated asset objects reloaded before import = 0Number of asset objects unloaded after import = 606

========================================================================
Received Import Request.
  Time since last request: 0.000029 seconds.
  path: Assets/World/Environment/Prefabs/Custom/asset set/WantedBoard_low001.prefab
  artifactKey: Guid(e65473221c0058e43abf6acd60ca918f) Importer(815301076,1909f56bfc062723c751e8b465ee728b)
Start importing Assets/World/Environment/Prefabs/Custom/asset set/WantedBoard_low001.prefab using Guid(e65473221c0058e43abf6acd60ca918f) Importer(815301076,1909f56bfc062723c751e8b465ee728b) (PreviewImporter) -> (artifact id: '494184f94de7aa3cf39f647767cdfb29') in 0.0424637 seconds
Number of updated asset objects reloaded before import = 0Number of asset objects unloaded after import = 606

========================================================================
Received Import Request.
  Time since last request: 0.000032 seconds.
  path: Assets/World/Environment/Prefabs/Custom/asset set/WantedBoard_low.prefab
  artifactKey: Guid(9602dbfea5ac52c48b568cd0ee9694e4) Importer(815301076,1909f56bfc062723c751e8b465ee728b)
Start importing Assets/World/Environment/Prefabs/Custom/asset set/WantedBoard_low.prefab using Guid(9602dbfea5ac52c48b568cd0ee9694e4) Importer(815301076,1909f56bfc062723c751e8b465ee728b) (PreviewImporter) -> (artifact id: '382ae7d483e99e44566db0b0859e484f') in 0.0366467 seconds
Number of updated asset objects reloaded before import = 0Number of asset objects unloaded after import = 606

========================================================================
Received Import Request.
  Time since last request: 0.000044 seconds.
  path: Assets/World/Environment/Prefabs/Custom/asset set/WantedPoster2.prefab
  artifactKey: Guid(373806f2eb61c884ebafd2b970f9bdd2) Importer(815301076,1909f56bfc062723c751e8b465ee728b)
Start importing Assets/World/Environment/Prefabs/Custom/asset set/WantedPoster2.prefab using Guid(373806f2eb61c884ebafd2b970f9bdd2) Importer(815301076,1909f56bfc062723c751e8b465ee728b) (PreviewImporter) -> (artifact id: 'e3205be182185dd24ccc41173cb76c0b') in 0.0354772 seconds
Number of updated asset objects reloaded before import = 0Number of asset objects unloaded after import = 606

========================================================================
Received Import Request.
  Time since last request: 0.000036 seconds.
  path: Assets/World/Environment/Prefabs/Custom/asset set/SheriffHat_low001.prefab
  artifactKey: Guid(f2dca69605737fd43bee4763d7b7ace3) Importer(815301076,1909f56bfc062723c751e8b465ee728b)
Start importing Assets/World/Environment/Prefabs/Custom/asset set/SheriffHat_low001.prefab using Guid(f2dca69605737fd43bee4763d7b7ace3) Importer(815301076,1909f56bfc062723c751e8b465ee728b) (PreviewImporter) -> (artifact id: '3c5fc4d79a313e875ba779807dfc08da') in 0.0353124 seconds
Number of updated asset objects reloaded before import = 0Number of asset objects unloaded after import = 606

========================================================================
Received Import Request.
  Time since last request: 0.000033 seconds.
  path: Assets/World/Environment/Prefabs/Custom/asset set/WantedPoster010.prefab
  artifactKey: Guid(c304d11a6b1f481409ef4fb186669206) Importer(815301076,1909f56bfc062723c751e8b465ee728b)
Start importing Assets/World/Environment/Prefabs/Custom/asset set/WantedPoster010.prefab using Guid(c304d11a6b1f481409ef4fb186669206) Importer(815301076,1909f56bfc062723c751e8b465ee728b) (PreviewImporter) -> (artifact id: 'fcb0d5cf6626385b352c84ae11599683') in 0.0343996 seconds
Number of updated asset objects reloaded before import = 0Number of asset objects unloaded after import = 606

========================================================================
Received Import Request.
  Time since last request: 0.000042 seconds.
  path: Assets/World/Environment/Prefabs/Custom/asset set/WantedPoster3.prefab
  artifactKey: Guid(dcf3dede18adc164bb5709a468120a0b) Importer(815301076,1909f56bfc062723c751e8b465ee728b)
Start importing Assets/World/Environment/Prefabs/Custom/asset set/WantedPoster3.prefab using Guid(dcf3dede18adc164bb5709a468120a0b) Importer(815301076,1909f56bfc062723c751e8b465ee728b) (PreviewImporter) -> (artifact id: 'f6542683218c49c9eb2fc087cb18a5dd') in 0.0331273 seconds
Number of updated asset objects reloaded before import = 0Number of asset objects unloaded after import = 606

========================================================================
Received Import Request.
  Time since last request: 4.691860 seconds.
  path: Assets/World/Environment/Prefabs/Custom/asset set/Crate_low005.prefab
  artifactKey: Guid(42088531a9c25f545a604bfd96af842c) Importer(815301076,1909f56bfc062723c751e8b465ee728b)
Start importing Assets/World/Environment/Prefabs/Custom/asset set/Crate_low005.prefab using Guid(42088531a9c25f545a604bfd96af842c) Importer(815301076,1909f56bfc062723c751e8b465ee728b) (PreviewImporter) -> (artifact id: '3d6d156b24ff09c2a7df86eddf02feae') in 0.0958766 seconds
Number of updated asset objects reloaded before import = 0Number of asset objects unloaded after import = 606

========================================================================
Received Import Request.
  Time since last request: 0.000031 seconds.
  path: Assets/World/Environment/Prefabs/Custom/asset set/Shelf_low001.prefab
  artifactKey: Guid(ada932f7b6996944896d54fdb0ea17d3) Importer(815301076,1909f56bfc062723c751e8b465ee728b)
Start importing Assets/World/Environment/Prefabs/Custom/asset set/Shelf_low001.prefab using Guid(ada932f7b6996944896d54fdb0ea17d3) Importer(815301076,1909f56bfc062723c751e8b465ee728b) (PreviewImporter) -> (artifact id: '8f23b5d9d9adcb2168b2306684704461') in 0.0452009 seconds
Number of updated asset objects reloaded before import = 0Number of asset objects unloaded after import = 606

========================================================================
Received Import Request.
  Time since last request: 0.000051 seconds.
  path: Assets/World/Environment/Prefabs/Custom/asset set/KegSwitch_low.prefab
  artifactKey: Guid(2fa549176d0228440ad4132377c55445) Importer(815301076,1909f56bfc062723c751e8b465ee728b)
Start importing Assets/World/Environment/Prefabs/Custom/asset set/KegSwitch_low.prefab using Guid(2fa549176d0228440ad4132377c55445) Importer(815301076,1909f56bfc062723c751e8b465ee728b) (PreviewImporter) -> (artifact id: '0831e6e385379c643f5e5a51f17f1c61') in 0.0383674 seconds
Number of updated asset objects reloaded before import = 0Number of asset objects unloaded after import = 606

========================================================================
Received Import Request.
  Time since last request: 0.000032 seconds.
  path: Assets/World/Environment/Prefabs/Custom/asset set/SheriffBadge_low.prefab
  artifactKey: Guid(b75518ffcd425ae4f8ca185855cb393b) Importer(815301076,1909f56bfc062723c751e8b465ee728b)
Start importing Assets/World/Environment/Prefabs/Custom/asset set/SheriffBadge_low.prefab using Guid(b75518ffcd425ae4f8ca185855cb393b) Importer(815301076,1909f56bfc062723c751e8b465ee728b) (PreviewImporter) -> (artifact id: '78baad79b536c044e3c26cf9e3ae500b') in 0.0450063 seconds
Number of updated asset objects reloaded before import = 0Number of asset objects unloaded after import = 606

========================================================================
Received Import Request.
  Time since last request: 0.000035 seconds.
  path: Assets/World/Environment/Prefabs/Custom/asset set/WantedBoard_low001.prefab
  artifactKey: Guid(e65473221c0058e43abf6acd60ca918f) Importer(815301076,1909f56bfc062723c751e8b465ee728b)
Start importing Assets/World/Environment/Prefabs/Custom/asset set/WantedBoard_low001.prefab using Guid(e65473221c0058e43abf6acd60ca918f) Importer(815301076,1909f56bfc062723c751e8b465ee728b) (PreviewImporter) -> (artifact id: '67abf43683ad32d15648f2ced88c70ad') in 0.0453392 seconds
Number of updated asset objects reloaded before import = 0Number of asset objects unloaded after import = 606

========================================================================
Received Import Request.
  Time since last request: 0.000034 seconds.
  path: Assets/World/Environment/Prefabs/Custom/asset set/RoundGlass_low003.prefab
  artifactKey: Guid(40247f25390608840992d2857954a4fe) Importer(815301076,1909f56bfc062723c751e8b465ee728b)
Start importing Assets/World/Environment/Prefabs/Custom/asset set/RoundGlass_low003.prefab using Guid(40247f25390608840992d2857954a4fe) Importer(815301076,1909f56bfc062723c751e8b465ee728b) (PreviewImporter) -> (artifact id: 'bb1f20553e2bce8b7e74e2c4c6965804') in 0.0364557 seconds
Number of updated asset objects reloaded before import = 0Number of asset objects unloaded after import = 606

========================================================================
Received Import Request.
  Time since last request: 0.000040 seconds.
  path: Assets/World/Environment/Prefabs/Custom/asset set/Shelf_low.prefab
  artifactKey: Guid(d2f61852f3f0f61469a7fdd8da4915e0) Importer(815301076,1909f56bfc062723c751e8b465ee728b)
Start importing Assets/World/Environment/Prefabs/Custom/asset set/Shelf_low.prefab using Guid(d2f61852f3f0f61469a7fdd8da4915e0) Importer(815301076,1909f56bfc062723c751e8b465ee728b) (PreviewImporter) -> (artifact id: 'd334dd4c7ae3a3353f76c0f2b434f79c') in 0.0388861 seconds
Number of updated asset objects reloaded before import = 0Number of asset objects unloaded after import = 606

========================================================================
Received Import Request.
  Time since last request: 0.000038 seconds.
  path: Assets/World/Environment/Prefabs/Custom/asset set/WantedPoster2.prefab
  artifactKey: Guid(373806f2eb61c884ebafd2b970f9bdd2) Importer(815301076,1909f56bfc062723c751e8b465ee728b)
Start importing Assets/World/Environment/Prefabs/Custom/asset set/WantedPoster2.prefab using Guid(373806f2eb61c884ebafd2b970f9bdd2) Importer(815301076,1909f56bfc062723c751e8b465ee728b) (PreviewImporter) -> (artifact id: 'b1fad830da167e274d5de83d6379054e') in 0.0415033 seconds
Number of updated asset objects reloaded before import = 0Number of asset objects unloaded after import = 606

========================================================================
Received Import Request.
  Time since last request: 0.000036 seconds.
  path: Assets/World/Environment/Prefabs/Custom/asset set/Moonshine004_low001.prefab
  artifactKey: Guid(754f91351166cf34ab2480b7e720d060) Importer(815301076,1909f56bfc062723c751e8b465ee728b)
Start importing Assets/World/Environment/Prefabs/Custom/asset set/Moonshine004_low001.prefab using Guid(754f91351166cf34ab2480b7e720d060) Importer(815301076,1909f56bfc062723c751e8b465ee728b) (PreviewImporter) -> (artifact id: '816c32e5823c3303446f2a3866d59001') in 0.0388245 seconds
Number of updated asset objects reloaded before import = 0Number of asset objects unloaded after import = 606

========================================================================
Received Import Request.
  Time since last request: 0.000042 seconds.
  path: Assets/World/Environment/Prefabs/Custom/asset set/BarStool_low002.prefab
  artifactKey: Guid(30b07154c18fef247a84869e2abc2a75) Importer(2089858483,b0f066a214c2f5e87bad3c948f4d605d)
Start importing Assets/World/Environment/Prefabs/Custom/asset set/BarStool_low002.prefab using Guid(30b07154c18fef247a84869e2abc2a75) Importer(2089858483,b0f066a214c2f5e87bad3c948f4d605d) (ScriptedImporter) -> (artifact id: 'b1449aa3a48c3a80309ffb636350ca18') in 0.0087011 seconds
Number of updated asset objects reloaded before import = 0Number of asset objects unloaded after import = 8

========================================================================
Received Import Request.
  Time since last request: 0.000027 seconds.
  path: Assets/World/Environment/Prefabs/Custom/asset set/BarStool_low005.prefab
  artifactKey: Guid(4bcf2e7c3742e784c929cfe57caeca52) Importer(2089858483,b0f066a214c2f5e87bad3c948f4d605d)
Start importing Assets/World/Environment/Prefabs/Custom/asset set/BarStool_low005.prefab using Guid(4bcf2e7c3742e784c929cfe57caeca52) Importer(2089858483,b0f066a214c2f5e87bad3c948f4d605d) (ScriptedImporter) -> (artifact id: '96a7c1cc2d5237bf97200ce4050043e5') in 0.0085434 seconds
Number of updated asset objects reloaded before import = 0Number of asset objects unloaded after import = 8

========================================================================
Received Import Request.
  Time since last request: 0.000029 seconds.
  path: Assets/World/Environment/Prefabs/Custom/asset set/ChairLegs_low006.prefab
  artifactKey: Guid(6a27a57785a127d4faf64c932bf5affe) Importer(2089858483,b0f066a214c2f5e87bad3c948f4d605d)
Start importing Assets/World/Environment/Prefabs/Custom/asset set/ChairLegs_low006.prefab using Guid(6a27a57785a127d4faf64c932bf5affe) Importer(2089858483,b0f066a214c2f5e87bad3c948f4d605d) (ScriptedImporter) -> (artifact id: '92c7d0694711b90fa12542779bb49e98') in 0.0087351 seconds
Number of updated asset objects reloaded before import = 0Number of asset objects unloaded after import = 8

========================================================================
Received Import Request.
  Time since last request: 0.000039 seconds.
  path: Assets/World/Environment/Prefabs/Custom/asset set/ChairFeetRests_low005.prefab
  artifactKey: Guid(caa0b007cae4c314288dc4b8bca1b8b1) Importer(2089858483,b0f066a214c2f5e87bad3c948f4d605d)
Start importing Assets/World/Environment/Prefabs/Custom/asset set/ChairFeetRests_low005.prefab using Guid(caa0b007cae4c314288dc4b8bca1b8b1) Importer(2089858483,b0f066a214c2f5e87bad3c948f4d605d) (ScriptedImporter) -> (artifact id: '4325e4dc23b2137c3e525f192ffb9805') in 0.0087626 seconds
Number of updated asset objects reloaded before import = 0Number of asset objects unloaded after import = 8

========================================================================
Received Import Request.
  Time since last request: 0.000039 seconds.
  path: Assets/World/Environment/Prefabs/Custom/asset set/ChairSeat_low003.prefab
  artifactKey: Guid(f57494ca6cfb0834ba96109c4a5f9f82) Importer(2089858483,b0f066a214c2f5e87bad3c948f4d605d)
Start importing Assets/World/Environment/Prefabs/Custom/asset set/ChairSeat_low003.prefab using Guid(f57494ca6cfb0834ba96109c4a5f9f82) Importer(2089858483,b0f066a214c2f5e87bad3c948f4d605d) (ScriptedImporter) -> (artifact id: 'f09388ba1cd48d28d87a9b307bf449a1') in 0.0211781 seconds
Number of updated asset objects reloaded before import = 0Number of asset objects unloaded after import = 8

========================================================================
Received Import Request.
  Time since last request: 0.000039 seconds.
  path: Assets/World/Environment/Prefabs/Custom/asset set/AlcoholBottle008_low005.prefab
  artifactKey: Guid(ed5a6088a4144b640b436eb736734337) Importer(2089858483,b0f066a214c2f5e87bad3c948f4d605d)
Start importing Assets/World/Environment/Prefabs/Custom/asset set/AlcoholBottle008_low005.prefab using Guid(ed5a6088a4144b640b436eb736734337) Importer(2089858483,b0f066a214c2f5e87bad3c948f4d605d) (ScriptedImporter) -> (artifact id: 'fe5f4c7590882b4efed324cc81ca2291') in 0.0113754 seconds
Number of updated asset objects reloaded before import = 0Number of asset objects unloaded after import = 8

========================================================================
Received Import Request.
  Time since last request: 0.000023 seconds.
  path: Assets/World/Environment/Prefabs/Custom/asset set/WhiskyGlass_low002.prefab
  artifactKey: Guid(5126e3110bb3f3f41b5255b3c5939b30) Importer(2089858483,b0f066a214c2f5e87bad3c948f4d605d)
Start importing Assets/World/Environment/Prefabs/Custom/asset set/WhiskyGlass_low002.prefab using Guid(5126e3110bb3f3f41b5255b3c5939b30) Importer(2089858483,b0f066a214c2f5e87bad3c948f4d605d) (ScriptedImporter) -> (artifact id: '5f3abbc621f63194b7e166fefd54c3f4') in 0.0085592 seconds
Number of updated asset objects reloaded before import = 0Number of asset objects unloaded after import = 8

========================================================================
Received Import Request.
  Time since last request: 0.000028 seconds.
  path: Assets/World/Environment/Prefabs/Custom/asset set/BarStool_low.prefab
  artifactKey: Guid(d2a7dd015a408114ab1d5e1955b6997a) Importer(2089858483,b0f066a214c2f5e87bad3c948f4d605d)
Start importing Assets/World/Environment/Prefabs/Custom/asset set/BarStool_low.prefab using Guid(d2a7dd015a408114ab1d5e1955b6997a) Importer(2089858483,b0f066a214c2f5e87bad3c948f4d605d) (ScriptedImporter) -> (artifact id: '54286f64ade9e85b3e574ba3533b9463') in 0.0116427 seconds
Number of updated asset objects reloaded before import = 0Number of asset objects unloaded after import = 8

========================================================================
Received Import Request.
  Time since last request: 0.000048 seconds.
  path: Assets/World/Environment/Prefabs/Custom/asset set/OilLampHandle_low.prefab
  artifactKey: Guid(23b166e54f77d1f44baa638b0512d3f6) Importer(2089858483,b0f066a214c2f5e87bad3c948f4d605d)
Start importing Assets/World/Environment/Prefabs/Custom/asset set/OilLampHandle_low.prefab using Guid(23b166e54f77d1f44baa638b0512d3f6) Importer(2089858483,b0f066a214c2f5e87bad3c948f4d605d) (ScriptedImporter) -> (artifact id: 'c112f353ea94f8a0e4a757d25cbb425b') in 0.0091306 seconds
Number of updated asset objects reloaded before import = 0Number of asset objects unloaded after import = 8

========================================================================
Received Import Request.
  Time since last request: 0.000034 seconds.
  path: Assets/World/Environment/Prefabs/Custom/asset set/ChairLegs_low003.prefab
  artifactKey: Guid(b1d267a4b50c73f4c8fddbc337c41ecf) Importer(2089858483,b0f066a214c2f5e87bad3c948f4d605d)
Start importing Assets/World/Environment/Prefabs/Custom/asset set/ChairLegs_low003.prefab using Guid(b1d267a4b50c73f4c8fddbc337c41ecf) Importer(2089858483,b0f066a214c2f5e87bad3c948f4d605d) (ScriptedImporter) -> (artifact id: '6f5f3a86f608e1de07e13c2d45cd3a0e') in 0.0084681 seconds
Number of updated asset objects reloaded before import = 0Number of asset objects unloaded after import = 8

========================================================================
Received Import Request.
  Time since last request: 0.000033 seconds.
  path: Assets/World/Environment/Prefabs/Custom/asset set/WhiskyGlass_low003.prefab
  artifactKey: Guid(eab6293ff4ee87044a14c7702054bcea) Importer(2089858483,b0f066a214c2f5e87bad3c948f4d605d)
Start importing Assets/World/Environment/Prefabs/Custom/asset set/WhiskyGlass_low003.prefab using Guid(eab6293ff4ee87044a14c7702054bcea) Importer(2089858483,b0f066a214c2f5e87bad3c948f4d605d) (ScriptedImporter) -> (artifact id: '527d010cedcde2ad172f3473e54d5201') in 0.0093105 seconds
Number of updated asset objects reloaded before import = 0Number of asset objects unloaded after import = 8

========================================================================
Received Import Request.
  Time since last request: 0.000031 seconds.
  path: Assets/World/Environment/Prefabs/Custom/asset set/ChairBackRest_low004.prefab
  artifactKey: Guid(5c59861510c30ba44978370a4371788f) Importer(2089858483,b0f066a214c2f5e87bad3c948f4d605d)
Start importing Assets/World/Environment/Prefabs/Custom/asset set/ChairBackRest_low004.prefab using Guid(5c59861510c30ba44978370a4371788f) Importer(2089858483,b0f066a214c2f5e87bad3c948f4d605d) (ScriptedImporter) -> (artifact id: '18f5a7e40de85f7fc6a10ab1b477dad7') in 0.0094856 seconds
Number of updated asset objects reloaded before import = 0Number of asset objects unloaded after import = 8

========================================================================
Received Import Request.
  Time since last request: 0.000042 seconds.
  path: Assets/World/Environment/Prefabs/Custom/asset set/WhiskyGlass_low004.prefab
  artifactKey: Guid(2aa812e487ae7b1498b4faea2459448d) Importer(2089858483,b0f066a214c2f5e87bad3c948f4d605d)
Start importing Assets/World/Environment/Prefabs/Custom/asset set/WhiskyGlass_low004.prefab using Guid(2aa812e487ae7b1498b4faea2459448d) Importer(2089858483,b0f066a214c2f5e87bad3c948f4d605d) (ScriptedImporter) -> (artifact id: 'd06191adcb373ff84c94abb787f66c36') in 0.0093127 seconds
Number of updated asset objects reloaded before import = 0Number of asset objects unloaded after import = 8

========================================================================
Received Import Request.
  Time since last request: 0.000027 seconds.
  path: Assets/World/Environment/Prefabs/Custom/asset set/ChairFeetRests_low007.prefab
  artifactKey: Guid(fc8d6da92c12d044597fee6750ea315b) Importer(2089858483,b0f066a214c2f5e87bad3c948f4d605d)
Start importing Assets/World/Environment/Prefabs/Custom/asset set/ChairFeetRests_low007.prefab using Guid(fc8d6da92c12d044597fee6750ea315b) Importer(2089858483,b0f066a214c2f5e87bad3c948f4d605d) (ScriptedImporter) -> (artifact id: '7d1ceee7b12c2f160bdcc399d2072c3d') in 0.0091367 seconds
Number of updated asset objects reloaded before import = 0Number of asset objects unloaded after import = 8

========================================================================
Received Import Request.
  Time since last request: 0.000026 seconds.
  path: Assets/World/Environment/Prefabs/Custom/asset set/BullHornsRope_low.prefab
  artifactKey: Guid(e939300c1d26e8a48bd374f94a5837bd) Importer(2089858483,b0f066a214c2f5e87bad3c948f4d605d)
Start importing Assets/World/Environment/Prefabs/Custom/asset set/BullHornsRope_low.prefab using Guid(e939300c1d26e8a48bd374f94a5837bd) Importer(2089858483,b0f066a214c2f5e87bad3c948f4d605d) (ScriptedImporter) -> (artifact id: '8442872b36386e8c6c569546d562192f') in 0.0088707 seconds
Number of updated asset objects reloaded before import = 0Number of asset objects unloaded after import = 8

========================================================================
Received Import Request.
  Time since last request: 0.000025 seconds.
  path: Assets/World/Environment/Prefabs/Custom/asset set/WhiskyGlass_low005.prefab
  artifactKey: Guid(b2b0a07a0de52b9468277a12c8eadd43) Importer(2089858483,b0f066a214c2f5e87bad3c948f4d605d)
Start importing Assets/World/Environment/Prefabs/Custom/asset set/WhiskyGlass_low005.prefab using Guid(b2b0a07a0de52b9468277a12c8eadd43) Importer(2089858483,b0f066a214c2f5e87bad3c948f4d605d) (ScriptedImporter) -> (artifact id: '3321152569de7ae39c23378661724d0b') in 0.0099653 seconds
Number of updated asset objects reloaded before import = 0Number of asset objects unloaded after import = 8

========================================================================
Received Import Request.
  Time since last request: 0.000031 seconds.
  path: Assets/World/Environment/Prefabs/Custom/asset set/WhiskyGlass_low007.prefab
  artifactKey: Guid(e13ce46e36a34cd45a2dcf0afa34c91b) Importer(2089858483,b0f066a214c2f5e87bad3c948f4d605d)
Start importing Assets/World/Environment/Prefabs/Custom/asset set/WhiskyGlass_low007.prefab using Guid(e13ce46e36a34cd45a2dcf0afa34c91b) Importer(2089858483,b0f066a214c2f5e87bad3c948f4d605d) (ScriptedImporter) -> (artifact id: '367d628050963e56af57d020d02337ec') in 0.0097945 seconds
Number of updated asset objects reloaded before import = 0Number of asset objects unloaded after import = 8

========================================================================
Received Import Request.
  Time since last request: 0.000041 seconds.
  path: Assets/World/Environment/Prefabs/Custom/asset set/Crate_low005.prefab
  artifactKey: Guid(42088531a9c25f545a604bfd96af842c) Importer(2089858483,b0f066a214c2f5e87bad3c948f4d605d)
Start importing Assets/World/Environment/Prefabs/Custom/asset set/Crate_low005.prefab using Guid(42088531a9c25f545a604bfd96af842c) Importer(2089858483,b0f066a214c2f5e87bad3c948f4d605d) (ScriptedImporter) -> (artifact id: 'f2eb39871ee668321cf109317dceb0b0') in 0.0100571 seconds
Number of updated asset objects reloaded before import = 0Number of asset objects unloaded after import = 8

========================================================================
Received Import Request.
  Time since last request: 0.000025 seconds.
  path: Assets/World/Environment/Prefabs/Custom/asset set/ChairFeetRests_low008.prefab
  artifactKey: Guid(0d0ee9b0d0d57b84499a8bf01894f04e) Importer(2089858483,b0f066a214c2f5e87bad3c948f4d605d)
Start importing Assets/World/Environment/Prefabs/Custom/asset set/ChairFeetRests_low008.prefab using Guid(0d0ee9b0d0d57b84499a8bf01894f04e) Importer(2089858483,b0f066a214c2f5e87bad3c948f4d605d) (ScriptedImporter) -> (artifact id: 'ec017413ec5335c37cbf78ca85a0749f') in 0.0043377 seconds
Number of updated asset objects reloaded before import = 0Number of asset objects unloaded after import = 0

========================================================================
Received Import Request.
  Time since last request: 0.530975 seconds.
  path: Assets/World/Environment/Prefabs/Custom/asset set/Crate_low005.prefab
  artifactKey: Guid(42088531a9c25f545a604bfd96af842c) Importer(815301076,1909f56bfc062723c751e8b465ee728b)
Start importing Assets/World/Environment/Prefabs/Custom/asset set/Crate_low005.prefab using Guid(42088531a9c25f545a604bfd96af842c) Importer(815301076,1909f56bfc062723c751e8b465ee728b) (PreviewImporter) -> (artifact id: 'ea4abb8961cadcc31c742fc0ab034cb2') in 0.049623 seconds
Number of updated asset objects reloaded before import = 0Number of asset objects unloaded after import = 606

========================================================================
Received Import Request.
  Time since last request: 0.000029 seconds.
  path: Assets/World/Environment/Prefabs/Custom/asset set/Shelf_low001.prefab
  artifactKey: Guid(ada932f7b6996944896d54fdb0ea17d3) Importer(815301076,1909f56bfc062723c751e8b465ee728b)
Start importing Assets/World/Environment/Prefabs/Custom/asset set/Shelf_low001.prefab using Guid(ada932f7b6996944896d54fdb0ea17d3) Importer(815301076,1909f56bfc062723c751e8b465ee728b) (PreviewImporter) -> (artifact id: '0bb273e460cd355e2bf06e4cbbb54e70') in 0.0374452 seconds
Number of updated asset objects reloaded before import = 0Number of asset objects unloaded after import = 606

========================================================================
Received Import Request.
  Time since last request: 0.000029 seconds.
  path: Assets/World/Environment/Prefabs/Custom/asset set/WhiskyGlass_low006.prefab
  artifactKey: Guid(0b36f964ccab4a84f8e05783d556c3ce) Importer(815301076,1909f56bfc062723c751e8b465ee728b)
Start importing Assets/World/Environment/Prefabs/Custom/asset set/WhiskyGlass_low006.prefab using Guid(0b36f964ccab4a84f8e05783d556c3ce) Importer(815301076,1909f56bfc062723c751e8b465ee728b) (PreviewImporter) -> (artifact id: '7c310baf51765a05d8344503517f4d66') in 0.0367047 seconds
Number of updated asset objects reloaded before import = 0Number of asset objects unloaded after import = 606

========================================================================
Received Import Request.
  Time since last request: 0.000033 seconds.
  path: Assets/World/Environment/Prefabs/Custom/asset set/SheriffBadgePin_low001.prefab
  artifactKey: Guid(ceaf65be9e4b0c94dab9d460f24b555f) Importer(815301076,1909f56bfc062723c751e8b465ee728b)
Start importing Assets/World/Environment/Prefabs/Custom/asset set/SheriffBadgePin_low001.prefab using Guid(ceaf65be9e4b0c94dab9d460f24b555f) Importer(815301076,1909f56bfc062723c751e8b465ee728b) (PreviewImporter) -> (artifact id: '806ecafbf81fdcf7ed062a24aef5603b') in 0.039551 seconds
Number of updated asset objects reloaded before import = 0Number of asset objects unloaded after import = 606

========================================================================
Received Import Request.
  Time since last request: 0.000033 seconds.
  path: Assets/World/Environment/Prefabs/Custom/asset set/WantedPoster013.prefab
  artifactKey: Guid(4681a0e0e11994e4abae8ef969e433eb) Importer(815301076,1909f56bfc062723c751e8b465ee728b)
Start importing Assets/World/Environment/Prefabs/Custom/asset set/WantedPoster013.prefab using Guid(4681a0e0e11994e4abae8ef969e433eb) Importer(815301076,1909f56bfc062723c751e8b465ee728b) (PreviewImporter) -> (artifact id: 'eb5f3d291ea5298aa82f9a867f3ddd2d') in 0.0368229 seconds
Number of updated asset objects reloaded before import = 0Number of asset objects unloaded after import = 606

========================================================================
Received Import Request.
  Time since last request: 0.000038 seconds.
  path: Assets/World/Environment/Prefabs/Custom/asset set/RoundGlass_low003.prefab
  artifactKey: Guid(40247f25390608840992d2857954a4fe) Importer(815301076,1909f56bfc062723c751e8b465ee728b)
Start importing Assets/World/Environment/Prefabs/Custom/asset set/RoundGlass_low003.prefab using Guid(40247f25390608840992d2857954a4fe) Importer(815301076,1909f56bfc062723c751e8b465ee728b) (PreviewImporter) -> (artifact id: '8e3596ceb89d8683ddc947aa4eb62345') in 0.0392949 seconds
Number of updated asset objects reloaded before import = 0Number of asset objects unloaded after import = 606

========================================================================
Received Import Request.
  Time since last request: 0.000035 seconds.
  path: Assets/World/Environment/Prefabs/Custom/asset set/RoundGlass_low001.prefab
  artifactKey: Guid(d8d7a7fcbee3228478c2b9d611859c2f) Importer(815301076,1909f56bfc062723c751e8b465ee728b)
Start importing Assets/World/Environment/Prefabs/Custom/asset set/RoundGlass_low001.prefab using Guid(d8d7a7fcbee3228478c2b9d611859c2f) Importer(815301076,1909f56bfc062723c751e8b465ee728b) (PreviewImporter) -> (artifact id: '4a870d54405ad472df171bba38a7a183') in 0.0438845 seconds
Number of updated asset objects reloaded before import = 0Number of asset objects unloaded after import = 606

========================================================================
Received Import Request.
  Time since last request: 0.000031 seconds.
  path: Assets/World/Environment/Prefabs/Custom/asset set/KegTap_low.prefab
  artifactKey: Guid(db7d70a7c2392474999a71c7e6ce6bd5) Importer(815301076,1909f56bfc062723c751e8b465ee728b)
Start importing Assets/World/Environment/Prefabs/Custom/asset set/KegTap_low.prefab using Guid(db7d70a7c2392474999a71c7e6ce6bd5) Importer(815301076,1909f56bfc062723c751e8b465ee728b) (PreviewImporter) -> (artifact id: 'd500b64463e4bcb8a6ff3e065fb437fe') in 0.035816 seconds
Number of updated asset objects reloaded before import = 0Number of asset objects unloaded after import = 606

========================================================================
Received Import Request.
  Time since last request: 0.000035 seconds.
  path: Assets/World/Environment/Prefabs/Custom/asset set/WhiskyGlass_low002.prefab
  artifactKey: Guid(5126e3110bb3f3f41b5255b3c5939b30) Importer(815301076,1909f56bfc062723c751e8b465ee728b)
Start importing Assets/World/Environment/Prefabs/Custom/asset set/WhiskyGlass_low002.prefab using Guid(5126e3110bb3f3f41b5255b3c5939b30) Importer(815301076,1909f56bfc062723c751e8b465ee728b) (PreviewImporter) -> (artifact id: '28a60fcc848b9f48ce429e5ef53ba973') in 0.0368278 seconds
Number of updated asset objects reloaded before import = 0Number of asset objects unloaded after import = 606

========================================================================
Received Import Request.
  Time since last request: 0.000058 seconds.
  path: Assets/World/Environment/Prefabs/Custom/asset set/OilLamp_low.prefab
  artifactKey: Guid(c4af29fdf2758ba459fc42023468acc1) Importer(815301076,1909f56bfc062723c751e8b465ee728b)
Start importing Assets/World/Environment/Prefabs/Custom/asset set/OilLamp_low.prefab using Guid(c4af29fdf2758ba459fc42023468acc1) Importer(815301076,1909f56bfc062723c751e8b465ee728b) (PreviewImporter) -> (artifact id: '4c18387b86492424035e4dd77e17a084') in 0.0351 seconds
Number of updated asset objects reloaded before import = 0Number of asset objects unloaded after import = 606

========================================================================
Received Import Request.
  Time since last request: 0.000057 seconds.
  path: Assets/World/Environment/Prefabs/Custom/asset set/OilLampHandle_low.prefab
  artifactKey: Guid(23b166e54f77d1f44baa638b0512d3f6) Importer(815301076,1909f56bfc062723c751e8b465ee728b)
Start importing Assets/World/Environment/Prefabs/Custom/asset set/OilLampHandle_low.prefab using Guid(23b166e54f77d1f44baa638b0512d3f6) Importer(815301076,1909f56bfc062723c751e8b465ee728b) (PreviewImporter) -> (artifact id: '67a705503a2d26614511ac6baec9bc07') in 0.0373617 seconds
Number of updated asset objects reloaded before import = 0Number of asset objects unloaded after import = 606

========================================================================
Received Import Request.
  Time since last request: 0.000025 seconds.
  path: Assets/World/Environment/Prefabs/Custom/asset set/WantedPoster010.prefab
  artifactKey: Guid(c304d11a6b1f481409ef4fb186669206) Importer(815301076,1909f56bfc062723c751e8b465ee728b)
Start importing Assets/World/Environment/Prefabs/Custom/asset set/WantedPoster010.prefab using Guid(c304d11a6b1f481409ef4fb186669206) Importer(815301076,1909f56bfc062723c751e8b465ee728b) (PreviewImporter) -> (artifact id: 'c1dc54be6867612c5e293eb7c9234718') in 0.03604 seconds
Number of updated asset objects reloaded before import = 0Number of asset objects unloaded after import = 606

========================================================================
Received Import Request.
  Time since last request: 0.000024 seconds.
  path: Assets/World/Environment/Prefabs/Custom/asset set/WantedPoster012.prefab
  artifactKey: Guid(74618f53862c45d4683965474b28e0c6) Importer(815301076,1909f56bfc062723c751e8b465ee728b)
Start importing Assets/World/Environment/Prefabs/Custom/asset set/WantedPoster012.prefab using Guid(74618f53862c45d4683965474b28e0c6) Importer(815301076,1909f56bfc062723c751e8b465ee728b) (PreviewImporter) -> (artifact id: 'd3d81ef0cd6a2d5d791917f4d9f3d080') in 0.0365492 seconds
Number of updated asset objects reloaded before import = 0Number of asset objects unloaded after import = 606

========================================================================
Received Import Request.
  Time since last request: 1.189025 seconds.
  path: Assets/World/Environment/Prefabs/Custom/asset set/Keg_low.prefab
  artifactKey: Guid(bf95307609842644398246a107bfd460) Importer(815301076,1909f56bfc062723c751e8b465ee728b)
Start importing Assets/World/Environment/Prefabs/Custom/asset set/Keg_low.prefab using Guid(bf95307609842644398246a107bfd460) Importer(815301076,1909f56bfc062723c751e8b465ee728b) (PreviewImporter) -> (artifact id: 'c6f29e08d032530dabafd1909a28287a') in 0.0445446 seconds
Number of updated asset objects reloaded before import = 0Number of asset objects unloaded after import = 606

========================================================================
Received Import Request.
  Time since last request: 0.000028 seconds.
  path: Assets/World/Environment/Prefabs/Custom/asset set/WhiskyGlass_low005.prefab
  artifactKey: Guid(b2b0a07a0de52b9468277a12c8eadd43) Importer(815301076,1909f56bfc062723c751e8b465ee728b)
Start importing Assets/World/Environment/Prefabs/Custom/asset set/WhiskyGlass_low005.prefab using Guid(b2b0a07a0de52b9468277a12c8eadd43) Importer(815301076,1909f56bfc062723c751e8b465ee728b) (PreviewImporter) -> (artifact id: '5302797a4c0e81fd8dcc5db2e2bead34') in 0.045219 seconds
Number of updated asset objects reloaded before import = 0Number of asset objects unloaded after import = 606

========================================================================
Received Import Request.
  Time since last request: 0.000051 seconds.
  path: Assets/World/Environment/Prefabs/Custom/asset set/SheriffBadgeHook_low.prefab
  artifactKey: Guid(ad0c0e072dc810946b14061af195f945) Importer(815301076,1909f56bfc062723c751e8b465ee728b)
Start importing Assets/World/Environment/Prefabs/Custom/asset set/SheriffBadgeHook_low.prefab using Guid(ad0c0e072dc810946b14061af195f945) Importer(815301076,1909f56bfc062723c751e8b465ee728b) (PreviewImporter) -> (artifact id: '903d3a0af0a6eec7594e9b6314b8b60a') in 0.0377567 seconds
Number of updated asset objects reloaded before import = 0Number of asset objects unloaded after import = 606

========================================================================
Received Import Request.
  Time since last request: 0.000031 seconds.
  path: Assets/World/Environment/Prefabs/Custom/asset set/SheriffBadgePin_low001.prefab
  artifactKey: Guid(ceaf65be9e4b0c94dab9d460f24b555f) Importer(815301076,1909f56bfc062723c751e8b465ee728b)
Start importing Assets/World/Environment/Prefabs/Custom/asset set/SheriffBadgePin_low001.prefab using Guid(ceaf65be9e4b0c94dab9d460f24b555f) Importer(815301076,1909f56bfc062723c751e8b465ee728b) (PreviewImporter) -> (artifact id: 'af3f285e78d0e10b021bd710f3a07d47') in 0.0453755 seconds
Number of updated asset objects reloaded before import = 0Number of asset objects unloaded after import = 606

========================================================================
Received Import Request.
  Time since last request: 0.000030 seconds.
  path: Assets/World/Environment/Prefabs/Custom/asset set/ChairFeetRests_low003.prefab
  artifactKey: Guid(46a1febdd6f758049ae14fa836d3c5eb) Importer(815301076,1909f56bfc062723c751e8b465ee728b)
Start importing Assets/World/Environment/Prefabs/Custom/asset set/ChairFeetRests_low003.prefab using Guid(46a1febdd6f758049ae14fa836d3c5eb) Importer(815301076,1909f56bfc062723c751e8b465ee728b) (PreviewImporter) -> (artifact id: 'c585d907e8eb082a256a5be8f37ac23a') in 0.0547494 seconds
Number of updated asset objects reloaded before import = 0Number of asset objects unloaded after import = 606

========================================================================
Received Import Request.
  Time since last request: 0.000040 seconds.
  path: Assets/World/Environment/Prefabs/Custom/asset set/ChairBackRest_low005.prefab
  artifactKey: Guid(40c7b348de8500b4b92b8986235f0023) Importer(815301076,1909f56bfc062723c751e8b465ee728b)
Start importing Assets/World/Environment/Prefabs/Custom/asset set/ChairBackRest_low005.prefab using Guid(40c7b348de8500b4b92b8986235f0023) Importer(815301076,1909f56bfc062723c751e8b465ee728b) (PreviewImporter) -> (artifact id: '6f409b593590efd4cfb5a58975d9f70d') in 0.0479694 seconds
Number of updated asset objects reloaded before import = 0Number of asset objects unloaded after import = 606

========================================================================
Received Import Request.
  Time since last request: 0.000037 seconds.
  path: Assets/World/Environment/Prefabs/Custom/asset set/CandleHolder_low.prefab
  artifactKey: Guid(873b285bf76815d41971384ecdfd095c) Importer(815301076,1909f56bfc062723c751e8b465ee728b)
Start importing Assets/World/Environment/Prefabs/Custom/asset set/CandleHolder_low.prefab using Guid(873b285bf76815d41971384ecdfd095c) Importer(815301076,1909f56bfc062723c751e8b465ee728b) (PreviewImporter) -> (artifact id: '36650ecdbaf9010c216e8ad67bbca2f1') in 0.0406871 seconds
Number of updated asset objects reloaded before import = 0Number of asset objects unloaded after import = 606

========================================================================
Received Import Request.
  Time since last request: 0.000037 seconds.
  path: Assets/World/Environment/Prefabs/Custom/asset set/WantedBoard_low001.prefab
  artifactKey: Guid(e65473221c0058e43abf6acd60ca918f) Importer(815301076,1909f56bfc062723c751e8b465ee728b)
Start importing Assets/World/Environment/Prefabs/Custom/asset set/WantedBoard_low001.prefab using Guid(e65473221c0058e43abf6acd60ca918f) Importer(815301076,1909f56bfc062723c751e8b465ee728b) (PreviewImporter) -> (artifact id: '3e1845ee950d04f5fb426b09095dbcab') in 0.0392898 seconds
Number of updated asset objects reloaded before import = 0Number of asset objects unloaded after import = 606

========================================================================
Received Import Request.
  Time since last request: 0.000039 seconds.
  path: Assets/World/Environment/Prefabs/Custom/asset set/ChairFeetRests_low007.prefab
  artifactKey: Guid(fc8d6da92c12d044597fee6750ea315b) Importer(815301076,1909f56bfc062723c751e8b465ee728b)
Start importing Assets/World/Environment/Prefabs/Custom/asset set/ChairFeetRests_low007.prefab using Guid(fc8d6da92c12d044597fee6750ea315b) Importer(815301076,1909f56bfc062723c751e8b465ee728b) (PreviewImporter) -> (artifact id: '9e9d69bcd97017a5f3c36f302bf608cf') in 0.0415561 seconds
Number of updated asset objects reloaded before import = 0Number of asset objects unloaded after import = 606

========================================================================
Received Import Request.
  Time since last request: 0.000027 seconds.
  path: Assets/World/Environment/Prefabs/Custom/asset set/ChairSeat_low002.prefab
  artifactKey: Guid(a1e621e3c34d58c4e8ea37317070bf8c) Importer(815301076,1909f56bfc062723c751e8b465ee728b)
Start importing Assets/World/Environment/Prefabs/Custom/asset set/ChairSeat_low002.prefab using Guid(a1e621e3c34d58c4e8ea37317070bf8c) Importer(815301076,1909f56bfc062723c751e8b465ee728b) (PreviewImporter) -> (artifact id: '4ae49d873abb6376b9a937f98769901d') in 0.0380084 seconds
Number of updated asset objects reloaded before import = 0Number of asset objects unloaded after import = 606

========================================================================
Received Import Request.
  Time since last request: 0.000033 seconds.
  path: Assets/World/Environment/Prefabs/Custom/asset set/BullHorns_low.prefab
  artifactKey: Guid(934ef48e42fe0be4d9633aeae0fc580e) Importer(815301076,1909f56bfc062723c751e8b465ee728b)
Start importing Assets/World/Environment/Prefabs/Custom/asset set/BullHorns_low.prefab using Guid(934ef48e42fe0be4d9633aeae0fc580e) Importer(815301076,1909f56bfc062723c751e8b465ee728b) (PreviewImporter) -> (artifact id: 'adf78a72e3d52519c4b60d0dc879fd6a') in 0.0383529 seconds
Number of updated asset objects reloaded before import = 0Number of asset objects unloaded after import = 606

========================================================================
Received Import Request.
  Time since last request: 0.000043 seconds.
  path: Assets/World/Environment/Prefabs/Custom/asset set/ChairBackRest_low008.prefab
  artifactKey: Guid(1a9c6a8efba6aca4eb4b197a47b5aeca) Importer(815301076,1909f56bfc062723c751e8b465ee728b)
Start importing Assets/World/Environment/Prefabs/Custom/asset set/ChairBackRest_low008.prefab using Guid(1a9c6a8efba6aca4eb4b197a47b5aeca) Importer(815301076,1909f56bfc062723c751e8b465ee728b) (PreviewImporter) -> (artifact id: '9aabe21cbcc5a857a2c73351a2943f2b') in 0.045887 seconds
Number of updated asset objects reloaded before import = 0Number of asset objects unloaded after import = 606

========================================================================
Received Import Request.
  Time since last request: 0.000026 seconds.
  path: Assets/World/Environment/Prefabs/Custom/asset set/ChairBackRest_low007.prefab
  artifactKey: Guid(1130d6d68ee24a04d88f35eb2f22b5c6) Importer(815301076,1909f56bfc062723c751e8b465ee728b)
Start importing Assets/World/Environment/Prefabs/Custom/asset set/ChairBackRest_low007.prefab using Guid(1130d6d68ee24a04d88f35eb2f22b5c6) Importer(815301076,1909f56bfc062723c751e8b465ee728b) (PreviewImporter) -> (artifact id: '1de810156b24f22b12568346326307be') in 0.0392717 seconds
Number of updated asset objects reloaded before import = 0Number of asset objects unloaded after import = 606

========================================================================
Received Import Request.
  Time since last request: 0.000043 seconds.
  path: Assets/World/Environment/Prefabs/Custom/asset set/ChairFeetRests_low001.prefab
  artifactKey: Guid(8826ca77a648765458ac311fffe8f715) Importer(815301076,1909f56bfc062723c751e8b465ee728b)
Start importing Assets/World/Environment/Prefabs/Custom/asset set/ChairFeetRests_low001.prefab using Guid(8826ca77a648765458ac311fffe8f715) Importer(815301076,1909f56bfc062723c751e8b465ee728b) (PreviewImporter) -> (artifact id: '5c83ee0e206ecfcde6a31ee6e89961e7') in 0.0364958 seconds
Number of updated asset objects reloaded before import = 0Number of asset objects unloaded after import = 606

========================================================================
Received Import Request.
  Time since last request: 0.000039 seconds.
  path: Assets/World/Environment/Prefabs/Custom/asset set/RoundGlass_low001.prefab
  artifactKey: Guid(d8d7a7fcbee3228478c2b9d611859c2f) Importer(815301076,1909f56bfc062723c751e8b465ee728b)
Start importing Assets/World/Environment/Prefabs/Custom/asset set/RoundGlass_low001.prefab using Guid(d8d7a7fcbee3228478c2b9d611859c2f) Importer(815301076,1909f56bfc062723c751e8b465ee728b) (PreviewImporter) -> (artifact id: 'a85ee90a46f54595fff1d447fcc7d5ad') in 0.0376652 seconds
Number of updated asset objects reloaded before import = 0Number of asset objects unloaded after import = 606

========================================================================
Received Import Request.
  Time since last request: 0.000028 seconds.
  path: Assets/World/Environment/Prefabs/Custom/asset set/AlcoholBottle010_low001.prefab
  artifactKey: Guid(1efb78e06a5e241408c231909e0f9516) Importer(815301076,1909f56bfc062723c751e8b465ee728b)
Start importing Assets/World/Environment/Prefabs/Custom/asset set/AlcoholBottle010_low001.prefab using Guid(1efb78e06a5e241408c231909e0f9516) Importer(815301076,1909f56bfc062723c751e8b465ee728b) (PreviewImporter) -> (artifact id: '631c14e5274f14799668a19104d68e5d') in 0.0362761 seconds
Number of updated asset objects reloaded before import = 0Number of asset objects unloaded after import = 606

========================================================================
Received Import Request.
  Time since last request: 0.000028 seconds.
  path: Assets/World/Environment/Prefabs/Custom/asset set/Moonshine004_low.prefab
  artifactKey: Guid(ef1bbe33610c6104d8096d10f329338e) Importer(815301076,1909f56bfc062723c751e8b465ee728b)
Start importing Assets/World/Environment/Prefabs/Custom/asset set/Moonshine004_low.prefab using Guid(ef1bbe33610c6104d8096d10f329338e) Importer(815301076,1909f56bfc062723c751e8b465ee728b) (PreviewImporter) -> (artifact id: '30acabc192b06133f70e0fb7705cbbc6') in 0.0376337 seconds
Number of updated asset objects reloaded before import = 0Number of asset objects unloaded after import = 606

========================================================================
Received Import Request.
  Time since last request: 0.000029 seconds.
  path: Assets/World/Environment/Prefabs/Custom/asset set/Moonshine004_low001.prefab
  artifactKey: Guid(754f91351166cf34ab2480b7e720d060) Importer(815301076,1909f56bfc062723c751e8b465ee728b)
Start importing Assets/World/Environment/Prefabs/Custom/asset set/Moonshine004_low001.prefab using Guid(754f91351166cf34ab2480b7e720d060) Importer(815301076,1909f56bfc062723c751e8b465ee728b) (PreviewImporter) -> (artifact id: 'e72ac67fa94469729622bac3554fb20d') in 0.0360552 seconds
Number of updated asset objects reloaded before import = 0Number of asset objects unloaded after import = 606

========================================================================
Received Import Request.
  Time since last request: 0.000046 seconds.
  path: Assets/World/Environment/Prefabs/Custom/asset set/Crate_low002.prefab
  artifactKey: Guid(02d97d2e44330db4c901c79eeec9323f) Importer(815301076,1909f56bfc062723c751e8b465ee728b)
Start importing Assets/World/Environment/Prefabs/Custom/asset set/Crate_low002.prefab using Guid(02d97d2e44330db4c901c79eeec9323f) Importer(815301076,1909f56bfc062723c751e8b465ee728b) (PreviewImporter) -> (artifact id: 'bc39ea056433d1843052e8ae2d6078d7') in 0.052898 seconds
Number of updated asset objects reloaded before import = 0Number of asset objects unloaded after import = 606

========================================================================
Received Import Request.
  Time since last request: 0.000029 seconds.
  path: Assets/World/Environment/Prefabs/Custom/asset set/BarStool_low.prefab
  artifactKey: Guid(d2a7dd015a408114ab1d5e1955b6997a) Importer(815301076,1909f56bfc062723c751e8b465ee728b)
Start importing Assets/World/Environment/Prefabs/Custom/asset set/BarStool_low.prefab using Guid(d2a7dd015a408114ab1d5e1955b6997a) Importer(815301076,1909f56bfc062723c751e8b465ee728b) (PreviewImporter) -> (artifact id: '2645df30dbbc9442cea2a8d89c659891') in 0.040241 seconds
Number of updated asset objects reloaded before import = 0Number of asset objects unloaded after import = 606

========================================================================
Received Import Request.
  Time since last request: 0.000034 seconds.
  path: Assets/World/Environment/Prefabs/Custom/asset set/Barrel_low.prefab
  artifactKey: Guid(e1643345ac699a947893ca96ce104855) Importer(815301076,1909f56bfc062723c751e8b465ee728b)
Start importing Assets/World/Environment/Prefabs/Custom/asset set/Barrel_low.prefab using Guid(e1643345ac699a947893ca96ce104855) Importer(815301076,1909f56bfc062723c751e8b465ee728b) (PreviewImporter) -> (artifact id: 'f9f1ee88c77cd45d10169c580fb281ed') in 0.0395275 seconds
Number of updated asset objects reloaded before import = 0Number of asset objects unloaded after import = 606

========================================================================
Received Import Request.
  Time since last request: 0.000038 seconds.
  path: Assets/World/Environment/Prefabs/Custom/asset set/BullHornsRope_low.prefab
  artifactKey: Guid(e939300c1d26e8a48bd374f94a5837bd) Importer(815301076,1909f56bfc062723c751e8b465ee728b)
Start importing Assets/World/Environment/Prefabs/Custom/asset set/BullHornsRope_low.prefab using Guid(e939300c1d26e8a48bd374f94a5837bd) Importer(815301076,1909f56bfc062723c751e8b465ee728b) (PreviewImporter) -> (artifact id: 'cef1bff19bab96dab6efae6662e65207') in 0.036835 seconds
Number of updated asset objects reloaded before import = 0Number of asset objects unloaded after import = 606

========================================================================
Received Import Request.
  Time since last request: 0.000029 seconds.
  path: Assets/World/Environment/Prefabs/Custom/asset set/OilLamp_low.prefab
  artifactKey: Guid(c4af29fdf2758ba459fc42023468acc1) Importer(815301076,1909f56bfc062723c751e8b465ee728b)
Start importing Assets/World/Environment/Prefabs/Custom/asset set/OilLamp_low.prefab using Guid(c4af29fdf2758ba459fc42023468acc1) Importer(815301076,1909f56bfc062723c751e8b465ee728b) (PreviewImporter) -> (artifact id: 'bd9e6633dad517ee9d63b75213822037') in 0.0402039 seconds
Number of updated asset objects reloaded before import = 0Number of asset objects unloaded after import = 606

========================================================================
Received Import Request.
  Time since last request: 0.000026 seconds.
  path: Assets/World/Environment/Prefabs/Custom/asset set/Bar_low.prefab
  artifactKey: Guid(bd0921dd878d18f4da98f5bbcda56c35) Importer(815301076,1909f56bfc062723c751e8b465ee728b)
Start importing Assets/World/Environment/Prefabs/Custom/asset set/Bar_low.prefab using Guid(bd0921dd878d18f4da98f5bbcda56c35) Importer(815301076,1909f56bfc062723c751e8b465ee728b) (PreviewImporter) -> (artifact id: 'dafc3cbe210ca63a74b3f0809cce2a71') in 0.0387421 seconds
Number of updated asset objects reloaded before import = 0Number of asset objects unloaded after import = 606

========================================================================
Received Import Request.
  Time since last request: 0.000031 seconds.
  path: Assets/World/Environment/Prefabs/Custom/asset set/BullHornsBack_low.prefab
  artifactKey: Guid(6b101c8a8f048be4fbc96da834ac3d99) Importer(815301076,1909f56bfc062723c751e8b465ee728b)
Start importing Assets/World/Environment/Prefabs/Custom/asset set/BullHornsBack_low.prefab using Guid(6b101c8a8f048be4fbc96da834ac3d99) Importer(815301076,1909f56bfc062723c751e8b465ee728b) (PreviewImporter) -> (artifact id: '434cd173fa05ba18b8ba5eabe27c7000') in 0.0326425 seconds
Number of updated asset objects reloaded before import = 0Number of asset objects unloaded after import = 606

========================================================================
Received Import Request.
  Time since last request: 0.000038 seconds.
  path: Assets/World/Environment/Prefabs/Custom/asset set/RoundGlass_low007.prefab
  artifactKey: Guid(c0c3f0fd78b5d874db97e5bbf687a5a8) Importer(815301076,1909f56bfc062723c751e8b465ee728b)
Start importing Assets/World/Environment/Prefabs/Custom/asset set/RoundGlass_low007.prefab using Guid(c0c3f0fd78b5d874db97e5bbf687a5a8) Importer(815301076,1909f56bfc062723c751e8b465ee728b) (PreviewImporter) -> (artifact id: '0645bf8bc154df89ade615248e4da30c') in 0.036643 seconds
Number of updated asset objects reloaded before import = 0Number of asset objects unloaded after import = 606

========================================================================
Received Import Request.
  Time since last request: 0.000025 seconds.
  path: Assets/World/Environment/Prefabs/Custom/asset set/WantedPoster010.prefab
  artifactKey: Guid(c304d11a6b1f481409ef4fb186669206) Importer(815301076,1909f56bfc062723c751e8b465ee728b)
Start importing Assets/World/Environment/Prefabs/Custom/asset set/WantedPoster010.prefab using Guid(c304d11a6b1f481409ef4fb186669206) Importer(815301076,1909f56bfc062723c751e8b465ee728b) (PreviewImporter) -> (artifact id: '702af95745363972283d4113e9b3bfda') in 0.0393886 seconds
Number of updated asset objects reloaded before import = 0Number of asset objects unloaded after import = 606

========================================================================
Received Import Request.
  Time since last request: 0.000033 seconds.
  path: Assets/World/Environment/Prefabs/Custom/asset set/WantedPoster012.prefab
  artifactKey: Guid(74618f53862c45d4683965474b28e0c6) Importer(815301076,1909f56bfc062723c751e8b465ee728b)
Start importing Assets/World/Environment/Prefabs/Custom/asset set/WantedPoster012.prefab using Guid(74618f53862c45d4683965474b28e0c6) Importer(815301076,1909f56bfc062723c751e8b465ee728b) (PreviewImporter) -> (artifact id: '6dfb79837fddcdfebcf43436692cf9a2') in 0.0338697 seconds
Number of updated asset objects reloaded before import = 0Number of asset objects unloaded after import = 606

========================================================================
Received Import Request.
  Time since last request: 0.000042 seconds.
  path: Assets/World/Environment/Prefabs/Custom/asset set/BarStool_low003.prefab
  artifactKey: Guid(fff75f2cf22b85043aca6a64382e5f63) Importer(815301076,1909f56bfc062723c751e8b465ee728b)
Start importing Assets/World/Environment/Prefabs/Custom/asset set/BarStool_low003.prefab using Guid(fff75f2cf22b85043aca6a64382e5f63) Importer(815301076,1909f56bfc062723c751e8b465ee728b) (PreviewImporter) -> (artifact id: '6ff57467f94c8e42a969e7b80ecd4ce0') in 0.0375202 seconds
Number of updated asset objects reloaded before import = 0Number of asset objects unloaded after import = 606

========================================================================
Received Import Request.
  Time since last request: 2.765190 seconds.
  path: Assets/World/Environment/Prefabs/Custom/asset set/RoundGlass_low007.prefab
  artifactKey: Guid(c0c3f0fd78b5d874db97e5bbf687a5a8) Importer(2089858483,b0f066a214c2f5e87bad3c948f4d605d)
Start importing Assets/World/Environment/Prefabs/Custom/asset set/RoundGlass_low007.prefab using Guid(c0c3f0fd78b5d874db97e5bbf687a5a8) Importer(2089858483,b0f066a214c2f5e87bad3c948f4d605d) (ScriptedImporter) -> (artifact id: '45293d80b602ed09c867fe6e5f987ec0') in 0.0110664 seconds
Number of updated asset objects reloaded before import = 0Number of asset objects unloaded after import = 8

========================================================================
Received Import Request.
  Time since last request: 0.000030 seconds.
  path: Assets/World/Environment/Prefabs/Custom/asset set/BullHornsBack_low.prefab
  artifactKey: Guid(6b101c8a8f048be4fbc96da834ac3d99) Importer(2089858483,b0f066a214c2f5e87bad3c948f4d605d)
Start importing Assets/World/Environment/Prefabs/Custom/asset set/BullHornsBack_low.prefab using Guid(6b101c8a8f048be4fbc96da834ac3d99) Importer(2089858483,b0f066a214c2f5e87bad3c948f4d605d) (ScriptedImporter) -> (artifact id: 'e8deebdf5ed851ec9c87b1908f8574c6') in 0.011766 seconds
Number of updated asset objects reloaded before import = 0Number of asset objects unloaded after import = 8

========================================================================
Received Import Request.
  Time since last request: 0.000051 seconds.
  path: Assets/World/Environment/Prefabs/Custom/asset set/WhiskyGlass_low007.prefab
  artifactKey: Guid(e13ce46e36a34cd45a2dcf0afa34c91b) Importer(2089858483,b0f066a214c2f5e87bad3c948f4d605d)
Start importing Assets/World/Environment/Prefabs/Custom/asset set/WhiskyGlass_low007.prefab using Guid(e13ce46e36a34cd45a2dcf0afa34c91b) Importer(2089858483,b0f066a214c2f5e87bad3c948f4d605d) (ScriptedImporter) -> (artifact id: '283ccf44f400372f98f4088c2e22d05b') in 0.0102467 seconds
Number of updated asset objects reloaded before import = 0Number of asset objects unloaded after import = 8

========================================================================
Received Import Request.
  Time since last request: 0.000021 seconds.
  path: Assets/World/Environment/Prefabs/Custom/asset set/Crate_low005.prefab
  artifactKey: Guid(42088531a9c25f545a604bfd96af842c) Importer(2089858483,b0f066a214c2f5e87bad3c948f4d605d)
Start importing Assets/World/Environment/Prefabs/Custom/asset set/Crate_low005.prefab using Guid(42088531a9c25f545a604bfd96af842c) Importer(2089858483,b0f066a214c2f5e87bad3c948f4d605d) (ScriptedImporter) -> (artifact id: '6a4a9d671b930027575755924a349156') in 0.0134015 seconds
Number of updated asset objects reloaded before import = 0Number of asset objects unloaded after import = 8

========================================================================
Received Import Request.
  Time since last request: 0.000033 seconds.
  path: Assets/World/Environment/Prefabs/Custom/asset set/SheriffBadge_low.prefab
  artifactKey: Guid(b75518ffcd425ae4f8ca185855cb393b) Importer(2089858483,b0f066a214c2f5e87bad3c948f4d605d)
Start importing Assets/World/Environment/Prefabs/Custom/asset set/SheriffBadge_low.prefab using Guid(b75518ffcd425ae4f8ca185855cb393b) Importer(2089858483,b0f066a214c2f5e87bad3c948f4d605d) (ScriptedImporter) -> (artifact id: '75e2750b2892a36a324e12efcd73178e') in 0.0097422 seconds
Number of updated asset objects reloaded before import = 0Number of asset objects unloaded after import = 8

========================================================================
Received Import Request.
  Time since last request: 0.000030 seconds.
  path: Assets/World/Environment/Prefabs/Custom/asset set/ChairBackRest_low.prefab
  artifactKey: Guid(e66af02f1065dc843a9204ede16a85d0) Importer(2089858483,b0f066a214c2f5e87bad3c948f4d605d)
Start importing Assets/World/Environment/Prefabs/Custom/asset set/ChairBackRest_low.prefab using Guid(e66af02f1065dc843a9204ede16a85d0) Importer(2089858483,b0f066a214c2f5e87bad3c948f4d605d) (ScriptedImporter) -> (artifact id: '277c061c2c526ba7a0dd23ae615f5651') in 0.0190287 seconds
Number of updated asset objects reloaded before import = 0Number of asset objects unloaded after import = 8

========================================================================
Received Import Request.
  Time since last request: 0.000045 seconds.
  path: Assets/World/Environment/Prefabs/Custom/asset set/ChairFeetRests_low002.prefab
  artifactKey: Guid(4aa00cf2b5794ec408cc0ee9daed169e) Importer(2089858483,b0f066a214c2f5e87bad3c948f4d605d)
Start importing Assets/World/Environment/Prefabs/Custom/asset set/ChairFeetRests_low002.prefab using Guid(4aa00cf2b5794ec408cc0ee9daed169e) Importer(2089858483,b0f066a214c2f5e87bad3c948f4d605d) (ScriptedImporter) -> (artifact id: '730e814d0fcb9a706061e661d568e04b') in 0.0085366 seconds
Number of updated asset objects reloaded before import = 0Number of asset objects unloaded after import = 8

========================================================================
Received Import Request.
  Time since last request: 0.000031 seconds.
  path: Assets/World/Environment/Prefabs/Custom/asset set/CandleHolder_low.prefab
  artifactKey: Guid(873b285bf76815d41971384ecdfd095c) Importer(2089858483,b0f066a214c2f5e87bad3c948f4d605d)
Start importing Assets/World/Environment/Prefabs/Custom/asset set/CandleHolder_low.prefab using Guid(873b285bf76815d41971384ecdfd095c) Importer(2089858483,b0f066a214c2f5e87bad3c948f4d605d) (ScriptedImporter) -> (artifact id: '20bd281999071f8f38bf5b06a61c0a75') in 0.0095539 seconds
Number of updated asset objects reloaded before import = 0Number of asset objects unloaded after import = 8

========================================================================
Received Import Request.
  Time since last request: 0.000027 seconds.
  path: Assets/World/Environment/Prefabs/Custom/asset set/ChairFeetRests_low003.prefab
  artifactKey: Guid(46a1febdd6f758049ae14fa836d3c5eb) Importer(2089858483,b0f066a214c2f5e87bad3c948f4d605d)
Start importing Assets/World/Environment/Prefabs/Custom/asset set/ChairFeetRests_low003.prefab using Guid(46a1febdd6f758049ae14fa836d3c5eb) Importer(2089858483,b0f066a214c2f5e87bad3c948f4d605d) (ScriptedImporter) -> (artifact id: '97bbfa055f3f58099f14c7811c8319b4') in 0.0101071 seconds
Number of updated asset objects reloaded before import = 0Number of asset objects unloaded after import = 8

========================================================================
Received Import Request.
  Time since last request: 0.000032 seconds.
  path: Assets/World/Environment/Prefabs/Custom/asset set/SheriffBadgePin_low001.prefab
  artifactKey: Guid(ceaf65be9e4b0c94dab9d460f24b555f) Importer(2089858483,b0f066a214c2f5e87bad3c948f4d605d)
Start importing Assets/World/Environment/Prefabs/Custom/asset set/SheriffBadgePin_low001.prefab using Guid(ceaf65be9e4b0c94dab9d460f24b555f) Importer(2089858483,b0f066a214c2f5e87bad3c948f4d605d) (ScriptedImporter) -> (artifact id: '17f767eba4b93c466843721a006d001c') in 0.0093335 seconds
Number of updated asset objects reloaded before import = 0Number of asset objects unloaded after import = 8

========================================================================
Received Import Request.
  Time since last request: 0.000063 seconds.
  path: Assets/World/Environment/Prefabs/Custom/asset set/WhiskyGlass_low.prefab
  artifactKey: Guid(62f6d6a4d996e9d449ddef67d1f840d2) Importer(2089858483,b0f066a214c2f5e87bad3c948f4d605d)
Start importing Assets/World/Environment/Prefabs/Custom/asset set/WhiskyGlass_low.prefab using Guid(62f6d6a4d996e9d449ddef67d1f840d2) Importer(2089858483,b0f066a214c2f5e87bad3c948f4d605d) (ScriptedImporter) -> (artifact id: '5761f8d271199e6b764d4fa03f17749a') in 0.0109699 seconds
Number of updated asset objects reloaded before import = 0Number of asset objects unloaded after import = 8

========================================================================
Received Import Request.
  Time since last request: 0.000028 seconds.
  path: Assets/World/Environment/Prefabs/Custom/asset set/ChairSeat_low007.prefab
  artifactKey: Guid(47cbe88c8994c664ba6d4dee1f924798) Importer(2089858483,b0f066a214c2f5e87bad3c948f4d605d)
Start importing Assets/World/Environment/Prefabs/Custom/asset set/ChairSeat_low007.prefab using Guid(47cbe88c8994c664ba6d4dee1f924798) Importer(2089858483,b0f066a214c2f5e87bad3c948f4d605d) (ScriptedImporter) -> (artifact id: '3eabb60fa3e1134fb0dc4a456b04dc26') in 0.0089231 seconds
Number of updated asset objects reloaded before import = 0Number of asset objects unloaded after import = 8

========================================================================
Received Import Request.
  Time since last request: 0.000027 seconds.
  path: Assets/World/Environment/Prefabs/Custom/asset set/Crate_low003.prefab
  artifactKey: Guid(d0a022a001d17fd4e8e491b05c0aff29) Importer(2089858483,b0f066a214c2f5e87bad3c948f4d605d)
Start importing Assets/World/Environment/Prefabs/Custom/asset set/Crate_low003.prefab using Guid(d0a022a001d17fd4e8e491b05c0aff29) Importer(2089858483,b0f066a214c2f5e87bad3c948f4d605d) (ScriptedImporter) -> (artifact id: 'c1d2c89c162e3a5a7d962263cefc02d2') in 0.0093509 seconds
Number of updated asset objects reloaded before import = 0Number of asset objects unloaded after import = 8

========================================================================
Received Import Request.
  Time since last request: 0.000036 seconds.
  path: Assets/World/Environment/Prefabs/Custom/asset set/WantedPoster2.prefab
  artifactKey: Guid(373806f2eb61c884ebafd2b970f9bdd2) Importer(2089858483,b0f066a214c2f5e87bad3c948f4d605d)
Start importing Assets/World/Environment/Prefabs/Custom/asset set/WantedPoster2.prefab using Guid(373806f2eb61c884ebafd2b970f9bdd2) Importer(2089858483,b0f066a214c2f5e87bad3c948f4d605d) (ScriptedImporter) -> (artifact id: 'aeeaf46a5ed6936eccb1fccd1dcc09c5') in 0.0109264 seconds
Number of updated asset objects reloaded before import = 0Number of asset objects unloaded after import = 8

========================================================================
Received Import Request.
  Time since last request: 0.931922 seconds.
  path: Assets/World/Environment/Prefabs/Custom/asset set/AlcoholBottle008_low005.prefab
  artifactKey: Guid(ed5a6088a4144b640b436eb736734337) Importer(2089858483,b0f066a214c2f5e87bad3c948f4d605d)
Start importing Assets/World/Environment/Prefabs/Custom/asset set/AlcoholBottle008_low005.prefab using Guid(ed5a6088a4144b640b436eb736734337) Importer(2089858483,b0f066a214c2f5e87bad3c948f4d605d) (ScriptedImporter) -> (artifact id: 'e6876993c631d4da40ea04a1c1c3d354') in 0.0111291 seconds
Number of updated asset objects reloaded before import = 0Number of asset objects unloaded after import = 8

========================================================================
Received Import Request.
  Time since last request: 0.000039 seconds.
  path: Assets/World/Environment/Prefabs/Custom/asset set/ChairLegs_low007.prefab
  artifactKey: Guid(06312c66f2baf3d4c9c2903d3000fc06) Importer(2089858483,b0f066a214c2f5e87bad3c948f4d605d)
Start importing Assets/World/Environment/Prefabs/Custom/asset set/ChairLegs_low007.prefab using Guid(06312c66f2baf3d4c9c2903d3000fc06) Importer(2089858483,b0f066a214c2f5e87bad3c948f4d605d) (ScriptedImporter) -> (artifact id: '0a5964201aedf4b8f55dbd9ac5903e35') in 0.0111654 seconds
Number of updated asset objects reloaded before import = 0Number of asset objects unloaded after import = 8

========================================================================
Received Import Request.
  Time since last request: 0.000032 seconds.
  path: Assets/World/Environment/Prefabs/Custom/asset set/ChairSeat_low.prefab
  artifactKey: Guid(26f439b33c1402544ab2f6df66227e3e) Importer(2089858483,b0f066a214c2f5e87bad3c948f4d605d)
Start importing Assets/World/Environment/Prefabs/Custom/asset set/ChairSeat_low.prefab using Guid(26f439b33c1402544ab2f6df66227e3e) Importer(2089858483,b0f066a214c2f5e87bad3c948f4d605d) (ScriptedImporter) -> (artifact id: '26369f1561809b278bb0363eb86c78c0') in 0.0105438 seconds
Number of updated asset objects reloaded before import = 0Number of asset objects unloaded after import = 8

========================================================================
Received Import Request.
  Time since last request: 0.000041 seconds.
  path: Assets/World/Environment/Prefabs/Custom/asset set/SheriffBadgeHook_low.prefab
  artifactKey: Guid(ad0c0e072dc810946b14061af195f945) Importer(2089858483,b0f066a214c2f5e87bad3c948f4d605d)
Start importing Assets/World/Environment/Prefabs/Custom/asset set/SheriffBadgeHook_low.prefab using Guid(ad0c0e072dc810946b14061af195f945) Importer(2089858483,b0f066a214c2f5e87bad3c948f4d605d) (ScriptedImporter) -> (artifact id: '69916cddfa43163355cd91bc1b0cd89e') in 0.0105974 seconds
Number of updated asset objects reloaded before import = 0Number of asset objects unloaded after import = 8

========================================================================
Received Import Request.
  Time since last request: 0.000025 seconds.
  path: Assets/World/Environment/Prefabs/Custom/asset set/RoundGlass_low003.prefab
  artifactKey: Guid(40247f25390608840992d2857954a4fe) Importer(2089858483,b0f066a214c2f5e87bad3c948f4d605d)
Start importing Assets/World/Environment/Prefabs/Custom/asset set/RoundGlass_low003.prefab using Guid(40247f25390608840992d2857954a4fe) Importer(2089858483,b0f066a214c2f5e87bad3c948f4d605d) (ScriptedImporter) -> (artifact id: '3cdecff920480d5df810b29621368aa8') in 0.0098742 seconds
Number of updated asset objects reloaded before import = 0Number of asset objects unloaded after import = 8

========================================================================
Received Import Request.
  Time since last request: 0.000036 seconds.
  path: Assets/World/Environment/Prefabs/Custom/asset set/ChairSeat_low003.prefab
  artifactKey: Guid(f57494ca6cfb0834ba96109c4a5f9f82) Importer(2089858483,b0f066a214c2f5e87bad3c948f4d605d)
Start importing Assets/World/Environment/Prefabs/Custom/asset set/ChairSeat_low003.prefab using Guid(f57494ca6cfb0834ba96109c4a5f9f82) Importer(2089858483,b0f066a214c2f5e87bad3c948f4d605d) (ScriptedImporter) -> (artifact id: 'a500cb8d65bc8a2bcaf39ae9aaf42fc6') in 0.011005 seconds
Number of updated asset objects reloaded before import = 0Number of asset objects unloaded after import = 8

========================================================================
Received Import Request.
  Time since last request: 0.000033 seconds.
  path: Assets/World/Environment/Prefabs/Custom/asset set/BarStool_low.prefab
  artifactKey: Guid(d2a7dd015a408114ab1d5e1955b6997a) Importer(2089858483,b0f066a214c2f5e87bad3c948f4d605d)
Start importing Assets/World/Environment/Prefabs/Custom/asset set/BarStool_low.prefab using Guid(d2a7dd015a408114ab1d5e1955b6997a) Importer(2089858483,b0f066a214c2f5e87bad3c948f4d605d) (ScriptedImporter) -> (artifact id: '90209c4c23cf207f96c5a5ead3c2628e') in 0.009938 seconds
Number of updated asset objects reloaded before import = 0Number of asset objects unloaded after import = 8

========================================================================
Received Import Request.
  Time since last request: 0.000045 seconds.
  path: Assets/World/Environment/Prefabs/Custom/asset set/SheriffHat_low.prefab
  artifactKey: Guid(84b442dac94c467468c54d4a618a8d1f) Importer(2089858483,b0f066a214c2f5e87bad3c948f4d605d)
Start importing Assets/World/Environment/Prefabs/Custom/asset set/SheriffHat_low.prefab using Guid(84b442dac94c467468c54d4a618a8d1f) Importer(2089858483,b0f066a214c2f5e87bad3c948f4d605d) (ScriptedImporter) -> (artifact id: 'b5fe60149cdd5d530489290eafddf6a4') in 0.012626 seconds
Number of updated asset objects reloaded before import = 0Number of asset objects unloaded after import = 8

========================================================================
Received Import Request.
  Time since last request: 0.000039 seconds.
  path: Assets/World/Environment/Prefabs/Custom/asset set/PokerTable_low.prefab
  artifactKey: Guid(6e89caf0b94582344b8250f3d1c07913) Importer(2089858483,b0f066a214c2f5e87bad3c948f4d605d)
Start importing Assets/World/Environment/Prefabs/Custom/asset set/PokerTable_low.prefab using Guid(6e89caf0b94582344b8250f3d1c07913) Importer(2089858483,b0f066a214c2f5e87bad3c948f4d605d) (ScriptedImporter) -> (artifact id: '156ce1a9e1375ba62a88e26c8a119e5e') in 0.0116403 seconds
Number of updated asset objects reloaded before import = 0Number of asset objects unloaded after import = 8

========================================================================
Received Import Request.
  Time since last request: 0.000042 seconds.
  path: Assets/World/Environment/Prefabs/Custom/asset set/ChairLegs_low003.prefab
  artifactKey: Guid(b1d267a4b50c73f4c8fddbc337c41ecf) Importer(2089858483,b0f066a214c2f5e87bad3c948f4d605d)
Start importing Assets/World/Environment/Prefabs/Custom/asset set/ChairLegs_low003.prefab using Guid(b1d267a4b50c73f4c8fddbc337c41ecf) Importer(2089858483,b0f066a214c2f5e87bad3c948f4d605d) (ScriptedImporter) -> (artifact id: '67cb407b17de03c7f302ee1ffeaabbe4') in 0.010005 seconds
Number of updated asset objects reloaded before import = 0Number of asset objects unloaded after import = 8

========================================================================
Received Import Request.
  Time since last request: 0.000053 seconds.
  path: Assets/World/Environment/Prefabs/Custom/asset set/AlcoholBottle008_low001.prefab
  artifactKey: Guid(cf4809d0b8d4d4142a2158cda26f7b88) Importer(2089858483,b0f066a214c2f5e87bad3c948f4d605d)
Start importing Assets/World/Environment/Prefabs/Custom/asset set/AlcoholBottle008_low001.prefab using Guid(cf4809d0b8d4d4142a2158cda26f7b88) Importer(2089858483,b0f066a214c2f5e87bad3c948f4d605d) (ScriptedImporter) -> (artifact id: 'ff41f35b9996a41fc2bd86f9e312da61') in 0.0101999 seconds
Number of updated asset objects reloaded before import = 0Number of asset objects unloaded after import = 8

========================================================================
Received Import Request.
  Time since last request: 0.000054 seconds.
  path: Assets/World/Environment/Prefabs/Custom/asset set/ChairBackRest_low003.prefab
  artifactKey: Guid(5278de90b5b19a941a16fda5b001dba2) Importer(2089858483,b0f066a214c2f5e87bad3c948f4d605d)
Start importing Assets/World/Environment/Prefabs/Custom/asset set/ChairBackRest_low003.prefab using Guid(5278de90b5b19a941a16fda5b001dba2) Importer(2089858483,b0f066a214c2f5e87bad3c948f4d605d) (ScriptedImporter) -> (artifact id: 'ca736d918f53bcb08bb273fe78b60cc8') in 0.012161 seconds
Number of updated asset objects reloaded before import = 0Number of asset objects unloaded after import = 8

========================================================================
Received Import Request.
  Time since last request: 0.000025 seconds.
  path: Assets/World/Environment/Prefabs/Custom/asset set/BarStool_low004.prefab
  artifactKey: Guid(b4ea61a4eb466554ba3f429225b6a4ac) Importer(2089858483,b0f066a214c2f5e87bad3c948f4d605d)
Start importing Assets/World/Environment/Prefabs/Custom/asset set/BarStool_low004.prefab using Guid(b4ea61a4eb466554ba3f429225b6a4ac) Importer(2089858483,b0f066a214c2f5e87bad3c948f4d605d) (ScriptedImporter) -> (artifact id: 'e31fe1e391718864ed129b662edcc1fb') in 0.0117838 seconds
Number of updated asset objects reloaded before import = 0Number of asset objects unloaded after import = 8

========================================================================
Received Import Request.
  Time since last request: 0.000025 seconds.
  path: Assets/World/Environment/Prefabs/Custom/asset set/RoundGlass_low004.prefab
  artifactKey: Guid(8fc9f78cf10d29a4c81a25a35f2f7a48) Importer(2089858483,b0f066a214c2f5e87bad3c948f4d605d)
Start importing Assets/World/Environment/Prefabs/Custom/asset set/RoundGlass_low004.prefab using Guid(8fc9f78cf10d29a4c81a25a35f2f7a48) Importer(2089858483,b0f066a214c2f5e87bad3c948f4d605d) (ScriptedImporter) -> (artifact id: 'd2fed166331d95f287ad9c2be1d45f13') in 0.0106127 seconds
Number of updated asset objects reloaded before import = 0Number of asset objects unloaded after import = 8

========================================================================
Received Import Request.
  Time since last request: 22.696627 seconds.
  path: Assets/World/Environment/Prefabs/Custom/asset set/Keg_low.prefab
  artifactKey: Guid(bf95307609842644398246a107bfd460) Importer(815301076,1909f56bfc062723c751e8b465ee728b)
Start importing Assets/World/Environment/Prefabs/Custom/asset set/Keg_low.prefab using Guid(bf95307609842644398246a107bfd460) Importer(815301076,1909f56bfc062723c751e8b465ee728b) (PreviewImporter) -> (artifact id: '6d29a867d853a54267f871a5f1cbbe02') in 0.0700576 seconds
Number of updated asset objects reloaded before import = 0Number of asset objects unloaded after import = 606

========================================================================
Received Import Request.
  Time since last request: 0.000030 seconds.
  path: Assets/World/Environment/Prefabs/Custom/asset set/WantedPoster1.prefab
  artifactKey: Guid(ec12ef2c1f934174eaea00265be132d2) Importer(815301076,1909f56bfc062723c751e8b465ee728b)
Start importing Assets/World/Environment/Prefabs/Custom/asset set/WantedPoster1.prefab using Guid(ec12ef2c1f934174eaea00265be132d2) Importer(815301076,1909f56bfc062723c751e8b465ee728b) (PreviewImporter) -> (artifact id: 'ecf64f5d233aa0b01672116d3e12aa20') in 0.0511734 seconds
Number of updated asset objects reloaded before import = 0Number of asset objects unloaded after import = 606

========================================================================
Received Import Request.
  Time since last request: 0.000028 seconds.
  path: Assets/World/Environment/Prefabs/Custom/asset set/WhiskyGlass_low006.prefab
  artifactKey: Guid(0b36f964ccab4a84f8e05783d556c3ce) Importer(815301076,1909f56bfc062723c751e8b465ee728b)
Start importing Assets/World/Environment/Prefabs/Custom/asset set/WhiskyGlass_low006.prefab using Guid(0b36f964ccab4a84f8e05783d556c3ce) Importer(815301076,1909f56bfc062723c751e8b465ee728b) (PreviewImporter) -> (artifact id: '2c31ab6ce2f22ae7058ff0a5db6641d2') in 0.0368763 seconds
Number of updated asset objects reloaded before import = 0Number of asset objects unloaded after import = 606

========================================================================
Received Import Request.
  Time since last request: 0.000044 seconds.
  path: Assets/World/Environment/Prefabs/Custom/asset set/SheriffBadge_low.prefab
  artifactKey: Guid(b75518ffcd425ae4f8ca185855cb393b) Importer(815301076,1909f56bfc062723c751e8b465ee728b)
Start importing Assets/World/Environment/Prefabs/Custom/asset set/SheriffBadge_low.prefab using Guid(b75518ffcd425ae4f8ca185855cb393b) Importer(815301076,1909f56bfc062723c751e8b465ee728b) (PreviewImporter) -> (artifact id: '5d409cb91ab888462ed9e8cd39ba9c6a') in 0.0381858 seconds
Number of updated asset objects reloaded before import = 0Number of asset objects unloaded after import = 606

========================================================================
Received Import Request.
  Time since last request: 0.000026 seconds.
  path: Assets/World/Environment/Prefabs/Custom/asset set/SheriffHat_low.prefab
  artifactKey: Guid(84b442dac94c467468c54d4a618a8d1f) Importer(815301076,1909f56bfc062723c751e8b465ee728b)
Start importing Assets/World/Environment/Prefabs/Custom/asset set/SheriffHat_low.prefab using Guid(84b442dac94c467468c54d4a618a8d1f) Importer(815301076,1909f56bfc062723c751e8b465ee728b) (PreviewImporter) -> (artifact id: '7b3cdc70ea8634ac2320bd55d0cd88b0') in 0.0413761 seconds
Number of updated asset objects reloaded before import = 0Number of asset objects unloaded after import = 606

========================================================================
Received Import Request.
  Time since last request: 0.000028 seconds.
  path: Assets/World/Environment/Prefabs/Custom/asset set/WantedPoster013.prefab
  artifactKey: Guid(4681a0e0e11994e4abae8ef969e433eb) Importer(815301076,1909f56bfc062723c751e8b465ee728b)
Start importing Assets/World/Environment/Prefabs/Custom/asset set/WantedPoster013.prefab using Guid(4681a0e0e11994e4abae8ef969e433eb) Importer(815301076,1909f56bfc062723c751e8b465ee728b) (PreviewImporter) -> (artifact id: '7ecc5c297842b80be7d57738e137dcc9') in 0.0328912 seconds
Number of updated asset objects reloaded before import = 0Number of asset objects unloaded after import = 606

========================================================================
Received Import Request.
  Time since last request: 0.000037 seconds.
  path: Assets/World/Environment/Prefabs/Custom/asset set/StandardTable_low.prefab
  artifactKey: Guid(24b311b07ecb3844bbe0cd8aa664a591) Importer(815301076,1909f56bfc062723c751e8b465ee728b)
Start importing Assets/World/Environment/Prefabs/Custom/asset set/StandardTable_low.prefab using Guid(24b311b07ecb3844bbe0cd8aa664a591) Importer(815301076,1909f56bfc062723c751e8b465ee728b) (PreviewImporter) -> (artifact id: '6d94bd4020fd5aa0544660b83cc7599b') in 0.0338463 seconds
Number of updated asset objects reloaded before import = 0Number of asset objects unloaded after import = 606

========================================================================
Received Import Request.
  Time since last request: 0.000023 seconds.
  path: Assets/World/Environment/Prefabs/Custom/asset set/WantedPoster4.prefab
  artifactKey: Guid(3eaecb7f3375fe744ab01eae2c5f3630) Importer(815301076,1909f56bfc062723c751e8b465ee728b)
Start importing Assets/World/Environment/Prefabs/Custom/asset set/WantedPoster4.prefab using Guid(3eaecb7f3375fe744ab01eae2c5f3630) Importer(815301076,1909f56bfc062723c751e8b465ee728b) (PreviewImporter) -> (artifact id: '87553a98aed70303f788d5fe9769cedf') in 0.033455 seconds
Number of updated asset objects reloaded before import = 0Number of asset objects unloaded after import = 606

========================================================================
Received Import Request.
  Time since last request: 0.000032 seconds.
  path: Assets/World/Environment/Prefabs/Custom/asset set/KegTap_low.prefab
  artifactKey: Guid(db7d70a7c2392474999a71c7e6ce6bd5) Importer(815301076,1909f56bfc062723c751e8b465ee728b)
Start importing Assets/World/Environment/Prefabs/Custom/asset set/KegTap_low.prefab using Guid(db7d70a7c2392474999a71c7e6ce6bd5) Importer(815301076,1909f56bfc062723c751e8b465ee728b) (PreviewImporter) -> (artifact id: '105812945bcf1cf96279cbb9a1375a21') in 0.0333804 seconds
Number of updated asset objects reloaded before import = 0Number of asset objects unloaded after import = 606

========================================================================
Received Import Request.
  Time since last request: 0.000025 seconds.
  path: Assets/World/Environment/Prefabs/Custom/asset set/WhiskyGlass_low002.prefab
  artifactKey: Guid(5126e3110bb3f3f41b5255b3c5939b30) Importer(815301076,1909f56bfc062723c751e8b465ee728b)
Start importing Assets/World/Environment/Prefabs/Custom/asset set/WhiskyGlass_low002.prefab using Guid(5126e3110bb3f3f41b5255b3c5939b30) Importer(815301076,1909f56bfc062723c751e8b465ee728b) (PreviewImporter) -> (artifact id: '45c74e638dd9663b74fe56683922fa3e') in 0.0328216 seconds
Number of updated asset objects reloaded before import = 0Number of asset objects unloaded after import = 606

========================================================================
Received Import Request.
  Time since last request: 0.000043 seconds.
  path: Assets/World/Environment/Prefabs/Custom/asset set/RoundGlass_low004.prefab
  artifactKey: Guid(8fc9f78cf10d29a4c81a25a35f2f7a48) Importer(815301076,1909f56bfc062723c751e8b465ee728b)
Start importing Assets/World/Environment/Prefabs/Custom/asset set/RoundGlass_low004.prefab using Guid(8fc9f78cf10d29a4c81a25a35f2f7a48) Importer(815301076,1909f56bfc062723c751e8b465ee728b) (PreviewImporter) -> (artifact id: '62f742c1235cec885c06d2e77116e7f8') in 0.0342876 seconds
Number of updated asset objects reloaded before import = 0Number of asset objects unloaded after import = 606

========================================================================
Received Import Request.
  Time since last request: 0.000025 seconds.
  path: Assets/World/Environment/Prefabs/Custom/asset set/SheriffBadge_low001.prefab
  artifactKey: Guid(85f0fcf1e0a283445aa9ebc673436e8f) Importer(815301076,1909f56bfc062723c751e8b465ee728b)
Start importing Assets/World/Environment/Prefabs/Custom/asset set/SheriffBadge_low001.prefab using Guid(85f0fcf1e0a283445aa9ebc673436e8f) Importer(815301076,1909f56bfc062723c751e8b465ee728b) (PreviewImporter) -> (artifact id: '44dd444ee2979dbeea1585ad06253b6e') in 0.0327305 seconds
Number of updated asset objects reloaded before import = 0Number of asset objects unloaded after import = 606

========================================================================
Received Import Request.
  Time since last request: 0.000027 seconds.
  path: Assets/World/Environment/Prefabs/Custom/asset set/WantedPoster010.prefab
  artifactKey: Guid(c304d11a6b1f481409ef4fb186669206) Importer(815301076,1909f56bfc062723c751e8b465ee728b)
Start importing Assets/World/Environment/Prefabs/Custom/asset set/WantedPoster010.prefab using Guid(c304d11a6b1f481409ef4fb186669206) Importer(815301076,1909f56bfc062723c751e8b465ee728b) (PreviewImporter) -> (artifact id: '19b539a74bf130fb1fae2082e87f6c01') in 0.0318335 seconds
Number of updated asset objects reloaded before import = 0Number of asset objects unloaded after import = 606

========================================================================
Received Import Request.
  Time since last request: 0.000030 seconds.
  path: Assets/World/Environment/Prefabs/Custom/asset set/WantedPoster3.prefab
  artifactKey: Guid(dcf3dede18adc164bb5709a468120a0b) Importer(815301076,1909f56bfc062723c751e8b465ee728b)
Start importing Assets/World/Environment/Prefabs/Custom/asset set/WantedPoster3.prefab using Guid(dcf3dede18adc164bb5709a468120a0b) Importer(815301076,1909f56bfc062723c751e8b465ee728b) (PreviewImporter) -> (artifact id: 'f3f2ba4f3cccf864ff1c353b099fa8f0') in 0.0281324 seconds
Number of updated asset objects reloaded before import = 0Number of asset objects unloaded after import = 606

========================================================================
Received Import Request.
  Time since last request: 0.737944 seconds.
  path: Assets/World/Environment/Prefabs/Custom/asset set/Crate_low002.prefab
  artifactKey: Guid(02d97d2e44330db4c901c79eeec9323f) Importer(2089858483,b0f066a214c2f5e87bad3c948f4d605d)
Start importing Assets/World/Environment/Prefabs/Custom/asset set/Crate_low002.prefab using Guid(02d97d2e44330db4c901c79eeec9323f) Importer(2089858483,b0f066a214c2f5e87bad3c948f4d605d) (ScriptedImporter) -> (artifact id: '0dff70f1c32ba01e708f25ee78385a79') in 0.00883 seconds
Number of updated asset objects reloaded before import = 0Number of asset objects unloaded after import = 8

========================================================================
Received Import Request.
  Time since last request: 0.000021 seconds.
  path: Assets/World/Environment/Prefabs/Custom/asset set/ChairLegs_low007.prefab
  artifactKey: Guid(06312c66f2baf3d4c9c2903d3000fc06) Importer(2089858483,b0f066a214c2f5e87bad3c948f4d605d)
Start importing Assets/World/Environment/Prefabs/Custom/asset set/ChairLegs_low007.prefab using Guid(06312c66f2baf3d4c9c2903d3000fc06) Importer(2089858483,b0f066a214c2f5e87bad3c948f4d605d) (ScriptedImporter) -> (artifact id: '00000000000000000000000000000000') in 0.0093978 seconds
Import Error Code:(4)
Message: Build asset version error: assets/world/environment/prefabs/custom/asset set/chairlegs_low007.prefab in SourceAssetDB has modification time of '2026-04-05T16:58:39.1886725Z' while content on disk has modification time of '2026-04-05T16:58:41.9535924Z'
  ERROR: Build asset version error: assets/world/environment/prefabs/custom/asset set/chairlegs_low007.prefab in SourceAssetDB has modification time of '2026-04-05T16:58:39.1886725Z' while content on disk has modification time of '2026-04-05T16:58:41.9535924Z'
Number of updated asset objects reloaded before import = 0Number of asset objects unloaded after import = 2

========================================================================
Received Import Request.
  Time since last request: 0.000026 seconds.
  path: Assets/World/Environment/Prefabs/Custom/asset set/ChairSeat_low005.prefab
  artifactKey: Guid(ca1d3710f2e3f21479d16398bb740368) Importer(2089858483,b0f066a214c2f5e87bad3c948f4d605d)
Start importing Assets/World/Environment/Prefabs/Custom/asset set/ChairSeat_low005.prefab using Guid(ca1d3710f2e3f21479d16398bb740368) Importer(2089858483,b0f066a214c2f5e87bad3c948f4d605d) (ScriptedImporter) -> (artifact id: '00000000000000000000000000000000') in 0.0086606 seconds
Import Error Code:(4)
Message: Build asset version error: assets/world/environment/prefabs/custom/asset set/chairseat_low005.prefab in SourceAssetDB has modification time of '2026-04-05T16:58:39.1851768Z' while content on disk has modification time of '2026-04-05T16:58:41.9486095Z'
  ERROR: Build asset version error: assets/world/environment/prefabs/custom/asset set/chairseat_low005.prefab in SourceAssetDB has modification time of '2026-04-05T16:58:39.1851768Z' while content on disk has modification time of '2026-04-05T16:58:41.9486095Z'
Number of updated asset objects reloaded before import = 0Number of asset objects unloaded after import = 2

========================================================================
Received Import Request.
  Time since last request: 0.000039 seconds.
  path: Assets/World/Environment/Prefabs/Custom/asset set/WhiskyGlass_low001.prefab
  artifactKey: Guid(8b00f8bac4866b148baaeffb07e8feb2) Importer(2089858483,b0f066a214c2f5e87bad3c948f4d605d)
Start importing Assets/World/Environment/Prefabs/Custom/asset set/WhiskyGlass_low001.prefab using Guid(8b00f8bac4866b148baaeffb07e8feb2) Importer(2089858483,b0f066a214c2f5e87bad3c948f4d605d) (ScriptedImporter) -> (artifact id: 'b5c4892b72f7ac97539fc3ac73cd2015') in 0.0038838 seconds
Number of updated asset objects reloaded before import = 0Number of asset objects unloaded after import = 0

========================================================================
Received Import Request.
  Time since last request: 0.363364 seconds.
  path: Assets/World/Environment/Prefabs/Custom/asset set/Keg_low.prefab
  artifactKey: Guid(bf95307609842644398246a107bfd460) Importer(815301076,1909f56bfc062723c751e8b465ee728b)
Start importing Assets/World/Environment/Prefabs/Custom/asset set/Keg_low.prefab using Guid(bf95307609842644398246a107bfd460) Importer(815301076,1909f56bfc062723c751e8b465ee728b) (PreviewImporter) -> (artifact id: '1f72a3a38a3149ea60c2535241613775') in 0.049334 seconds
Number of updated asset objects reloaded before import = 0Number of asset objects unloaded after import = 606

========================================================================
Received Import Request.
  Time since last request: 0.000028 seconds.
  path: Assets/World/Environment/Prefabs/Custom/asset set/WhiskyGlass_low005.prefab
  artifactKey: Guid(b2b0a07a0de52b9468277a12c8eadd43) Importer(815301076,1909f56bfc062723c751e8b465ee728b)
Start importing Assets/World/Environment/Prefabs/Custom/asset set/WhiskyGlass_low005.prefab using Guid(b2b0a07a0de52b9468277a12c8eadd43) Importer(815301076,1909f56bfc062723c751e8b465ee728b) (PreviewImporter) -> (artifact id: 'b55a017ef23da893465e076c8fdc4f9b') in 0.042333 seconds
Number of updated asset objects reloaded before import = 0Number of asset objects unloaded after import = 606

========================================================================
Received Import Request.
  Time since last request: 0.000032 seconds.
  path: Assets/World/Environment/Prefabs/Custom/asset set/WhiskyGlass_low006.prefab
  artifactKey: Guid(0b36f964ccab4a84f8e05783d556c3ce) Importer(815301076,1909f56bfc062723c751e8b465ee728b)
Start importing Assets/World/Environment/Prefabs/Custom/asset set/WhiskyGlass_low006.prefab using Guid(0b36f964ccab4a84f8e05783d556c3ce) Importer(815301076,1909f56bfc062723c751e8b465ee728b) (PreviewImporter) -> (artifact id: 'e977e76066cf4a2a603bb0002317d01d') in 0.0396469 seconds
Number of updated asset objects reloaded before import = 0Number of asset objects unloaded after import = 606

========================================================================
Received Import Request.
  Time since last request: 0.000038 seconds.
  path: Assets/World/Environment/Prefabs/Custom/asset set/RoundGlass_low006.prefab
  artifactKey: Guid(49e32d247d0dd774a8528b515e7f4bc5) Importer(815301076,1909f56bfc062723c751e8b465ee728b)
Start importing Assets/World/Environment/Prefabs/Custom/asset set/RoundGlass_low006.prefab using Guid(49e32d247d0dd774a8528b515e7f4bc5) Importer(815301076,1909f56bfc062723c751e8b465ee728b) (PreviewImporter) -> (artifact id: 'b54b2e2773b548f5a30aea21582a71e0') in 0.036247 seconds
Number of updated asset objects reloaded before import = 0Number of asset objects unloaded after import = 606

========================================================================
Received Import Request.
  Time since last request: 0.000026 seconds.
  path: Assets/World/Environment/Prefabs/Custom/asset set/WhiskyGlass_low004.prefab
  artifactKey: Guid(2aa812e487ae7b1498b4faea2459448d) Importer(815301076,1909f56bfc062723c751e8b465ee728b)
Start importing Assets/World/Environment/Prefabs/Custom/asset set/WhiskyGlass_low004.prefab using Guid(2aa812e487ae7b1498b4faea2459448d) Importer(815301076,1909f56bfc062723c751e8b465ee728b) (PreviewImporter) -> (artifact id: '77fdc19b9103f312d2b6f2b752309a54') in 0.0371033 seconds
Number of updated asset objects reloaded before import = 0Number of asset objects unloaded after import = 606

========================================================================
Received Import Request.
  Time since last request: 0.000026 seconds.
  path: Assets/World/Environment/Prefabs/Custom/asset set/WantedPoster013.prefab
  artifactKey: Guid(4681a0e0e11994e4abae8ef969e433eb) Importer(815301076,1909f56bfc062723c751e8b465ee728b)
Start importing Assets/World/Environment/Prefabs/Custom/asset set/WantedPoster013.prefab using Guid(4681a0e0e11994e4abae8ef969e433eb) Importer(815301076,1909f56bfc062723c751e8b465ee728b) (PreviewImporter) -> (artifact id: '77784c29ac30333f12b95f1c7db9150a') in 0.0384545 seconds
Number of updated asset objects reloaded before import = 0Number of asset objects unloaded after import = 606

========================================================================
Received Import Request.
  Time since last request: 0.000031 seconds.
  path: Assets/World/Environment/Prefabs/Custom/asset set/StandardTable_low.prefab
  artifactKey: Guid(24b311b07ecb3844bbe0cd8aa664a591) Importer(815301076,1909f56bfc062723c751e8b465ee728b)
Start importing Assets/World/Environment/Prefabs/Custom/asset set/StandardTable_low.prefab using Guid(24b311b07ecb3844bbe0cd8aa664a591) Importer(815301076,1909f56bfc062723c751e8b465ee728b) (PreviewImporter) -> (artifact id: '56865a2ee63e1ad8146d047595c61266') in 0.0348752 seconds
Number of updated asset objects reloaded before import = 0Number of asset objects unloaded after import = 606

========================================================================
Received Import Request.
  Time since last request: 0.000042 seconds.
  path: Assets/World/Environment/Prefabs/Custom/asset set/ChairLegs_low006.prefab
  artifactKey: Guid(6a27a57785a127d4faf64c932bf5affe) Importer(815301076,1909f56bfc062723c751e8b465ee728b)
Start importing Assets/World/Environment/Prefabs/Custom/asset set/ChairLegs_low006.prefab using Guid(6a27a57785a127d4faf64c932bf5affe) Importer(815301076,1909f56bfc062723c751e8b465ee728b) (PreviewImporter) -> (artifact id: '6a50c215feaa92a46877d1871faca032') in 0.0361733 seconds
Number of updated asset objects reloaded before import = 0Number of asset objects unloaded after import = 606

========================================================================
Received Import Request.
  Time since last request: 0.000027 seconds.
  path: Assets/World/Environment/Prefabs/Custom/asset set/ChairLegs_low004.prefab
  artifactKey: Guid(e82dc85cae86fe941b4ab178bd0043fb) Importer(815301076,1909f56bfc062723c751e8b465ee728b)
Start importing Assets/World/Environment/Prefabs/Custom/asset set/ChairLegs_low004.prefab using Guid(e82dc85cae86fe941b4ab178bd0043fb) Importer(815301076,1909f56bfc062723c751e8b465ee728b) (PreviewImporter) -> (artifact id: '5962d3f32ce3c94146d81ac2582c134f') in 0.0370505 seconds
Number of updated asset objects reloaded before import = 0Number of asset objects unloaded after import = 606

========================================================================
Received Import Request.
  Time since last request: 0.000029 seconds.
  path: Assets/World/Environment/Prefabs/Custom/asset set/ChairLegs_low005.prefab
  artifactKey: Guid(8a9f71b009777a04ba7a036d17221090) Importer(815301076,1909f56bfc062723c751e8b465ee728b)
Start importing Assets/World/Environment/Prefabs/Custom/asset set/ChairLegs_low005.prefab using Guid(8a9f71b009777a04ba7a036d17221090) Importer(815301076,1909f56bfc062723c751e8b465ee728b) (PreviewImporter) -> (artifact id: 'a1b84ac5ccf11387054674b9ffcb6922') in 0.0329009 seconds
Number of updated asset objects reloaded before import = 0Number of asset objects unloaded after import = 606

========================================================================
Received Import Request.
  Time since last request: 0.000028 seconds.
  path: Assets/World/Environment/Prefabs/Custom/asset set/BarStool_low005.prefab
  artifactKey: Guid(4bcf2e7c3742e784c929cfe57caeca52) Importer(815301076,1909f56bfc062723c751e8b465ee728b)
Start importing Assets/World/Environment/Prefabs/Custom/asset set/BarStool_low005.prefab using Guid(4bcf2e7c3742e784c929cfe57caeca52) Importer(815301076,1909f56bfc062723c751e8b465ee728b) (PreviewImporter) -> (artifact id: '755f12343a66d656a9e76f7529f0465d') in 0.0388014 seconds
Number of updated asset objects reloaded before import = 0Number of asset objects unloaded after import = 606

========================================================================
Received Import Request.
  Time since last request: 0.000039 seconds.
  path: Assets/World/Environment/Prefabs/Custom/asset set/ChairBackRest_low006.prefab
  artifactKey: Guid(fee275a45773ba7459ee1a0c19b71b66) Importer(815301076,1909f56bfc062723c751e8b465ee728b)
Start importing Assets/World/Environment/Prefabs/Custom/asset set/ChairBackRest_low006.prefab using Guid(fee275a45773ba7459ee1a0c19b71b66) Importer(815301076,1909f56bfc062723c751e8b465ee728b) (PreviewImporter) -> (artifact id: 'dd92186271505bde1d04fefc1d774b9f') in 0.0342929 seconds
Number of updated asset objects reloaded before import = 0Number of asset objects unloaded after import = 606

========================================================================
Received Import Request.
  Time since last request: 0.000029 seconds.
  path: Assets/World/Environment/Prefabs/Custom/asset set/AlcoholBottle008_low001.prefab
  artifactKey: Guid(cf4809d0b8d4d4142a2158cda26f7b88) Importer(815301076,1909f56bfc062723c751e8b465ee728b)
Start importing Assets/World/Environment/Prefabs/Custom/asset set/AlcoholBottle008_low001.prefab using Guid(cf4809d0b8d4d4142a2158cda26f7b88) Importer(815301076,1909f56bfc062723c751e8b465ee728b) (PreviewImporter) -> (artifact id: 'ef2f700db66f28284b5b67228fc11a85') in 0.0353616 seconds
Number of updated asset objects reloaded before import = 0Number of asset objects unloaded after import = 606

========================================================================
Received Import Request.
  Time since last request: 0.000029 seconds.
  path: Assets/World/Environment/Prefabs/Custom/asset set/ChairBackRest_low008.prefab
  artifactKey: Guid(1a9c6a8efba6aca4eb4b197a47b5aeca) Importer(815301076,1909f56bfc062723c751e8b465ee728b)
Start importing Assets/World/Environment/Prefabs/Custom/asset set/ChairBackRest_low008.prefab using Guid(1a9c6a8efba6aca4eb4b197a47b5aeca) Importer(815301076,1909f56bfc062723c751e8b465ee728b) (PreviewImporter) -> (artifact id: 'b586337444a13e18b7e2931bb6bb6920') in 0.0342328 seconds
Number of updated asset objects reloaded before import = 0Number of asset objects unloaded after import = 606

========================================================================
Received Import Request.
  Time since last request: 0.000033 seconds.
  path: Assets/World/Environment/Prefabs/Custom/asset set/ChairLegs_low.prefab
  artifactKey: Guid(f86fc3cb8e6fa244898992f5e0cb1f85) Importer(815301076,1909f56bfc062723c751e8b465ee728b)
Start importing Assets/World/Environment/Prefabs/Custom/asset set/ChairLegs_low.prefab using Guid(f86fc3cb8e6fa244898992f5e0cb1f85) Importer(815301076,1909f56bfc062723c751e8b465ee728b) (PreviewImporter) -> (artifact id: 'bcf7bdeeae217fc94e7bb0442b7e9938') in 0.0358679 seconds
Number of updated asset objects reloaded before import = 0Number of asset objects unloaded after import = 606

========================================================================
Received Import Request.
  Time since last request: 0.000040 seconds.
  path: Assets/World/Environment/Prefabs/Custom/asset set/ChairSeat_low004.prefab
  artifactKey: Guid(89b841070043c9646b173e891860671a) Importer(815301076,1909f56bfc062723c751e8b465ee728b)
Start importing Assets/World/Environment/Prefabs/Custom/asset set/ChairSeat_low004.prefab using Guid(89b841070043c9646b173e891860671a) Importer(815301076,1909f56bfc062723c751e8b465ee728b) (PreviewImporter) -> (artifact id: '0bd7011deb5b9a684af6a282216361c6') in 0.032893 seconds
Number of updated asset objects reloaded before import = 0Number of asset objects unloaded after import = 606

========================================================================
Received Import Request.
  Time since last request: 0.000024 seconds.
  path: Assets/World/Environment/Prefabs/Custom/asset set/KegTap_low.prefab
  artifactKey: Guid(db7d70a7c2392474999a71c7e6ce6bd5) Importer(815301076,1909f56bfc062723c751e8b465ee728b)
Start importing Assets/World/Environment/Prefabs/Custom/asset set/KegTap_low.prefab using Guid(db7d70a7c2392474999a71c7e6ce6bd5) Importer(815301076,1909f56bfc062723c751e8b465ee728b) (PreviewImporter) -> (artifact id: 'fada003aa9ad5fedafdf630ac72b20ba') in 0.0387392 seconds
Number of updated asset objects reloaded before import = 0Number of asset objects unloaded after import = 606

========================================================================
Received Import Request.
  Time since last request: 0.000030 seconds.
  path: Assets/World/Environment/Prefabs/Custom/asset set/Moonshine004_low001.prefab
  artifactKey: Guid(754f91351166cf34ab2480b7e720d060) Importer(815301076,1909f56bfc062723c751e8b465ee728b)
Start importing Assets/World/Environment/Prefabs/Custom/asset set/Moonshine004_low001.prefab using Guid(754f91351166cf34ab2480b7e720d060) Importer(815301076,1909f56bfc062723c751e8b465ee728b) (PreviewImporter) -> (artifact id: 'e98f7b026fc3dd70c9fb7577298e7528') in 0.0370126 seconds
Number of updated asset objects reloaded before import = 0Number of asset objects unloaded after import = 606

========================================================================
Received Import Request.
  Time since last request: 0.000031 seconds.
  path: Assets/World/Environment/Prefabs/Custom/asset set/ChairBackRest_low004.prefab
  artifactKey: Guid(5c59861510c30ba44978370a4371788f) Importer(815301076,1909f56bfc062723c751e8b465ee728b)
Start importing Assets/World/Environment/Prefabs/Custom/asset set/ChairBackRest_low004.prefab using Guid(5c59861510c30ba44978370a4371788f) Importer(815301076,1909f56bfc062723c751e8b465ee728b) (PreviewImporter) -> (artifact id: '8272f89978918f39c3692c74cbbbbf2c') in 0.0396602 seconds
Number of updated asset objects reloaded before import = 0Number of asset objects unloaded after import = 606

========================================================================
Received Import Request.
  Time since last request: 0.000041 seconds.
  path: Assets/World/Environment/Prefabs/Custom/asset set/ChairFeetRests_low006.prefab
  artifactKey: Guid(8f3a7476e08f9294e8c913e82ca16b3e) Importer(815301076,1909f56bfc062723c751e8b465ee728b)
Start importing Assets/World/Environment/Prefabs/Custom/asset set/ChairFeetRests_low006.prefab using Guid(8f3a7476e08f9294e8c913e82ca16b3e) Importer(815301076,1909f56bfc062723c751e8b465ee728b) (PreviewImporter) -> (artifact id: 'e03450991e0df6712ab73a49722a1369') in 0.0398265 seconds
Number of updated asset objects reloaded before import = 0Number of asset objects unloaded after import = 606

========================================================================
Received Import Request.
  Time since last request: 0.000036 seconds.
  path: Assets/World/Environment/Prefabs/Custom/asset set/ChairFeetRests_low008.prefab
  artifactKey: Guid(0d0ee9b0d0d57b84499a8bf01894f04e) Importer(815301076,1909f56bfc062723c751e8b465ee728b)
Start importing Assets/World/Environment/Prefabs/Custom/asset set/ChairFeetRests_low008.prefab using Guid(0d0ee9b0d0d57b84499a8bf01894f04e) Importer(815301076,1909f56bfc062723c751e8b465ee728b) (PreviewImporter) -> (artifact id: 'c2bb640ce9b639590c48e4e0059a33ba') in 0.0410921 seconds
Number of updated asset objects reloaded before import = 0Number of asset objects unloaded after import = 606

========================================================================
Received Import Request.
  Time since last request: 0.000034 seconds.
  path: Assets/World/Environment/Prefabs/Custom/asset set/ChairSeat_low007.prefab
  artifactKey: Guid(47cbe88c8994c664ba6d4dee1f924798) Importer(815301076,1909f56bfc062723c751e8b465ee728b)
Start importing Assets/World/Environment/Prefabs/Custom/asset set/ChairSeat_low007.prefab using Guid(47cbe88c8994c664ba6d4dee1f924798) Importer(815301076,1909f56bfc062723c751e8b465ee728b) (PreviewImporter) -> (artifact id: 'c6574e33600f89479bdbe97bd9f7df55') in 0.0340142 seconds
Number of updated asset objects reloaded before import = 0Number of asset objects unloaded after import = 606

========================================================================
Received Import Request.
  Time since last request: 0.000040 seconds.
  path: Assets/World/Environment/Prefabs/Custom/asset set/RoundGlass_low.prefab
  artifactKey: Guid(4f507d865f9f5314388e584361ee75f2) Importer(815301076,1909f56bfc062723c751e8b465ee728b)
Start importing Assets/World/Environment/Prefabs/Custom/asset set/RoundGlass_low.prefab using Guid(4f507d865f9f5314388e584361ee75f2) Importer(815301076,1909f56bfc062723c751e8b465ee728b) (PreviewImporter) -> (artifact id: 'f2ba542cf3058564dd8fce73e6a0a5fd') in 0.0356644 seconds
Number of updated asset objects reloaded before import = 0Number of asset objects unloaded after import = 606

========================================================================
Received Import Request.
  Time since last request: 0.000027 seconds.
  path: Assets/World/Environment/Prefabs/Custom/asset set/RoundGlass_low004.prefab
  artifactKey: Guid(8fc9f78cf10d29a4c81a25a35f2f7a48) Importer(815301076,1909f56bfc062723c751e8b465ee728b)
Start importing Assets/World/Environment/Prefabs/Custom/asset set/RoundGlass_low004.prefab using Guid(8fc9f78cf10d29a4c81a25a35f2f7a48) Importer(815301076,1909f56bfc062723c751e8b465ee728b) (PreviewImporter) -> (artifact id: '55ba99b1dbce05573add26f52b69893a') in 0.0396569 seconds
Number of updated asset objects reloaded before import = 0Number of asset objects unloaded after import = 606

========================================================================
Received Import Request.
  Time since last request: 0.000072 seconds.
  path: Assets/World/Environment/Prefabs/Custom/asset set/BullHornsBack_low.prefab
  artifactKey: Guid(6b101c8a8f048be4fbc96da834ac3d99) Importer(815301076,1909f56bfc062723c751e8b465ee728b)
Start importing Assets/World/Environment/Prefabs/Custom/asset set/BullHornsBack_low.prefab using Guid(6b101c8a8f048be4fbc96da834ac3d99) Importer(815301076,1909f56bfc062723c751e8b465ee728b) (PreviewImporter) -> (artifact id: '464b79ab727da65e56d592dea7f63f57') in 0.04105 seconds
Number of updated asset objects reloaded before import = 0Number of asset objects unloaded after import = 606

========================================================================
Received Import Request.
  Time since last request: 0.000039 seconds.
  path: Assets/World/Environment/Prefabs/Custom/asset set/AlcoholBottle010_low.prefab
  artifactKey: Guid(a170b1f96683ef54fb9a8285230ba66c) Importer(815301076,1909f56bfc062723c751e8b465ee728b)
Start importing Assets/World/Environment/Prefabs/Custom/asset set/AlcoholBottle010_low.prefab using Guid(a170b1f96683ef54fb9a8285230ba66c) Importer(815301076,1909f56bfc062723c751e8b465ee728b) (PreviewImporter) -> (artifact id: '62c39a77aa40c649f973a96c2fc589e2') in 0.0376786 seconds
Number of updated asset objects reloaded before import = 0Number of asset objects unloaded after import = 606

========================================================================
Received Import Request.
  Time since last request: 0.000035 seconds.
  path: Assets/World/Environment/Prefabs/Custom/asset set/WantedPoster010.prefab
  artifactKey: Guid(c304d11a6b1f481409ef4fb186669206) Importer(815301076,1909f56bfc062723c751e8b465ee728b)
Start importing Assets/World/Environment/Prefabs/Custom/asset set/WantedPoster010.prefab using Guid(c304d11a6b1f481409ef4fb186669206) Importer(815301076,1909f56bfc062723c751e8b465ee728b) (PreviewImporter) -> (artifact id: '39c141ad87e17bd60331c571c6e57181') in 0.0376922 seconds
Number of updated asset objects reloaded before import = 0Number of asset objects unloaded after import = 606

========================================================================
Received Import Request.
  Time since last request: 0.000024 seconds.
  path: Assets/World/Environment/Prefabs/Custom/asset set/ChairLegs_low001.prefab
  artifactKey: Guid(a894b7bc0a08b3b41a711cecbb569a74) Importer(815301076,1909f56bfc062723c751e8b465ee728b)
Start importing Assets/World/Environment/Prefabs/Custom/asset set/ChairLegs_low001.prefab using Guid(a894b7bc0a08b3b41a711cecbb569a74) Importer(815301076,1909f56bfc062723c751e8b465ee728b) (PreviewImporter) -> (artifact id: '894bea95d9599e8e4caaade317661b5d') in 0.0373953 seconds
Number of updated asset objects reloaded before import = 0Number of asset objects unloaded after import = 606

========================================================================
Received Import Request.
  Time since last request: 0.000027 seconds.
  path: Assets/World/Environment/Prefabs/Custom/asset set/AlcoholBottle008_low006.prefab
  artifactKey: Guid(51395d8034323cd499fcbc3f2ae64242) Importer(815301076,1909f56bfc062723c751e8b465ee728b)
Start importing Assets/World/Environment/Prefabs/Custom/asset set/AlcoholBottle008_low006.prefab using Guid(51395d8034323cd499fcbc3f2ae64242) Importer(815301076,1909f56bfc062723c751e8b465ee728b) (PreviewImporter) -> (artifact id: '7642fa016254e782baa2e32b0767e86d') in 0.0347876 seconds
Number of updated asset objects reloaded before import = 0Number of asset objects unloaded after import = 606

========================================================================
Received Import Request.
  Time since last request: 0.000030 seconds.
  path: Assets/World/Environment/Prefabs/Custom/asset set/AlcoholBottle008_low005.prefab
  artifactKey: Guid(ed5a6088a4144b640b436eb736734337) Importer(815301076,1909f56bfc062723c751e8b465ee728b)
Start importing Assets/World/Environment/Prefabs/Custom/asset set/AlcoholBottle008_low005.prefab using Guid(ed5a6088a4144b640b436eb736734337) Importer(815301076,1909f56bfc062723c751e8b465ee728b) (PreviewImporter) -> (artifact id: '6394b0b70b0bd8280b88d8b797cabb66') in 0.0288538 seconds
Number of updated asset objects reloaded before import = 0Number of asset objects unloaded after import = 606

========================================================================
Received Import Request.
  Time since last request: 6.437425 seconds.
  path: Assets/World/Environment/Prefabs/Custom/asset set/Crate_low002.prefab
  artifactKey: Guid(02d97d2e44330db4c901c79eeec9323f) Importer(2089858483,b0f066a214c2f5e87bad3c948f4d605d)
Start importing Assets/World/Environment/Prefabs/Custom/asset set/Crate_low002.prefab using Guid(02d97d2e44330db4c901c79eeec9323f) Importer(2089858483,b0f066a214c2f5e87bad3c948f4d605d) (ScriptedImporter) -> (artifact id: 'd0d085d334ea7f22591b251880c0d856') in 0.0105896 seconds
Number of updated asset objects reloaded before import = 0Number of asset objects unloaded after import = 8

========================================================================
Received Import Request.
  Time since last request: 0.000026 seconds.
  path: Assets/World/Environment/Prefabs/Custom/asset set/BarStool_low002.prefab
  artifactKey: Guid(30b07154c18fef247a84869e2abc2a75) Importer(2089858483,b0f066a214c2f5e87bad3c948f4d605d)
Start importing Assets/World/Environment/Prefabs/Custom/asset set/BarStool_low002.prefab using Guid(30b07154c18fef247a84869e2abc2a75) Importer(2089858483,b0f066a214c2f5e87bad3c948f4d605d) (ScriptedImporter) -> (artifact id: 'b77fa27e43fb62f410813d9e4c928ad1') in 0.0081254 seconds
Number of updated asset objects reloaded before import = 0Number of asset objects unloaded after import = 8

========================================================================
Received Import Request.
  Time since last request: 0.000031 seconds.
  path: Assets/World/Environment/Prefabs/Custom/asset set/ChairSeat_low005.prefab
  artifactKey: Guid(ca1d3710f2e3f21479d16398bb740368) Importer(2089858483,b0f066a214c2f5e87bad3c948f4d605d)
Start importing Assets/World/Environment/Prefabs/Custom/asset set/ChairSeat_low005.prefab using Guid(ca1d3710f2e3f21479d16398bb740368) Importer(2089858483,b0f066a214c2f5e87bad3c948f4d605d) (ScriptedImporter) -> (artifact id: '64d5f2558081c237627c1ef1dadf68fe') in 0.0079521 seconds
Number of updated asset objects reloaded before import = 0Number of asset objects unloaded after import = 8

========================================================================
Received Import Request.
  Time since last request: 0.000041 seconds.
  path: Assets/World/Environment/Prefabs/Custom/asset set/WantedPoster010.prefab
  artifactKey: Guid(c304d11a6b1f481409ef4fb186669206) Importer(2089858483,b0f066a214c2f5e87bad3c948f4d605d)
Start importing Assets/World/Environment/Prefabs/Custom/asset set/WantedPoster010.prefab using Guid(c304d11a6b1f481409ef4fb186669206) Importer(2089858483,b0f066a214c2f5e87bad3c948f4d605d) (ScriptedImporter) -> (artifact id: '372980f09b6b297ce29a68c0516f9866') in 0.0086931 seconds
Number of updated asset objects reloaded before import = 0Number of asset objects unloaded after import = 8

========================================================================
Received Import Request.
  Time since last request: 0.000023 seconds.
  path: Assets/World/Environment/Prefabs/Custom/asset set/BullHorns_low.prefab
  artifactKey: Guid(934ef48e42fe0be4d9633aeae0fc580e) Importer(2089858483,b0f066a214c2f5e87bad3c948f4d605d)
Start importing Assets/World/Environment/Prefabs/Custom/asset set/BullHorns_low.prefab using Guid(934ef48e42fe0be4d9633aeae0fc580e) Importer(2089858483,b0f066a214c2f5e87bad3c948f4d605d) (ScriptedImporter) -> (artifact id: 'a726f5c0a48a09d0902dc1147631be7c') in 0.0090696 seconds
Number of updated asset objects reloaded before import = 0Number of asset objects unloaded after import = 8

========================================================================
Received Import Request.
  Time since last request: 0.000027 seconds.
  path: Assets/World/Environment/Prefabs/Custom/asset set/BarStool_low.prefab
  artifactKey: Guid(d2a7dd015a408114ab1d5e1955b6997a) Importer(2089858483,b0f066a214c2f5e87bad3c948f4d605d)
Start importing Assets/World/Environment/Prefabs/Custom/asset set/BarStool_low.prefab using Guid(d2a7dd015a408114ab1d5e1955b6997a) Importer(2089858483,b0f066a214c2f5e87bad3c948f4d605d) (ScriptedImporter) -> (artifact id: 'c2164aaa61bee265bf837c74525b556a') in 0.0080172 seconds
Number of updated asset objects reloaded before import = 0Number of asset objects unloaded after import = 8

========================================================================
Received Import Request.
  Time since last request: 0.000029 seconds.
  path: Assets/World/Environment/Prefabs/Custom/asset set/ChairSeat_low004.prefab
  artifactKey: Guid(89b841070043c9646b173e891860671a) Importer(2089858483,b0f066a214c2f5e87bad3c948f4d605d)
Start importing Assets/World/Environment/Prefabs/Custom/asset set/ChairSeat_low004.prefab using Guid(89b841070043c9646b173e891860671a) Importer(2089858483,b0f066a214c2f5e87bad3c948f4d605d) (ScriptedImporter) -> (artifact id: 'abf265866d531f008e1d0889781bf6df') in 0.0081735 seconds
Number of updated asset objects reloaded before import = 0Number of asset objects unloaded after import = 8

========================================================================
Received Import Request.
  Time since last request: 0.000035 seconds.
  path: Assets/World/Environment/Prefabs/Custom/asset set/OilLampBot_low.prefab
  artifactKey: Guid(c1fd5ac4c0cdaf8438198303823718b9) Importer(2089858483,b0f066a214c2f5e87bad3c948f4d605d)
Start importing Assets/World/Environment/Prefabs/Custom/asset set/OilLampBot_low.prefab using Guid(c1fd5ac4c0cdaf8438198303823718b9) Importer(2089858483,b0f066a214c2f5e87bad3c948f4d605d) (ScriptedImporter) -> (artifact id: 'c5ff6f58069c1a666bb7a0ad13598fd3') in 0.0083249 seconds
Number of updated asset objects reloaded before import = 0Number of asset objects unloaded after import = 8

========================================================================
Received Import Request.
  Time since last request: 0.000021 seconds.
  path: Assets/World/Environment/Prefabs/Custom/asset set/OilLampHandle_low.prefab
  artifactKey: Guid(23b166e54f77d1f44baa638b0512d3f6) Importer(2089858483,b0f066a214c2f5e87bad3c948f4d605d)
Start importing Assets/World/Environment/Prefabs/Custom/asset set/OilLampHandle_low.prefab using Guid(23b166e54f77d1f44baa638b0512d3f6) Importer(2089858483,b0f066a214c2f5e87bad3c948f4d605d) (ScriptedImporter) -> (artifact id: '83d60b1bfdbd1746a804cd8cd2aa31b9') in 0.0098796 seconds
Number of updated asset objects reloaded before import = 0Number of asset objects unloaded after import = 8

========================================================================
Received Import Request.
  Time since last request: 0.000032 seconds.
  path: Assets/World/Environment/Prefabs/Custom/asset set/ChairLegs_low001.prefab
  artifactKey: Guid(a894b7bc0a08b3b41a711cecbb569a74) Importer(2089858483,b0f066a214c2f5e87bad3c948f4d605d)
Start importing Assets/World/Environment/Prefabs/Custom/asset set/ChairLegs_low001.prefab using Guid(a894b7bc0a08b3b41a711cecbb569a74) Importer(2089858483,b0f066a214c2f5e87bad3c948f4d605d) (ScriptedImporter) -> (artifact id: '791c8e3a095cd4fe860316dd572d7a35') in 0.0092788 seconds
Number of updated asset objects reloaded before import = 0Number of asset objects unloaded after import = 8

========================================================================
Received Import Request.
  Time since last request: 0.000028 seconds.
  path: Assets/World/Environment/Prefabs/Custom/asset set/ChairBackRest_low001.prefab
  artifactKey: Guid(606b56f2d1e1534448c9edefb426cfa7) Importer(2089858483,b0f066a214c2f5e87bad3c948f4d605d)
Start importing Assets/World/Environment/Prefabs/Custom/asset set/ChairBackRest_low001.prefab using Guid(606b56f2d1e1534448c9edefb426cfa7) Importer(2089858483,b0f066a214c2f5e87bad3c948f4d605d) (ScriptedImporter) -> (artifact id: 'b945b2cd0ba365b4c751a7b40f6272ba') in 0.0090248 seconds
Number of updated asset objects reloaded before import = 0Number of asset objects unloaded after import = 8

========================================================================
Received Import Request.
  Time since last request: 0.000037 seconds.
  path: Assets/World/Environment/Prefabs/Custom/asset set/WhiskyGlass_low004.prefab
  artifactKey: Guid(2aa812e487ae7b1498b4faea2459448d) Importer(2089858483,b0f066a214c2f5e87bad3c948f4d605d)
Start importing Assets/World/Environment/Prefabs/Custom/asset set/WhiskyGlass_low004.prefab using Guid(2aa812e487ae7b1498b4faea2459448d) Importer(2089858483,b0f066a214c2f5e87bad3c948f4d605d) (ScriptedImporter) -> (artifact id: '12a69676d8288e0192394e2401c0a574') in 0.0087544 seconds
Number of updated asset objects reloaded before import = 0Number of asset objects unloaded after import = 8

========================================================================
Received Import Request.
  Time since last request: 0.000025 seconds.
  path: Assets/World/Environment/Prefabs/Custom/asset set/AlcoholBottle008_low003.prefab
  artifactKey: Guid(2cbeed05bcb942548b255ff8e0235a09) Importer(2089858483,b0f066a214c2f5e87bad3c948f4d605d)
Start importing Assets/World/Environment/Prefabs/Custom/asset set/AlcoholBottle008_low003.prefab using Guid(2cbeed05bcb942548b255ff8e0235a09) Importer(2089858483,b0f066a214c2f5e87bad3c948f4d605d) (ScriptedImporter) -> (artifact id: 'e134d7637b1fb1342f90db456ccaf6ce') in 0.0085874 seconds
Number of updated asset objects reloaded before import = 0Number of asset objects unloaded after import = 8

========================================================================
Received Import Request.
  Time since last request: 0.000026 seconds.
  path: Assets/World/Environment/Prefabs/Custom/asset set/AlcoholBottle008_low006.prefab
  artifactKey: Guid(51395d8034323cd499fcbc3f2ae64242) Importer(2089858483,b0f066a214c2f5e87bad3c948f4d605d)
Start importing Assets/World/Environment/Prefabs/Custom/asset set/AlcoholBottle008_low006.prefab using Guid(51395d8034323cd499fcbc3f2ae64242) Importer(2089858483,b0f066a214c2f5e87bad3c948f4d605d) (ScriptedImporter) -> (artifact id: 'a9488b728292fa086fe3d1b586f96fae') in 0.0113462 seconds
Number of updated asset objects reloaded before import = 0Number of asset objects unloaded after import = 8

========================================================================
Received Import Request.
  Time since last request: 0.000026 seconds.
  path: Assets/World/Environment/Prefabs/Custom/asset set/WantedPoster011.prefab
  artifactKey: Guid(696647e6364af6341a55145163b90c52) Importer(2089858483,b0f066a214c2f5e87bad3c948f4d605d)
Start importing Assets/World/Environment/Prefabs/Custom/asset set/WantedPoster011.prefab using Guid(696647e6364af6341a55145163b90c52) Importer(2089858483,b0f066a214c2f5e87bad3c948f4d605d) (ScriptedImporter) -> (artifact id: '4095cea9b3370a6b345a076802a0104a') in 0.00937 seconds
Number of updated asset objects reloaded before import = 0Number of asset objects unloaded after import = 8

========================================================================
Received Import Request.
  Time since last request: 0.000039 seconds.
  path: Assets/World/Environment/Prefabs/Custom/asset set/WhiskyGlass_low007.prefab
  artifactKey: Guid(e13ce46e36a34cd45a2dcf0afa34c91b) Importer(2089858483,b0f066a214c2f5e87bad3c948f4d605d)
Start importing Assets/World/Environment/Prefabs/Custom/asset set/WhiskyGlass_low007.prefab using Guid(e13ce46e36a34cd45a2dcf0afa34c91b) Importer(2089858483,b0f066a214c2f5e87bad3c948f4d605d) (ScriptedImporter) -> (artifact id: '098e1673dd24884b529957d994a1fcb8') in 0.0091355 seconds
Number of updated asset objects reloaded before import = 0Number of asset objects unloaded after import = 8

========================================================================
Received Import Request.
  Time since last request: 0.000028 seconds.
  path: Assets/World/Environment/Prefabs/Custom/asset set/PokerTable_low001.prefab
  artifactKey: Guid(7d0bea3256d01ba42935387359c7a183) Importer(2089858483,b0f066a214c2f5e87bad3c948f4d605d)
Start importing Assets/World/Environment/Prefabs/Custom/asset set/PokerTable_low001.prefab using Guid(7d0bea3256d01ba42935387359c7a183) Importer(2089858483,b0f066a214c2f5e87bad3c948f4d605d) (ScriptedImporter) -> (artifact id: '1a9bb5a62f9a7e9d30d9bfb4e0a54417') in 0.0101942 seconds
Number of updated asset objects reloaded before import = 0Number of asset objects unloaded after import = 8

========================================================================
Received Import Request.
  Time since last request: 0.000023 seconds.
  path: Assets/World/Environment/Prefabs/Custom/asset set/ChairFeetRests_low008.prefab
  artifactKey: Guid(0d0ee9b0d0d57b84499a8bf01894f04e) Importer(2089858483,b0f066a214c2f5e87bad3c948f4d605d)
Start importing Assets/World/Environment/Prefabs/Custom/asset set/ChairFeetRests_low008.prefab using Guid(0d0ee9b0d0d57b84499a8bf01894f04e) Importer(2089858483,b0f066a214c2f5e87bad3c948f4d605d) (ScriptedImporter) -> (artifact id: '320a9524b9b3e80c8bf2d3c874c1d734') in 0.0171426 seconds
Number of updated asset objects reloaded before import = 0Number of asset objects unloaded after import = 8

========================================================================
Received Import Request.
  Time since last request: 0.000025 seconds.
  path: Assets/World/Environment/Prefabs/Custom/asset set/SheriffBadge_low.prefab
  artifactKey: Guid(b75518ffcd425ae4f8ca185855cb393b) Importer(2089858483,b0f066a214c2f5e87bad3c948f4d605d)
Start importing Assets/World/Environment/Prefabs/Custom/asset set/SheriffBadge_low.prefab using Guid(b75518ffcd425ae4f8ca185855cb393b) Importer(2089858483,b0f066a214c2f5e87bad3c948f4d605d) (ScriptedImporter) -> (artifact id: '82459d756e90dc3ba108c22e046af3db') in 0.0086982 seconds
Number of updated asset objects reloaded before import = 0Number of asset objects unloaded after import = 8

========================================================================
Received Import Request.
  Time since last request: 0.000048 seconds.
  path: Assets/World/Environment/Prefabs/Custom/asset set/AlcoholBottle010_low.prefab
  artifactKey: Guid(a170b1f96683ef54fb9a8285230ba66c) Importer(2089858483,b0f066a214c2f5e87bad3c948f4d605d)
Start importing Assets/World/Environment/Prefabs/Custom/asset set/AlcoholBottle010_low.prefab using Guid(a170b1f96683ef54fb9a8285230ba66c) Importer(2089858483,b0f066a214c2f5e87bad3c948f4d605d) (ScriptedImporter) -> (artifact id: '265bf9451d1b715f50ed882c7b0cadbb') in 0.0085293 seconds
Number of updated asset objects reloaded before import = 0Number of asset objects unloaded after import = 8

========================================================================
Received Import Request.
  Time since last request: 0.000025 seconds.
  path: Assets/World/Environment/Prefabs/Custom/asset set/ChairBackRest_low002.prefab
  artifactKey: Guid(a96ef5aee630c8142b2798128dbb6d32) Importer(2089858483,b0f066a214c2f5e87bad3c948f4d605d)
Start importing Assets/World/Environment/Prefabs/Custom/asset set/ChairBackRest_low002.prefab using Guid(a96ef5aee630c8142b2798128dbb6d32) Importer(2089858483,b0f066a214c2f5e87bad3c948f4d605d) (ScriptedImporter) -> (artifact id: 'a4b87856fbd2d902f514377bd542a8d6') in 0.0085958 seconds
Number of updated asset objects reloaded before import = 0Number of asset objects unloaded after import = 8

========================================================================
Received Import Request.
  Time since last request: 0.000022 seconds.
  path: Assets/World/Environment/Prefabs/Custom/asset set/RoundGlass_low005.prefab
  artifactKey: Guid(1406fe4218abdf947b8e6a3bce30e3bf) Importer(2089858483,b0f066a214c2f5e87bad3c948f4d605d)
Start importing Assets/World/Environment/Prefabs/Custom/asset set/RoundGlass_low005.prefab using Guid(1406fe4218abdf947b8e6a3bce30e3bf) Importer(2089858483,b0f066a214c2f5e87bad3c948f4d605d) (ScriptedImporter) -> (artifact id: '2613918a28f6b665b9befa62e100f8f2') in 0.0082312 seconds
Number of updated asset objects reloaded before import = 0Number of asset objects unloaded after import = 8

========================================================================
Received Import Request.
  Time since last request: 0.000022 seconds.
  path: Assets/World/Environment/Prefabs/Custom/asset set/SheriffBadgePin_low001.prefab
  artifactKey: Guid(ceaf65be9e4b0c94dab9d460f24b555f) Importer(2089858483,b0f066a214c2f5e87bad3c948f4d605d)
Start importing Assets/World/Environment/Prefabs/Custom/asset set/SheriffBadgePin_low001.prefab using Guid(ceaf65be9e4b0c94dab9d460f24b555f) Importer(2089858483,b0f066a214c2f5e87bad3c948f4d605d) (ScriptedImporter) -> (artifact id: '2842434c972283b067ffdf0c3b1c995a') in 0.0085125 seconds
Number of updated asset objects reloaded before import = 0Number of asset objects unloaded after import = 8

========================================================================
Received Import Request.
  Time since last request: 0.000029 seconds.
  path: Assets/World/Environment/Prefabs/Custom/asset set/ChairBackRest_low008.prefab
  artifactKey: Guid(1a9c6a8efba6aca4eb4b197a47b5aeca) Importer(2089858483,b0f066a214c2f5e87bad3c948f4d605d)
Start importing Assets/World/Environment/Prefabs/Custom/asset set/ChairBackRest_low008.prefab using Guid(1a9c6a8efba6aca4eb4b197a47b5aeca) Importer(2089858483,b0f066a214c2f5e87bad3c948f4d605d) (ScriptedImporter) -> (artifact id: 'a7358db058baf370a4b2a1e37d42f914') in 0.0088057 seconds
Number of updated asset objects reloaded before import = 0Number of asset objects unloaded after import = 8

========================================================================
Received Import Request.
  Time since last request: 0.000038 seconds.
  path: Assets/World/Environment/Prefabs/Custom/asset set/ChairFeetRests_low001.prefab
  artifactKey: Guid(8826ca77a648765458ac311fffe8f715) Importer(2089858483,b0f066a214c2f5e87bad3c948f4d605d)
Start importing Assets/World/Environment/Prefabs/Custom/asset set/ChairFeetRests_low001.prefab using Guid(8826ca77a648765458ac311fffe8f715) Importer(2089858483,b0f066a214c2f5e87bad3c948f4d605d) (ScriptedImporter) -> (artifact id: '07e14da2751e785654404f1b7e351acb') in 0.0086518 seconds
Number of updated asset objects reloaded before import = 0Number of asset objects unloaded after import = 8

========================================================================
Received Import Request.
  Time since last request: 0.000023 seconds.
  path: Assets/World/Environment/Prefabs/Custom/asset set/AlcoholBottle008_low002.prefab
  artifactKey: Guid(5b5934a292d8af34bb8b6586535bec28) Importer(2089858483,b0f066a214c2f5e87bad3c948f4d605d)
Start importing Assets/World/Environment/Prefabs/Custom/asset set/AlcoholBottle008_low002.prefab using Guid(5b5934a292d8af34bb8b6586535bec28) Importer(2089858483,b0f066a214c2f5e87bad3c948f4d605d) (ScriptedImporter) -> (artifact id: 'ae38062c061cae3b1cf48a3d3be76ee4') in 0.0079623 seconds
Number of updated asset objects reloaded before import = 0Number of asset objects unloaded after import = 8

========================================================================
Received Import Request.
  Time since last request: 0.000023 seconds.
  path: Assets/World/Environment/Prefabs/Custom/asset set/Bar_low001.prefab
  artifactKey: Guid(e7a704fbc9fd34e41b4654099e0c6928) Importer(2089858483,b0f066a214c2f5e87bad3c948f4d605d)
Start importing Assets/World/Environment/Prefabs/Custom/asset set/Bar_low001.prefab using Guid(e7a704fbc9fd34e41b4654099e0c6928) Importer(2089858483,b0f066a214c2f5e87bad3c948f4d605d) (ScriptedImporter) -> (artifact id: '7dc65fb78a441b65397b36107c62a431') in 0.0084545 seconds
Number of updated asset objects reloaded before import = 0Number of asset objects unloaded after import = 8

========================================================================
Received Import Request.
  Time since last request: 0.000031 seconds.
  path: Assets/World/Environment/Prefabs/Custom/asset set/ChairLegs_low008.prefab
  artifactKey: Guid(c89c239f1f14af84fac412919919ff60) Importer(2089858483,b0f066a214c2f5e87bad3c948f4d605d)
Start importing Assets/World/Environment/Prefabs/Custom/asset set/ChairLegs_low008.prefab using Guid(c89c239f1f14af84fac412919919ff60) Importer(2089858483,b0f066a214c2f5e87bad3c948f4d605d) (ScriptedImporter) -> (artifact id: '92197d562a1f28cd4ca5fb67c8f4e72c') in 0.0084538 seconds
Number of updated asset objects reloaded before import = 0Number of asset objects unloaded after import = 8

========================================================================
Received Import Request.
  Time since last request: 9.825546 seconds.
  path: Assets/World/Environment/Prefabs/Custom/asset set/RoundGlass_low006.prefab
  artifactKey: Guid(49e32d247d0dd774a8528b515e7f4bc5) Importer(815301076,1909f56bfc062723c751e8b465ee728b)
Start importing Assets/World/Environment/Prefabs/Custom/asset set/RoundGlass_low006.prefab using Guid(49e32d247d0dd774a8528b515e7f4bc5) Importer(815301076,1909f56bfc062723c751e8b465ee728b) (PreviewImporter) -> (artifact id: '51bea275be115cf4e855113ff7f0795a') in 0.0534986 seconds
Number of updated asset objects reloaded before import = 0Number of asset objects unloaded after import = 606

========================================================================
Received Import Request.
  Time since last request: 0.000032 seconds.
  path: Assets/World/Environment/Prefabs/Custom/asset set/Shelf_low001.prefab
  artifactKey: Guid(ada932f7b6996944896d54fdb0ea17d3) Importer(815301076,1909f56bfc062723c751e8b465ee728b)
Start importing Assets/World/Environment/Prefabs/Custom/asset set/Shelf_low001.prefab using Guid(ada932f7b6996944896d54fdb0ea17d3) Importer(815301076,1909f56bfc062723c751e8b465ee728b) (PreviewImporter) -> (artifact id: '990b2155d807342a2957bdab06d6c4d2') in 0.0335977 seconds
Number of updated asset objects reloaded before import = 0Number of asset objects unloaded after import = 606

========================================================================
Received Import Request.
  Time since last request: 0.000046 seconds.
  path: Assets/World/Environment/Prefabs/Custom/asset set/SheriffBadgeHook_low.prefab
  artifactKey: Guid(ad0c0e072dc810946b14061af195f945) Importer(815301076,1909f56bfc062723c751e8b465ee728b)
Start importing Assets/World/Environment/Prefabs/Custom/asset set/SheriffBadgeHook_low.prefab using Guid(ad0c0e072dc810946b14061af195f945) Importer(815301076,1909f56bfc062723c751e8b465ee728b) (PreviewImporter) -> (artifact id: '6cd615be72be0481c9958520fe26fcf1') in 0.037332 seconds
Number of updated asset objects reloaded before import = 0Number of asset objects unloaded after import = 606

========================================================================
Received Import Request.
  Time since last request: 0.000027 seconds.
  path: Assets/World/Environment/Prefabs/Custom/asset set/SheriffHat_low.prefab
  artifactKey: Guid(84b442dac94c467468c54d4a618a8d1f) Importer(815301076,1909f56bfc062723c751e8b465ee728b)
Start importing Assets/World/Environment/Prefabs/Custom/asset set/SheriffHat_low.prefab using Guid(84b442dac94c467468c54d4a618a8d1f) Importer(815301076,1909f56bfc062723c751e8b465ee728b) (PreviewImporter) -> (artifact id: '5e2b41cf6262326820d77c125aae6a04') in 0.0386633 seconds
Number of updated asset objects reloaded before import = 0Number of asset objects unloaded after import = 606

========================================================================
Received Import Request.
  Time since last request: 0.000028 seconds.
  path: Assets/World/Environment/Prefabs/Custom/asset set/SheriffBadgePin_low.prefab
  artifactKey: Guid(7b7139ea6350ad4409c4f33bab540c59) Importer(815301076,1909f56bfc062723c751e8b465ee728b)
Start importing Assets/World/Environment/Prefabs/Custom/asset set/SheriffBadgePin_low.prefab using Guid(7b7139ea6350ad4409c4f33bab540c59) Importer(815301076,1909f56bfc062723c751e8b465ee728b) (PreviewImporter) -> (artifact id: '5282d05e40d282c96db4388ccd6009ea') in 0.0376198 seconds
Number of updated asset objects reloaded before import = 0Number of asset objects unloaded after import = 606

========================================================================
Received Import Request.
  Time since last request: 0.000028 seconds.
  path: Assets/World/Environment/Prefabs/Custom/asset set/WantedPoster4.prefab
  artifactKey: Guid(3eaecb7f3375fe744ab01eae2c5f3630) Importer(815301076,1909f56bfc062723c751e8b465ee728b)
Start importing Assets/World/Environment/Prefabs/Custom/asset set/WantedPoster4.prefab using Guid(3eaecb7f3375fe744ab01eae2c5f3630) Importer(815301076,1909f56bfc062723c751e8b465ee728b) (PreviewImporter) -> (artifact id: '9fe6fb893709540e72e33d9cf34292d4') in 0.0362458 seconds
Number of updated asset objects reloaded before import = 0Number of asset objects unloaded after import = 606

========================================================================
Received Import Request.
  Time since last request: 0.000046 seconds.
  path: Assets/World/Environment/Prefabs/Custom/asset set/WhiskyGlass_low002.prefab
  artifactKey: Guid(5126e3110bb3f3f41b5255b3c5939b30) Importer(815301076,1909f56bfc062723c751e8b465ee728b)
Start importing Assets/World/Environment/Prefabs/Custom/asset set/WhiskyGlass_low002.prefab using Guid(5126e3110bb3f3f41b5255b3c5939b30) Importer(815301076,1909f56bfc062723c751e8b465ee728b) (PreviewImporter) -> (artifact id: '5dabdde7aa65fa06a516535bfc614e92') in 0.0377689 seconds
Number of updated asset objects reloaded before import = 0Number of asset objects unloaded after import = 606

========================================================================
Received Import Request.
  Time since last request: 0.000026 seconds.
  path: Assets/World/Environment/Prefabs/Custom/asset set/RoundGlass_low007.prefab
  artifactKey: Guid(c0c3f0fd78b5d874db97e5bbf687a5a8) Importer(815301076,1909f56bfc062723c751e8b465ee728b)
Start importing Assets/World/Environment/Prefabs/Custom/asset set/RoundGlass_low007.prefab using Guid(c0c3f0fd78b5d874db97e5bbf687a5a8) Importer(815301076,1909f56bfc062723c751e8b465ee728b) (PreviewImporter) -> (artifact id: '2a03b65089278718baabe57a9bd44eb9') in 0.0347639 seconds
Number of updated asset objects reloaded before import = 0Number of asset objects unloaded after import = 606

========================================================================
Received Import Request.
  Time since last request: 0.000031 seconds.
  path: Assets/World/Environment/Prefabs/Custom/asset set/WhiskyGlass_low003.prefab
  artifactKey: Guid(eab6293ff4ee87044a14c7702054bcea) Importer(815301076,1909f56bfc062723c751e8b465ee728b)
Start importing Assets/World/Environment/Prefabs/Custom/asset set/WhiskyGlass_low003.prefab using Guid(eab6293ff4ee87044a14c7702054bcea) Importer(815301076,1909f56bfc062723c751e8b465ee728b) (PreviewImporter) -> (artifact id: '1b58656da6ce8c100d2d9308f7e232e4') in 0.036279 seconds
Number of updated asset objects reloaded before import = 0Number of asset objects unloaded after import = 606

========================================================================
Received Import Request.
  Time since last request: 0.000028 seconds.
  path: Assets/World/Environment/Prefabs/Custom/asset set/BarStool_low001.prefab
  artifactKey: Guid(222b942afbad6dc438f4608dacd1b2c8) Importer(2089858483,b0f066a214c2f5e87bad3c948f4d605d)
Start importing Assets/World/Environment/Prefabs/Custom/asset set/BarStool_low001.prefab using Guid(222b942afbad6dc438f4608dacd1b2c8) Importer(2089858483,b0f066a214c2f5e87bad3c948f4d605d) (ScriptedImporter) -> (artifact id: '8f00de6b3a1aac02016cea676e514470') in 0.0098876 seconds
Number of updated asset objects reloaded before import = 0Number of asset objects unloaded after import = 8

========================================================================
Received Import Request.
  Time since last request: 0.000037 seconds.
  path: Assets/World/Environment/Prefabs/Custom/asset set/RoundGlass_low.prefab
  artifactKey: Guid(4f507d865f9f5314388e584361ee75f2) Importer(2089858483,b0f066a214c2f5e87bad3c948f4d605d)
Start importing Assets/World/Environment/Prefabs/Custom/asset set/RoundGlass_low.prefab using Guid(4f507d865f9f5314388e584361ee75f2) Importer(2089858483,b0f066a214c2f5e87bad3c948f4d605d) (ScriptedImporter) -> (artifact id: '91c550e62f5e7ce87d1bc3b0f5f9c013') in 0.0081163 seconds
Number of updated asset objects reloaded before import = 0Number of asset objects unloaded after import = 8

========================================================================
Received Import Request.
  Time since last request: 0.000026 seconds.
  path: Assets/World/Environment/Prefabs/Custom/asset set/ChairSeat_low.prefab
  artifactKey: Guid(26f439b33c1402544ab2f6df66227e3e) Importer(2089858483,b0f066a214c2f5e87bad3c948f4d605d)
Start importing Assets/World/Environment/Prefabs/Custom/asset set/ChairSeat_low.prefab using Guid(26f439b33c1402544ab2f6df66227e3e) Importer(2089858483,b0f066a214c2f5e87bad3c948f4d605d) (ScriptedImporter) -> (artifact id: '8bdd21175739d34a2da5d505b9b2ffb9') in 0.0076493 seconds
Number of updated asset objects reloaded before import = 0Number of asset objects unloaded after import = 8

========================================================================
Received Import Request.
  Time since last request: 0.000026 seconds.
  path: Assets/World/Environment/Prefabs/Custom/asset set/Moonshine004_low.prefab
  artifactKey: Guid(ef1bbe33610c6104d8096d10f329338e) Importer(2089858483,b0f066a214c2f5e87bad3c948f4d605d)
Start importing Assets/World/Environment/Prefabs/Custom/asset set/Moonshine004_low.prefab using Guid(ef1bbe33610c6104d8096d10f329338e) Importer(2089858483,b0f066a214c2f5e87bad3c948f4d605d) (ScriptedImporter) -> (artifact id: 'eacc885eff1340a2f557c47f14735737') in 0.0086594 seconds
Number of updated asset objects reloaded before import = 0Number of asset objects unloaded after import = 8

========================================================================
Received Import Request.
  Time since last request: 0.000030 seconds.
  path: Assets/World/Environment/Prefabs/Custom/asset set/RoundGlass_low003.prefab
  artifactKey: Guid(40247f25390608840992d2857954a4fe) Importer(2089858483,b0f066a214c2f5e87bad3c948f4d605d)
Start importing Assets/World/Environment/Prefabs/Custom/asset set/RoundGlass_low003.prefab using Guid(40247f25390608840992d2857954a4fe) Importer(2089858483,b0f066a214c2f5e87bad3c948f4d605d) (ScriptedImporter) -> (artifact id: 'c0f9adf3304b4361cafe6aa56f6a66b9') in 0.0086125 seconds
Number of updated asset objects reloaded before import = 0Number of asset objects unloaded after import = 8

========================================================================
Received Import Request.
  Time since last request: 0.000040 seconds.
  path: Assets/World/Environment/Prefabs/Custom/asset set/ChairSeat_low003.prefab
  artifactKey: Guid(f57494ca6cfb0834ba96109c4a5f9f82) Importer(2089858483,b0f066a214c2f5e87bad3c948f4d605d)
Start importing Assets/World/Environment/Prefabs/Custom/asset set/ChairSeat_low003.prefab using Guid(f57494ca6cfb0834ba96109c4a5f9f82) Importer(2089858483,b0f066a214c2f5e87bad3c948f4d605d) (ScriptedImporter) -> (artifact id: 'ba0127ebcd693422e32337f9e8d45b4b') in 0.0079307 seconds
Number of updated asset objects reloaded before import = 0Number of asset objects unloaded after import = 8

========================================================================
Received Import Request.
  Time since last request: 0.000028 seconds.
  path: Assets/World/Environment/Prefabs/Custom/asset set/Crate_low004.prefab
  artifactKey: Guid(73f8976b50e70824c95041eefa5dcc49) Importer(2089858483,b0f066a214c2f5e87bad3c948f4d605d)
Start importing Assets/World/Environment/Prefabs/Custom/asset set/Crate_low004.prefab using Guid(73f8976b50e70824c95041eefa5dcc49) Importer(2089858483,b0f066a214c2f5e87bad3c948f4d605d) (ScriptedImporter) -> (artifact id: 'cf771f70cc4e6cc5275a5a577e26be79') in 0.0092492 seconds
Number of updated asset objects reloaded before import = 0Number of asset objects unloaded after import = 8

========================================================================
Received Import Request.
  Time since last request: 0.000026 seconds.
  path: Assets/World/Environment/Prefabs/Custom/asset set/AlcoholBottle008_low005.prefab
  artifactKey: Guid(ed5a6088a4144b640b436eb736734337) Importer(2089858483,b0f066a214c2f5e87bad3c948f4d605d)
Start importing Assets/World/Environment/Prefabs/Custom/asset set/AlcoholBottle008_low005.prefab using Guid(ed5a6088a4144b640b436eb736734337) Importer(2089858483,b0f066a214c2f5e87bad3c948f4d605d) (ScriptedImporter) -> (artifact id: 'a94af3953d79741fc4c367f87bf1f124') in 0.0092565 seconds
Number of updated asset objects reloaded before import = 0Number of asset objects unloaded after import = 8

========================================================================
Received Import Request.
  Time since last request: 0.000038 seconds.
  path: Assets/World/Environment/Prefabs/Custom/asset set/OilLampBot_low.prefab
  artifactKey: Guid(c1fd5ac4c0cdaf8438198303823718b9) Importer(2089858483,b0f066a214c2f5e87bad3c948f4d605d)
Start importing Assets/World/Environment/Prefabs/Custom/asset set/OilLampBot_low.prefab using Guid(c1fd5ac4c0cdaf8438198303823718b9) Importer(2089858483,b0f066a214c2f5e87bad3c948f4d605d) (ScriptedImporter) -> (artifact id: '4fa219709183cd6e42de11375897c07b') in 0.0097681 seconds
Number of updated asset objects reloaded before import = 0Number of asset objects unloaded after import = 8

========================================================================
Received Import Request.
  Time since last request: 0.000035 seconds.
  path: Assets/World/Environment/Prefabs/Custom/asset set/ChairFeetRests_low.prefab
  artifactKey: Guid(a0b6eaa77a7e7184bbd5eaf204d2e753) Importer(2089858483,b0f066a214c2f5e87bad3c948f4d605d)
Start importing Assets/World/Environment/Prefabs/Custom/asset set/ChairFeetRests_low.prefab using Guid(a0b6eaa77a7e7184bbd5eaf204d2e753) Importer(2089858483,b0f066a214c2f5e87bad3c948f4d605d) (ScriptedImporter) -> (artifact id: '00000000000000000000000000000000') in 0.0073761 seconds
Import Error Code:(4)
Message: Build asset version error: assets/world/environment/prefabs/custom/asset set/chairfeetrests_low.prefab in SourceAssetDB has modification time of '2026-04-05T16:59:03.1500604Z' while content on disk has modification time of '2026-04-05T16:59:05.3419604Z'
  ERROR: Build asset version error: assets/world/environment/prefabs/custom/asset set/chairfeetrests_low.prefab in SourceAssetDB has modification time of '2026-04-05T16:59:03.1500604Z' while content on disk has modification time of '2026-04-05T16:59:05.3419604Z'
Number of updated asset objects reloaded before import = 0Number of asset objects unloaded after import = 2

========================================================================
Received Import Request.
  Time since last request: 0.000029 seconds.
  path: Assets/World/Environment/Prefabs/Custom/asset set/ChairLegs_low001.prefab
  artifactKey: Guid(a894b7bc0a08b3b41a711cecbb569a74) Importer(2089858483,b0f066a214c2f5e87bad3c948f4d605d)
Start importing Assets/World/Environment/Prefabs/Custom/asset set/ChairLegs_low001.prefab using Guid(a894b7bc0a08b3b41a711cecbb569a74) Importer(2089858483,b0f066a214c2f5e87bad3c948f4d605d) (ScriptedImporter) -> (artifact id: '00000000000000000000000000000000') in 0.009888 seconds
Import Error Code:(4)
Message: Build asset version error: assets/world/environment/prefabs/custom/asset set/chairlegs_low001.prefab in SourceAssetDB has modification time of '2026-04-05T16:59:03.2278217Z' while content on disk has modification time of '2026-04-05T16:59:05.4263334Z'
  ERROR: Build asset version error: assets/world/environment/prefabs/custom/asset set/chairlegs_low001.prefab in SourceAssetDB has modification time of '2026-04-05T16:59:03.2278217Z' while content on disk has modification time of '2026-04-05T16:59:05.4263334Z'
Number of updated asset objects reloaded before import = 0Number of asset objects unloaded after import = 2

========================================================================
Received Import Request.
  Time since last request: 0.000024 seconds.
  path: Assets/World/Environment/Prefabs/Custom/asset set/AlcoholBottle008_low001.prefab
  artifactKey: Guid(cf4809d0b8d4d4142a2158cda26f7b88) Importer(2089858483,b0f066a214c2f5e87bad3c948f4d605d)
Start importing Assets/World/Environment/Prefabs/Custom/asset set/AlcoholBottle008_low001.prefab using Guid(cf4809d0b8d4d4142a2158cda26f7b88) Importer(2089858483,b0f066a214c2f5e87bad3c948f4d605d) (ScriptedImporter) -> (artifact id: 'defa4e4e593479b3d1009088c0d2e6f0') in 0.0034338 seconds
Number of updated asset objects reloaded before import = 0Number of asset objects unloaded after import = 0

========================================================================
Received Import Request.
  Time since last request: 0.456264 seconds.
  path: Assets/World/Environment/Prefabs/Custom/asset set/RoundGlass_low006.prefab
  artifactKey: Guid(49e32d247d0dd774a8528b515e7f4bc5) Importer(815301076,1909f56bfc062723c751e8b465ee728b)
Start importing Assets/World/Environment/Prefabs/Custom/asset set/RoundGlass_low006.prefab using Guid(49e32d247d0dd774a8528b515e7f4bc5) Importer(815301076,1909f56bfc062723c751e8b465ee728b) (PreviewImporter) -> (artifact id: 'd08dee38dbe07050b6e16614585a92b7') in 0.0412503 seconds
Number of updated asset objects reloaded before import = 0Number of asset objects unloaded after import = 606

========================================================================
Received Import Request.
  Time since last request: 0.000027 seconds.
  path: Assets/World/Environment/Prefabs/Custom/asset set/Shelf_low001.prefab
  artifactKey: Guid(ada932f7b6996944896d54fdb0ea17d3) Importer(815301076,1909f56bfc062723c751e8b465ee728b)
Start importing Assets/World/Environment/Prefabs/Custom/asset set/Shelf_low001.prefab using Guid(ada932f7b6996944896d54fdb0ea17d3) Importer(815301076,1909f56bfc062723c751e8b465ee728b) (PreviewImporter) -> (artifact id: 'babd72892df6d304ec27c6b49460e1d4') in 0.054676 seconds
Number of updated asset objects reloaded before import = 0Number of asset objects unloaded after import = 606

========================================================================
Received Import Request.
  Time since last request: 0.000045 seconds.
  path: Assets/World/Environment/Prefabs/Custom/asset set/SheriffBadge_low.prefab
  artifactKey: Guid(b75518ffcd425ae4f8ca185855cb393b) Importer(815301076,1909f56bfc062723c751e8b465ee728b)
Start importing Assets/World/Environment/Prefabs/Custom/asset set/SheriffBadge_low.prefab using Guid(b75518ffcd425ae4f8ca185855cb393b) Importer(815301076,1909f56bfc062723c751e8b465ee728b) (PreviewImporter) -> (artifact id: '989286a335a69800165dacc73a3f5aad') in 0.0509078 seconds
Number of updated asset objects reloaded before import = 0Number of asset objects unloaded after import = 606

========================================================================
Received Import Request.
  Time since last request: 0.000041 seconds.
  path: Assets/World/Environment/Prefabs/Custom/asset set/WantedBoard_low001.prefab
  artifactKey: Guid(e65473221c0058e43abf6acd60ca918f) Importer(815301076,1909f56bfc062723c751e8b465ee728b)
Start importing Assets/World/Environment/Prefabs/Custom/asset set/WantedBoard_low001.prefab using Guid(e65473221c0058e43abf6acd60ca918f) Importer(815301076,1909f56bfc062723c751e8b465ee728b) (PreviewImporter) -> (artifact id: 'c238f6a697e7c45cefcf34da3a4b9451') in 0.0444047 seconds
Number of updated asset objects reloaded before import = 0Number of asset objects unloaded after import = 606

========================================================================
Received Import Request.
  Time since last request: 0.000032 seconds.
  path: Assets/World/Environment/Prefabs/Custom/asset set/StandardTable_low.prefab
  artifactKey: Guid(24b311b07ecb3844bbe0cd8aa664a591) Importer(815301076,1909f56bfc062723c751e8b465ee728b)
Start importing Assets/World/Environment/Prefabs/Custom/asset set/StandardTable_low.prefab using Guid(24b311b07ecb3844bbe0cd8aa664a591) Importer(815301076,1909f56bfc062723c751e8b465ee728b) (PreviewImporter) -> (artifact id: '91bcc09bd59f9675cf0c21bd0e83a81e') in 0.0450141 seconds
Number of updated asset objects reloaded before import = 0Number of asset objects unloaded after import = 606

========================================================================
Received Import Request.
  Time since last request: 0.000034 seconds.
  path: Assets/World/Environment/Prefabs/Custom/asset set/WhiskyGlass_low009.prefab
  artifactKey: Guid(26a9bb8eea378fc4dafed3edc5f1b948) Importer(815301076,1909f56bfc062723c751e8b465ee728b)
Start importing Assets/World/Environment/Prefabs/Custom/asset set/WhiskyGlass_low009.prefab using Guid(26a9bb8eea378fc4dafed3edc5f1b948) Importer(815301076,1909f56bfc062723c751e8b465ee728b) (PreviewImporter) -> (artifact id: '821bfe4869735b36892b141449164469') in 0.0346417 seconds
Number of updated asset objects reloaded before import = 0Number of asset objects unloaded after import = 606

========================================================================
Received Import Request.
  Time since last request: 0.000083 seconds.
  path: Assets/World/Environment/Prefabs/Custom/asset set/WhiskyGlass_low007.prefab
  artifactKey: Guid(e13ce46e36a34cd45a2dcf0afa34c91b) Importer(815301076,1909f56bfc062723c751e8b465ee728b)
Start importing Assets/World/Environment/Prefabs/Custom/asset set/WhiskyGlass_low007.prefab using Guid(e13ce46e36a34cd45a2dcf0afa34c91b) Importer(815301076,1909f56bfc062723c751e8b465ee728b) (PreviewImporter) -> (artifact id: 'e7d9aa453288d836ca74e38291cccabb') in 0.0373023 seconds
Number of updated asset objects reloaded before import = 0Number of asset objects unloaded after import = 606

========================================================================
Received Import Request.
  Time since last request: 0.000042 seconds.
  path: Assets/World/Environment/Prefabs/Custom/asset set/WantedPoster010.prefab
  artifactKey: Guid(c304d11a6b1f481409ef4fb186669206) Importer(815301076,1909f56bfc062723c751e8b465ee728b)
Start importing Assets/World/Environment/Prefabs/Custom/asset set/WantedPoster010.prefab using Guid(c304d11a6b1f481409ef4fb186669206) Importer(815301076,1909f56bfc062723c751e8b465ee728b) (PreviewImporter) -> (artifact id: '90fdee9b6a705f7b3ba29ad9ff299366') in 0.0363034 seconds
Number of updated asset objects reloaded before import = 0Number of asset objects unloaded after import = 606

========================================================================
Received Import Request.
  Time since last request: 0.000046 seconds.
  path: Assets/World/Environment/Prefabs/Custom/asset set/WantedPoster3.prefab
  artifactKey: Guid(dcf3dede18adc164bb5709a468120a0b) Importer(815301076,1909f56bfc062723c751e8b465ee728b)
Start importing Assets/World/Environment/Prefabs/Custom/asset set/WantedPoster3.prefab using Guid(dcf3dede18adc164bb5709a468120a0b) Importer(815301076,1909f56bfc062723c751e8b465ee728b) (PreviewImporter) -> (artifact id: '8033dde452645a208ed1965655dd0334') in 0.0368811 seconds
Number of updated asset objects reloaded before import = 0Number of asset objects unloaded after import = 606

========================================================================
Received Import Request.
  Time since last request: 0.625533 seconds.
  path: Assets/World/Environment/Prefabs/Custom/asset set/RoundGlass_low006.prefab
  artifactKey: Guid(49e32d247d0dd774a8528b515e7f4bc5) Importer(815301076,1909f56bfc062723c751e8b465ee728b)
Start importing Assets/World/Environment/Prefabs/Custom/asset set/RoundGlass_low006.prefab using Guid(49e32d247d0dd774a8528b515e7f4bc5) Importer(815301076,1909f56bfc062723c751e8b465ee728b) (PreviewImporter) -> (artifact id: '2f58a3afe4b8290b3826844e4312ff92') in 0.0427978 seconds
Number of updated asset objects reloaded before import = 0Number of asset objects unloaded after import = 606

========================================================================
Received Import Request.
  Time since last request: 0.000026 seconds.
  path: Assets/World/Environment/Prefabs/Custom/asset set/WhiskyGlass_low005.prefab
  artifactKey: Guid(b2b0a07a0de52b9468277a12c8eadd43) Importer(815301076,1909f56bfc062723c751e8b465ee728b)
Start importing Assets/World/Environment/Prefabs/Custom/asset set/WhiskyGlass_low005.prefab using Guid(b2b0a07a0de52b9468277a12c8eadd43) Importer(815301076,1909f56bfc062723c751e8b465ee728b) (PreviewImporter) -> (artifact id: '7adbec10a61711194310739bdb494959') in 0.0395662 seconds
Number of updated asset objects reloaded before import = 0Number of asset objects unloaded after import = 606

========================================================================
Received Import Request.
  Time since last request: 0.000036 seconds.
  path: Assets/World/Environment/Prefabs/Custom/asset set/SheriffBadge_low.prefab
  artifactKey: Guid(b75518ffcd425ae4f8ca185855cb393b) Importer(815301076,1909f56bfc062723c751e8b465ee728b)
Start importing Assets/World/Environment/Prefabs/Custom/asset set/SheriffBadge_low.prefab using Guid(b75518ffcd425ae4f8ca185855cb393b) Importer(815301076,1909f56bfc062723c751e8b465ee728b) (PreviewImporter) -> (artifact id: 'a994a732bc158210971b05c8de4ed848') in 0.0409829 seconds
Number of updated asset objects reloaded before import = 0Number of asset objects unloaded after import = 606

========================================================================
Received Import Request.
  Time since last request: 0.000034 seconds.
  path: Assets/World/Environment/Prefabs/Custom/asset set/WantedBoard_low001.prefab
  artifactKey: Guid(e65473221c0058e43abf6acd60ca918f) Importer(815301076,1909f56bfc062723c751e8b465ee728b)
Start importing Assets/World/Environment/Prefabs/Custom/asset set/WantedBoard_low001.prefab using Guid(e65473221c0058e43abf6acd60ca918f) Importer(815301076,1909f56bfc062723c751e8b465ee728b) (PreviewImporter) -> (artifact id: '631e378845ed72efbe6163ac50e9466c') in 0.0376316 seconds
Number of updated asset objects reloaded before import = 0Number of asset objects unloaded after import = 606

========================================================================
Received Import Request.
  Time since last request: 0.000041 seconds.
  path: Assets/World/Environment/Prefabs/Custom/asset set/BarStool_low005.prefab
  artifactKey: Guid(4bcf2e7c3742e784c929cfe57caeca52) Importer(815301076,1909f56bfc062723c751e8b465ee728b)
Start importing Assets/World/Environment/Prefabs/Custom/asset set/BarStool_low005.prefab using Guid(4bcf2e7c3742e784c929cfe57caeca52) Importer(815301076,1909f56bfc062723c751e8b465ee728b) (PreviewImporter) -> (artifact id: '1d3ee3c3a06e68c2a297e18584c61bcb') in 0.0425982 seconds
Number of updated asset objects reloaded before import = 0Number of asset objects unloaded after import = 606

========================================================================
Received Import Request.
  Time since last request: 0.000027 seconds.
  path: Assets/World/Environment/Prefabs/Custom/asset set/ChairLegs_low003.prefab
  artifactKey: Guid(b1d267a4b50c73f4c8fddbc337c41ecf) Importer(815301076,1909f56bfc062723c751e8b465ee728b)
Start importing Assets/World/Environment/Prefabs/Custom/asset set/ChairLegs_low003.prefab using Guid(b1d267a4b50c73f4c8fddbc337c41ecf) Importer(815301076,1909f56bfc062723c751e8b465ee728b) (PreviewImporter) -> (artifact id: '058b5ed481b3b3c2a51eb2c8e36a5619') in 0.0429359 seconds
Number of updated asset objects reloaded before import = 0Number of asset objects unloaded after import = 606

========================================================================
Received Import Request.
  Time since last request: 0.000044 seconds.
  path: Assets/World/Environment/Prefabs/Custom/asset set/BarStool_low001.prefab
  artifactKey: Guid(222b942afbad6dc438f4608dacd1b2c8) Importer(815301076,1909f56bfc062723c751e8b465ee728b)
Start importing Assets/World/Environment/Prefabs/Custom/asset set/BarStool_low001.prefab using Guid(222b942afbad6dc438f4608dacd1b2c8) Importer(815301076,1909f56bfc062723c751e8b465ee728b) (PreviewImporter) -> (artifact id: 'd5ae480e5895b3fc88f6005f99780856') in 0.0582272 seconds
Number of updated asset objects reloaded before import = 0Number of asset objects unloaded after import = 606

========================================================================
Received Import Request.
  Time since last request: 0.000049 seconds.
  path: Assets/World/Environment/Prefabs/Custom/asset set/ChairLegs_low008.prefab
  artifactKey: Guid(c89c239f1f14af84fac412919919ff60) Importer(815301076,1909f56bfc062723c751e8b465ee728b)
Start importing Assets/World/Environment/Prefabs/Custom/asset set/ChairLegs_low008.prefab using Guid(c89c239f1f14af84fac412919919ff60) Importer(815301076,1909f56bfc062723c751e8b465ee728b) (PreviewImporter) -> (artifact id: '5f422e79c8a14b45487fe0e714bbd17b') in 0.044325 seconds
Number of updated asset objects reloaded before import = 0Number of asset objects unloaded after import = 606

========================================================================
Received Import Request.
  Time since last request: 0.000043 seconds.
  path: Assets/World/Environment/Prefabs/Custom/asset set/BarStool_low004.prefab
  artifactKey: Guid(b4ea61a4eb466554ba3f429225b6a4ac) Importer(815301076,1909f56bfc062723c751e8b465ee728b)
Start importing Assets/World/Environment/Prefabs/Custom/asset set/BarStool_low004.prefab using Guid(b4ea61a4eb466554ba3f429225b6a4ac) Importer(815301076,1909f56bfc062723c751e8b465ee728b) (PreviewImporter) -> (artifact id: '4b9dfea009c2d9bba6b96112a22267ed') in 0.0441232 seconds
Number of updated asset objects reloaded before import = 0Number of asset objects unloaded after import = 606

========================================================================
Received Import Request.
  Time since last request: 0.000034 seconds.
  path: Assets/World/Environment/Prefabs/Custom/asset set/AlcoholBottle008_low001.prefab
  artifactKey: Guid(cf4809d0b8d4d4142a2158cda26f7b88) Importer(815301076,1909f56bfc062723c751e8b465ee728b)
Start importing Assets/World/Environment/Prefabs/Custom/asset set/AlcoholBottle008_low001.prefab using Guid(cf4809d0b8d4d4142a2158cda26f7b88) Importer(815301076,1909f56bfc062723c751e8b465ee728b) (PreviewImporter) -> (artifact id: '59545310bc0deb420a9168aafee07bd4') in 0.0471672 seconds
Number of updated asset objects reloaded before import = 0Number of asset objects unloaded after import = 606

========================================================================
Received Import Request.
  Time since last request: 0.000049 seconds.
  path: Assets/World/Environment/Prefabs/Custom/asset set/WantedPoster013.prefab
  artifactKey: Guid(4681a0e0e11994e4abae8ef969e433eb) Importer(815301076,1909f56bfc062723c751e8b465ee728b)
Start importing Assets/World/Environment/Prefabs/Custom/asset set/WantedPoster013.prefab using Guid(4681a0e0e11994e4abae8ef969e433eb) Importer(815301076,1909f56bfc062723c751e8b465ee728b) (PreviewImporter) -> (artifact id: '73e75db3c042ed89697bf546e6293a41') in 0.0425205 seconds
Number of updated asset objects reloaded before import = 0Number of asset objects unloaded after import = 606

========================================================================
Received Import Request.
  Time since last request: 0.000034 seconds.
  path: Assets/World/Environment/Prefabs/Custom/asset set/ChairSeat_low006.prefab
  artifactKey: Guid(20ba73d0cc3d3314b9f059f8945ad623) Importer(815301076,1909f56bfc062723c751e8b465ee728b)
Start importing Assets/World/Environment/Prefabs/Custom/asset set/ChairSeat_low006.prefab using Guid(20ba73d0cc3d3314b9f059f8945ad623) Importer(815301076,1909f56bfc062723c751e8b465ee728b) (PreviewImporter) -> (artifact id: 'dc486cd116b0a342b5e219f1b5ad6766') in 0.0378645 seconds
Number of updated asset objects reloaded before import = 0Number of asset objects unloaded after import = 606

========================================================================
Received Import Request.
  Time since last request: 0.000044 seconds.
  path: Assets/World/Environment/Prefabs/Custom/asset set/AlcoholBottle008_low004.prefab
  artifactKey: Guid(d8286993badeed04aa166267751a3b2d) Importer(815301076,1909f56bfc062723c751e8b465ee728b)
Start importing Assets/World/Environment/Prefabs/Custom/asset set/AlcoholBottle008_low004.prefab using Guid(d8286993badeed04aa166267751a3b2d) Importer(815301076,1909f56bfc062723c751e8b465ee728b) (PreviewImporter) -> (artifact id: '48fdf990a6ba78aaef2c8bf45ae108e4') in 0.0341685 seconds
Number of updated asset objects reloaded before import = 0Number of asset objects unloaded after import = 606

========================================================================
Received Import Request.
  Time since last request: 0.000039 seconds.
  path: Assets/World/Environment/Prefabs/Custom/asset set/ChairFeetRests_low001.prefab
  artifactKey: Guid(8826ca77a648765458ac311fffe8f715) Importer(815301076,1909f56bfc062723c751e8b465ee728b)
Start importing Assets/World/Environment/Prefabs/Custom/asset set/ChairFeetRests_low001.prefab using Guid(8826ca77a648765458ac311fffe8f715) Importer(815301076,1909f56bfc062723c751e8b465ee728b) (PreviewImporter) -> (artifact id: '3619dc5a37f1a220d6b74400c958f844') in 0.0382774 seconds
Number of updated asset objects reloaded before import = 0Number of asset objects unloaded after import = 606

========================================================================
Received Import Request.
  Time since last request: 0.000037 seconds.
  path: Assets/World/Environment/Prefabs/Custom/asset set/RoundGlass_low001.prefab
  artifactKey: Guid(d8d7a7fcbee3228478c2b9d611859c2f) Importer(815301076,1909f56bfc062723c751e8b465ee728b)
Start importing Assets/World/Environment/Prefabs/Custom/asset set/RoundGlass_low001.prefab using Guid(d8d7a7fcbee3228478c2b9d611859c2f) Importer(815301076,1909f56bfc062723c751e8b465ee728b) (PreviewImporter) -> (artifact id: '271f904be79ff6a8a6f765f1e26f3e9b') in 0.0439878 seconds
Number of updated asset objects reloaded before import = 0Number of asset objects unloaded after import = 606

========================================================================
Received Import Request.
  Time since last request: 0.000031 seconds.
  path: Assets/World/Environment/Prefabs/Custom/asset set/ChairBackRest_low002.prefab
  artifactKey: Guid(a96ef5aee630c8142b2798128dbb6d32) Importer(815301076,1909f56bfc062723c751e8b465ee728b)
Start importing Assets/World/Environment/Prefabs/Custom/asset set/ChairBackRest_low002.prefab using Guid(a96ef5aee630c8142b2798128dbb6d32) Importer(815301076,1909f56bfc062723c751e8b465ee728b) (PreviewImporter) -> (artifact id: '12123cd61460c6ded4154512aa55b2d0') in 0.0394531 seconds
Number of updated asset objects reloaded before import = 0Number of asset objects unloaded after import = 606

========================================================================
Received Import Request.
  Time since last request: 0.000052 seconds.
  path: Assets/World/Environment/Prefabs/Custom/asset set/Moonshine004_low.prefab
  artifactKey: Guid(ef1bbe33610c6104d8096d10f329338e) Importer(815301076,1909f56bfc062723c751e8b465ee728b)
Start importing Assets/World/Environment/Prefabs/Custom/asset set/Moonshine004_low.prefab using Guid(ef1bbe33610c6104d8096d10f329338e) Importer(815301076,1909f56bfc062723c751e8b465ee728b) (PreviewImporter) -> (artifact id: 'e2e5c881d3e9593061a80d70fc47806a') in 0.0405203 seconds
Number of updated asset objects reloaded before import = 0Number of asset objects unloaded after import = 606

========================================================================
Received Import Request.
  Time since last request: 0.000044 seconds.
  path: Assets/World/Environment/Prefabs/Custom/asset set/Moonshine004_low001.prefab
  artifactKey: Guid(754f91351166cf34ab2480b7e720d060) Importer(815301076,1909f56bfc062723c751e8b465ee728b)
Start importing Assets/World/Environment/Prefabs/Custom/asset set/Moonshine004_low001.prefab using Guid(754f91351166cf34ab2480b7e720d060) Importer(815301076,1909f56bfc062723c751e8b465ee728b) (PreviewImporter) -> (artifact id: '6bf7d6dade065a9449884def9c7def71') in 0.0382453 seconds
Number of updated asset objects reloaded before import = 0Number of asset objects unloaded after import = 606

========================================================================
Received Import Request.
  Time since last request: 0.000039 seconds.
  path: Assets/World/Environment/Prefabs/Custom/asset set/Crate_low002.prefab
  artifactKey: Guid(02d97d2e44330db4c901c79eeec9323f) Importer(815301076,1909f56bfc062723c751e8b465ee728b)
Start importing Assets/World/Environment/Prefabs/Custom/asset set/Crate_low002.prefab using Guid(02d97d2e44330db4c901c79eeec9323f) Importer(815301076,1909f56bfc062723c751e8b465ee728b) (PreviewImporter) -> (artifact id: '9dbc55f04379ef8958f116910595fc2a') in 0.0375191 seconds
Number of updated asset objects reloaded before import = 0Number of asset objects unloaded after import = 606

========================================================================
Received Import Request.
  Time since last request: 0.000041 seconds.
  path: Assets/World/Environment/Prefabs/Custom/asset set/BarStool_low.prefab
  artifactKey: Guid(d2a7dd015a408114ab1d5e1955b6997a) Importer(815301076,1909f56bfc062723c751e8b465ee728b)
Start importing Assets/World/Environment/Prefabs/Custom/asset set/BarStool_low.prefab using Guid(d2a7dd015a408114ab1d5e1955b6997a) Importer(815301076,1909f56bfc062723c751e8b465ee728b) (PreviewImporter) -> (artifact id: '2bde53ca7f9376fe9a0ef025158f3a4e') in 0.0371733 seconds
Number of updated asset objects reloaded before import = 0Number of asset objects unloaded after import = 606

========================================================================
Received Import Request.
  Time since last request: 0.000035 seconds.
  path: Assets/World/Environment/Prefabs/Custom/asset set/Barrel_low.prefab
  artifactKey: Guid(e1643345ac699a947893ca96ce104855) Importer(815301076,1909f56bfc062723c751e8b465ee728b)
Start importing Assets/World/Environment/Prefabs/Custom/asset set/Barrel_low.prefab using Guid(e1643345ac699a947893ca96ce104855) Importer(815301076,1909f56bfc062723c751e8b465ee728b) (PreviewImporter) -> (artifact id: '870ab193b5b6ae91d26c98f97eabf627') in 0.0304421 seconds
Number of updated asset objects reloaded before import = 0Number of asset objects unloaded after import = 606

========================================================================
Received Import Request.
  Time since last request: 0.000027 seconds.
  path: Assets/World/Environment/Prefabs/Custom/asset set/BullHornsRope_low.prefab
  artifactKey: Guid(e939300c1d26e8a48bd374f94a5837bd) Importer(815301076,1909f56bfc062723c751e8b465ee728b)
Start importing Assets/World/Environment/Prefabs/Custom/asset set/BullHornsRope_low.prefab using Guid(e939300c1d26e8a48bd374f94a5837bd) Importer(815301076,1909f56bfc062723c751e8b465ee728b) (PreviewImporter) -> (artifact id: '8c32a832782f729bf639ab1b9aa4a1ce') in 0.0320628 seconds
Number of updated asset objects reloaded before import = 0Number of asset objects unloaded after import = 606

========================================================================
Received Import Request.
  Time since last request: 0.000032 seconds.
  path: Assets/World/Environment/Prefabs/Custom/asset set/ChairSeat_low.prefab
  artifactKey: Guid(26f439b33c1402544ab2f6df66227e3e) Importer(815301076,1909f56bfc062723c751e8b465ee728b)
Start importing Assets/World/Environment/Prefabs/Custom/asset set/ChairSeat_low.prefab using Guid(26f439b33c1402544ab2f6df66227e3e) Importer(815301076,1909f56bfc062723c751e8b465ee728b) (PreviewImporter) -> (artifact id: 'd2629b375ec375e574eb969963e40f98') in 0.0321998 seconds
Number of updated asset objects reloaded before import = 0Number of asset objects unloaded after import = 606

========================================================================
Received Import Request.
  Time since last request: 0.000039 seconds.
  path: Assets/World/Environment/Prefabs/Custom/asset set/WhiskyGlass_low007.prefab
  artifactKey: Guid(e13ce46e36a34cd45a2dcf0afa34c91b) Importer(815301076,1909f56bfc062723c751e8b465ee728b)
Start importing Assets/World/Environment/Prefabs/Custom/asset set/WhiskyGlass_low007.prefab using Guid(e13ce46e36a34cd45a2dcf0afa34c91b) Importer(815301076,1909f56bfc062723c751e8b465ee728b) (PreviewImporter) -> (artifact id: '80718f5243233ec5d7b53fa0355210bc') in 0.0356901 seconds
Number of updated asset objects reloaded before import = 0Number of asset objects unloaded after import = 606

========================================================================
Received Import Request.
  Time since last request: 0.000030 seconds.
  path: Assets/World/Environment/Prefabs/Custom/asset set/SheriffBadge_low001.prefab
  artifactKey: Guid(85f0fcf1e0a283445aa9ebc673436e8f) Importer(815301076,1909f56bfc062723c751e8b465ee728b)
Start importing Assets/World/Environment/Prefabs/Custom/asset set/SheriffBadge_low001.prefab using Guid(85f0fcf1e0a283445aa9ebc673436e8f) Importer(815301076,1909f56bfc062723c751e8b465ee728b) (PreviewImporter) -> (artifact id: 'ff91720200e9d0e4f72e3fea63ffd9f1') in 0.037034 seconds
Number of updated asset objects reloaded before import = 0Number of asset objects unloaded after import = 606

========================================================================
Received Import Request.
  Time since last request: 0.000031 seconds.
  path: Assets/World/Environment/Prefabs/Custom/asset set/WhiskyGlass_low001.prefab
  artifactKey: Guid(8b00f8bac4866b148baaeffb07e8feb2) Importer(815301076,1909f56bfc062723c751e8b465ee728b)
Start importing Assets/World/Environment/Prefabs/Custom/asset set/WhiskyGlass_low001.prefab using Guid(8b00f8bac4866b148baaeffb07e8feb2) Importer(815301076,1909f56bfc062723c751e8b465ee728b) (PreviewImporter) -> (artifact id: '0ebd4a2c447b81f53e71f82b287c0dc9') in 0.0312417 seconds
Number of updated asset objects reloaded before import = 0Number of asset objects unloaded after import = 606

========================================================================
Received Import Request.
  Time since last request: 0.000040 seconds.
  path: Assets/World/Environment/Prefabs/Custom/asset set/SheriffBadgeHook_low001.prefab
  artifactKey: Guid(5238ac14eaba3ae4a8ad77f561eff6ed) Importer(815301076,1909f56bfc062723c751e8b465ee728b)
Start importing Assets/World/Environment/Prefabs/Custom/asset set/SheriffBadgeHook_low001.prefab using Guid(5238ac14eaba3ae4a8ad77f561eff6ed) Importer(815301076,1909f56bfc062723c751e8b465ee728b) (PreviewImporter) -> (artifact id: 'bc7edcee115a42196effebe581b9ac4d') in 0.0334921 seconds
Number of updated asset objects reloaded before import = 0Number of asset objects unloaded after import = 606

========================================================================
Received Import Request.
  Time since last request: 0.000031 seconds.
  path: Assets/World/Environment/Prefabs/Custom/asset set/WantedPoster012.prefab
  artifactKey: Guid(74618f53862c45d4683965474b28e0c6) Importer(815301076,1909f56bfc062723c751e8b465ee728b)
Start importing Assets/World/Environment/Prefabs/Custom/asset set/WantedPoster012.prefab using Guid(74618f53862c45d4683965474b28e0c6) Importer(815301076,1909f56bfc062723c751e8b465ee728b) (PreviewImporter) -> (artifact id: '06056f0d9f46ef5d1ee215dbc916d2b9') in 0.0373247 seconds
Number of updated asset objects reloaded before import = 0Number of asset objects unloaded after import = 606

========================================================================
Received Import Request.
  Time since last request: 0.000032 seconds.
  path: Assets/World/Environment/Prefabs/Custom/asset set/BarStool_low003.prefab
  artifactKey: Guid(fff75f2cf22b85043aca6a64382e5f63) Importer(815301076,1909f56bfc062723c751e8b465ee728b)
Start importing Assets/World/Environment/Prefabs/Custom/asset set/BarStool_low003.prefab using Guid(fff75f2cf22b85043aca6a64382e5f63) Importer(815301076,1909f56bfc062723c751e8b465ee728b) (PreviewImporter) -> (artifact id: '40483c5eb88cacdb7de6ef880066051a') in 0.0406321 seconds
Number of updated asset objects reloaded before import = 0Number of asset objects unloaded after import = 606

========================================================================
Received Import Request.
  Time since last request: 0.000043 seconds.
  path: Assets/World/Environment/Prefabs/Custom/asset set/AlcoholBottle008_low005.prefab
  artifactKey: Guid(ed5a6088a4144b640b436eb736734337) Importer(815301076,1909f56bfc062723c751e8b465ee728b)
Start importing Assets/World/Environment/Prefabs/Custom/asset set/AlcoholBottle008_low005.prefab using Guid(ed5a6088a4144b640b436eb736734337) Importer(815301076,1909f56bfc062723c751e8b465ee728b) (PreviewImporter) -> (artifact id: '92bc425c56030e238818622db5dd24cc') in 0.0376087 seconds
Number of updated asset objects reloaded before import = 0Number of asset objects unloaded after import = 606

========================================================================
Received Import Request.
  Time since last request: 3.789402 seconds.
  path: Assets/World/Environment/Prefabs/Custom/asset set/CandleHolderHandle_low001.prefab
  artifactKey: Guid(c07b936f574a1f8419a5cc576faab6f4) Importer(2089858483,b0f066a214c2f5e87bad3c948f4d605d)
Start importing Assets/World/Environment/Prefabs/Custom/asset set/CandleHolderHandle_low001.prefab using Guid(c07b936f574a1f8419a5cc576faab6f4) Importer(2089858483,b0f066a214c2f5e87bad3c948f4d605d) (ScriptedImporter) -> (artifact id: 'e7727a68dd36adbe2e8490a28d14a135') in 0.0079855 seconds
Number of updated asset objects reloaded before import = 0Number of asset objects unloaded after import = 8

========================================================================
Received Import Request.
  Time since last request: 0.000025 seconds.
  path: Assets/World/Environment/Prefabs/Custom/asset set/WhiskyGlass_low009.prefab
  artifactKey: Guid(26a9bb8eea378fc4dafed3edc5f1b948) Importer(2089858483,b0f066a214c2f5e87bad3c948f4d605d)
Start importing Assets/World/Environment/Prefabs/Custom/asset set/WhiskyGlass_low009.prefab using Guid(26a9bb8eea378fc4dafed3edc5f1b948) Importer(2089858483,b0f066a214c2f5e87bad3c948f4d605d) (ScriptedImporter) -> (artifact id: '684141f4ab38675e5d7f0ad195ad9704') in 0.0094698 seconds
Number of updated asset objects reloaded before import = 0Number of asset objects unloaded after import = 8

========================================================================
Received Import Request.
  Time since last request: 0.000022 seconds.
  path: Assets/World/Environment/Prefabs/Custom/asset set/WhiskyGlass_low002.prefab
  artifactKey: Guid(5126e3110bb3f3f41b5255b3c5939b30) Importer(2089858483,b0f066a214c2f5e87bad3c948f4d605d)
Start importing Assets/World/Environment/Prefabs/Custom/asset set/WhiskyGlass_low002.prefab using Guid(5126e3110bb3f3f41b5255b3c5939b30) Importer(2089858483,b0f066a214c2f5e87bad3c948f4d605d) (ScriptedImporter) -> (artifact id: 'f95b024fcd100165ece0ed144e76d45c') in 0.007469 seconds
Number of updated asset objects reloaded before import = 0Number of asset objects unloaded after import = 8

========================================================================
Received Import Request.
  Time since last request: 0.000027 seconds.
  path: Assets/World/Environment/Prefabs/Custom/asset set/ChairLegs_low003.prefab
  artifactKey: Guid(b1d267a4b50c73f4c8fddbc337c41ecf) Importer(2089858483,b0f066a214c2f5e87bad3c948f4d605d)
Start importing Assets/World/Environment/Prefabs/Custom/asset set/ChairLegs_low003.prefab using Guid(b1d267a4b50c73f4c8fddbc337c41ecf) Importer(2089858483,b0f066a214c2f5e87bad3c948f4d605d) (ScriptedImporter) -> (artifact id: '0d8dcebd5a556454509a6010f4570cd5') in 0.0083115 seconds
Number of updated asset objects reloaded before import = 0Number of asset objects unloaded after import = 8

========================================================================
Received Import Request.
  Time since last request: 0.000035 seconds.
  path: Assets/World/Environment/Prefabs/Custom/asset set/ChairBackRest_low004.prefab
  artifactKey: Guid(5c59861510c30ba44978370a4371788f) Importer(2089858483,b0f066a214c2f5e87bad3c948f4d605d)
Start importing Assets/World/Environment/Prefabs/Custom/asset set/ChairBackRest_low004.prefab using Guid(5c59861510c30ba44978370a4371788f) Importer(2089858483,b0f066a214c2f5e87bad3c948f4d605d) (ScriptedImporter) -> (artifact id: '31984be85f399e12704bc50b2df1cacc') in 0.0080312 seconds
Number of updated asset objects reloaded before import = 0Number of asset objects unloaded after import = 8

========================================================================
Received Import Request.
  Time since last request: 0.000025 seconds.
  path: Assets/World/Environment/Prefabs/Custom/asset set/WhiskyGlass_low004.prefab
  artifactKey: Guid(2aa812e487ae7b1498b4faea2459448d) Importer(2089858483,b0f066a214c2f5e87bad3c948f4d605d)
Start importing Assets/World/Environment/Prefabs/Custom/asset set/WhiskyGlass_low004.prefab using Guid(2aa812e487ae7b1498b4faea2459448d) Importer(2089858483,b0f066a214c2f5e87bad3c948f4d605d) (ScriptedImporter) -> (artifact id: 'e13498d24bccb2493aeba3eb31e7a156') in 0.007955 seconds
Number of updated asset objects reloaded before import = 0Number of asset objects unloaded after import = 8

========================================================================
Received Import Request.
  Time since last request: 0.000023 seconds.
  path: Assets/World/Environment/Prefabs/Custom/asset set/ChairSeat_low001.prefab
  artifactKey: Guid(0a7005744ff625942abce8aa35937cfa) Importer(2089858483,b0f066a214c2f5e87bad3c948f4d605d)
Start importing Assets/World/Environment/Prefabs/Custom/asset set/ChairSeat_low001.prefab using Guid(0a7005744ff625942abce8aa35937cfa) Importer(2089858483,b0f066a214c2f5e87bad3c948f4d605d) (ScriptedImporter) -> (artifact id: 'be6723bdc2d430f7681e374c664a7579') in 0.008273 seconds
Number of updated asset objects reloaded before import = 0Number of asset objects unloaded after import = 8

========================================================================
Received Import Request.
  Time since last request: 0.000027 seconds.
  path: Assets/World/Environment/Prefabs/Custom/asset set/AlcoholBottle008_low006.prefab
  artifactKey: Guid(51395d8034323cd499fcbc3f2ae64242) Importer(2089858483,b0f066a214c2f5e87bad3c948f4d605d)
Start importing Assets/World/Environment/Prefabs/Custom/asset set/AlcoholBottle008_low006.prefab using Guid(51395d8034323cd499fcbc3f2ae64242) Importer(2089858483,b0f066a214c2f5e87bad3c948f4d605d) (ScriptedImporter) -> (artifact id: '9c3b3e1507c39619c11840b88f64d449') in 0.0084275 seconds
Number of updated asset objects reloaded before import = 0Number of asset objects unloaded after import = 8

========================================================================
Received Import Request.
  Time since last request: 0.000040 seconds.
  path: Assets/World/Environment/Prefabs/Custom/asset set/RoundGlass_low001.prefab
  artifactKey: Guid(d8d7a7fcbee3228478c2b9d611859c2f) Importer(2089858483,b0f066a214c2f5e87bad3c948f4d605d)
Start importing Assets/World/Environment/Prefabs/Custom/asset set/RoundGlass_low001.prefab using Guid(d8d7a7fcbee3228478c2b9d611859c2f) Importer(2089858483,b0f066a214c2f5e87bad3c948f4d605d) (ScriptedImporter) -> (artifact id: 'fd541b8feff41604886de39997035976') in 0.0082992 seconds
Number of updated asset objects reloaded before import = 0Number of asset objects unloaded after import = 8

========================================================================
Received Import Request.
  Time since last request: 0.000029 seconds.
  path: Assets/World/Environment/Prefabs/Custom/asset set/ChairFeetRests_low004.prefab
  artifactKey: Guid(32c3361d90222934386cd9b44d9c2e1e) Importer(2089858483,b0f066a214c2f5e87bad3c948f4d605d)
Start importing Assets/World/Environment/Prefabs/Custom/asset set/ChairFeetRests_low004.prefab using Guid(32c3361d90222934386cd9b44d9c2e1e) Importer(2089858483,b0f066a214c2f5e87bad3c948f4d605d) (ScriptedImporter) -> (artifact id: 'a09ef1d4b862e50fe94a1a48d75b6605') in 0.0104452 seconds
Number of updated asset objects reloaded before import = 0Number of asset objects unloaded after import = 8

========================================================================
Received Import Request.
  Time since last request: 0.000028 seconds.
  path: Assets/World/Environment/Prefabs/Custom/asset set/Crate_low005.prefab
  artifactKey: Guid(42088531a9c25f545a604bfd96af842c) Importer(2089858483,b0f066a214c2f5e87bad3c948f4d605d)
Start importing Assets/World/Environment/Prefabs/Custom/asset set/Crate_low005.prefab using Guid(42088531a9c25f545a604bfd96af842c) Importer(2089858483,b0f066a214c2f5e87bad3c948f4d605d) (ScriptedImporter) -> (artifact id: '869dbda457eb55f1515f277ec8fbdb06') in 0.008621 seconds
Number of updated asset objects reloaded before import = 0Number of asset objects unloaded after import = 8

========================================================================
Received Import Request.
  Time since last request: 0.000024 seconds.
  path: Assets/World/Environment/Prefabs/Custom/asset set/ChairFeetRests_low008.prefab
  artifactKey: Guid(0d0ee9b0d0d57b84499a8bf01894f04e) Importer(2089858483,b0f066a214c2f5e87bad3c948f4d605d)
Start importing Assets/World/Environment/Prefabs/Custom/asset set/ChairFeetRests_low008.prefab using Guid(0d0ee9b0d0d57b84499a8bf01894f04e) Importer(2089858483,b0f066a214c2f5e87bad3c948f4d605d) (ScriptedImporter) -> (artifact id: '1dc2c8a385388a445624516a5afaeb30') in 0.0090034 seconds
Number of updated asset objects reloaded before import = 0Number of asset objects unloaded after import = 8

========================================================================
Received Import Request.
  Time since last request: 0.000038 seconds.
  path: Assets/World/Environment/Prefabs/Custom/asset set/WantedPoster4.prefab
  artifactKey: Guid(3eaecb7f3375fe744ab01eae2c5f3630) Importer(2089858483,b0f066a214c2f5e87bad3c948f4d605d)
Start importing Assets/World/Environment/Prefabs/Custom/asset set/WantedPoster4.prefab using Guid(3eaecb7f3375fe744ab01eae2c5f3630) Importer(2089858483,b0f066a214c2f5e87bad3c948f4d605d) (ScriptedImporter) -> (artifact id: 'e08b5c21550ff9a7e36c735566a9b363') in 0.0097828 seconds
Number of updated asset objects reloaded before import = 0Number of asset objects unloaded after import = 8

========================================================================
Received Import Request.
  Time since last request: 0.000023 seconds.
  path: Assets/World/Environment/Prefabs/Custom/asset set/ChairBackRest_low.prefab
  artifactKey: Guid(e66af02f1065dc843a9204ede16a85d0) Importer(2089858483,b0f066a214c2f5e87bad3c948f4d605d)
Start importing Assets/World/Environment/Prefabs/Custom/asset set/ChairBackRest_low.prefab using Guid(e66af02f1065dc843a9204ede16a85d0) Importer(2089858483,b0f066a214c2f5e87bad3c948f4d605d) (ScriptedImporter) -> (artifact id: '20c7797caf0f4a5b8ccc054d851ee3b8') in 0.0089636 seconds
Number of updated asset objects reloaded before import = 0Number of asset objects unloaded after import = 8

========================================================================
Received Import Request.
  Time since last request: 0.000024 seconds.
  path: Assets/World/Environment/Prefabs/Custom/asset set/Shelf_low.prefab
  artifactKey: Guid(d2f61852f3f0f61469a7fdd8da4915e0) Importer(2089858483,b0f066a214c2f5e87bad3c948f4d605d)
Start importing Assets/World/Environment/Prefabs/Custom/asset set/Shelf_low.prefab using Guid(d2f61852f3f0f61469a7fdd8da4915e0) Importer(2089858483,b0f066a214c2f5e87bad3c948f4d605d) (ScriptedImporter) -> (artifact id: '63cea3f2494facd73c16190383de4469') in 0.0087839 seconds
Number of updated asset objects reloaded before import = 0Number of asset objects unloaded after import = 8

========================================================================
Received Import Request.
  Time since last request: 0.000026 seconds.
  path: Assets/World/Environment/Prefabs/Custom/asset set/RoundGlass_low005.prefab
  artifactKey: Guid(1406fe4218abdf947b8e6a3bce30e3bf) Importer(2089858483,b0f066a214c2f5e87bad3c948f4d605d)
Start importing Assets/World/Environment/Prefabs/Custom/asset set/RoundGlass_low005.prefab using Guid(1406fe4218abdf947b8e6a3bce30e3bf) Importer(2089858483,b0f066a214c2f5e87bad3c948f4d605d) (ScriptedImporter) -> (artifact id: '31fc60902f209818863cd9742317b3d4') in 0.0081013 seconds
Number of updated asset objects reloaded before import = 0Number of asset objects unloaded after import = 8

========================================================================
Received Import Request.
  Time since last request: 0.000033 seconds.
  path: Assets/World/Environment/Prefabs/Custom/asset set/SheriffBadgePin_low001.prefab
  artifactKey: Guid(ceaf65be9e4b0c94dab9d460f24b555f) Importer(2089858483,b0f066a214c2f5e87bad3c948f4d605d)
Start importing Assets/World/Environment/Prefabs/Custom/asset set/SheriffBadgePin_low001.prefab using Guid(ceaf65be9e4b0c94dab9d460f24b555f) Importer(2089858483,b0f066a214c2f5e87bad3c948f4d605d) (ScriptedImporter) -> (artifact id: '8a671b6ffc86002a8792eac08b26b0a3') in 0.0077511 seconds
Number of updated asset objects reloaded before import = 0Number of asset objects unloaded after import = 8

========================================================================
Received Import Request.
  Time since last request: 0.000025 seconds.
  path: Assets/World/Environment/Prefabs/Custom/asset set/CandleHolder_low.prefab
  artifactKey: Guid(873b285bf76815d41971384ecdfd095c) Importer(2089858483,b0f066a214c2f5e87bad3c948f4d605d)
Start importing Assets/World/Environment/Prefabs/Custom/asset set/CandleHolder_low.prefab using Guid(873b285bf76815d41971384ecdfd095c) Importer(2089858483,b0f066a214c2f5e87bad3c948f4d605d) (ScriptedImporter) -> (artifact id: '1d6bb461b2d9c2cd051a5ad22016b949') in 0.0107759 seconds
Number of updated asset objects reloaded before import = 0Number of asset objects unloaded after import = 8

========================================================================
Received Import Request.
  Time since last request: 0.000094 seconds.
  path: Assets/World/Environment/Prefabs/Custom/asset set/WhiskyGlass_low.prefab
  artifactKey: Guid(62f6d6a4d996e9d449ddef67d1f840d2) Importer(2089858483,b0f066a214c2f5e87bad3c948f4d605d)
Start importing Assets/World/Environment/Prefabs/Custom/asset set/WhiskyGlass_low.prefab using Guid(62f6d6a4d996e9d449ddef67d1f840d2) Importer(2089858483,b0f066a214c2f5e87bad3c948f4d605d) (ScriptedImporter) -> (artifact id: '930ce92c2d7e78c4ecbf9e8f870c8cef') in 0.0085882 seconds
Number of updated asset objects reloaded before import = 0Number of asset objects unloaded after import = 8

========================================================================
Received Import Request.
  Time since last request: 0.000026 seconds.
  path: Assets/World/Environment/Prefabs/Custom/asset set/ChairBackRest_low006.prefab
  artifactKey: Guid(fee275a45773ba7459ee1a0c19b71b66) Importer(2089858483,b0f066a214c2f5e87bad3c948f4d605d)
Start importing Assets/World/Environment/Prefabs/Custom/asset set/ChairBackRest_low006.prefab using Guid(fee275a45773ba7459ee1a0c19b71b66) Importer(2089858483,b0f066a214c2f5e87bad3c948f4d605d) (ScriptedImporter) -> (artifact id: 'd74238d3d94617438b116cb08ba90b52') in 0.008413 seconds
Number of updated asset objects reloaded before import = 0Number of asset objects unloaded after import = 8

========================================================================
Received Import Request.
  Time since last request: 0.000037 seconds.
  path: Assets/World/Environment/Prefabs/Custom/asset set/Crate_low003.prefab
  artifactKey: Guid(d0a022a001d17fd4e8e491b05c0aff29) Importer(2089858483,b0f066a214c2f5e87bad3c948f4d605d)
Start importing Assets/World/Environment/Prefabs/Custom/asset set/Crate_low003.prefab using Guid(d0a022a001d17fd4e8e491b05c0aff29) Importer(2089858483,b0f066a214c2f5e87bad3c948f4d605d) (ScriptedImporter) -> (artifact id: '70b8ca1a1c6db0383a0b2e8aed5fa26b') in 0.0074194 seconds
Number of updated asset objects reloaded before import = 0Number of asset objects unloaded after import = 8

========================================================================
Received Import Request.
  Time since last request: 0.000029 seconds.
  path: Assets/World/Environment/Prefabs/Custom/asset set/WantedPoster2.prefab
  artifactKey: Guid(373806f2eb61c884ebafd2b970f9bdd2) Importer(2089858483,b0f066a214c2f5e87bad3c948f4d605d)
Start importing Assets/World/Environment/Prefabs/Custom/asset set/WantedPoster2.prefab using Guid(373806f2eb61c884ebafd2b970f9bdd2) Importer(2089858483,b0f066a214c2f5e87bad3c948f4d605d) (ScriptedImporter) -> (artifact id: 'bcd15bf9940874a565dc09ce720e7dba') in 0.0083914 seconds
Number of updated asset objects reloaded before import = 0Number of asset objects unloaded after import = 8

========================================================================
Received Import Request.
  Time since last request: 0.376972 seconds.
  path: Assets/World/Environment/Prefabs/Custom/asset set/ChairSeat_low002.prefab
  artifactKey: Guid(a1e621e3c34d58c4e8ea37317070bf8c) Importer(2089858483,b0f066a214c2f5e87bad3c948f4d605d)
Start importing Assets/World/Environment/Prefabs/Custom/asset set/ChairSeat_low002.prefab using Guid(a1e621e3c34d58c4e8ea37317070bf8c) Importer(2089858483,b0f066a214c2f5e87bad3c948f4d605d) (ScriptedImporter) -> (artifact id: '99b38e075888861e96058be86d064c2b') in 0.0180015 seconds
Number of updated asset objects reloaded before import = 0Number of asset objects unloaded after import = 8

========================================================================
Received Import Request.
  Time since last request: 0.000036 seconds.
  path: Assets/World/Environment/Prefabs/Custom/asset set/WantedPoster1.prefab
  artifactKey: Guid(ec12ef2c1f934174eaea00265be132d2) Importer(2089858483,b0f066a214c2f5e87bad3c948f4d605d)
Start importing Assets/World/Environment/Prefabs/Custom/asset set/WantedPoster1.prefab using Guid(ec12ef2c1f934174eaea00265be132d2) Importer(2089858483,b0f066a214c2f5e87bad3c948f4d605d) (ScriptedImporter) -> (artifact id: '90305b179437965a16a665c81858af3c') in 0.0077908 seconds
Number of updated asset objects reloaded before import = 0Number of asset objects unloaded after import = 8

========================================================================
Received Import Request.
  Time since last request: 0.000025 seconds.
  path: Assets/World/Environment/Prefabs/Custom/asset set/Moonshine004_low001.prefab
  artifactKey: Guid(754f91351166cf34ab2480b7e720d060) Importer(2089858483,b0f066a214c2f5e87bad3c948f4d605d)
Start importing Assets/World/Environment/Prefabs/Custom/asset set/Moonshine004_low001.prefab using Guid(754f91351166cf34ab2480b7e720d060) Importer(2089858483,b0f066a214c2f5e87bad3c948f4d605d) (ScriptedImporter) -> (artifact id: 'b10a0f6e9a0f34ef0585b78abfe22bf7') in 0.0085059 seconds
Number of updated asset objects reloaded before import = 0Number of asset objects unloaded after import = 8

========================================================================
Received Import Request.
  Time since last request: 0.000032 seconds.
  path: Assets/World/Environment/Prefabs/Custom/asset set/Moonshine004_low.prefab
  artifactKey: Guid(ef1bbe33610c6104d8096d10f329338e) Importer(2089858483,b0f066a214c2f5e87bad3c948f4d605d)
Start importing Assets/World/Environment/Prefabs/Custom/asset set/Moonshine004_low.prefab using Guid(ef1bbe33610c6104d8096d10f329338e) Importer(2089858483,b0f066a214c2f5e87bad3c948f4d605d) (ScriptedImporter) -> (artifact id: '63932c9758ffcc073f610adf6d951576') in 0.0078174 seconds
Number of updated asset objects reloaded before import = 0Number of asset objects unloaded after import = 8

========================================================================
Received Import Request.
  Time since last request: 0.000032 seconds.
  path: Assets/World/Environment/Prefabs/Custom/asset set/RoundGlass_low003.prefab
  artifactKey: Guid(40247f25390608840992d2857954a4fe) Importer(2089858483,b0f066a214c2f5e87bad3c948f4d605d)
Start importing Assets/World/Environment/Prefabs/Custom/asset set/RoundGlass_low003.prefab using Guid(40247f25390608840992d2857954a4fe) Importer(2089858483,b0f066a214c2f5e87bad3c948f4d605d) (ScriptedImporter) -> (artifact id: '19854ccf6f03a85a55f7899ea686f2a6') in 0.0078361 seconds
Number of updated asset objects reloaded before import = 0Number of asset objects unloaded after import = 8

========================================================================
Received Import Request.
  Time since last request: 0.000031 seconds.
  path: Assets/World/Environment/Prefabs/Custom/asset set/SheriffBadgePin_low.prefab
  artifactKey: Guid(7b7139ea6350ad4409c4f33bab540c59) Importer(2089858483,b0f066a214c2f5e87bad3c948f4d605d)
Start importing Assets/World/Environment/Prefabs/Custom/asset set/SheriffBadgePin_low.prefab using Guid(7b7139ea6350ad4409c4f33bab540c59) Importer(2089858483,b0f066a214c2f5e87bad3c948f4d605d) (ScriptedImporter) -> (artifact id: '77320445ada2aa05d2e51eac01ee0d0e') in 0.0080301 seconds
Number of updated asset objects reloaded before import = 0Number of asset objects unloaded after import = 8

========================================================================
Received Import Request.
  Time since last request: 0.000022 seconds.
  path: Assets/World/Environment/Prefabs/Custom/asset set/Crate_low004.prefab
  artifactKey: Guid(73f8976b50e70824c95041eefa5dcc49) Importer(2089858483,b0f066a214c2f5e87bad3c948f4d605d)
Start importing Assets/World/Environment/Prefabs/Custom/asset set/Crate_low004.prefab using Guid(73f8976b50e70824c95041eefa5dcc49) Importer(2089858483,b0f066a214c2f5e87bad3c948f4d605d) (ScriptedImporter) -> (artifact id: '029daf45c7b30cc8533851ee939ebd38') in 0.0084603 seconds
Number of updated asset objects reloaded before import = 0Number of asset objects unloaded after import = 8

========================================================================
Received Import Request.
  Time since last request: 0.000037 seconds.
  path: Assets/World/Environment/Prefabs/Custom/asset set/AlcoholBottle008_low001.prefab
  artifactKey: Guid(cf4809d0b8d4d4142a2158cda26f7b88) Importer(2089858483,b0f066a214c2f5e87bad3c948f4d605d)
Start importing Assets/World/Environment/Prefabs/Custom/asset set/AlcoholBottle008_low001.prefab using Guid(cf4809d0b8d4d4142a2158cda26f7b88) Importer(2089858483,b0f066a214c2f5e87bad3c948f4d605d) (ScriptedImporter) -> (artifact id: 'e191419c88235ebd9e040880d5c0f06b') in 0.006955 seconds
Number of updated asset objects reloaded before import = 0Number of asset objects unloaded after import = 8

========================================================================
Received Import Request.
  Time since last request: 2.785772 seconds.
  path: Assets/World/Environment/Prefabs/Custom/asset set/RoundGlass_low005.prefab
  artifactKey: Guid(1406fe4218abdf947b8e6a3bce30e3bf) Importer(815301076,1909f56bfc062723c751e8b465ee728b)
Start importing Assets/World/Environment/Prefabs/Custom/asset set/RoundGlass_low005.prefab using Guid(1406fe4218abdf947b8e6a3bce30e3bf) Importer(815301076,1909f56bfc062723c751e8b465ee728b) (PreviewImporter) -> (artifact id: '78932ba7679a247dcb7f97211b920cc8') in 0.0833482 seconds
Number of updated asset objects reloaded before import = 0Number of asset objects unloaded after import = 606

========================================================================
Received Import Request.
  Time since last request: 0.000035 seconds.
  path: Assets/World/Environment/Prefabs/Custom/asset set/WantedPoster011.prefab
  artifactKey: Guid(696647e6364af6341a55145163b90c52) Importer(815301076,1909f56bfc062723c751e8b465ee728b)
Start importing Assets/World/Environment/Prefabs/Custom/asset set/WantedPoster011.prefab using Guid(696647e6364af6341a55145163b90c52) Importer(815301076,1909f56bfc062723c751e8b465ee728b) (PreviewImporter) -> (artifact id: 'b39a5254bb0e32610f809862e67a5b17') in 0.0686089 seconds
Number of updated asset objects reloaded before import = 0Number of asset objects unloaded after import = 606

========================================================================
Received Import Request.
  Time since last request: 0.000039 seconds.
  path: Assets/World/Environment/Prefabs/Custom/asset set/SheriffBadge_low.prefab
  artifactKey: Guid(b75518ffcd425ae4f8ca185855cb393b) Importer(815301076,1909f56bfc062723c751e8b465ee728b)
Start importing Assets/World/Environment/Prefabs/Custom/asset set/SheriffBadge_low.prefab using Guid(b75518ffcd425ae4f8ca185855cb393b) Importer(815301076,1909f56bfc062723c751e8b465ee728b) (PreviewImporter) -> (artifact id: 'ec4676b7b583872368ac23950bd8b125') in 0.034299 seconds
Number of updated asset objects reloaded before import = 0Number of asset objects unloaded after import = 606

========================================================================
Received Import Request.
  Time since last request: 0.000039 seconds.
  path: Assets/World/Environment/Prefabs/Custom/asset set/WantedBoard_low001.prefab
  artifactKey: Guid(e65473221c0058e43abf6acd60ca918f) Importer(815301076,1909f56bfc062723c751e8b465ee728b)
Start importing Assets/World/Environment/Prefabs/Custom/asset set/WantedBoard_low001.prefab using Guid(e65473221c0058e43abf6acd60ca918f) Importer(815301076,1909f56bfc062723c751e8b465ee728b) (PreviewImporter) -> (artifact id: 'a9ea975652e879154d4487ace4fd7a32') in 0.0328372 seconds
Number of updated asset objects reloaded before import = 0Number of asset objects unloaded after import = 606

========================================================================
Received Import Request.
  Time since last request: 0.000036 seconds.
  path: Assets/World/Environment/Prefabs/Custom/asset set/WantedBoard_low.prefab
  artifactKey: Guid(9602dbfea5ac52c48b568cd0ee9694e4) Importer(815301076,1909f56bfc062723c751e8b465ee728b)
Start importing Assets/World/Environment/Prefabs/Custom/asset set/WantedBoard_low.prefab using Guid(9602dbfea5ac52c48b568cd0ee9694e4) Importer(815301076,1909f56bfc062723c751e8b465ee728b) (PreviewImporter) -> (artifact id: '38889d7e1671425ac2af00381163bb90') in 0.0374749 seconds
Number of updated asset objects reloaded before import = 0Number of asset objects unloaded after import = 606

========================================================================
Received Import Request.
  Time since last request: 0.000030 seconds.
  path: Assets/World/Environment/Prefabs/Custom/asset set/WantedPoster2.prefab
  artifactKey: Guid(373806f2eb61c884ebafd2b970f9bdd2) Importer(815301076,1909f56bfc062723c751e8b465ee728b)
Start importing Assets/World/Environment/Prefabs/Custom/asset set/WantedPoster2.prefab using Guid(373806f2eb61c884ebafd2b970f9bdd2) Importer(815301076,1909f56bfc062723c751e8b465ee728b) (PreviewImporter) -> (artifact id: 'affe8a976e337cd9ed7aab77319c7d27') in 0.0315022 seconds
Number of updated asset objects reloaded before import = 0Number of asset objects unloaded after import = 606

========================================================================
Received Import Request.
  Time since last request: 0.000042 seconds.
  path: Assets/World/Environment/Prefabs/Custom/asset set/SheriffHat_low001.prefab
  artifactKey: Guid(f2dca69605737fd43bee4763d7b7ace3) Importer(815301076,1909f56bfc062723c751e8b465ee728b)
Start importing Assets/World/Environment/Prefabs/Custom/asset set/SheriffHat_low001.prefab using Guid(f2dca69605737fd43bee4763d7b7ace3) Importer(815301076,1909f56bfc062723c751e8b465ee728b) (PreviewImporter) -> (artifact id: '65193ec90687ed466be6e2779d73ccb7') in 0.0334515 seconds
Number of updated asset objects reloaded before import = 0Number of asset objects unloaded after import = 606

========================================================================
Received Import Request.
  Time since last request: 0.000031 seconds.
  path: Assets/World/Environment/Prefabs/Custom/asset set/WhiskyGlass_low001.prefab
  artifactKey: Guid(8b00f8bac4866b148baaeffb07e8feb2) Importer(815301076,1909f56bfc062723c751e8b465ee728b)
Start importing Assets/World/Environment/Prefabs/Custom/asset set/WhiskyGlass_low001.prefab using Guid(8b00f8bac4866b148baaeffb07e8feb2) Importer(815301076,1909f56bfc062723c751e8b465ee728b) (PreviewImporter) -> (artifact id: 'b71bf53081aa683bee5428876f45d253') in 0.0370923 seconds
Number of updated asset objects reloaded before import = 0Number of asset objects unloaded after import = 606

========================================================================
Received Import Request.
  Time since last request: 0.000037 seconds.
  path: Assets/World/Environment/Prefabs/Custom/asset set/WantedPoster012.prefab
  artifactKey: Guid(74618f53862c45d4683965474b28e0c6) Importer(815301076,1909f56bfc062723c751e8b465ee728b)
Start importing Assets/World/Environment/Prefabs/Custom/asset set/WantedPoster012.prefab using Guid(74618f53862c45d4683965474b28e0c6) Importer(815301076,1909f56bfc062723c751e8b465ee728b) (PreviewImporter) -> (artifact id: '7fd1ec99bbd7d150506681a8f5a2a60b') in 0.0339648 seconds
Number of updated asset objects reloaded before import = 0Number of asset objects unloaded after import = 606

========================================================================
Received Import Request.
  Time since last request: 0.000041 seconds.
  path: Assets/World/Environment/Prefabs/Custom/asset set/BarStool_low002.prefab
  artifactKey: Guid(30b07154c18fef247a84869e2abc2a75) Importer(2089858483,b0f066a214c2f5e87bad3c948f4d605d)
Start importing Assets/World/Environment/Prefabs/Custom/asset set/BarStool_low002.prefab using Guid(30b07154c18fef247a84869e2abc2a75) Importer(2089858483,b0f066a214c2f5e87bad3c948f4d605d) (ScriptedImporter) -> (artifact id: '0dc6c8df6a85dad2c00e838393c62e97') in 0.0081601 seconds
Number of updated asset objects reloaded before import = 0Number of asset objects unloaded after import = 8

========================================================================
Received Import Request.
  Time since last request: 0.000028 seconds.
  path: Assets/World/Environment/Prefabs/Custom/asset set/BarStool_low005.prefab
  artifactKey: Guid(4bcf2e7c3742e784c929cfe57caeca52) Importer(2089858483,b0f066a214c2f5e87bad3c948f4d605d)
Start importing Assets/World/Environment/Prefabs/Custom/asset set/BarStool_low005.prefab using Guid(4bcf2e7c3742e784c929cfe57caeca52) Importer(2089858483,b0f066a214c2f5e87bad3c948f4d605d) (ScriptedImporter) -> (artifact id: '56397f6434001b1045d36c490da05d9f') in 0.0077688 seconds
Number of updated asset objects reloaded before import = 0Number of asset objects unloaded after import = 8

========================================================================
Received Import Request.
  Time since last request: 0.000025 seconds.
  path: Assets/World/Environment/Prefabs/Custom/asset set/WhiskyGlass_low001.prefab
  artifactKey: Guid(8b00f8bac4866b148baaeffb07e8feb2) Importer(2089858483,b0f066a214c2f5e87bad3c948f4d605d)
Start importing Assets/World/Environment/Prefabs/Custom/asset set/WhiskyGlass_low001.prefab using Guid(8b00f8bac4866b148baaeffb07e8feb2) Importer(2089858483,b0f066a214c2f5e87bad3c948f4d605d) (ScriptedImporter) -> (artifact id: '3f0359d7289f80b6b25e891129a906b9') in 0.0088897 seconds
Number of updated asset objects reloaded before import = 0Number of asset objects unloaded after import = 8

========================================================================
Received Import Request.
  Time since last request: 0.000031 seconds.
  path: Assets/World/Environment/Prefabs/Custom/asset set/WantedPoster010.prefab
  artifactKey: Guid(c304d11a6b1f481409ef4fb186669206) Importer(2089858483,b0f066a214c2f5e87bad3c948f4d605d)
Start importing Assets/World/Environment/Prefabs/Custom/asset set/WantedPoster010.prefab using Guid(c304d11a6b1f481409ef4fb186669206) Importer(2089858483,b0f066a214c2f5e87bad3c948f4d605d) (ScriptedImporter) -> (artifact id: '7f9a69e50741091390cd4eea727f59c9') in 0.0078484 seconds
Number of updated asset objects reloaded before import = 0Number of asset objects unloaded after import = 8

========================================================================
Received Import Request.
  Time since last request: 0.000037 seconds.
  path: Assets/World/Environment/Prefabs/Custom/asset set/BullHorns_low.prefab
  artifactKey: Guid(934ef48e42fe0be4d9633aeae0fc580e) Importer(2089858483,b0f066a214c2f5e87bad3c948f4d605d)
Start importing Assets/World/Environment/Prefabs/Custom/asset set/BullHorns_low.prefab using Guid(934ef48e42fe0be4d9633aeae0fc580e) Importer(2089858483,b0f066a214c2f5e87bad3c948f4d605d) (ScriptedImporter) -> (artifact id: 'efb722646d6c8998252515bd61e77c1b') in 0.0076138 seconds
Number of updated asset objects reloaded before import = 0Number of asset objects unloaded after import = 8

========================================================================
Received Import Request.
  Time since last request: 0.000024 seconds.
  path: Assets/World/Environment/Prefabs/Custom/asset set/WantedPoster3.prefab
  artifactKey: Guid(dcf3dede18adc164bb5709a468120a0b) Importer(2089858483,b0f066a214c2f5e87bad3c948f4d605d)
Start importing Assets/World/Environment/Prefabs/Custom/asset set/WantedPoster3.prefab using Guid(dcf3dede18adc164bb5709a468120a0b) Importer(2089858483,b0f066a214c2f5e87bad3c948f4d605d) (ScriptedImporter) -> (artifact id: 'ee1a3e9548a8a2172bfead883e84e1ca') in 0.0118884 seconds
Number of updated asset objects reloaded before import = 0Number of asset objects unloaded after import = 8

========================================================================
Received Import Request.
  Time since last request: 0.000024 seconds.
  path: Assets/World/Environment/Prefabs/Custom/asset set/ChairSeat_low004.prefab
  artifactKey: Guid(89b841070043c9646b173e891860671a) Importer(2089858483,b0f066a214c2f5e87bad3c948f4d605d)
Start importing Assets/World/Environment/Prefabs/Custom/asset set/ChairSeat_low004.prefab using Guid(89b841070043c9646b173e891860671a) Importer(2089858483,b0f066a214c2f5e87bad3c948f4d605d) (ScriptedImporter) -> (artifact id: 'c878eba2fb9ff25c5ba14fda6f03265a') in 0.0073941 seconds
Number of updated asset objects reloaded before import = 0Number of asset objects unloaded after import = 8

========================================================================
Received Import Request.
  Time since last request: 0.000025 seconds.
  path: Assets/World/Environment/Prefabs/Custom/asset set/SheriffHat_low.prefab
  artifactKey: Guid(84b442dac94c467468c54d4a618a8d1f) Importer(2089858483,b0f066a214c2f5e87bad3c948f4d605d)
Start importing Assets/World/Environment/Prefabs/Custom/asset set/SheriffHat_low.prefab using Guid(84b442dac94c467468c54d4a618a8d1f) Importer(2089858483,b0f066a214c2f5e87bad3c948f4d605d) (ScriptedImporter) -> (artifact id: '83b8de0f494197d1c1a8a12cf260e34a') in 0.0079838 seconds
Number of updated asset objects reloaded before import = 0Number of asset objects unloaded after import = 8

========================================================================
Received Import Request.
  Time since last request: 0.000033 seconds.
  path: Assets/World/Environment/Prefabs/Custom/asset set/PokerTable_low.prefab
  artifactKey: Guid(6e89caf0b94582344b8250f3d1c07913) Importer(2089858483,b0f066a214c2f5e87bad3c948f4d605d)
Start importing Assets/World/Environment/Prefabs/Custom/asset set/PokerTable_low.prefab using Guid(6e89caf0b94582344b8250f3d1c07913) Importer(2089858483,b0f066a214c2f5e87bad3c948f4d605d) (ScriptedImporter) -> (artifact id: '94725708ddfc54a0f0fcde15a595f018') in 0.009427 seconds
Number of updated asset objects reloaded before import = 0Number of asset objects unloaded after import = 8

========================================================================
Received Import Request.
  Time since last request: 0.000037 seconds.
  path: Assets/World/Environment/Prefabs/Custom/asset set/WantedPoster012.prefab
  artifactKey: Guid(74618f53862c45d4683965474b28e0c6) Importer(2089858483,b0f066a214c2f5e87bad3c948f4d605d)
Start importing Assets/World/Environment/Prefabs/Custom/asset set/WantedPoster012.prefab using Guid(74618f53862c45d4683965474b28e0c6) Importer(2089858483,b0f066a214c2f5e87bad3c948f4d605d) (ScriptedImporter) -> (artifact id: '33b77085d68f8ade9c580ed1554581c3') in 0.0096566 seconds
Number of updated asset objects reloaded before import = 0Number of asset objects unloaded after import = 8

========================================================================
Received Import Request.
  Time since last request: 0.000026 seconds.
  path: Assets/World/Environment/Prefabs/Custom/asset set/WhiskyGlass_low003.prefab
  artifactKey: Guid(eab6293ff4ee87044a14c7702054bcea) Importer(2089858483,b0f066a214c2f5e87bad3c948f4d605d)
Start importing Assets/World/Environment/Prefabs/Custom/asset set/WhiskyGlass_low003.prefab using Guid(eab6293ff4ee87044a14c7702054bcea) Importer(2089858483,b0f066a214c2f5e87bad3c948f4d605d) (ScriptedImporter) -> (artifact id: '856068916ea190b6f76e7f13fe8bd519') in 0.0079567 seconds
Number of updated asset objects reloaded before import = 0Number of asset objects unloaded after import = 8

========================================================================
Received Import Request.
  Time since last request: 0.000023 seconds.
  path: Assets/World/Environment/Prefabs/Custom/asset set/WhiskyGlass_low006.prefab
  artifactKey: Guid(0b36f964ccab4a84f8e05783d556c3ce) Importer(2089858483,b0f066a214c2f5e87bad3c948f4d605d)
Start importing Assets/World/Environment/Prefabs/Custom/asset set/WhiskyGlass_low006.prefab using Guid(0b36f964ccab4a84f8e05783d556c3ce) Importer(2089858483,b0f066a214c2f5e87bad3c948f4d605d) (ScriptedImporter) -> (artifact id: '00000000000000000000000000000000') in 0.0117893 seconds
Import Error Code:(4)
Message: Build asset version error: assets/world/environment/prefabs/custom/asset set/whiskyglass_low006.prefab in SourceAssetDB has modification time of '2026-04-05T16:59:19.4535996Z' while content on disk has modification time of '2026-04-05T16:59:21.8131506Z'
  ERROR: Build asset version error: assets/world/environment/prefabs/custom/asset set/whiskyglass_low006.prefab in SourceAssetDB has modification time of '2026-04-05T16:59:19.4535996Z' while content on disk has modification time of '2026-04-05T16:59:21.8131506Z'
Number of updated asset objects reloaded before import = 0Number of asset objects unloaded after import = 2

========================================================================
Received Import Request.
  Time since last request: 0.000028 seconds.
  path: Assets/World/Environment/Prefabs/Custom/asset set/BarStool_low004.prefab
  artifactKey: Guid(b4ea61a4eb466554ba3f429225b6a4ac) Importer(2089858483,b0f066a214c2f5e87bad3c948f4d605d)
Start importing Assets/World/Environment/Prefabs/Custom/asset set/BarStool_low004.prefab using Guid(b4ea61a4eb466554ba3f429225b6a4ac) Importer(2089858483,b0f066a214c2f5e87bad3c948f4d605d) (ScriptedImporter) -> (artifact id: '00000000000000000000000000000000') in 0.0084294 seconds
Import Error Code:(4)
Message: Build asset version error: assets/world/environment/prefabs/custom/asset set/barstool_low004.prefab in SourceAssetDB has modification time of '2026-04-05T16:59:19.4178233Z' while content on disk has modification time of '2026-04-05T16:59:21.7757943Z'
  ERROR: Build asset version error: assets/world/environment/prefabs/custom/asset set/barstool_low004.prefab in SourceAssetDB has modification time of '2026-04-05T16:59:19.4178233Z' while content on disk has modification time of '2026-04-05T16:59:21.7757943Z'
Number of updated asset objects reloaded before import = 0Number of asset objects unloaded after import = 2

========================================================================
Received Import Request.
  Time since last request: 0.000040 seconds.
  path: Assets/World/Environment/Prefabs/Custom/asset set/ChairSeat_low001.prefab
  artifactKey: Guid(0a7005744ff625942abce8aa35937cfa) Importer(2089858483,b0f066a214c2f5e87bad3c948f4d605d)
Start importing Assets/World/Environment/Prefabs/Custom/asset set/ChairSeat_low001.prefab using Guid(0a7005744ff625942abce8aa35937cfa) Importer(2089858483,b0f066a214c2f5e87bad3c948f4d605d) (ScriptedImporter) -> (artifact id: 'a5c12fd734feabcdf4ee3727212aa713') in 0.0042966 seconds
Number of updated asset objects reloaded before import = 0Number of asset objects unloaded after import = 0

========================================================================
Received Import Request.
  Time since last request: 0.409638 seconds.
  path: Assets/World/Environment/Prefabs/Custom/asset set/RoundGlass_low006.prefab
  artifactKey: Guid(49e32d247d0dd774a8528b515e7f4bc5) Importer(815301076,1909f56bfc062723c751e8b465ee728b)
Start importing Assets/World/Environment/Prefabs/Custom/asset set/RoundGlass_low006.prefab using Guid(49e32d247d0dd774a8528b515e7f4bc5) Importer(815301076,1909f56bfc062723c751e8b465ee728b) (PreviewImporter) -> (artifact id: '35b6bb700765ed047f628b48872ec38b') in 0.039358 seconds
Number of updated asset objects reloaded before import = 0Number of asset objects unloaded after import = 606

========================================================================
Received Import Request.
  Time since last request: 0.000033 seconds.
  path: Assets/World/Environment/Prefabs/Custom/asset set/Shelf_low001.prefab
  artifactKey: Guid(ada932f7b6996944896d54fdb0ea17d3) Importer(815301076,1909f56bfc062723c751e8b465ee728b)
Start importing Assets/World/Environment/Prefabs/Custom/asset set/Shelf_low001.prefab using Guid(ada932f7b6996944896d54fdb0ea17d3) Importer(815301076,1909f56bfc062723c751e8b465ee728b) (PreviewImporter) -> (artifact id: 'c2881e782d53dced88596921478063ca') in 0.0424748 seconds
Number of updated asset objects reloaded before import = 0Number of asset objects unloaded after import = 606

========================================================================
Received Import Request.
  Time since last request: 0.000030 seconds.
  path: Assets/World/Environment/Prefabs/Custom/asset set/SheriffBadge_low.prefab
  artifactKey: Guid(b75518ffcd425ae4f8ca185855cb393b) Importer(815301076,1909f56bfc062723c751e8b465ee728b)
Start importing Assets/World/Environment/Prefabs/Custom/asset set/SheriffBadge_low.prefab using Guid(b75518ffcd425ae4f8ca185855cb393b) Importer(815301076,1909f56bfc062723c751e8b465ee728b) (PreviewImporter) -> (artifact id: 'e3d756fd7e0d32315a8aa6731d0a8790') in 0.0405674 seconds
Number of updated asset objects reloaded before import = 0Number of asset objects unloaded after import = 606

========================================================================
Received Import Request.
  Time since last request: 0.000034 seconds.
  path: Assets/World/Environment/Prefabs/Custom/asset set/WantedBoard_low001.prefab
  artifactKey: Guid(e65473221c0058e43abf6acd60ca918f) Importer(815301076,1909f56bfc062723c751e8b465ee728b)
Start importing Assets/World/Environment/Prefabs/Custom/asset set/WantedBoard_low001.prefab using Guid(e65473221c0058e43abf6acd60ca918f) Importer(815301076,1909f56bfc062723c751e8b465ee728b) (PreviewImporter) -> (artifact id: '4185ceb409366c8cf656b8051db17cdc') in 0.0408618 seconds
Number of updated asset objects reloaded before import = 0Number of asset objects unloaded after import = 606

========================================================================
Received Import Request.
  Time since last request: 0.000025 seconds.
  path: Assets/World/Environment/Prefabs/Custom/asset set/WantedBoard_low.prefab
  artifactKey: Guid(9602dbfea5ac52c48b568cd0ee9694e4) Importer(815301076,1909f56bfc062723c751e8b465ee728b)
Start importing Assets/World/Environment/Prefabs/Custom/asset set/WantedBoard_low.prefab using Guid(9602dbfea5ac52c48b568cd0ee9694e4) Importer(815301076,1909f56bfc062723c751e8b465ee728b) (PreviewImporter) -> (artifact id: 'e679facecc2252a30de338aee26f0254') in 0.0376871 seconds
Number of updated asset objects reloaded before import = 0Number of asset objects unloaded after import = 606

========================================================================
Received Import Request.
  Time since last request: 0.000029 seconds.
  path: Assets/World/Environment/Prefabs/Custom/asset set/WantedPoster2.prefab
  artifactKey: Guid(373806f2eb61c884ebafd2b970f9bdd2) Importer(815301076,1909f56bfc062723c751e8b465ee728b)
Start importing Assets/World/Environment/Prefabs/Custom/asset set/WantedPoster2.prefab using Guid(373806f2eb61c884ebafd2b970f9bdd2) Importer(815301076,1909f56bfc062723c751e8b465ee728b) (PreviewImporter) -> (artifact id: 'fe3639c5420e2deab9adfda9f941cfd6') in 0.0389398 seconds
Number of updated asset objects reloaded before import = 0Number of asset objects unloaded after import = 606

========================================================================
Received Import Request.
  Time since last request: 0.000039 seconds.
  path: Assets/World/Environment/Prefabs/Custom/asset set/SheriffHat_low001.prefab
  artifactKey: Guid(f2dca69605737fd43bee4763d7b7ace3) Importer(815301076,1909f56bfc062723c751e8b465ee728b)
Start importing Assets/World/Environment/Prefabs/Custom/asset set/SheriffHat_low001.prefab using Guid(f2dca69605737fd43bee4763d7b7ace3) Importer(815301076,1909f56bfc062723c751e8b465ee728b) (PreviewImporter) -> (artifact id: '9c0ef47251a48b0d85cda868bfc13478') in 0.0557888 seconds
Number of updated asset objects reloaded before import = 0Number of asset objects unloaded after import = 606

========================================================================
Received Import Request.
  Time since last request: 0.000043 seconds.
  path: Assets/World/Environment/Prefabs/Custom/asset set/WhiskyGlass_low001.prefab
  artifactKey: Guid(8b00f8bac4866b148baaeffb07e8feb2) Importer(815301076,1909f56bfc062723c751e8b465ee728b)
Start importing Assets/World/Environment/Prefabs/Custom/asset set/WhiskyGlass_low001.prefab using Guid(8b00f8bac4866b148baaeffb07e8feb2) Importer(815301076,1909f56bfc062723c751e8b465ee728b) (PreviewImporter) -> (artifact id: '29a853b7baa6c769acde42f88ca06370') in 0.0369062 seconds
Number of updated asset objects reloaded before import = 0Number of asset objects unloaded after import = 606

========================================================================
Received Import Request.
  Time since last request: 0.000031 seconds.
  path: Assets/World/Environment/Prefabs/Custom/asset set/WantedPoster012.prefab
  artifactKey: Guid(74618f53862c45d4683965474b28e0c6) Importer(815301076,1909f56bfc062723c751e8b465ee728b)
Start importing Assets/World/Environment/Prefabs/Custom/asset set/WantedPoster012.prefab using Guid(74618f53862c45d4683965474b28e0c6) Importer(815301076,1909f56bfc062723c751e8b465ee728b) (PreviewImporter) -> (artifact id: 'b094938cbfe95bd7429c071a6c02927b') in 0.0405823 seconds
Number of updated asset objects reloaded before import = 0Number of asset objects unloaded after import = 606

========================================================================
Received Import Request.
  Time since last request: 0.515359 seconds.
  path: Assets/World/Environment/Prefabs/Custom/asset set/ChairFeetRests_low001.prefab
  artifactKey: Guid(8826ca77a648765458ac311fffe8f715) Importer(815301076,1909f56bfc062723c751e8b465ee728b)
Start importing Assets/World/Environment/Prefabs/Custom/asset set/ChairFeetRests_low001.prefab using Guid(8826ca77a648765458ac311fffe8f715) Importer(815301076,1909f56bfc062723c751e8b465ee728b) (PreviewImporter) -> (artifact id: '391c36a547633ded57ec452d8dad3728') in 0.0560745 seconds
Number of updated asset objects reloaded before import = 0Number of asset objects unloaded after import = 606

========================================================================
Received Import Request.
  Time since last request: 0.000032 seconds.
  path: Assets/World/Environment/Prefabs/Custom/asset set/KegSwitch_low.prefab
  artifactKey: Guid(2fa549176d0228440ad4132377c55445) Importer(815301076,1909f56bfc062723c751e8b465ee728b)
Start importing Assets/World/Environment/Prefabs/Custom/asset set/KegSwitch_low.prefab using Guid(2fa549176d0228440ad4132377c55445) Importer(815301076,1909f56bfc062723c751e8b465ee728b) (PreviewImporter) -> (artifact id: 'c40a10d3e2f2f2be43986db6d96b98e6') in 0.0512886 seconds
Number of updated asset objects reloaded before import = 0Number of asset objects unloaded after import = 606

========================================================================
Received Import Request.
  Time since last request: 0.000040 seconds.
  path: Assets/World/Environment/Prefabs/Custom/asset set/OilLampBot_low.prefab
  artifactKey: Guid(c1fd5ac4c0cdaf8438198303823718b9) Importer(815301076,1909f56bfc062723c751e8b465ee728b)
Start importing Assets/World/Environment/Prefabs/Custom/asset set/OilLampBot_low.prefab using Guid(c1fd5ac4c0cdaf8438198303823718b9) Importer(815301076,1909f56bfc062723c751e8b465ee728b) (PreviewImporter) -> (artifact id: 'a283ac6e2887a354fd7934ed81c4e4fc') in 0.0409296 seconds
Number of updated asset objects reloaded before import = 0Number of asset objects unloaded after import = 606

========================================================================
Received Import Request.
  Time since last request: 0.000032 seconds.
  path: Assets/World/Environment/Prefabs/Custom/asset set/BarStool_low005.prefab
  artifactKey: Guid(4bcf2e7c3742e784c929cfe57caeca52) Importer(815301076,1909f56bfc062723c751e8b465ee728b)
Start importing Assets/World/Environment/Prefabs/Custom/asset set/BarStool_low005.prefab using Guid(4bcf2e7c3742e784c929cfe57caeca52) Importer(815301076,1909f56bfc062723c751e8b465ee728b) (PreviewImporter) -> (artifact id: '715213d08bf75d7a05c3a4b77935b64c') in 0.0388276 seconds
Number of updated asset objects reloaded before import = 0Number of asset objects unloaded after import = 606

========================================================================
Received Import Request.
  Time since last request: 0.000132 seconds.
  path: Assets/World/Environment/Prefabs/Custom/asset set/ChairBackRest_low006.prefab
  artifactKey: Guid(fee275a45773ba7459ee1a0c19b71b66) Importer(815301076,1909f56bfc062723c751e8b465ee728b)
Start importing Assets/World/Environment/Prefabs/Custom/asset set/ChairBackRest_low006.prefab using Guid(fee275a45773ba7459ee1a0c19b71b66) Importer(815301076,1909f56bfc062723c751e8b465ee728b) (PreviewImporter) -> (artifact id: '57a982aee7fd2fcfa87bba05eee8b016') in 0.0430767 seconds
Number of updated asset objects reloaded before import = 0Number of asset objects unloaded after import = 606

========================================================================
Received Import Request.
  Time since last request: 0.000054 seconds.
  path: Assets/World/Environment/Prefabs/Custom/asset set/BarStool_low004.prefab
  artifactKey: Guid(b4ea61a4eb466554ba3f429225b6a4ac) Importer(815301076,1909f56bfc062723c751e8b465ee728b)
Start importing Assets/World/Environment/Prefabs/Custom/asset set/BarStool_low004.prefab using Guid(b4ea61a4eb466554ba3f429225b6a4ac) Importer(815301076,1909f56bfc062723c751e8b465ee728b) (PreviewImporter) -> (artifact id: '7d9142e493963f0fad06fd5a326e045c') in 0.0384516 seconds
Number of updated asset objects reloaded before import = 0Number of asset objects unloaded after import = 606

========================================================================
Received Import Request.
  Time since last request: 0.000031 seconds.
  path: Assets/World/Environment/Prefabs/Custom/asset set/AlcoholBottle008_low003.prefab
  artifactKey: Guid(2cbeed05bcb942548b255ff8e0235a09) Importer(815301076,1909f56bfc062723c751e8b465ee728b)
Start importing Assets/World/Environment/Prefabs/Custom/asset set/AlcoholBottle008_low003.prefab using Guid(2cbeed05bcb942548b255ff8e0235a09) Importer(815301076,1909f56bfc062723c751e8b465ee728b) (PreviewImporter) -> (artifact id: 'db3e4500a13a356147e640305c85f441') in 0.0366301 seconds
Number of updated asset objects reloaded before import = 0Number of asset objects unloaded after import = 606

========================================================================
Received Import Request.
  Time since last request: 0.000027 seconds.
  path: Assets/World/Environment/Prefabs/Custom/asset set/ChairSeat_low003.prefab
  artifactKey: Guid(f57494ca6cfb0834ba96109c4a5f9f82) Importer(815301076,1909f56bfc062723c751e8b465ee728b)
Start importing Assets/World/Environment/Prefabs/Custom/asset set/ChairSeat_low003.prefab using Guid(f57494ca6cfb0834ba96109c4a5f9f82) Importer(815301076,1909f56bfc062723c751e8b465ee728b) (PreviewImporter) -> (artifact id: 'f9351cbd7ae17232f461332eaf15f362') in 0.0384041 seconds
Number of updated asset objects reloaded before import = 0Number of asset objects unloaded after import = 606

========================================================================
Received Import Request.
  Time since last request: 0.000033 seconds.
  path: Assets/World/Environment/Prefabs/Custom/asset set/ChairLegs_low.prefab
  artifactKey: Guid(f86fc3cb8e6fa244898992f5e0cb1f85) Importer(815301076,1909f56bfc062723c751e8b465ee728b)
Start importing Assets/World/Environment/Prefabs/Custom/asset set/ChairLegs_low.prefab using Guid(f86fc3cb8e6fa244898992f5e0cb1f85) Importer(815301076,1909f56bfc062723c751e8b465ee728b) (PreviewImporter) -> (artifact id: '203e9381712b7e3ec4678db3adf43df0') in 0.0404132 seconds
Number of updated asset objects reloaded before import = 0Number of asset objects unloaded after import = 606

========================================================================
Received Import Request.
  Time since last request: 0.000047 seconds.
  path: Assets/World/Environment/Prefabs/Custom/asset set/AlcoholBottle010_low001.prefab
  artifactKey: Guid(1efb78e06a5e241408c231909e0f9516) Importer(815301076,1909f56bfc062723c751e8b465ee728b)
Start importing Assets/World/Environment/Prefabs/Custom/asset set/AlcoholBottle010_low001.prefab using Guid(1efb78e06a5e241408c231909e0f9516) Importer(815301076,1909f56bfc062723c751e8b465ee728b) (PreviewImporter) -> (artifact id: 'cb99672de78f2f1f623068698e5c106d') in 0.0368045 seconds
Number of updated asset objects reloaded before import = 0Number of asset objects unloaded after import = 606

========================================================================
Received Import Request.
  Time since last request: 0.000027 seconds.
  path: Assets/World/Environment/Prefabs/Custom/asset set/Moonshine004_low.prefab
  artifactKey: Guid(ef1bbe33610c6104d8096d10f329338e) Importer(815301076,1909f56bfc062723c751e8b465ee728b)
Start importing Assets/World/Environment/Prefabs/Custom/asset set/Moonshine004_low.prefab using Guid(ef1bbe33610c6104d8096d10f329338e) Importer(815301076,1909f56bfc062723c751e8b465ee728b) (PreviewImporter) -> (artifact id: '20325b49bec2885d622dd0821b643833') in 0.0376177 seconds
Number of updated asset objects reloaded before import = 0Number of asset objects unloaded after import = 606

========================================================================
Received Import Request.
  Time since last request: 0.000030 seconds.
  path: Assets/World/Environment/Prefabs/Custom/asset set/Moonshine004_low001.prefab
  artifactKey: Guid(754f91351166cf34ab2480b7e720d060) Importer(815301076,1909f56bfc062723c751e8b465ee728b)
Start importing Assets/World/Environment/Prefabs/Custom/asset set/Moonshine004_low001.prefab using Guid(754f91351166cf34ab2480b7e720d060) Importer(815301076,1909f56bfc062723c751e8b465ee728b) (PreviewImporter) -> (artifact id: '8f51118db414438416800ae71851dd7e') in 0.0367135 seconds
Number of updated asset objects reloaded before import = 0Number of asset objects unloaded after import = 606

========================================================================
Received Import Request.
  Time since last request: 0.000026 seconds.
  path: Assets/World/Environment/Prefabs/Custom/asset set/ChairBackRest_low001.prefab
  artifactKey: Guid(606b56f2d1e1534448c9edefb426cfa7) Importer(815301076,1909f56bfc062723c751e8b465ee728b)
Start importing Assets/World/Environment/Prefabs/Custom/asset set/ChairBackRest_low001.prefab using Guid(606b56f2d1e1534448c9edefb426cfa7) Importer(815301076,1909f56bfc062723c751e8b465ee728b) (PreviewImporter) -> (artifact id: '00000000000000000000000000000000') in 0.0385101 seconds
Import Error Code:(4)
Message: Build asset version error: assets/world/environment/prefabs/custom/asset set/chairbackrest_low001.prefab in SourceAssetDB has modification time of '2026-04-05T16:59:21.8220595Z' while content on disk has modification time of '2026-04-05T16:59:25.1522839Z'
  ERROR: Build asset version error: assets/world/environment/prefabs/custom/asset set/chairbackrest_low001.prefab in SourceAssetDB has modification time of '2026-04-05T16:59:21.8220595Z' while content on disk has modification time of '2026-04-05T16:59:25.1522839Z'
Number of updated asset objects reloaded before import = 0Number of asset objects unloaded after import = 600

========================================================================
Received Import Request.
  Time since last request: 0.000041 seconds.
  path: Assets/World/Environment/Prefabs/Custom/asset set/ChairFeetRests_low008.prefab
  artifactKey: Guid(0d0ee9b0d0d57b84499a8bf01894f04e) Importer(815301076,1909f56bfc062723c751e8b465ee728b)
Start importing Assets/World/Environment/Prefabs/Custom/asset set/ChairFeetRests_low008.prefab using Guid(0d0ee9b0d0d57b84499a8bf01894f04e) Importer(815301076,1909f56bfc062723c751e8b465ee728b) (PreviewImporter) -> (artifact id: '02b527a7fa8a15a928ba7bcce708cf23') in 0.0006678 seconds
Number of updated asset objects reloaded before import = 0Number of asset objects unloaded after import = 0

========================================================================
Received Import Request.
  Time since last request: 0.353199 seconds.
  path: Assets/World/Environment/Prefabs/Custom/asset set/AlcoholBottle008_low003.prefab
  artifactKey: Guid(2cbeed05bcb942548b255ff8e0235a09) Importer(815301076,1909f56bfc062723c751e8b465ee728b)
Start importing Assets/World/Environment/Prefabs/Custom/asset set/AlcoholBottle008_low003.prefab using Guid(2cbeed05bcb942548b255ff8e0235a09) Importer(815301076,1909f56bfc062723c751e8b465ee728b) (PreviewImporter) -> (artifact id: 'ee0edb2e3c929d88a72b7bde93bc4127') in 0.0399752 seconds
Number of updated asset objects reloaded before import = 0Number of asset objects unloaded after import = 606

========================================================================
Received Import Request.
  Time since last request: 0.000029 seconds.
  path: Assets/World/Environment/Prefabs/Custom/asset set/ChairBackRest_low005.prefab
  artifactKey: Guid(40c7b348de8500b4b92b8986235f0023) Importer(815301076,1909f56bfc062723c751e8b465ee728b)
Start importing Assets/World/Environment/Prefabs/Custom/asset set/ChairBackRest_low005.prefab using Guid(40c7b348de8500b4b92b8986235f0023) Importer(815301076,1909f56bfc062723c751e8b465ee728b) (PreviewImporter) -> (artifact id: '13c6873f579b36d6a17ab2be3b52c524') in 0.0365322 seconds
Number of updated asset objects reloaded before import = 0Number of asset objects unloaded after import = 606

========================================================================
Received Import Request.
  Time since last request: 0.000038 seconds.
  path: Assets/World/Environment/Prefabs/Custom/asset set/ChairFeetRests_low003.prefab
  artifactKey: Guid(46a1febdd6f758049ae14fa836d3c5eb) Importer(815301076,1909f56bfc062723c751e8b465ee728b)
Start importing Assets/World/Environment/Prefabs/Custom/asset set/ChairFeetRests_low003.prefab using Guid(46a1febdd6f758049ae14fa836d3c5eb) Importer(815301076,1909f56bfc062723c751e8b465ee728b) (PreviewImporter) -> (artifact id: 'b919f243f2823cf34d6d38ab635097a1') in 0.0370338 seconds
Number of updated asset objects reloaded before import = 0Number of asset objects unloaded after import = 606

========================================================================
Received Import Request.
  Time since last request: 0.000026 seconds.
  path: Assets/World/Environment/Prefabs/Custom/asset set/CandleHolder_low.prefab
  artifactKey: Guid(873b285bf76815d41971384ecdfd095c) Importer(815301076,1909f56bfc062723c751e8b465ee728b)
Start importing Assets/World/Environment/Prefabs/Custom/asset set/CandleHolder_low.prefab using Guid(873b285bf76815d41971384ecdfd095c) Importer(815301076,1909f56bfc062723c751e8b465ee728b) (PreviewImporter) -> (artifact id: '9fda61785a5450b5853edc4c3a905be8') in 0.0353516 seconds
Number of updated asset objects reloaded before import = 0Number of asset objects unloaded after import = 606

========================================================================
Received Import Request.
  Time since last request: 0.000028 seconds.
  path: Assets/World/Environment/Prefabs/Custom/asset set/ChairLegs_low007.prefab
  artifactKey: Guid(06312c66f2baf3d4c9c2903d3000fc06) Importer(815301076,1909f56bfc062723c751e8b465ee728b)
Start importing Assets/World/Environment/Prefabs/Custom/asset set/ChairLegs_low007.prefab using Guid(06312c66f2baf3d4c9c2903d3000fc06) Importer(815301076,1909f56bfc062723c751e8b465ee728b) (PreviewImporter) -> (artifact id: '12ec66c8585d3af40e2f77af323651f4') in 0.0368734 seconds
Number of updated asset objects reloaded before import = 0Number of asset objects unloaded after import = 606

========================================================================
Received Import Request.
  Time since last request: 0.000041 seconds.
  path: Assets/World/Environment/Prefabs/Custom/asset set/ChairSeat_low002.prefab
  artifactKey: Guid(a1e621e3c34d58c4e8ea37317070bf8c) Importer(815301076,1909f56bfc062723c751e8b465ee728b)
Start importing Assets/World/Environment/Prefabs/Custom/asset set/ChairSeat_low002.prefab using Guid(a1e621e3c34d58c4e8ea37317070bf8c) Importer(815301076,1909f56bfc062723c751e8b465ee728b) (PreviewImporter) -> (artifact id: '8ca2243a54f73ce7d15f20c471bc3a4c') in 0.0352608 seconds
Number of updated asset objects reloaded before import = 0Number of asset objects unloaded after import = 606

========================================================================
Received Import Request.
  Time since last request: 0.000039 seconds.
  path: Assets/World/Environment/Prefabs/Custom/asset set/ChairSeat_low003.prefab
  artifactKey: Guid(f57494ca6cfb0834ba96109c4a5f9f82) Importer(815301076,1909f56bfc062723c751e8b465ee728b)
Start importing Assets/World/Environment/Prefabs/Custom/asset set/ChairSeat_low003.prefab using Guid(f57494ca6cfb0834ba96109c4a5f9f82) Importer(815301076,1909f56bfc062723c751e8b465ee728b) (PreviewImporter) -> (artifact id: '41a9e36db998198d0f1e4f67f83e82e8') in 0.0385344 seconds
Number of updated asset objects reloaded before import = 0Number of asset objects unloaded after import = 606

========================================================================
Received Import Request.
  Time since last request: 0.000035 seconds.
  path: Assets/World/Environment/Prefabs/Custom/asset set/ChairBackRest_low007.prefab
  artifactKey: Guid(1130d6d68ee24a04d88f35eb2f22b5c6) Importer(815301076,1909f56bfc062723c751e8b465ee728b)
Start importing Assets/World/Environment/Prefabs/Custom/asset set/ChairBackRest_low007.prefab using Guid(1130d6d68ee24a04d88f35eb2f22b5c6) Importer(815301076,1909f56bfc062723c751e8b465ee728b) (PreviewImporter) -> (artifact id: '88c10790958db38dea2223b575e1ac9e') in 0.0347627 seconds
Number of updated asset objects reloaded before import = 0Number of asset objects unloaded after import = 606

========================================================================
Received Import Request.
  Time since last request: 0.000025 seconds.
  path: Assets/World/Environment/Prefabs/Custom/asset set/AlcoholBottle010_low001.prefab
  artifactKey: Guid(1efb78e06a5e241408c231909e0f9516) Importer(815301076,1909f56bfc062723c751e8b465ee728b)
Start importing Assets/World/Environment/Prefabs/Custom/asset set/AlcoholBottle010_low001.prefab using Guid(1efb78e06a5e241408c231909e0f9516) Importer(815301076,1909f56bfc062723c751e8b465ee728b) (PreviewImporter) -> (artifact id: '88901e3342dd3b4a074a433e22f060d9') in 0.0352371 seconds
Number of updated asset objects reloaded before import = 0Number of asset objects unloaded after import = 606

========================================================================
Received Import Request.
  Time since last request: 0.000034 seconds.
  path: Assets/World/Environment/Prefabs/Custom/asset set/ChairFeetRests_low004.prefab
  artifactKey: Guid(32c3361d90222934386cd9b44d9c2e1e) Importer(815301076,1909f56bfc062723c751e8b465ee728b)
Start importing Assets/World/Environment/Prefabs/Custom/asset set/ChairFeetRests_low004.prefab using Guid(32c3361d90222934386cd9b44d9c2e1e) Importer(815301076,1909f56bfc062723c751e8b465ee728b) (PreviewImporter) -> (artifact id: 'f7bdabb27f0c6828950f9d0829a1f158') in 0.0353115 seconds
Number of updated asset objects reloaded before import = 0Number of asset objects unloaded after import = 606

========================================================================
Received Import Request.
  Time since last request: 0.000043 seconds.
  path: Assets/World/Environment/Prefabs/Custom/asset set/Crate_low002.prefab
  artifactKey: Guid(02d97d2e44330db4c901c79eeec9323f) Importer(815301076,1909f56bfc062723c751e8b465ee728b)
Start importing Assets/World/Environment/Prefabs/Custom/asset set/Crate_low002.prefab using Guid(02d97d2e44330db4c901c79eeec9323f) Importer(815301076,1909f56bfc062723c751e8b465ee728b) (PreviewImporter) -> (artifact id: 'af9fe0951e8759ebc8fa55d022928bdf') in 0.0390367 seconds
Number of updated asset objects reloaded before import = 0Number of asset objects unloaded after import = 606

========================================================================
Received Import Request.
  Time since last request: 0.000029 seconds.
  path: Assets/World/Environment/Prefabs/Custom/asset set/BarStool_low.prefab
  artifactKey: Guid(d2a7dd015a408114ab1d5e1955b6997a) Importer(815301076,1909f56bfc062723c751e8b465ee728b)
Start importing Assets/World/Environment/Prefabs/Custom/asset set/BarStool_low.prefab using Guid(d2a7dd015a408114ab1d5e1955b6997a) Importer(815301076,1909f56bfc062723c751e8b465ee728b) (PreviewImporter) -> (artifact id: 'bbd906d47970509bf28fcf38e8a6a7ae') in 0.034262 seconds
Number of updated asset objects reloaded before import = 0Number of asset objects unloaded after import = 606

========================================================================
Received Import Request.
  Time since last request: 0.000034 seconds.
  path: Assets/World/Environment/Prefabs/Custom/asset set/CandleHolder_low001.prefab
  artifactKey: Guid(faa36e22619b4664f9d897a73415f8d2) Importer(815301076,1909f56bfc062723c751e8b465ee728b)
Start importing Assets/World/Environment/Prefabs/Custom/asset set/CandleHolder_low001.prefab using Guid(faa36e22619b4664f9d897a73415f8d2) Importer(815301076,1909f56bfc062723c751e8b465ee728b) (PreviewImporter) -> (artifact id: '1aa468b184a61f5d2a7f656cf2ca9709') in 0.035971 seconds
Number of updated asset objects reloaded before import = 0Number of asset objects unloaded after import = 606

========================================================================
Received Import Request.
  Time since last request: 0.000030 seconds.
  path: Assets/World/Environment/Prefabs/Custom/asset set/ChairSeat_low.prefab
  artifactKey: Guid(26f439b33c1402544ab2f6df66227e3e) Importer(815301076,1909f56bfc062723c751e8b465ee728b)
Start importing Assets/World/Environment/Prefabs/Custom/asset set/ChairSeat_low.prefab using Guid(26f439b33c1402544ab2f6df66227e3e) Importer(815301076,1909f56bfc062723c751e8b465ee728b) (PreviewImporter) -> (artifact id: '905d22a57e67f12d955d43c53ca55449') in 0.0395671 seconds
Number of updated asset objects reloaded before import = 0Number of asset objects unloaded after import = 606

========================================================================
Received Import Request.
  Time since last request: 0.000048 seconds.
  path: Assets/World/Environment/Prefabs/Custom/asset set/BullHornsBack_low.prefab
  artifactKey: Guid(6b101c8a8f048be4fbc96da834ac3d99) Importer(815301076,1909f56bfc062723c751e8b465ee728b)
Start importing Assets/World/Environment/Prefabs/Custom/asset set/BullHornsBack_low.prefab using Guid(6b101c8a8f048be4fbc96da834ac3d99) Importer(815301076,1909f56bfc062723c751e8b465ee728b) (PreviewImporter) -> (artifact id: 'd45d06fb9b2c09cc684e5144cbb92dbf') in 0.0371994 seconds
Number of updated asset objects reloaded before import = 0Number of asset objects unloaded after import = 606

========================================================================
Received Import Request.
  Time since last request: 0.000030 seconds.
  path: Assets/World/Environment/Prefabs/Custom/asset set/Crate_low.prefab
  artifactKey: Guid(d681f505e2e482a408b3ab15a4e5a959) Importer(815301076,1909f56bfc062723c751e8b465ee728b)
Start importing Assets/World/Environment/Prefabs/Custom/asset set/Crate_low.prefab using Guid(d681f505e2e482a408b3ab15a4e5a959) Importer(815301076,1909f56bfc062723c751e8b465ee728b) (PreviewImporter) -> (artifact id: 'd79a070443df88f64a1e3097a7527652') in 0.0355973 seconds
Number of updated asset objects reloaded before import = 0Number of asset objects unloaded after import = 606

========================================================================
Received Import Request.
  Time since last request: 0.000047 seconds.
  path: Assets/World/Environment/Prefabs/Custom/asset set/AlcoholBottle008_low005.prefab
  artifactKey: Guid(ed5a6088a4144b640b436eb736734337) Importer(815301076,1909f56bfc062723c751e8b465ee728b)
Start importing Assets/World/Environment/Prefabs/Custom/asset set/AlcoholBottle008_low005.prefab using Guid(ed5a6088a4144b640b436eb736734337) Importer(815301076,1909f56bfc062723c751e8b465ee728b) (PreviewImporter) -> (artifact id: '86b08ef0f2b991bb9f0654d950368271') in 0.0278371 seconds
Number of updated asset objects reloaded before import = 0Number of asset objects unloaded after import = 606

========================================================================
Received Import Request.
  Time since last request: 3.953318 seconds.
  path: Assets/World/Environment/Prefabs/Custom/asset set/OilLampHandle_low.prefab
  artifactKey: Guid(23b166e54f77d1f44baa638b0512d3f6) Importer(2089858483,b0f066a214c2f5e87bad3c948f4d605d)
Start importing Assets/World/Environment/Prefabs/Custom/asset set/OilLampHandle_low.prefab using Guid(23b166e54f77d1f44baa638b0512d3f6) Importer(2089858483,b0f066a214c2f5e87bad3c948f4d605d) (ScriptedImporter) -> (artifact id: 'a9d1fe0225b18c5278e009a2256eefb0') in 0.0175084 seconds
Number of updated asset objects reloaded before import = 0Number of asset objects unloaded after import = 8

========================================================================
Received Import Request.
  Time since last request: 0.000036 seconds.
  path: Assets/World/Environment/Prefabs/Custom/asset set/WhiskyGlass_low002.prefab
  artifactKey: Guid(5126e3110bb3f3f41b5255b3c5939b30) Importer(2089858483,b0f066a214c2f5e87bad3c948f4d605d)
Start importing Assets/World/Environment/Prefabs/Custom/asset set/WhiskyGlass_low002.prefab using Guid(5126e3110bb3f3f41b5255b3c5939b30) Importer(2089858483,b0f066a214c2f5e87bad3c948f4d605d) (ScriptedImporter) -> (artifact id: '95af04b87ba3c3d94098a176dc299a31') in 0.0112667 seconds
Number of updated asset objects reloaded before import = 0Number of asset objects unloaded after import = 8

========================================================================
Received Import Request.
  Time since last request: 0.000030 seconds.
  path: Assets/World/Environment/Prefabs/Custom/asset set/ChairLegs_low003.prefab
  artifactKey: Guid(b1d267a4b50c73f4c8fddbc337c41ecf) Importer(2089858483,b0f066a214c2f5e87bad3c948f4d605d)
Start importing Assets/World/Environment/Prefabs/Custom/asset set/ChairLegs_low003.prefab using Guid(b1d267a4b50c73f4c8fddbc337c41ecf) Importer(2089858483,b0f066a214c2f5e87bad3c948f4d605d) (ScriptedImporter) -> (artifact id: '4b9ed2bb087d404076bf5d7421e8eef2') in 0.0095765 seconds
Number of updated asset objects reloaded before import = 0Number of asset objects unloaded after import = 8

========================================================================
Received Import Request.
  Time since last request: 0.000038 seconds.
  path: Assets/World/Environment/Prefabs/Custom/asset set/AlcoholBottle008_low001.prefab
  artifactKey: Guid(cf4809d0b8d4d4142a2158cda26f7b88) Importer(2089858483,b0f066a214c2f5e87bad3c948f4d605d)
Start importing Assets/World/Environment/Prefabs/Custom/asset set/AlcoholBottle008_low001.prefab using Guid(cf4809d0b8d4d4142a2158cda26f7b88) Importer(2089858483,b0f066a214c2f5e87bad3c948f4d605d) (ScriptedImporter) -> (artifact id: 'f887b5306d0a5add095ecaae324f2674') in 0.0104489 seconds
Number of updated asset objects reloaded before import = 0Number of asset objects unloaded after import = 8

========================================================================
Received Import Request.
  Time since last request: 0.000025 seconds.
  path: Assets/World/Environment/Prefabs/Custom/asset set/ChairBackRest_low003.prefab
  artifactKey: Guid(5278de90b5b19a941a16fda5b001dba2) Importer(2089858483,b0f066a214c2f5e87bad3c948f4d605d)
Start importing Assets/World/Environment/Prefabs/Custom/asset set/ChairBackRest_low003.prefab using Guid(5278de90b5b19a941a16fda5b001dba2) Importer(2089858483,b0f066a214c2f5e87bad3c948f4d605d) (ScriptedImporter) -> (artifact id: '7423438ba0cddbb45fc8a79111f90776') in 0.0091477 seconds
Number of updated asset objects reloaded before import = 0Number of asset objects unloaded after import = 8

========================================================================
Received Import Request.
  Time since last request: 0.000032 seconds.
  path: Assets/World/Environment/Prefabs/Custom/asset set/ChairBackRest_low005.prefab
  artifactKey: Guid(40c7b348de8500b4b92b8986235f0023) Importer(2089858483,b0f066a214c2f5e87bad3c948f4d605d)
Start importing Assets/World/Environment/Prefabs/Custom/asset set/ChairBackRest_low005.prefab using Guid(40c7b348de8500b4b92b8986235f0023) Importer(2089858483,b0f066a214c2f5e87bad3c948f4d605d) (ScriptedImporter) -> (artifact id: 'c7f7fac0734ac04cdbf658457ced341e') in 0.0096254 seconds
Number of updated asset objects reloaded before import = 0Number of asset objects unloaded after import = 8

========================================================================
Received Import Request.
  Time since last request: 0.000036 seconds.
  path: Assets/World/Environment/Prefabs/Custom/asset set/AlcoholBottle008_low006.prefab
  artifactKey: Guid(51395d8034323cd499fcbc3f2ae64242) Importer(2089858483,b0f066a214c2f5e87bad3c948f4d605d)
Start importing Assets/World/Environment/Prefabs/Custom/asset set/AlcoholBottle008_low006.prefab using Guid(51395d8034323cd499fcbc3f2ae64242) Importer(2089858483,b0f066a214c2f5e87bad3c948f4d605d) (ScriptedImporter) -> (artifact id: '6f6f60a6a3046786de9c55ea6e498b16') in 0.0098191 seconds
Number of updated asset objects reloaded before import = 0Number of asset objects unloaded after import = 8

========================================================================
Received Import Request.
  Time since last request: 0.000040 seconds.
  path: Assets/World/Environment/Prefabs/Custom/asset set/WantedPoster011.prefab
  artifactKey: Guid(696647e6364af6341a55145163b90c52) Importer(2089858483,b0f066a214c2f5e87bad3c948f4d605d)
Start importing Assets/World/Environment/Prefabs/Custom/asset set/WantedPoster011.prefab using Guid(696647e6364af6341a55145163b90c52) Importer(2089858483,b0f066a214c2f5e87bad3c948f4d605d) (ScriptedImporter) -> (artifact id: 'b3190b29daa7fcdbba96d36c0f2c4e9c') in 0.0085365 seconds
Number of updated asset objects reloaded before import = 0Number of asset objects unloaded after import = 8

========================================================================
Received Import Request.
  Time since last request: 0.000028 seconds.
  path: Assets/World/Environment/Prefabs/Custom/asset set/ChairFeetRests_low004.prefab
  artifactKey: Guid(32c3361d90222934386cd9b44d9c2e1e) Importer(2089858483,b0f066a214c2f5e87bad3c948f4d605d)
Start importing Assets/World/Environment/Prefabs/Custom/asset set/ChairFeetRests_low004.prefab using Guid(32c3361d90222934386cd9b44d9c2e1e) Importer(2089858483,b0f066a214c2f5e87bad3c948f4d605d) (ScriptedImporter) -> (artifact id: 'addfe00c6fb25049488173e19c58f034') in 0.0096961 seconds
Number of updated asset objects reloaded before import = 0Number of asset objects unloaded after import = 8

========================================================================
Received Import Request.
  Time since last request: 0.000026 seconds.
  path: Assets/World/Environment/Prefabs/Custom/asset set/CandleHolder_low001.prefab
  artifactKey: Guid(faa36e22619b4664f9d897a73415f8d2) Importer(2089858483,b0f066a214c2f5e87bad3c948f4d605d)
Start importing Assets/World/Environment/Prefabs/Custom/asset set/CandleHolder_low001.prefab using Guid(faa36e22619b4664f9d897a73415f8d2) Importer(2089858483,b0f066a214c2f5e87bad3c948f4d605d) (ScriptedImporter) -> (artifact id: 'c68fbdc20ef004d34dfac321b7457a88') in 0.0096992 seconds
Number of updated asset objects reloaded before import = 0Number of asset objects unloaded after import = 8

========================================================================
Received Import Request.
  Time since last request: 0.000029 seconds.
  path: Assets/World/Environment/Prefabs/Custom/asset set/AlcoholBottle010_low001.prefab
  artifactKey: Guid(1efb78e06a5e241408c231909e0f9516) Importer(2089858483,b0f066a214c2f5e87bad3c948f4d605d)
Start importing Assets/World/Environment/Prefabs/Custom/asset set/AlcoholBottle010_low001.prefab using Guid(1efb78e06a5e241408c231909e0f9516) Importer(2089858483,b0f066a214c2f5e87bad3c948f4d605d) (ScriptedImporter) -> (artifact id: '0198dca5bb3710fc80714a8c7c35f4a2') in 0.0088942 seconds
Number of updated asset objects reloaded before import = 0Number of asset objects unloaded after import = 8

========================================================================
Received Import Request.
  Time since last request: 0.000039 seconds.
  path: Assets/World/Environment/Prefabs/Custom/asset set/SheriffBadge_low.prefab
  artifactKey: Guid(b75518ffcd425ae4f8ca185855cb393b) Importer(2089858483,b0f066a214c2f5e87bad3c948f4d605d)
Start importing Assets/World/Environment/Prefabs/Custom/asset set/SheriffBadge_low.prefab using Guid(b75518ffcd425ae4f8ca185855cb393b) Importer(2089858483,b0f066a214c2f5e87bad3c948f4d605d) (ScriptedImporter) -> (artifact id: '34948a870691b2f81d27794279cee8b8') in 0.0084672 seconds
Number of updated asset objects reloaded before import = 0Number of asset objects unloaded after import = 8

========================================================================
Received Import Request.
  Time since last request: 0.000026 seconds.
  path: Assets/World/Environment/Prefabs/Custom/asset set/AlcoholBottle010_low.prefab
  artifactKey: Guid(a170b1f96683ef54fb9a8285230ba66c) Importer(2089858483,b0f066a214c2f5e87bad3c948f4d605d)
Start importing Assets/World/Environment/Prefabs/Custom/asset set/AlcoholBottle010_low.prefab using Guid(a170b1f96683ef54fb9a8285230ba66c) Importer(2089858483,b0f066a214c2f5e87bad3c948f4d605d) (ScriptedImporter) -> (artifact id: '1818bf07d05461ac079c1545ef883478') in 0.0082483 seconds
Number of updated asset objects reloaded before import = 0Number of asset objects unloaded after import = 8

========================================================================
Received Import Request.
  Time since last request: 0.000026 seconds.
  path: Assets/World/Environment/Prefabs/Custom/asset set/ChairBackRest_low002.prefab
  artifactKey: Guid(a96ef5aee630c8142b2798128dbb6d32) Importer(2089858483,b0f066a214c2f5e87bad3c948f4d605d)
Start importing Assets/World/Environment/Prefabs/Custom/asset set/ChairBackRest_low002.prefab using Guid(a96ef5aee630c8142b2798128dbb6d32) Importer(2089858483,b0f066a214c2f5e87bad3c948f4d605d) (ScriptedImporter) -> (artifact id: '9d7053e4a7d6a93835bb952871b02c56') in 0.0100862 seconds
Number of updated asset objects reloaded before import = 0Number of asset objects unloaded after import = 8

========================================================================
Received Import Request.
  Time since last request: 0.000029 seconds.
  path: Assets/World/Environment/Prefabs/Custom/asset set/RoundGlass_low005.prefab
  artifactKey: Guid(1406fe4218abdf947b8e6a3bce30e3bf) Importer(2089858483,b0f066a214c2f5e87bad3c948f4d605d)
Start importing Assets/World/Environment/Prefabs/Custom/asset set/RoundGlass_low005.prefab using Guid(1406fe4218abdf947b8e6a3bce30e3bf) Importer(2089858483,b0f066a214c2f5e87bad3c948f4d605d) (ScriptedImporter) -> (artifact id: 'd53d62755253c4dba8e902f050485c41') in 0.0098063 seconds
Number of updated asset objects reloaded before import = 0Number of asset objects unloaded after import = 8

========================================================================
Received Import Request.
  Time since last request: 0.000038 seconds.
  path: Assets/World/Environment/Prefabs/Custom/asset set/OilLamp_low.prefab
  artifactKey: Guid(c4af29fdf2758ba459fc42023468acc1) Importer(2089858483,b0f066a214c2f5e87bad3c948f4d605d)
Start importing Assets/World/Environment/Prefabs/Custom/asset set/OilLamp_low.prefab using Guid(c4af29fdf2758ba459fc42023468acc1) Importer(2089858483,b0f066a214c2f5e87bad3c948f4d605d) (ScriptedImporter) -> (artifact id: 'cc7438d682f7903be11e7123ff81c311') in 0.0098063 seconds
Number of updated asset objects reloaded before import = 0Number of asset objects unloaded after import = 8

========================================================================
Received Import Request.
  Time since last request: 0.000032 seconds.
  path: Assets/World/Environment/Prefabs/Custom/asset set/BarStool_low003.prefab
  artifactKey: Guid(fff75f2cf22b85043aca6a64382e5f63) Importer(2089858483,b0f066a214c2f5e87bad3c948f4d605d)
Start importing Assets/World/Environment/Prefabs/Custom/asset set/BarStool_low003.prefab using Guid(fff75f2cf22b85043aca6a64382e5f63) Importer(2089858483,b0f066a214c2f5e87bad3c948f4d605d) (ScriptedImporter) -> (artifact id: '0ed4d7c099259d6f084ce06b89ec7c72') in 0.0096327 seconds
Number of updated asset objects reloaded before import = 0Number of asset objects unloaded after import = 8

========================================================================
Received Import Request.
  Time since last request: 0.000026 seconds.
  path: Assets/World/Environment/Prefabs/Custom/asset set/Crate_low.prefab
  artifactKey: Guid(d681f505e2e482a408b3ab15a4e5a959) Importer(2089858483,b0f066a214c2f5e87bad3c948f4d605d)
Start importing Assets/World/Environment/Prefabs/Custom/asset set/Crate_low.prefab using Guid(d681f505e2e482a408b3ab15a4e5a959) Importer(2089858483,b0f066a214c2f5e87bad3c948f4d605d) (ScriptedImporter) -> (artifact id: 'ea01e0b16ff434e39ea5ad1a12d964ff') in 0.0098966 seconds
Number of updated asset objects reloaded before import = 0Number of asset objects unloaded after import = 8

========================================================================
Received Import Request.
  Time since last request: 0.000034 seconds.
  path: Assets/World/Environment/Prefabs/Custom/asset set/StandardTable_low001.prefab
  artifactKey: Guid(d98861f37d7effe489c47ac0830f90c0) Importer(2089858483,b0f066a214c2f5e87bad3c948f4d605d)
Start importing Assets/World/Environment/Prefabs/Custom/asset set/StandardTable_low001.prefab using Guid(d98861f37d7effe489c47ac0830f90c0) Importer(2089858483,b0f066a214c2f5e87bad3c948f4d605d) (ScriptedImporter) -> (artifact id: 'b2ed865320f3700916a407628ce3289c') in 0.0102417 seconds
Number of updated asset objects reloaded before import = 0Number of asset objects unloaded after import = 8

========================================================================
Received Import Request.
  Time since last request: 0.000039 seconds.
  path: Assets/World/Environment/Prefabs/Custom/asset set/Bar_low001.prefab
  artifactKey: Guid(e7a704fbc9fd34e41b4654099e0c6928) Importer(2089858483,b0f066a214c2f5e87bad3c948f4d605d)
Start importing Assets/World/Environment/Prefabs/Custom/asset set/Bar_low001.prefab using Guid(e7a704fbc9fd34e41b4654099e0c6928) Importer(2089858483,b0f066a214c2f5e87bad3c948f4d605d) (ScriptedImporter) -> (artifact id: 'd8f1ce71c351837e662cd976f80b8a99') in 0.009011 seconds
Number of updated asset objects reloaded before import = 0Number of asset objects unloaded after import = 8

========================================================================
Received Import Request.
  Time since last request: 0.000027 seconds.
  path: Assets/World/Environment/Prefabs/Custom/asset set/CandleHolderHandle_low.prefab
  artifactKey: Guid(d8a656e246d0a0a4abbe6d9ebe7712a8) Importer(2089858483,b0f066a214c2f5e87bad3c948f4d605d)
Start importing Assets/World/Environment/Prefabs/Custom/asset set/CandleHolderHandle_low.prefab using Guid(d8a656e246d0a0a4abbe6d9ebe7712a8) Importer(2089858483,b0f066a214c2f5e87bad3c948f4d605d) (ScriptedImporter) -> (artifact id: 'd8e147f495a7ae383d8615cc8b6e5f67') in 0.0101332 seconds
Number of updated asset objects reloaded before import = 0Number of asset objects unloaded after import = 8

========================================================================
Received Import Request.
  Time since last request: 0.923405 seconds.
  path: Assets/World/Environment/Prefabs/Custom/asset set/AlcoholBottle008_low004.prefab
  artifactKey: Guid(d8286993badeed04aa166267751a3b2d) Importer(2089858483,b0f066a214c2f5e87bad3c948f4d605d)
Start importing Assets/World/Environment/Prefabs/Custom/asset set/AlcoholBottle008_low004.prefab using Guid(d8286993badeed04aa166267751a3b2d) Importer(2089858483,b0f066a214c2f5e87bad3c948f4d605d) (ScriptedImporter) -> (artifact id: 'ed85f973b9c3b98be815e8fc9e8525bc') in 0.007989 seconds
Number of updated asset objects reloaded before import = 0Number of asset objects unloaded after import = 8

========================================================================
Received Import Request.
  Time since last request: 0.000026 seconds.
  path: Assets/World/Environment/Prefabs/Custom/asset set/RoundGlass_low.prefab
  artifactKey: Guid(4f507d865f9f5314388e584361ee75f2) Importer(2089858483,b0f066a214c2f5e87bad3c948f4d605d)
Start importing Assets/World/Environment/Prefabs/Custom/asset set/RoundGlass_low.prefab using Guid(4f507d865f9f5314388e584361ee75f2) Importer(2089858483,b0f066a214c2f5e87bad3c948f4d605d) (ScriptedImporter) -> (artifact id: 'fa61b3a214c9ad261b79473d38ab23fd') in 0.0078522 seconds
Number of updated asset objects reloaded before import = 0Number of asset objects unloaded after import = 8

========================================================================
Received Import Request.
  Time since last request: 0.000023 seconds.
  path: Assets/World/Environment/Prefabs/Custom/asset set/BarStool_low005.prefab
  artifactKey: Guid(4bcf2e7c3742e784c929cfe57caeca52) Importer(2089858483,b0f066a214c2f5e87bad3c948f4d605d)
Start importing Assets/World/Environment/Prefabs/Custom/asset set/BarStool_low005.prefab using Guid(4bcf2e7c3742e784c929cfe57caeca52) Importer(2089858483,b0f066a214c2f5e87bad3c948f4d605d) (ScriptedImporter) -> (artifact id: 'fa8ee3fc3ebfcfea74631efc94636322') in 0.0137343 seconds
Number of updated asset objects reloaded before import = 0Number of asset objects unloaded after import = 8

========================================================================
Received Import Request.
  Time since last request: 0.000029 seconds.
  path: Assets/World/Environment/Prefabs/Custom/asset set/Moonshine004_low.prefab
  artifactKey: Guid(ef1bbe33610c6104d8096d10f329338e) Importer(2089858483,b0f066a214c2f5e87bad3c948f4d605d)
Start importing Assets/World/Environment/Prefabs/Custom/asset set/Moonshine004_low.prefab using Guid(ef1bbe33610c6104d8096d10f329338e) Importer(2089858483,b0f066a214c2f5e87bad3c948f4d605d) (ScriptedImporter) -> (artifact id: '4485a56558a9fd7bf5cdf0b4039d7e81') in 0.008442 seconds
Number of updated asset objects reloaded before import = 0Number of asset objects unloaded after import = 8

========================================================================
Received Import Request.
  Time since last request: 0.000041 seconds.
  path: Assets/World/Environment/Prefabs/Custom/asset set/RoundGlass_low003.prefab
  artifactKey: Guid(40247f25390608840992d2857954a4fe) Importer(2089858483,b0f066a214c2f5e87bad3c948f4d605d)
Start importing Assets/World/Environment/Prefabs/Custom/asset set/RoundGlass_low003.prefab using Guid(40247f25390608840992d2857954a4fe) Importer(2089858483,b0f066a214c2f5e87bad3c948f4d605d) (ScriptedImporter) -> (artifact id: '870cffa5b3503492c1ce3c78dd9e5988') in 0.0173814 seconds
Number of updated asset objects reloaded before import = 0Number of asset objects unloaded after import = 8

========================================================================
Received Import Request.
  Time since last request: 0.000026 seconds.
  path: Assets/World/Environment/Prefabs/Custom/asset set/WantedPoster3.prefab
  artifactKey: Guid(dcf3dede18adc164bb5709a468120a0b) Importer(2089858483,b0f066a214c2f5e87bad3c948f4d605d)
Start importing Assets/World/Environment/Prefabs/Custom/asset set/WantedPoster3.prefab using Guid(dcf3dede18adc164bb5709a468120a0b) Importer(2089858483,b0f066a214c2f5e87bad3c948f4d605d) (ScriptedImporter) -> (artifact id: '115fe4563f7d806c3ede9421c11eaf96') in 0.0098472 seconds
Number of updated asset objects reloaded before import = 0Number of asset objects unloaded after import = 8

========================================================================
Received Import Request.
  Time since last request: 0.000023 seconds.
  path: Assets/World/Environment/Prefabs/Custom/asset set/ChairSeat_low004.prefab
  artifactKey: Guid(89b841070043c9646b173e891860671a) Importer(2089858483,b0f066a214c2f5e87bad3c948f4d605d)
Start importing Assets/World/Environment/Prefabs/Custom/asset set/ChairSeat_low004.prefab using Guid(89b841070043c9646b173e891860671a) Importer(2089858483,b0f066a214c2f5e87bad3c948f4d605d) (ScriptedImporter) -> (artifact id: '0ef1e9e1e167306f0f92418607f04b5c') in 0.0082102 seconds
Number of updated asset objects reloaded before import = 0Number of asset objects unloaded after import = 8

========================================================================
Received Import Request.
  Time since last request: 0.000028 seconds.
  path: Assets/World/Environment/Prefabs/Custom/asset set/AlcoholBottle008_low003.prefab
  artifactKey: Guid(2cbeed05bcb942548b255ff8e0235a09) Importer(2089858483,b0f066a214c2f5e87bad3c948f4d605d)
Start importing Assets/World/Environment/Prefabs/Custom/asset set/AlcoholBottle008_low003.prefab using Guid(2cbeed05bcb942548b255ff8e0235a09) Importer(2089858483,b0f066a214c2f5e87bad3c948f4d605d) (ScriptedImporter) -> (artifact id: 'a3017a477acdc003df764dd285bfe857') in 0.0090629 seconds
Number of updated asset objects reloaded before import = 0Number of asset objects unloaded after import = 8

========================================================================
Received Import Request.
  Time since last request: 0.376697 seconds.
  path: Assets/World/Environment/Prefabs/Custom/asset set/KegSwitch_low.prefab
  artifactKey: Guid(2fa549176d0228440ad4132377c55445) Importer(815301076,1909f56bfc062723c751e8b465ee728b)
Start importing Assets/World/Environment/Prefabs/Custom/asset set/KegSwitch_low.prefab using Guid(2fa549176d0228440ad4132377c55445) Importer(815301076,1909f56bfc062723c751e8b465ee728b) (PreviewImporter) -> (artifact id: '87c91c748a2d7fe245bd5e0523b720f9') in 0.0410495 seconds
Number of updated asset objects reloaded before import = 0Number of asset objects unloaded after import = 606

========================================================================
Received Import Request.
  Time since last request: 0.000030 seconds.
  path: Assets/World/Environment/Prefabs/Custom/asset set/Shelf_low001.prefab
  artifactKey: Guid(ada932f7b6996944896d54fdb0ea17d3) Importer(815301076,1909f56bfc062723c751e8b465ee728b)
Start importing Assets/World/Environment/Prefabs/Custom/asset set/Shelf_low001.prefab using Guid(ada932f7b6996944896d54fdb0ea17d3) Importer(815301076,1909f56bfc062723c751e8b465ee728b) (PreviewImporter) -> (artifact id: 'e1dd8a7e35b5745c297f406c718f128f') in 0.0406392 seconds
Number of updated asset objects reloaded before import = 0Number of asset objects unloaded after import = 606

========================================================================
Received Import Request.
  Time since last request: 0.000033 seconds.
  path: Assets/World/Environment/Prefabs/Custom/asset set/SheriffBadge_low.prefab
  artifactKey: Guid(b75518ffcd425ae4f8ca185855cb393b) Importer(815301076,1909f56bfc062723c751e8b465ee728b)
Start importing Assets/World/Environment/Prefabs/Custom/asset set/SheriffBadge_low.prefab using Guid(b75518ffcd425ae4f8ca185855cb393b) Importer(815301076,1909f56bfc062723c751e8b465ee728b) (PreviewImporter) -> (artifact id: 'dec57c07714c38c6d1b5e961ab5fec53') in 0.0422213 seconds
Number of updated asset objects reloaded before import = 0Number of asset objects unloaded after import = 606

========================================================================
Received Import Request.
  Time since last request: 0.000035 seconds.
  path: Assets/World/Environment/Prefabs/Custom/asset set/OilLampBot_low.prefab
  artifactKey: Guid(c1fd5ac4c0cdaf8438198303823718b9) Importer(815301076,1909f56bfc062723c751e8b465ee728b)
Start importing Assets/World/Environment/Prefabs/Custom/asset set/OilLampBot_low.prefab using Guid(c1fd5ac4c0cdaf8438198303823718b9) Importer(815301076,1909f56bfc062723c751e8b465ee728b) (PreviewImporter) -> (artifact id: '7033ec072da2b5d7644eb1aec269f2cd') in 0.0403575 seconds
Number of updated asset objects reloaded before import = 0Number of asset objects unloaded after import = 606

========================================================================
Received Import Request.
  Time since last request: 0.000033 seconds.
  path: Assets/World/Environment/Prefabs/Custom/asset set/StandardTable_low001.prefab
  artifactKey: Guid(d98861f37d7effe489c47ac0830f90c0) Importer(815301076,1909f56bfc062723c751e8b465ee728b)
Start importing Assets/World/Environment/Prefabs/Custom/asset set/StandardTable_low001.prefab using Guid(d98861f37d7effe489c47ac0830f90c0) Importer(815301076,1909f56bfc062723c751e8b465ee728b) (PreviewImporter) -> (artifact id: 'abafc1d2afce9c9e3b45136d902b218d') in 0.043412 seconds
Number of updated asset objects reloaded before import = 0Number of asset objects unloaded after import = 606

========================================================================
Received Import Request.
  Time since last request: 0.000042 seconds.
  path: Assets/World/Environment/Prefabs/Custom/asset set/StandardTable_low.prefab
  artifactKey: Guid(24b311b07ecb3844bbe0cd8aa664a591) Importer(815301076,1909f56bfc062723c751e8b465ee728b)
Start importing Assets/World/Environment/Prefabs/Custom/asset set/StandardTable_low.prefab using Guid(24b311b07ecb3844bbe0cd8aa664a591) Importer(815301076,1909f56bfc062723c751e8b465ee728b) (PreviewImporter) -> (artifact id: '18905e5190acd7d0d895c0865718701b') in 0.0362838 seconds
Number of updated asset objects reloaded before import = 0Number of asset objects unloaded after import = 606

========================================================================
Received Import Request.
  Time since last request: 0.000059 seconds.
  path: Assets/World/Environment/Prefabs/Custom/asset set/PokerTable_low.prefab
  artifactKey: Guid(6e89caf0b94582344b8250f3d1c07913) Importer(815301076,1909f56bfc062723c751e8b465ee728b)
Start importing Assets/World/Environment/Prefabs/Custom/asset set/PokerTable_low.prefab using Guid(6e89caf0b94582344b8250f3d1c07913) Importer(815301076,1909f56bfc062723c751e8b465ee728b) (PreviewImporter) -> (artifact id: '311fe0b31c2d70c654b42a16ebc2cbde') in 0.0397997 seconds
Number of updated asset objects reloaded before import = 0Number of asset objects unloaded after import = 606

========================================================================
Received Import Request.
  Time since last request: 0.000030 seconds.
  path: Assets/World/Environment/Prefabs/Custom/asset set/KegTap_low.prefab
  artifactKey: Guid(db7d70a7c2392474999a71c7e6ce6bd5) Importer(815301076,1909f56bfc062723c751e8b465ee728b)
Start importing Assets/World/Environment/Prefabs/Custom/asset set/KegTap_low.prefab using Guid(db7d70a7c2392474999a71c7e6ce6bd5) Importer(815301076,1909f56bfc062723c751e8b465ee728b) (PreviewImporter) -> (artifact id: 'e3e3cac673c2eab0a8a5d1fe0cd0245c') in 0.0358497 seconds
Number of updated asset objects reloaded before import = 0Number of asset objects unloaded after import = 606

========================================================================
Received Import Request.
  Time since last request: 0.000030 seconds.
  path: Assets/World/Environment/Prefabs/Custom/asset set/WhiskyGlass_low002.prefab
  artifactKey: Guid(5126e3110bb3f3f41b5255b3c5939b30) Importer(815301076,1909f56bfc062723c751e8b465ee728b)
Start importing Assets/World/Environment/Prefabs/Custom/asset set/WhiskyGlass_low002.prefab using Guid(5126e3110bb3f3f41b5255b3c5939b30) Importer(815301076,1909f56bfc062723c751e8b465ee728b) (PreviewImporter) -> (artifact id: '53fa6cb160f6fa91648669c64d578f7f') in 0.0358458 seconds
Number of updated asset objects reloaded before import = 0Number of asset objects unloaded after import = 606

========================================================================
Received Import Request.
  Time since last request: 0.000045 seconds.
  path: Assets/World/Environment/Prefabs/Custom/asset set/RoundGlass_low.prefab
  artifactKey: Guid(4f507d865f9f5314388e584361ee75f2) Importer(815301076,1909f56bfc062723c751e8b465ee728b)
Start importing Assets/World/Environment/Prefabs/Custom/asset set/RoundGlass_low.prefab using Guid(4f507d865f9f5314388e584361ee75f2) Importer(815301076,1909f56bfc062723c751e8b465ee728b) (PreviewImporter) -> (artifact id: 'c1d691579716fa311a7783f746554820') in 0.0348212 seconds
Number of updated asset objects reloaded before import = 0Number of asset objects unloaded after import = 606

========================================================================
Received Import Request.
  Time since last request: 0.000042 seconds.
  path: Assets/World/Environment/Prefabs/Custom/asset set/RoundGlass_low002.prefab
  artifactKey: Guid(11d51f8838e3d3f469b2630560ad8717) Importer(815301076,1909f56bfc062723c751e8b465ee728b)
Start importing Assets/World/Environment/Prefabs/Custom/asset set/RoundGlass_low002.prefab using Guid(11d51f8838e3d3f469b2630560ad8717) Importer(815301076,1909f56bfc062723c751e8b465ee728b) (PreviewImporter) -> (artifact id: '46ec694855f03594ad80f13154ab2aaf') in 0.0374112 seconds
Number of updated asset objects reloaded before import = 0Number of asset objects unloaded after import = 606

========================================================================
Received Import Request.
  Time since last request: 0.000028 seconds.
  path: Assets/World/Environment/Prefabs/Custom/asset set/WhiskyGlass_low001.prefab
  artifactKey: Guid(8b00f8bac4866b148baaeffb07e8feb2) Importer(815301076,1909f56bfc062723c751e8b465ee728b)
Start importing Assets/World/Environment/Prefabs/Custom/asset set/WhiskyGlass_low001.prefab using Guid(8b00f8bac4866b148baaeffb07e8feb2) Importer(815301076,1909f56bfc062723c751e8b465ee728b) (PreviewImporter) -> (artifact id: '183b9294715015283c8aa8749e1839ed') in 0.0373398 seconds
Number of updated asset objects reloaded before import = 0Number of asset objects unloaded after import = 606

========================================================================
Received Import Request.
  Time since last request: 0.000032 seconds.
  path: Assets/World/Environment/Prefabs/Custom/asset set/WantedPoster3.prefab
  artifactKey: Guid(dcf3dede18adc164bb5709a468120a0b) Importer(815301076,1909f56bfc062723c751e8b465ee728b)
Start importing Assets/World/Environment/Prefabs/Custom/asset set/WantedPoster3.prefab using Guid(dcf3dede18adc164bb5709a468120a0b) Importer(815301076,1909f56bfc062723c751e8b465ee728b) (PreviewImporter) -> (artifact id: 'e7b100b148e782c37d69ca77b82d1d79') in 0.0381062 seconds
Number of updated asset objects reloaded before import = 0Number of asset objects unloaded after import = 606

========================================================================
Received Import Request.
  Time since last request: 3.781499 seconds.
  path: Assets/World/Environment/Prefabs/Custom/asset set/RoundGlass_low005.prefab
  artifactKey: Guid(1406fe4218abdf947b8e6a3bce30e3bf) Importer(815301076,1909f56bfc062723c751e8b465ee728b)
Start importing Assets/World/Environment/Prefabs/Custom/asset set/RoundGlass_low005.prefab using Guid(1406fe4218abdf947b8e6a3bce30e3bf) Importer(815301076,1909f56bfc062723c751e8b465ee728b) (PreviewImporter) -> (artifact id: '393728c8c679362761b2210ed50fa32f') in 0.076747 seconds
Number of updated asset objects reloaded before import = 0Number of asset objects unloaded after import = 606

========================================================================
Received Import Request.
  Time since last request: 0.000032 seconds.
  path: Assets/World/Environment/Prefabs/Custom/asset set/WhiskyGlass_low005.prefab
  artifactKey: Guid(b2b0a07a0de52b9468277a12c8eadd43) Importer(815301076,1909f56bfc062723c751e8b465ee728b)
Start importing Assets/World/Environment/Prefabs/Custom/asset set/WhiskyGlass_low005.prefab using Guid(b2b0a07a0de52b9468277a12c8eadd43) Importer(815301076,1909f56bfc062723c751e8b465ee728b) (PreviewImporter) -> (artifact id: '6acb1273461b7f19e3904d6f2e37eda1') in 0.0481965 seconds
Number of updated asset objects reloaded before import = 0Number of asset objects unloaded after import = 606

========================================================================
Received Import Request.
  Time since last request: 0.000047 seconds.
  path: Assets/World/Environment/Prefabs/Custom/asset set/SheriffBadge_low.prefab
  artifactKey: Guid(b75518ffcd425ae4f8ca185855cb393b) Importer(815301076,1909f56bfc062723c751e8b465ee728b)
Start importing Assets/World/Environment/Prefabs/Custom/asset set/SheriffBadge_low.prefab using Guid(b75518ffcd425ae4f8ca185855cb393b) Importer(815301076,1909f56bfc062723c751e8b465ee728b) (PreviewImporter) -> (artifact id: '5b26028409469e8b51bdf861fdcc8639') in 0.0387945 seconds
Number of updated asset objects reloaded before import = 0Number of asset objects unloaded after import = 606

========================================================================
Received Import Request.
  Time since last request: 0.000033 seconds.
  path: Assets/World/Environment/Prefabs/Custom/asset set/WantedBoard_low001.prefab
  artifactKey: Guid(e65473221c0058e43abf6acd60ca918f) Importer(815301076,1909f56bfc062723c751e8b465ee728b)
Start importing Assets/World/Environment/Prefabs/Custom/asset set/WantedBoard_low001.prefab using Guid(e65473221c0058e43abf6acd60ca918f) Importer(815301076,1909f56bfc062723c751e8b465ee728b) (PreviewImporter) -> (artifact id: 'b8d915f8bdc4369ec0f1a41a3b4b3842') in 0.039797 seconds
Number of updated asset objects reloaded before import = 0Number of asset objects unloaded after import = 606

========================================================================
Received Import Request.
  Time since last request: 0.000036 seconds.
  path: Assets/World/Environment/Prefabs/Custom/asset set/WantedBoard_low.prefab
  artifactKey: Guid(9602dbfea5ac52c48b568cd0ee9694e4) Importer(815301076,1909f56bfc062723c751e8b465ee728b)
Start importing Assets/World/Environment/Prefabs/Custom/asset set/WantedBoard_low.prefab using Guid(9602dbfea5ac52c48b568cd0ee9694e4) Importer(815301076,1909f56bfc062723c751e8b465ee728b) (PreviewImporter) -> (artifact id: '96dfbdca225c90e109ad37120419873f') in 0.0354958 seconds
Number of updated asset objects reloaded before import = 0Number of asset objects unloaded after import = 606

========================================================================
Received Import Request.
  Time since last request: 0.000045 seconds.
  path: Assets/World/Environment/Prefabs/Custom/asset set/WantedPoster2.prefab
  artifactKey: Guid(373806f2eb61c884ebafd2b970f9bdd2) Importer(815301076,1909f56bfc062723c751e8b465ee728b)
Start importing Assets/World/Environment/Prefabs/Custom/asset set/WantedPoster2.prefab using Guid(373806f2eb61c884ebafd2b970f9bdd2) Importer(815301076,1909f56bfc062723c751e8b465ee728b) (PreviewImporter) -> (artifact id: '849b6c87469b499937dd10cc86ccb0e1') in 0.0357433 seconds
Number of updated asset objects reloaded before import = 0Number of asset objects unloaded after import = 606

========================================================================
Received Import Request.
  Time since last request: 0.000027 seconds.
  path: Assets/World/Environment/Prefabs/Custom/asset set/SheriffHat_low001.prefab
  artifactKey: Guid(f2dca69605737fd43bee4763d7b7ace3) Importer(815301076,1909f56bfc062723c751e8b465ee728b)
Start importing Assets/World/Environment/Prefabs/Custom/asset set/SheriffHat_low001.prefab using Guid(f2dca69605737fd43bee4763d7b7ace3) Importer(815301076,1909f56bfc062723c751e8b465ee728b) (PreviewImporter) -> (artifact id: '68ba80f38a61744181a4effc66fe08b0') in 0.0348585 seconds
Number of updated asset objects reloaded before import = 0Number of asset objects unloaded after import = 606

========================================================================
Received Import Request.
  Time since last request: 0.000027 seconds.
  path: Assets/World/Environment/Prefabs/Custom/asset set/RoundGlass_low007.prefab
  artifactKey: Guid(c0c3f0fd78b5d874db97e5bbf687a5a8) Importer(815301076,1909f56bfc062723c751e8b465ee728b)
Start importing Assets/World/Environment/Prefabs/Custom/asset set/RoundGlass_low007.prefab using Guid(c0c3f0fd78b5d874db97e5bbf687a5a8) Importer(815301076,1909f56bfc062723c751e8b465ee728b) (PreviewImporter) -> (artifact id: '0f3206390f0e2be531adaf186dd5fce0') in 0.0371685 seconds
Number of updated asset objects reloaded before import = 0Number of asset objects unloaded after import = 606

========================================================================
Received Import Request.
  Time since last request: 0.000030 seconds.
  path: Assets/World/Environment/Prefabs/Custom/asset set/WhiskyGlass_low003.prefab
  artifactKey: Guid(eab6293ff4ee87044a14c7702054bcea) Importer(815301076,1909f56bfc062723c751e8b465ee728b)
Start importing Assets/World/Environment/Prefabs/Custom/asset set/WhiskyGlass_low003.prefab using Guid(eab6293ff4ee87044a14c7702054bcea) Importer(815301076,1909f56bfc062723c751e8b465ee728b) (PreviewImporter) -> (artifact id: 'c00124c3e36569a10b7553814b0eae19') in 0.0390648 seconds
Number of updated asset objects reloaded before import = 0Number of asset objects unloaded after import = 606

========================================================================
Received Import Request.
  Time since last request: 0.000038 seconds.
  path: Assets/World/Environment/Prefabs/Custom/asset set/BarStool_low005.prefab
  artifactKey: Guid(4bcf2e7c3742e784c929cfe57caeca52) Importer(2089858483,b0f066a214c2f5e87bad3c948f4d605d)
Start importing Assets/World/Environment/Prefabs/Custom/asset set/BarStool_low005.prefab using Guid(4bcf2e7c3742e784c929cfe57caeca52) Importer(2089858483,b0f066a214c2f5e87bad3c948f4d605d) (ScriptedImporter) -> (artifact id: 'b74d456148f08688c0ea97e373e49326') in 0.0078408 seconds
Number of updated asset objects reloaded before import = 0Number of asset objects unloaded after import = 8

========================================================================
Received Import Request.
  Time since last request: 0.000025 seconds.
  path: Assets/World/Environment/Prefabs/Custom/asset set/WhiskyGlass_low001.prefab
  artifactKey: Guid(8b00f8bac4866b148baaeffb07e8feb2) Importer(2089858483,b0f066a214c2f5e87bad3c948f4d605d)
Start importing Assets/World/Environment/Prefabs/Custom/asset set/WhiskyGlass_low001.prefab using Guid(8b00f8bac4866b148baaeffb07e8feb2) Importer(2089858483,b0f066a214c2f5e87bad3c948f4d605d) (ScriptedImporter) -> (artifact id: '65cc291886b85d97362de799edd572de') in 0.008007 seconds
Number of updated asset objects reloaded before import = 0Number of asset objects unloaded after import = 8

========================================================================
Received Import Request.
  Time since last request: 0.000024 seconds.
  path: Assets/World/Environment/Prefabs/Custom/asset set/WantedPoster010.prefab
  artifactKey: Guid(c304d11a6b1f481409ef4fb186669206) Importer(2089858483,b0f066a214c2f5e87bad3c948f4d605d)
Start importing Assets/World/Environment/Prefabs/Custom/asset set/WantedPoster010.prefab using Guid(c304d11a6b1f481409ef4fb186669206) Importer(2089858483,b0f066a214c2f5e87bad3c948f4d605d) (ScriptedImporter) -> (artifact id: '470985c575b3948d7ab65db65cdf05e3') in 0.0077615 seconds
Number of updated asset objects reloaded before import = 0Number of asset objects unloaded after import = 8

========================================================================
Received Import Request.
  Time since last request: 0.000025 seconds.
  path: Assets/World/Environment/Prefabs/Custom/asset set/BullHorns_low.prefab
  artifactKey: Guid(934ef48e42fe0be4d9633aeae0fc580e) Importer(2089858483,b0f066a214c2f5e87bad3c948f4d605d)
Start importing Assets/World/Environment/Prefabs/Custom/asset set/BullHorns_low.prefab using Guid(934ef48e42fe0be4d9633aeae0fc580e) Importer(2089858483,b0f066a214c2f5e87bad3c948f4d605d) (ScriptedImporter) -> (artifact id: 'eccd62104305997acf9b7d5295f220d9') in 0.0084037 seconds
Number of updated asset objects reloaded before import = 0Number of asset objects unloaded after import = 8

========================================================================
Received Import Request.
  Time since last request: 0.000028 seconds.
  path: Assets/World/Environment/Prefabs/Custom/asset set/WantedPoster3.prefab
  artifactKey: Guid(dcf3dede18adc164bb5709a468120a0b) Importer(2089858483,b0f066a214c2f5e87bad3c948f4d605d)
Start importing Assets/World/Environment/Prefabs/Custom/asset set/WantedPoster3.prefab using Guid(dcf3dede18adc164bb5709a468120a0b) Importer(2089858483,b0f066a214c2f5e87bad3c948f4d605d) (ScriptedImporter) -> (artifact id: '4f0d8582f16a4f536120536ec2d6991a') in 0.0083873 seconds
Number of updated asset objects reloaded before import = 0Number of asset objects unloaded after import = 8

========================================================================
Received Import Request.
  Time since last request: 0.000032 seconds.
  path: Assets/World/Environment/Prefabs/Custom/asset set/ChairSeat_low004.prefab
  artifactKey: Guid(89b841070043c9646b173e891860671a) Importer(2089858483,b0f066a214c2f5e87bad3c948f4d605d)
Start importing Assets/World/Environment/Prefabs/Custom/asset set/ChairSeat_low004.prefab using Guid(89b841070043c9646b173e891860671a) Importer(2089858483,b0f066a214c2f5e87bad3c948f4d605d) (ScriptedImporter) -> (artifact id: '8a389e1c152f9093bcbead2256bf16b1') in 0.0069666 seconds
Number of updated asset objects reloaded before import = 0Number of asset objects unloaded after import = 8

========================================================================
Received Import Request.
  Time since last request: 0.000023 seconds.
  path: Assets/World/Environment/Prefabs/Custom/asset set/SheriffHat_low.prefab
  artifactKey: Guid(84b442dac94c467468c54d4a618a8d1f) Importer(2089858483,b0f066a214c2f5e87bad3c948f4d605d)
Start importing Assets/World/Environment/Prefabs/Custom/asset set/SheriffHat_low.prefab using Guid(84b442dac94c467468c54d4a618a8d1f) Importer(2089858483,b0f066a214c2f5e87bad3c948f4d605d) (ScriptedImporter) -> (artifact id: '00000000000000000000000000000000') in 0.0079031 seconds
Import Error Code:(4)
Message: Build asset version error: assets/world/environment/prefabs/custom/asset set/sheriffhat_low.prefab in SourceAssetDB has modification time of '2026-04-05T16:59:39.4540924Z' while content on disk has modification time of '2026-04-05T16:59:41.4557601Z'
  ERROR: Build asset version error: assets/world/environment/prefabs/custom/asset set/sheriffhat_low.prefab in SourceAssetDB has modification time of '2026-04-05T16:59:39.4540924Z' while content on disk has modification time of '2026-04-05T16:59:41.4557601Z'
Number of updated asset objects reloaded before import = 0Number of asset objects unloaded after import = 2

========================================================================
Received Import Request.
  Time since last request: 0.000025 seconds.
  path: Assets/World/Environment/Prefabs/Custom/asset set/WhiskyGlass_low002.prefab
  artifactKey: Guid(5126e3110bb3f3f41b5255b3c5939b30) Importer(2089858483,b0f066a214c2f5e87bad3c948f4d605d)
Start importing Assets/World/Environment/Prefabs/Custom/asset set/WhiskyGlass_low002.prefab using Guid(5126e3110bb3f3f41b5255b3c5939b30) Importer(2089858483,b0f066a214c2f5e87bad3c948f4d605d) (ScriptedImporter) -> (artifact id: '00000000000000000000000000000000') in 0.0070587 seconds
Import Error Code:(4)
Message: Build asset version error: assets/world/environment/prefabs/custom/asset set/whiskyglass_low002.prefab in SourceAssetDB has modification time of '2026-04-05T16:59:39.5082686Z' while content on disk has modification time of '2026-04-05T16:59:41.5151741Z'
  ERROR: Build asset version error: assets/world/environment/prefabs/custom/asset set/whiskyglass_low002.prefab in SourceAssetDB has modification time of '2026-04-05T16:59:39.5082686Z' while content on disk has modification time of '2026-04-05T16:59:41.5151741Z'
Number of updated asset objects reloaded before import = 0Number of asset objects unloaded after import = 2

========================================================================
Received Import Request.
  Time since last request: 0.000023 seconds.
  path: Assets/World/Environment/Prefabs/Custom/asset set/ChairLegs_low.prefab
  artifactKey: Guid(f86fc3cb8e6fa244898992f5e0cb1f85) Importer(2089858483,b0f066a214c2f5e87bad3c948f4d605d)
Start importing Assets/World/Environment/Prefabs/Custom/asset set/ChairLegs_low.prefab using Guid(f86fc3cb8e6fa244898992f5e0cb1f85) Importer(2089858483,b0f066a214c2f5e87bad3c948f4d605d) (ScriptedImporter) -> (artifact id: '1dfb53f9b0e5d5f0e23f64b87fa12165') in 0.0034842 seconds
Number of updated asset objects reloaded before import = 0Number of asset objects unloaded after import = 0

========================================================================
Received Import Request.
  Time since last request: 0.306633 seconds.
  path: Assets/World/Environment/Prefabs/Custom/asset set/RoundGlass_low006.prefab
  artifactKey: Guid(49e32d247d0dd774a8528b515e7f4bc5) Importer(815301076,1909f56bfc062723c751e8b465ee728b)
Start importing Assets/World/Environment/Prefabs/Custom/asset set/RoundGlass_low006.prefab using Guid(49e32d247d0dd774a8528b515e7f4bc5) Importer(815301076,1909f56bfc062723c751e8b465ee728b) (PreviewImporter) -> (artifact id: '2138028dc1e3099f73f698c7b176875f') in 0.0553705 seconds
Number of updated asset objects reloaded before import = 0Number of asset objects unloaded after import = 606

========================================================================
Received Import Request.
  Time since last request: 0.000036 seconds.
  path: Assets/World/Environment/Prefabs/Custom/asset set/BarStool_low002.prefab
  artifactKey: Guid(30b07154c18fef247a84869e2abc2a75) Importer(815301076,1909f56bfc062723c751e8b465ee728b)
Start importing Assets/World/Environment/Prefabs/Custom/asset set/BarStool_low002.prefab using Guid(30b07154c18fef247a84869e2abc2a75) Importer(815301076,1909f56bfc062723c751e8b465ee728b) (PreviewImporter) -> (artifact id: '982b1f87a9989a01236eb2eaabfa2356') in 0.0386205 seconds
Number of updated asset objects reloaded before import = 0Number of asset objects unloaded after import = 606

========================================================================
Received Import Request.
  Time since last request: 0.000055 seconds.
  path: Assets/World/Environment/Prefabs/Custom/asset set/SheriffBadge_low.prefab
  artifactKey: Guid(b75518ffcd425ae4f8ca185855cb393b) Importer(815301076,1909f56bfc062723c751e8b465ee728b)
Start importing Assets/World/Environment/Prefabs/Custom/asset set/SheriffBadge_low.prefab using Guid(b75518ffcd425ae4f8ca185855cb393b) Importer(815301076,1909f56bfc062723c751e8b465ee728b) (PreviewImporter) -> (artifact id: '8619033c2ea08bf6d937aa66fb504793') in 0.037364 seconds
Number of updated asset objects reloaded before import = 0Number of asset objects unloaded after import = 606

========================================================================
Received Import Request.
  Time since last request: 0.000032 seconds.
  path: Assets/World/Environment/Prefabs/Custom/asset set/WantedBoard_low001.prefab
  artifactKey: Guid(e65473221c0058e43abf6acd60ca918f) Importer(815301076,1909f56bfc062723c751e8b465ee728b)
Start importing Assets/World/Environment/Prefabs/Custom/asset set/WantedBoard_low001.prefab using Guid(e65473221c0058e43abf6acd60ca918f) Importer(815301076,1909f56bfc062723c751e8b465ee728b) (PreviewImporter) -> (artifact id: 'cc09e97bb35bfd8b067299f990128417') in 0.0382531 seconds
Number of updated asset objects reloaded before import = 0Number of asset objects unloaded after import = 606

========================================================================
Received Import Request.
  Time since last request: 0.000031 seconds.
  path: Assets/World/Environment/Prefabs/Custom/asset set/WantedBoard_low.prefab
  artifactKey: Guid(9602dbfea5ac52c48b568cd0ee9694e4) Importer(815301076,1909f56bfc062723c751e8b465ee728b)
Start importing Assets/World/Environment/Prefabs/Custom/asset set/WantedBoard_low.prefab using Guid(9602dbfea5ac52c48b568cd0ee9694e4) Importer(815301076,1909f56bfc062723c751e8b465ee728b) (PreviewImporter) -> (artifact id: 'c8e907ec04d046c543df2556db1985fa') in 0.0379678 seconds
Number of updated asset objects reloaded before import = 0Number of asset objects unloaded after import = 606

========================================================================
Received Import Request.
  Time since last request: 0.000031 seconds.
  path: Assets/World/Environment/Prefabs/Custom/asset set/WantedPoster4.prefab
  artifactKey: Guid(3eaecb7f3375fe744ab01eae2c5f3630) Importer(815301076,1909f56bfc062723c751e8b465ee728b)
Start importing Assets/World/Environment/Prefabs/Custom/asset set/WantedPoster4.prefab using Guid(3eaecb7f3375fe744ab01eae2c5f3630) Importer(815301076,1909f56bfc062723c751e8b465ee728b) (PreviewImporter) -> (artifact id: '02531ed41796b1b0c5156cbaeef9502c') in 0.0392161 seconds
Number of updated asset objects reloaded before import = 0Number of asset objects unloaded after import = 606

========================================================================
Received Import Request.
  Time since last request: 0.000040 seconds.
  path: Assets/World/Environment/Prefabs/Custom/asset set/WhiskyGlass_low002.prefab
  artifactKey: Guid(5126e3110bb3f3f41b5255b3c5939b30) Importer(815301076,1909f56bfc062723c751e8b465ee728b)
Start importing Assets/World/Environment/Prefabs/Custom/asset set/WhiskyGlass_low002.prefab using Guid(5126e3110bb3f3f41b5255b3c5939b30) Importer(815301076,1909f56bfc062723c751e8b465ee728b) (PreviewImporter) -> (artifact id: 'c52d6a6557bf1a4dfb96131a608d52a5') in 0.0406389 seconds
Number of updated asset objects reloaded before import = 0Number of asset objects unloaded after import = 606

========================================================================
Received Import Request.
  Time since last request: 0.000027 seconds.
  path: Assets/World/Environment/Prefabs/Custom/asset set/RoundGlass_low007.prefab
  artifactKey: Guid(c0c3f0fd78b5d874db97e5bbf687a5a8) Importer(815301076,1909f56bfc062723c751e8b465ee728b)
Start importing Assets/World/Environment/Prefabs/Custom/asset set/RoundGlass_low007.prefab using Guid(c0c3f0fd78b5d874db97e5bbf687a5a8) Importer(815301076,1909f56bfc062723c751e8b465ee728b) (PreviewImporter) -> (artifact id: 'fedd2a29a1bf24e7793d4e5735dab1da') in 0.0406268 seconds
Number of updated asset objects reloaded before import = 0Number of asset objects unloaded after import = 606

========================================================================
Received Import Request.
  Time since last request: 0.000038 seconds.
  path: Assets/World/Environment/Prefabs/Custom/asset set/WhiskyGlass_low003.prefab
  artifactKey: Guid(eab6293ff4ee87044a14c7702054bcea) Importer(815301076,1909f56bfc062723c751e8b465ee728b)
Start importing Assets/World/Environment/Prefabs/Custom/asset set/WhiskyGlass_low003.prefab using Guid(eab6293ff4ee87044a14c7702054bcea) Importer(815301076,1909f56bfc062723c751e8b465ee728b) (PreviewImporter) -> (artifact id: '4e52c7532863289c25183a6e42ea8adc') in 0.0353051 seconds
Number of updated asset objects reloaded before import = 0Number of asset objects unloaded after import = 606

========================================================================
Received Import Request.
  Time since last request: 10.112662 seconds.
  path: Assets/World/Environment/Prefabs/Custom/asset set/RoundGlass_low006.prefab
  artifactKey: Guid(49e32d247d0dd774a8528b515e7f4bc5) Importer(815301076,1909f56bfc062723c751e8b465ee728b)
Start importing Assets/World/Environment/Prefabs/Custom/asset set/RoundGlass_low006.prefab using Guid(49e32d247d0dd774a8528b515e7f4bc5) Importer(815301076,1909f56bfc062723c751e8b465ee728b) (PreviewImporter) -> (artifact id: '176775ec2f739bfd552f4baeb8457c3e') in 0.0724056 seconds
Number of updated asset objects reloaded before import = 0Number of asset objects unloaded after import = 606

========================================================================
Received Import Request.
  Time since last request: 0.000031 seconds.
  path: Assets/World/Environment/Prefabs/Custom/asset set/WhiskyGlass_low005.prefab
  artifactKey: Guid(b2b0a07a0de52b9468277a12c8eadd43) Importer(815301076,1909f56bfc062723c751e8b465ee728b)
Start importing Assets/World/Environment/Prefabs/Custom/asset set/WhiskyGlass_low005.prefab using Guid(b2b0a07a0de52b9468277a12c8eadd43) Importer(815301076,1909f56bfc062723c751e8b465ee728b) (PreviewImporter) -> (artifact id: '99a3edef042b1ea64c06a6677c7352a1') in 0.0357154 seconds
Number of updated asset objects reloaded before import = 0Number of asset objects unloaded after import = 606

========================================================================
Received Import Request.
  Time since last request: 0.000036 seconds.
  path: Assets/World/Environment/Prefabs/Custom/asset set/SheriffBadge_low.prefab
  artifactKey: Guid(b75518ffcd425ae4f8ca185855cb393b) Importer(815301076,1909f56bfc062723c751e8b465ee728b)
Start importing Assets/World/Environment/Prefabs/Custom/asset set/SheriffBadge_low.prefab using Guid(b75518ffcd425ae4f8ca185855cb393b) Importer(815301076,1909f56bfc062723c751e8b465ee728b) (PreviewImporter) -> (artifact id: 'fa7c3c2526dee72d1a5c587a6cb4497d') in 0.0359629 seconds
Number of updated asset objects reloaded before import = 0Number of asset objects unloaded after import = 606

========================================================================
Received Import Request.
  Time since last request: 0.000082 seconds.
  path: Assets/World/Environment/Prefabs/Custom/asset set/WantedBoard_low001.prefab
  artifactKey: Guid(e65473221c0058e43abf6acd60ca918f) Importer(815301076,1909f56bfc062723c751e8b465ee728b)
Start importing Assets/World/Environment/Prefabs/Custom/asset set/WantedBoard_low001.prefab using Guid(e65473221c0058e43abf6acd60ca918f) Importer(815301076,1909f56bfc062723c751e8b465ee728b) (PreviewImporter) -> (artifact id: '0afd5efc0fcb74b4c9a1864da200f1cc') in 0.0383261 seconds
Number of updated asset objects reloaded before import = 0Number of asset objects unloaded after import = 606

========================================================================
Received Import Request.
  Time since last request: 0.000028 seconds.
  path: Assets/World/Environment/Prefabs/Custom/asset set/WantedBoard_low.prefab
  artifactKey: Guid(9602dbfea5ac52c48b568cd0ee9694e4) Importer(815301076,1909f56bfc062723c751e8b465ee728b)
Start importing Assets/World/Environment/Prefabs/Custom/asset set/WantedBoard_low.prefab using Guid(9602dbfea5ac52c48b568cd0ee9694e4) Importer(815301076,1909f56bfc062723c751e8b465ee728b) (PreviewImporter) -> (artifact id: 'fe8cc4284c81d63e031cc6dcf8eec926') in 0.0375148 seconds
Number of updated asset objects reloaded before import = 0Number of asset objects unloaded after import = 606

========================================================================
Received Import Request.
  Time since last request: 0.000036 seconds.
  path: Assets/World/Environment/Prefabs/Custom/asset set/WantedPoster2.prefab
  artifactKey: Guid(373806f2eb61c884ebafd2b970f9bdd2) Importer(815301076,1909f56bfc062723c751e8b465ee728b)
Start importing Assets/World/Environment/Prefabs/Custom/asset set/WantedPoster2.prefab using Guid(373806f2eb61c884ebafd2b970f9bdd2) Importer(815301076,1909f56bfc062723c751e8b465ee728b) (PreviewImporter) -> (artifact id: '487c6ef47d166835d60deb4021952ff8') in 0.0344821 seconds
Number of updated asset objects reloaded before import = 0Number of asset objects unloaded after import = 606

========================================================================
Received Import Request.
  Time since last request: 0.000067 seconds.
  path: Assets/World/Environment/Prefabs/Custom/asset set/SheriffHat_low001.prefab
  artifactKey: Guid(f2dca69605737fd43bee4763d7b7ace3) Importer(815301076,1909f56bfc062723c751e8b465ee728b)
Start importing Assets/World/Environment/Prefabs/Custom/asset set/SheriffHat_low001.prefab using Guid(f2dca69605737fd43bee4763d7b7ace3) Importer(815301076,1909f56bfc062723c751e8b465ee728b) (PreviewImporter) -> (artifact id: '263dd4f59194f73487ff2347735ae0d2') in 0.0378144 seconds
Number of updated asset objects reloaded before import = 0Number of asset objects unloaded after import = 606

========================================================================
Received Import Request.
  Time since last request: 0.000031 seconds.
  path: Assets/World/Environment/Prefabs/Custom/asset set/WhiskyGlass_low001.prefab
  artifactKey: Guid(8b00f8bac4866b148baaeffb07e8feb2) Importer(815301076,1909f56bfc062723c751e8b465ee728b)
Start importing Assets/World/Environment/Prefabs/Custom/asset set/WhiskyGlass_low001.prefab using Guid(8b00f8bac4866b148baaeffb07e8feb2) Importer(815301076,1909f56bfc062723c751e8b465ee728b) (PreviewImporter) -> (artifact id: '00ef830e3db4e40f5c3b929530bfaf43') in 0.0359338 seconds
Number of updated asset objects reloaded before import = 0Number of asset objects unloaded after import = 606

========================================================================
Received Import Request.
  Time since last request: 0.000045 seconds.
  path: Assets/World/Environment/Prefabs/Custom/asset set/WantedPoster012.prefab
  artifactKey: Guid(74618f53862c45d4683965474b28e0c6) Importer(815301076,1909f56bfc062723c751e8b465ee728b)
Start importing Assets/World/Environment/Prefabs/Custom/asset set/WantedPoster012.prefab using Guid(74618f53862c45d4683965474b28e0c6) Importer(815301076,1909f56bfc062723c751e8b465ee728b) (PreviewImporter) -> (artifact id: '2761a0a283738285ff9ae9a975dd4f01') in 0.0350895 seconds
Number of updated asset objects reloaded before import = 0Number of asset objects unloaded after import = 606

========================================================================
Received Import Request.
  Time since last request: 0.000032 seconds.
  path: Assets/World/Environment/Prefabs/Custom/asset set/ChairFeetRests_low.prefab
  artifactKey: Guid(a0b6eaa77a7e7184bbd5eaf204d2e753) Importer(2089858483,b0f066a214c2f5e87bad3c948f4d605d)
Start importing Assets/World/Environment/Prefabs/Custom/asset set/ChairFeetRests_low.prefab using Guid(a0b6eaa77a7e7184bbd5eaf204d2e753) Importer(2089858483,b0f066a214c2f5e87bad3c948f4d605d) (ScriptedImporter) -> (artifact id: 'b9f695b52b2addeca66f588a1ea6da6e') in 0.0085115 seconds
Number of updated asset objects reloaded before import = 0Number of asset objects unloaded after import = 8

========================================================================
Received Import Request.
  Time since last request: 0.000037 seconds.
  path: Assets/World/Environment/Prefabs/Custom/asset set/RoundGlass_low.prefab
  artifactKey: Guid(4f507d865f9f5314388e584361ee75f2) Importer(2089858483,b0f066a214c2f5e87bad3c948f4d605d)
Start importing Assets/World/Environment/Prefabs/Custom/asset set/RoundGlass_low.prefab using Guid(4f507d865f9f5314388e584361ee75f2) Importer(2089858483,b0f066a214c2f5e87bad3c948f4d605d) (ScriptedImporter) -> (artifact id: '1fb554cce0130f0c697de2736b206e42') in 0.008012 seconds
Number of updated asset objects reloaded before import = 0Number of asset objects unloaded after import = 8

========================================================================
Received Import Request.
  Time since last request: 0.000028 seconds.
  path: Assets/World/Environment/Prefabs/Custom/asset set/ChairSeat_low.prefab
  artifactKey: Guid(26f439b33c1402544ab2f6df66227e3e) Importer(2089858483,b0f066a214c2f5e87bad3c948f4d605d)
Start importing Assets/World/Environment/Prefabs/Custom/asset set/ChairSeat_low.prefab using Guid(26f439b33c1402544ab2f6df66227e3e) Importer(2089858483,b0f066a214c2f5e87bad3c948f4d605d) (ScriptedImporter) -> (artifact id: '0042c7cad87a00e892720cb5aad33dd3') in 0.0091385 seconds
Number of updated asset objects reloaded before import = 0Number of asset objects unloaded after import = 8

========================================================================
Received Import Request.
  Time since last request: 0.000039 seconds.
  path: Assets/World/Environment/Prefabs/Custom/asset set/Moonshine004_low.prefab
  artifactKey: Guid(ef1bbe33610c6104d8096d10f329338e) Importer(2089858483,b0f066a214c2f5e87bad3c948f4d605d)
Start importing Assets/World/Environment/Prefabs/Custom/asset set/Moonshine004_low.prefab using Guid(ef1bbe33610c6104d8096d10f329338e) Importer(2089858483,b0f066a214c2f5e87bad3c948f4d605d) (ScriptedImporter) -> (artifact id: '85dbf1ae4b1094608a99c2c00038bca8') in 0.0080528 seconds
Number of updated asset objects reloaded before import = 0Number of asset objects unloaded after import = 8

========================================================================
Received Import Request.
  Time since last request: 0.000026 seconds.
  path: Assets/World/Environment/Prefabs/Custom/asset set/RoundGlass_low003.prefab
  artifactKey: Guid(40247f25390608840992d2857954a4fe) Importer(2089858483,b0f066a214c2f5e87bad3c948f4d605d)
Start importing Assets/World/Environment/Prefabs/Custom/asset set/RoundGlass_low003.prefab using Guid(40247f25390608840992d2857954a4fe) Importer(2089858483,b0f066a214c2f5e87bad3c948f4d605d) (ScriptedImporter) -> (artifact id: '7525bcbb515f6d4f6136ebe6616d7b15') in 0.0084634 seconds
Number of updated asset objects reloaded before import = 0Number of asset objects unloaded after import = 8

========================================================================
Received Import Request.
  Time since last request: 0.000037 seconds.
  path: Assets/World/Environment/Prefabs/Custom/asset set/ChairSeat_low003.prefab
  artifactKey: Guid(f57494ca6cfb0834ba96109c4a5f9f82) Importer(2089858483,b0f066a214c2f5e87bad3c948f4d605d)
Start importing Assets/World/Environment/Prefabs/Custom/asset set/ChairSeat_low003.prefab using Guid(f57494ca6cfb0834ba96109c4a5f9f82) Importer(2089858483,b0f066a214c2f5e87bad3c948f4d605d) (ScriptedImporter) -> (artifact id: '7a1ed50dd9d27d2f4dbb084c952fc400') in 0.0085478 seconds
Number of updated asset objects reloaded before import = 0Number of asset objects unloaded after import = 8

========================================================================
Received Import Request.
  Time since last request: 0.000031 seconds.
  path: Assets/World/Environment/Prefabs/Custom/asset set/Crate_low004.prefab
  artifactKey: Guid(73f8976b50e70824c95041eefa5dcc49) Importer(2089858483,b0f066a214c2f5e87bad3c948f4d605d)
Start importing Assets/World/Environment/Prefabs/Custom/asset set/Crate_low004.prefab using Guid(73f8976b50e70824c95041eefa5dcc49) Importer(2089858483,b0f066a214c2f5e87bad3c948f4d605d) (ScriptedImporter) -> (artifact id: 'd9901d0f4a5b08e9ae9139e440a0b6b7') in 0.0081559 seconds
Number of updated asset objects reloaded before import = 0Number of asset objects unloaded after import = 8

========================================================================
Received Import Request.
  Time since last request: 0.000025 seconds.
  path: Assets/World/Environment/Prefabs/Custom/asset set/Barrel_low.prefab
  artifactKey: Guid(e1643345ac699a947893ca96ce104855) Importer(2089858483,b0f066a214c2f5e87bad3c948f4d605d)
Start importing Assets/World/Environment/Prefabs/Custom/asset set/Barrel_low.prefab using Guid(e1643345ac699a947893ca96ce104855) Importer(2089858483,b0f066a214c2f5e87bad3c948f4d605d) (ScriptedImporter) -> (artifact id: '00000000000000000000000000000000') in 0.0095033 seconds
Import Error Code:(4)
Message: Build asset version error: assets/world/environment/prefabs/custom/asset set/barrel_low.prefab in SourceAssetDB has modification time of '2026-04-05T16:59:52.3896569Z' while content on disk has modification time of '2026-04-05T16:59:54.5053818Z'
  ERROR: Build asset version error: assets/world/environment/prefabs/custom/asset set/barrel_low.prefab in SourceAssetDB has modification time of '2026-04-05T16:59:52.3896569Z' while content on disk has modification time of '2026-04-05T16:59:54.5053818Z'
Number of updated asset objects reloaded before import = 0Number of asset objects unloaded after import = 2

========================================================================
Received Import Request.
  Time since last request: 0.000030 seconds.
  path: Assets/World/Environment/Prefabs/Custom/asset set/WhiskyGlass_low002.prefab
  artifactKey: Guid(5126e3110bb3f3f41b5255b3c5939b30) Importer(2089858483,b0f066a214c2f5e87bad3c948f4d605d)
Start importing Assets/World/Environment/Prefabs/Custom/asset set/WhiskyGlass_low002.prefab using Guid(5126e3110bb3f3f41b5255b3c5939b30) Importer(2089858483,b0f066a214c2f5e87bad3c948f4d605d) (ScriptedImporter) -> (artifact id: '3e8619eb77dda1a79c0923aea143fa8c') in 0.0095536 seconds
Number of updated asset objects reloaded before import = 0Number of asset objects unloaded after import = 8

========================================================================
Received Import Request.
  Time since last request: 0.000039 seconds.
  path: Assets/World/Environment/Prefabs/Custom/asset set/WantedPoster012.prefab
  artifactKey: Guid(74618f53862c45d4683965474b28e0c6) Importer(2089858483,b0f066a214c2f5e87bad3c948f4d605d)
Start importing Assets/World/Environment/Prefabs/Custom/asset set/WantedPoster012.prefab using Guid(74618f53862c45d4683965474b28e0c6) Importer(2089858483,b0f066a214c2f5e87bad3c948f4d605d) (ScriptedImporter) -> (artifact id: '5295dd6020cf4d4b73bcb8d2723fb4f1') in 0.0040444 seconds
Number of updated asset objects reloaded before import = 0Number of asset objects unloaded after import = 0

========================================================================
Received Import Request.
  Time since last request: 0.357203 seconds.
  path: Assets/World/Environment/Prefabs/Custom/asset set/RoundGlass_low006.prefab
  artifactKey: Guid(49e32d247d0dd774a8528b515e7f4bc5) Importer(815301076,1909f56bfc062723c751e8b465ee728b)
Start importing Assets/World/Environment/Prefabs/Custom/asset set/RoundGlass_low006.prefab using Guid(49e32d247d0dd774a8528b515e7f4bc5) Importer(815301076,1909f56bfc062723c751e8b465ee728b) (PreviewImporter) -> (artifact id: 'c2080f47997de8f2a3f39ed150ce93f2') in 0.0376969 seconds
Number of updated asset objects reloaded before import = 0Number of asset objects unloaded after import = 606

========================================================================
Received Import Request.
  Time since last request: 0.000023 seconds.
  path: Assets/World/Environment/Prefabs/Custom/asset set/Shelf_low001.prefab
  artifactKey: Guid(ada932f7b6996944896d54fdb0ea17d3) Importer(815301076,1909f56bfc062723c751e8b465ee728b)
Start importing Assets/World/Environment/Prefabs/Custom/asset set/Shelf_low001.prefab using Guid(ada932f7b6996944896d54fdb0ea17d3) Importer(815301076,1909f56bfc062723c751e8b465ee728b) (PreviewImporter) -> (artifact id: '3acdb3224528399dea96202a3a5c4948') in 0.0393611 seconds
Number of updated asset objects reloaded before import = 0Number of asset objects unloaded after import = 606

========================================================================
Received Import Request.
  Time since last request: 0.000031 seconds.
  path: Assets/World/Environment/Prefabs/Custom/asset set/SheriffBadge_low.prefab
  artifactKey: Guid(b75518ffcd425ae4f8ca185855cb393b) Importer(815301076,1909f56bfc062723c751e8b465ee728b)
Start importing Assets/World/Environment/Prefabs/Custom/asset set/SheriffBadge_low.prefab using Guid(b75518ffcd425ae4f8ca185855cb393b) Importer(815301076,1909f56bfc062723c751e8b465ee728b) (PreviewImporter) -> (artifact id: 'b89083ba22e44bb698296615a151aa40') in 0.0398572 seconds
Number of updated asset objects reloaded before import = 0Number of asset objects unloaded after import = 606

========================================================================
Received Import Request.
  Time since last request: 0.000069 seconds.
  path: Assets/World/Environment/Prefabs/Custom/asset set/WantedBoard_low001.prefab
  artifactKey: Guid(e65473221c0058e43abf6acd60ca918f) Importer(815301076,1909f56bfc062723c751e8b465ee728b)
Start importing Assets/World/Environment/Prefabs/Custom/asset set/WantedBoard_low001.prefab using Guid(e65473221c0058e43abf6acd60ca918f) Importer(815301076,1909f56bfc062723c751e8b465ee728b) (PreviewImporter) -> (artifact id: '92bd021b7f34489d6932d35d52a3bdb7') in 0.0382657 seconds
Number of updated asset objects reloaded before import = 0Number of asset objects unloaded after import = 606

========================================================================
Received Import Request.
  Time since last request: 0.000024 seconds.
  path: Assets/World/Environment/Prefabs/Custom/asset set/WantedBoard_low.prefab
  artifactKey: Guid(9602dbfea5ac52c48b568cd0ee9694e4) Importer(815301076,1909f56bfc062723c751e8b465ee728b)
Start importing Assets/World/Environment/Prefabs/Custom/asset set/WantedBoard_low.prefab using Guid(9602dbfea5ac52c48b568cd0ee9694e4) Importer(815301076,1909f56bfc062723c751e8b465ee728b) (PreviewImporter) -> (artifact id: '7b2f3a5fbc99ad975ce11010476bb05f') in 0.0436047 seconds
Number of updated asset objects reloaded before import = 0Number of asset objects unloaded after import = 606

========================================================================
Received Import Request.
  Time since last request: 0.000025 seconds.
  path: Assets/World/Environment/Prefabs/Custom/asset set/WantedPoster2.prefab
  artifactKey: Guid(373806f2eb61c884ebafd2b970f9bdd2) Importer(815301076,1909f56bfc062723c751e8b465ee728b)
Start importing Assets/World/Environment/Prefabs/Custom/asset set/WantedPoster2.prefab using Guid(373806f2eb61c884ebafd2b970f9bdd2) Importer(815301076,1909f56bfc062723c751e8b465ee728b) (PreviewImporter) -> (artifact id: 'f5f8cd3b7e6eb5ab6e4fe12820ce593e') in 0.0449129 seconds
Number of updated asset objects reloaded before import = 0Number of asset objects unloaded after import = 606

========================================================================
Received Import Request.
  Time since last request: 0.000028 seconds.
  path: Assets/World/Environment/Prefabs/Custom/asset set/WhiskyGlass_low009.prefab
  artifactKey: Guid(26a9bb8eea378fc4dafed3edc5f1b948) Importer(815301076,1909f56bfc062723c751e8b465ee728b)
Start importing Assets/World/Environment/Prefabs/Custom/asset set/WhiskyGlass_low009.prefab using Guid(26a9bb8eea378fc4dafed3edc5f1b948) Importer(815301076,1909f56bfc062723c751e8b465ee728b) (PreviewImporter) -> (artifact id: 'fdda0c12be284446df5050c06e4b7deb') in 0.0377832 seconds
Number of updated asset objects reloaded before import = 0Number of asset objects unloaded after import = 606

========================================================================
Received Import Request.
  Time since last request: 0.000041 seconds.
  path: Assets/World/Environment/Prefabs/Custom/asset set/SheriffBadge_low001.prefab
  artifactKey: Guid(85f0fcf1e0a283445aa9ebc673436e8f) Importer(815301076,1909f56bfc062723c751e8b465ee728b)
Start importing Assets/World/Environment/Prefabs/Custom/asset set/SheriffBadge_low001.prefab using Guid(85f0fcf1e0a283445aa9ebc673436e8f) Importer(815301076,1909f56bfc062723c751e8b465ee728b) (PreviewImporter) -> (artifact id: '6cbcab64b5c218fce59b840c2c391d12') in 0.0375665 seconds
Number of updated asset objects reloaded before import = 0Number of asset objects unloaded after import = 606

========================================================================
Received Import Request.
  Time since last request: 0.000030 seconds.
  path: Assets/World/Environment/Prefabs/Custom/asset set/WantedPoster010.prefab
  artifactKey: Guid(c304d11a6b1f481409ef4fb186669206) Importer(815301076,1909f56bfc062723c751e8b465ee728b)
Start importing Assets/World/Environment/Prefabs/Custom/asset set/WantedPoster010.prefab using Guid(c304d11a6b1f481409ef4fb186669206) Importer(815301076,1909f56bfc062723c751e8b465ee728b) (PreviewImporter) -> (artifact id: '595d3c8d95559f7ff11aec5148ce215f') in 0.0417535 seconds
Number of updated asset objects reloaded before import = 0Number of asset objects unloaded after import = 606

========================================================================
Received Import Request.
  Time since last request: 1.186099 seconds.
  path: Assets/World/Environment/Prefabs/Custom/asset set/RoundGlass_low006.prefab
  artifactKey: Guid(49e32d247d0dd774a8528b515e7f4bc5) Importer(815301076,1909f56bfc062723c751e8b465ee728b)
Start importing Assets/World/Environment/Prefabs/Custom/asset set/RoundGlass_low006.prefab using Guid(49e32d247d0dd774a8528b515e7f4bc5) Importer(815301076,1909f56bfc062723c751e8b465ee728b) (PreviewImporter) -> (artifact id: '1b7193092dac922a0ac8464328ac8c40') in 0.0396558 seconds
Number of updated asset objects reloaded before import = 0Number of asset objects unloaded after import = 606

========================================================================
Received Import Request.
  Time since last request: 0.000029 seconds.
  path: Assets/World/Environment/Prefabs/Custom/asset set/WhiskyGlass_low005.prefab
  artifactKey: Guid(b2b0a07a0de52b9468277a12c8eadd43) Importer(815301076,1909f56bfc062723c751e8b465ee728b)
Start importing Assets/World/Environment/Prefabs/Custom/asset set/WhiskyGlass_low005.prefab using Guid(b2b0a07a0de52b9468277a12c8eadd43) Importer(815301076,1909f56bfc062723c751e8b465ee728b) (PreviewImporter) -> (artifact id: 'f40e4e5a065d9f9c3112aa587153812b') in 0.0366357 seconds
Number of updated asset objects reloaded before import = 0Number of asset objects unloaded after import = 606

========================================================================
Received Import Request.
  Time since last request: 0.000043 seconds.
  path: Assets/World/Environment/Prefabs/Custom/asset set/SheriffBadgeHook_low.prefab
  artifactKey: Guid(ad0c0e072dc810946b14061af195f945) Importer(815301076,1909f56bfc062723c751e8b465ee728b)
Start importing Assets/World/Environment/Prefabs/Custom/asset set/SheriffBadgeHook_low.prefab using Guid(ad0c0e072dc810946b14061af195f945) Importer(815301076,1909f56bfc062723c751e8b465ee728b) (PreviewImporter) -> (artifact id: 'de75f8beb5be53b9c49d8c18c7919981') in 0.0364085 seconds
Number of updated asset objects reloaded before import = 0Number of asset objects unloaded after import = 606

========================================================================
Received Import Request.
  Time since last request: 0.000026 seconds.
  path: Assets/World/Environment/Prefabs/Custom/asset set/WantedBoard_low001.prefab
  artifactKey: Guid(e65473221c0058e43abf6acd60ca918f) Importer(815301076,1909f56bfc062723c751e8b465ee728b)
Start importing Assets/World/Environment/Prefabs/Custom/asset set/WantedBoard_low001.prefab using Guid(e65473221c0058e43abf6acd60ca918f) Importer(815301076,1909f56bfc062723c751e8b465ee728b) (PreviewImporter) -> (artifact id: '88a489af84f85499eb6eeca810de2e2b') in 0.0365338 seconds
Number of updated asset objects reloaded before import = 0Number of asset objects unloaded after import = 606

========================================================================
Received Import Request.
  Time since last request: 0.000025 seconds.
  path: Assets/World/Environment/Prefabs/Custom/asset set/KegSwitch_low.prefab
  artifactKey: Guid(2fa549176d0228440ad4132377c55445) Importer(815301076,1909f56bfc062723c751e8b465ee728b)
Start importing Assets/World/Environment/Prefabs/Custom/asset set/KegSwitch_low.prefab using Guid(2fa549176d0228440ad4132377c55445) Importer(815301076,1909f56bfc062723c751e8b465ee728b) (PreviewImporter) -> (artifact id: '294f5316fcb782bcef09cf1265b4bb2f') in 0.0369828 seconds
Number of updated asset objects reloaded before import = 0Number of asset objects unloaded after import = 606

========================================================================
Received Import Request.
  Time since last request: 0.000030 seconds.
  path: Assets/World/Environment/Prefabs/Custom/asset set/ChairBackRest_low.prefab
  artifactKey: Guid(e66af02f1065dc843a9204ede16a85d0) Importer(815301076,1909f56bfc062723c751e8b465ee728b)
Start importing Assets/World/Environment/Prefabs/Custom/asset set/ChairBackRest_low.prefab using Guid(e66af02f1065dc843a9204ede16a85d0) Importer(815301076,1909f56bfc062723c751e8b465ee728b) (PreviewImporter) -> (artifact id: 'e4403d02d16cc9b246fab89624e1c95c') in 0.0356793 seconds
Number of updated asset objects reloaded before import = 0Number of asset objects unloaded after import = 606

========================================================================
Received Import Request.
  Time since last request: 0.000048 seconds.
  path: Assets/World/Environment/Prefabs/Custom/asset set/CandleHolder_low.prefab
  artifactKey: Guid(873b285bf76815d41971384ecdfd095c) Importer(815301076,1909f56bfc062723c751e8b465ee728b)
Start importing Assets/World/Environment/Prefabs/Custom/asset set/CandleHolder_low.prefab using Guid(873b285bf76815d41971384ecdfd095c) Importer(815301076,1909f56bfc062723c751e8b465ee728b) (PreviewImporter) -> (artifact id: 'a0aa2114e930669b27977e51b6c9cab6') in 0.0356591 seconds
Number of updated asset objects reloaded before import = 0Number of asset objects unloaded after import = 606

========================================================================
Received Import Request.
  Time since last request: 0.000025 seconds.
  path: Assets/World/Environment/Prefabs/Custom/asset set/ChairLegs_low007.prefab
  artifactKey: Guid(06312c66f2baf3d4c9c2903d3000fc06) Importer(815301076,1909f56bfc062723c751e8b465ee728b)
Start importing Assets/World/Environment/Prefabs/Custom/asset set/ChairLegs_low007.prefab using Guid(06312c66f2baf3d4c9c2903d3000fc06) Importer(815301076,1909f56bfc062723c751e8b465ee728b) (PreviewImporter) -> (artifact id: '3b8b9a7e4e8b0f0569231a44b06444e9') in 0.0399359 seconds
Number of updated asset objects reloaded before import = 0Number of asset objects unloaded after import = 606

========================================================================
Received Import Request.
  Time since last request: 0.000027 seconds.
  path: Assets/World/Environment/Prefabs/Custom/asset set/AlcoholBottle008_low.prefab
  artifactKey: Guid(1954b7f435cc13341b4ad2628e1c097c) Importer(815301076,1909f56bfc062723c751e8b465ee728b)
Start importing Assets/World/Environment/Prefabs/Custom/asset set/AlcoholBottle008_low.prefab using Guid(1954b7f435cc13341b4ad2628e1c097c) Importer(815301076,1909f56bfc062723c751e8b465ee728b) (PreviewImporter) -> (artifact id: 'f6333a4242bf6e101b5680f20485c506') in 0.0358169 seconds
Number of updated asset objects reloaded before import = 0Number of asset objects unloaded after import = 606

========================================================================
Received Import Request.
  Time since last request: 0.000042 seconds.
  path: Assets/World/Environment/Prefabs/Custom/asset set/AlcoholBottle008_low003.prefab
  artifactKey: Guid(2cbeed05bcb942548b255ff8e0235a09) Importer(815301076,1909f56bfc062723c751e8b465ee728b)
Start importing Assets/World/Environment/Prefabs/Custom/asset set/AlcoholBottle008_low003.prefab using Guid(2cbeed05bcb942548b255ff8e0235a09) Importer(815301076,1909f56bfc062723c751e8b465ee728b) (PreviewImporter) -> (artifact id: '5a10e7dfc86660dcb844208ea9d7bb4b') in 0.0389276 seconds
Number of updated asset objects reloaded before import = 0Number of asset objects unloaded after import = 606

========================================================================
Received Import Request.
  Time since last request: 0.000026 seconds.
  path: Assets/World/Environment/Prefabs/Custom/asset set/ChairSeat_low003.prefab
  artifactKey: Guid(f57494ca6cfb0834ba96109c4a5f9f82) Importer(815301076,1909f56bfc062723c751e8b465ee728b)
Start importing Assets/World/Environment/Prefabs/Custom/asset set/ChairSeat_low003.prefab using Guid(f57494ca6cfb0834ba96109c4a5f9f82) Importer(815301076,1909f56bfc062723c751e8b465ee728b) (PreviewImporter) -> (artifact id: '3fca8fb5f0ca158165409997ad9061dc') in 0.0389818 seconds
Number of updated asset objects reloaded before import = 0Number of asset objects unloaded after import = 606

========================================================================
Received Import Request.
  Time since last request: 0.000026 seconds.
  path: Assets/World/Environment/Prefabs/Custom/asset set/ChairBackRest_low008.prefab
  artifactKey: Guid(1a9c6a8efba6aca4eb4b197a47b5aeca) Importer(815301076,1909f56bfc062723c751e8b465ee728b)
Start importing Assets/World/Environment/Prefabs/Custom/asset set/ChairBackRest_low008.prefab using Guid(1a9c6a8efba6aca4eb4b197a47b5aeca) Importer(815301076,1909f56bfc062723c751e8b465ee728b) (PreviewImporter) -> (artifact id: '3c363c1722e4193f89981d8c9961ec7c') in 0.040159 seconds
Number of updated asset objects reloaded before import = 0Number of asset objects unloaded after import = 606

========================================================================
Received Import Request.
  Time since last request: 0.000033 seconds.
  path: Assets/World/Environment/Prefabs/Custom/asset set/ChairBackRest_low007.prefab
  artifactKey: Guid(1130d6d68ee24a04d88f35eb2f22b5c6) Importer(815301076,1909f56bfc062723c751e8b465ee728b)
Start importing Assets/World/Environment/Prefabs/Custom/asset set/ChairBackRest_low007.prefab using Guid(1130d6d68ee24a04d88f35eb2f22b5c6) Importer(815301076,1909f56bfc062723c751e8b465ee728b) (PreviewImporter) -> (artifact id: '60266ebf0fa639977e6b79294793efc1') in 0.0392674 seconds
Number of updated asset objects reloaded before import = 0Number of asset objects unloaded after import = 606

========================================================================
Received Import Request.
  Time since last request: 0.000040 seconds.
  path: Assets/World/Environment/Prefabs/Custom/asset set/ChairSeat_low001.prefab
  artifactKey: Guid(0a7005744ff625942abce8aa35937cfa) Importer(815301076,1909f56bfc062723c751e8b465ee728b)
Start importing Assets/World/Environment/Prefabs/Custom/asset set/ChairSeat_low001.prefab using Guid(0a7005744ff625942abce8aa35937cfa) Importer(815301076,1909f56bfc062723c751e8b465ee728b) (PreviewImporter) -> (artifact id: '93b3bccccc7f054d6a5999b70cb424cd') in 0.0370024 seconds
Number of updated asset objects reloaded before import = 0Number of asset objects unloaded after import = 606

========================================================================
Received Import Request.
  Time since last request: 0.000027 seconds.
  path: Assets/World/Environment/Prefabs/Custom/asset set/PokerTable_low.prefab
  artifactKey: Guid(6e89caf0b94582344b8250f3d1c07913) Importer(815301076,1909f56bfc062723c751e8b465ee728b)
Start importing Assets/World/Environment/Prefabs/Custom/asset set/PokerTable_low.prefab using Guid(6e89caf0b94582344b8250f3d1c07913) Importer(815301076,1909f56bfc062723c751e8b465ee728b) (PreviewImporter) -> (artifact id: '9ff78ebdb19f2b61e9c1fd9059262de4') in 0.0395104 seconds
Number of updated asset objects reloaded before import = 0Number of asset objects unloaded after import = 606

========================================================================
Received Import Request.
  Time since last request: 0.000028 seconds.
  path: Assets/World/Environment/Prefabs/Custom/asset set/AlcoholBottle010_low001.prefab
  artifactKey: Guid(1efb78e06a5e241408c231909e0f9516) Importer(815301076,1909f56bfc062723c751e8b465ee728b)
Start importing Assets/World/Environment/Prefabs/Custom/asset set/AlcoholBottle010_low001.prefab using Guid(1efb78e06a5e241408c231909e0f9516) Importer(815301076,1909f56bfc062723c751e8b465ee728b) (PreviewImporter) -> (artifact id: 'ee2de5783fab5577f748114f1bb34b16') in 0.0401148 seconds
Number of updated asset objects reloaded before import = 0Number of asset objects unloaded after import = 606

========================================================================
Received Import Request.
  Time since last request: 0.000043 seconds.
  path: Assets/World/Environment/Prefabs/Custom/asset set/ChairFeetRests_low004.prefab
  artifactKey: Guid(32c3361d90222934386cd9b44d9c2e1e) Importer(815301076,1909f56bfc062723c751e8b465ee728b)
Start importing Assets/World/Environment/Prefabs/Custom/asset set/ChairFeetRests_low004.prefab using Guid(32c3361d90222934386cd9b44d9c2e1e) Importer(815301076,1909f56bfc062723c751e8b465ee728b) (PreviewImporter) -> (artifact id: '13742fd2d6c4a448b98b3242aaac01d3') in 0.0378649 seconds
Number of updated asset objects reloaded before import = 0Number of asset objects unloaded after import = 606

========================================================================
Received Import Request.
  Time since last request: 0.000033 seconds.
  path: Assets/World/Environment/Prefabs/Custom/asset set/ChairSeat_low008.prefab
  artifactKey: Guid(e281ce4ab35c69d40bb5f562d77531cb) Importer(815301076,1909f56bfc062723c751e8b465ee728b)
Start importing Assets/World/Environment/Prefabs/Custom/asset set/ChairSeat_low008.prefab using Guid(e281ce4ab35c69d40bb5f562d77531cb) Importer(815301076,1909f56bfc062723c751e8b465ee728b) (PreviewImporter) -> (artifact id: '3a59441f8e0abc40a763050e004f23b4') in 0.0380283 seconds
Number of updated asset objects reloaded before import = 0Number of asset objects unloaded after import = 606

========================================================================
Received Import Request.
  Time since last request: 0.000029 seconds.
  path: Assets/World/Environment/Prefabs/Custom/asset set/ChairBackRest_low004.prefab
  artifactKey: Guid(5c59861510c30ba44978370a4371788f) Importer(815301076,1909f56bfc062723c751e8b465ee728b)
Start importing Assets/World/Environment/Prefabs/Custom/asset set/ChairBackRest_low004.prefab using Guid(5c59861510c30ba44978370a4371788f) Importer(815301076,1909f56bfc062723c751e8b465ee728b) (PreviewImporter) -> (artifact id: '9a3530c0560d64a46440f6c5600ba546') in 0.0373657 seconds
Number of updated asset objects reloaded before import = 0Number of asset objects unloaded after import = 606

========================================================================
Received Import Request.
  Time since last request: 0.000035 seconds.
  path: Assets/World/Environment/Prefabs/Custom/asset set/CandleHolderHandle_low.prefab
  artifactKey: Guid(d8a656e246d0a0a4abbe6d9ebe7712a8) Importer(815301076,1909f56bfc062723c751e8b465ee728b)
Start importing Assets/World/Environment/Prefabs/Custom/asset set/CandleHolderHandle_low.prefab using Guid(d8a656e246d0a0a4abbe6d9ebe7712a8) Importer(815301076,1909f56bfc062723c751e8b465ee728b) (PreviewImporter) -> (artifact id: '54e06f5b097dae1d3396ad7cf93d40ff') in 0.0383448 seconds
Number of updated asset objects reloaded before import = 0Number of asset objects unloaded after import = 606

========================================================================
Received Import Request.
  Time since last request: 0.000042 seconds.
  path: Assets/World/Environment/Prefabs/Custom/asset set/SheriffHat_low001.prefab
  artifactKey: Guid(f2dca69605737fd43bee4763d7b7ace3) Importer(815301076,1909f56bfc062723c751e8b465ee728b)
Start importing Assets/World/Environment/Prefabs/Custom/asset set/SheriffHat_low001.prefab using Guid(f2dca69605737fd43bee4763d7b7ace3) Importer(815301076,1909f56bfc062723c751e8b465ee728b) (PreviewImporter) -> (artifact id: '4ad5e1a1dda4bfebe32bbbf956dc6ea4') in 0.0468163 seconds
Number of updated asset objects reloaded before import = 0Number of asset objects unloaded after import = 606

========================================================================
Received Import Request.
  Time since last request: 0.000027 seconds.
  path: Assets/World/Environment/Prefabs/Custom/asset set/ChairSeat_low.prefab
  artifactKey: Guid(26f439b33c1402544ab2f6df66227e3e) Importer(815301076,1909f56bfc062723c751e8b465ee728b)
Start importing Assets/World/Environment/Prefabs/Custom/asset set/ChairSeat_low.prefab using Guid(26f439b33c1402544ab2f6df66227e3e) Importer(815301076,1909f56bfc062723c751e8b465ee728b) (PreviewImporter) -> (artifact id: '73e0e4677773007bbe6828809e280200') in 0.0392533 seconds
Number of updated asset objects reloaded before import = 0Number of asset objects unloaded after import = 606

========================================================================
Received Import Request.
  Time since last request: 0.000032 seconds.
  path: Assets/World/Environment/Prefabs/Custom/asset set/Bar_low.prefab
  artifactKey: Guid(bd0921dd878d18f4da98f5bbcda56c35) Importer(815301076,1909f56bfc062723c751e8b465ee728b)
Start importing Assets/World/Environment/Prefabs/Custom/asset set/Bar_low.prefab using Guid(bd0921dd878d18f4da98f5bbcda56c35) Importer(815301076,1909f56bfc062723c751e8b465ee728b) (PreviewImporter) -> (artifact id: '07224cd25b659e05cc480ee4be3f96d9') in 0.0400302 seconds
Number of updated asset objects reloaded before import = 0Number of asset objects unloaded after import = 606

========================================================================
Received Import Request.
  Time since last request: 0.000044 seconds.
  path: Assets/World/Environment/Prefabs/Custom/asset set/BullHornsBack_low.prefab
  artifactKey: Guid(6b101c8a8f048be4fbc96da834ac3d99) Importer(815301076,1909f56bfc062723c751e8b465ee728b)
Start importing Assets/World/Environment/Prefabs/Custom/asset set/BullHornsBack_low.prefab using Guid(6b101c8a8f048be4fbc96da834ac3d99) Importer(815301076,1909f56bfc062723c751e8b465ee728b) (PreviewImporter) -> (artifact id: '956ab571472d3c7652dbf113c1d1d5bc') in 0.0423794 seconds
Number of updated asset objects reloaded before import = 0Number of asset objects unloaded after import = 606

========================================================================
Received Import Request.
  Time since last request: 0.000028 seconds.
  path: Assets/World/Environment/Prefabs/Custom/asset set/RoundGlass_low007.prefab
  artifactKey: Guid(c0c3f0fd78b5d874db97e5bbf687a5a8) Importer(815301076,1909f56bfc062723c751e8b465ee728b)
Start importing Assets/World/Environment/Prefabs/Custom/asset set/RoundGlass_low007.prefab using Guid(c0c3f0fd78b5d874db97e5bbf687a5a8) Importer(815301076,1909f56bfc062723c751e8b465ee728b) (PreviewImporter) -> (artifact id: '9835ec3f3c59aac8ed640a0288157695') in 0.041494 seconds
Number of updated asset objects reloaded before import = 0Number of asset objects unloaded after import = 606

========================================================================
Received Import Request.
  Time since last request: 0.000028 seconds.
  path: Assets/World/Environment/Prefabs/Custom/asset set/WantedPoster010.prefab
  artifactKey: Guid(c304d11a6b1f481409ef4fb186669206) Importer(815301076,1909f56bfc062723c751e8b465ee728b)
Start importing Assets/World/Environment/Prefabs/Custom/asset set/WantedPoster010.prefab using Guid(c304d11a6b1f481409ef4fb186669206) Importer(815301076,1909f56bfc062723c751e8b465ee728b) (PreviewImporter) -> (artifact id: 'b843cb63cc913c44bd544f9520fe5ccc') in 0.0394071 seconds
Number of updated asset objects reloaded before import = 0Number of asset objects unloaded after import = 606

========================================================================
Received Import Request.
  Time since last request: 0.000039 seconds.
  path: Assets/World/Environment/Prefabs/Custom/asset set/Crate_low005.prefab
  artifactKey: Guid(42088531a9c25f545a604bfd96af842c) Importer(815301076,1909f56bfc062723c751e8b465ee728b)
Start importing Assets/World/Environment/Prefabs/Custom/asset set/Crate_low005.prefab using Guid(42088531a9c25f545a604bfd96af842c) Importer(815301076,1909f56bfc062723c751e8b465ee728b) (PreviewImporter) -> (artifact id: 'd717ed8a3fe6871384845c69735daf3f') in 0.0398765 seconds
Number of updated asset objects reloaded before import = 0Number of asset objects unloaded after import = 606

========================================================================
Received Import Request.
  Time since last request: 0.000028 seconds.
  path: Assets/World/Environment/Prefabs/Custom/asset set/AlcoholBottle008_low006.prefab
  artifactKey: Guid(51395d8034323cd499fcbc3f2ae64242) Importer(815301076,1909f56bfc062723c751e8b465ee728b)
Start importing Assets/World/Environment/Prefabs/Custom/asset set/AlcoholBottle008_low006.prefab using Guid(51395d8034323cd499fcbc3f2ae64242) Importer(815301076,1909f56bfc062723c751e8b465ee728b) (PreviewImporter) -> (artifact id: '02ba5157100f23198e1d6eae975c1874') in 0.0399716 seconds
Number of updated asset objects reloaded before import = 0Number of asset objects unloaded after import = 606

========================================================================
Received Import Request.
  Time since last request: 0.000035 seconds.
  path: Assets/World/Environment/Prefabs/Custom/asset set/Bar_low001.prefab
  artifactKey: Guid(e7a704fbc9fd34e41b4654099e0c6928) Importer(815301076,1909f56bfc062723c751e8b465ee728b)
Start importing Assets/World/Environment/Prefabs/Custom/asset set/Bar_low001.prefab using Guid(e7a704fbc9fd34e41b4654099e0c6928) Importer(815301076,1909f56bfc062723c751e8b465ee728b) (PreviewImporter) -> (artifact id: 'a56d9ba54cb11378402e7ad535a100a0') in 0.0452866 seconds
Number of updated asset objects reloaded before import = 0Number of asset objects unloaded after import = 606

========================================================================
Received Import Request.
  Time since last request: 4.226801 seconds.
  path: Assets/World/Environment/Prefabs/Custom/asset set/CandleHolderHandle_low001.prefab
  artifactKey: Guid(c07b936f574a1f8419a5cc576faab6f4) Importer(2089858483,b0f066a214c2f5e87bad3c948f4d605d)
Start importing Assets/World/Environment/Prefabs/Custom/asset set/CandleHolderHandle_low001.prefab using Guid(c07b936f574a1f8419a5cc576faab6f4) Importer(2089858483,b0f066a214c2f5e87bad3c948f4d605d) (ScriptedImporter) -> (artifact id: 'f302fe7eaa0727778f18a6c5f074cba8') in 0.012362 seconds
Number of updated asset objects reloaded before import = 0Number of asset objects unloaded after import = 8

========================================================================
Received Import Request.
  Time since last request: 0.000028 seconds.
  path: Assets/World/Environment/Prefabs/Custom/asset set/SheriffHat_low.prefab
  artifactKey: Guid(84b442dac94c467468c54d4a618a8d1f) Importer(2089858483,b0f066a214c2f5e87bad3c948f4d605d)
Start importing Assets/World/Environment/Prefabs/Custom/asset set/SheriffHat_low.prefab using Guid(84b442dac94c467468c54d4a618a8d1f) Importer(2089858483,b0f066a214c2f5e87bad3c948f4d605d) (ScriptedImporter) -> (artifact id: '06ed0de87e0b82a431d51aed292081cb') in 0.011902 seconds
Number of updated asset objects reloaded before import = 0Number of asset objects unloaded after import = 8

========================================================================
Received Import Request.
  Time since last request: 0.000031 seconds.
  path: Assets/World/Environment/Prefabs/Custom/asset set/OilLampHandle_low.prefab
  artifactKey: Guid(23b166e54f77d1f44baa638b0512d3f6) Importer(2089858483,b0f066a214c2f5e87bad3c948f4d605d)
Start importing Assets/World/Environment/Prefabs/Custom/asset set/OilLampHandle_low.prefab using Guid(23b166e54f77d1f44baa638b0512d3f6) Importer(2089858483,b0f066a214c2f5e87bad3c948f4d605d) (ScriptedImporter) -> (artifact id: 'b9a679ca12ac5cdec9340a8f187ef515') in 0.0114417 seconds
Number of updated asset objects reloaded before import = 0Number of asset objects unloaded after import = 8

========================================================================
Received Import Request.
  Time since last request: 0.000087 seconds.
  path: Assets/World/Environment/Prefabs/Custom/asset set/AlcoholBottle008_low001.prefab
  artifactKey: Guid(cf4809d0b8d4d4142a2158cda26f7b88) Importer(2089858483,b0f066a214c2f5e87bad3c948f4d605d)
Start importing Assets/World/Environment/Prefabs/Custom/asset set/AlcoholBottle008_low001.prefab using Guid(cf4809d0b8d4d4142a2158cda26f7b88) Importer(2089858483,b0f066a214c2f5e87bad3c948f4d605d) (ScriptedImporter) -> (artifact id: 'c531dc2db6bb370e229f8f799d3b1f51') in 0.0102353 seconds
Number of updated asset objects reloaded before import = 0Number of asset objects unloaded after import = 8

========================================================================
Received Import Request.
  Time since last request: 0.000028 seconds.
  path: Assets/World/Environment/Prefabs/Custom/asset set/ChairBackRest_low003.prefab
  artifactKey: Guid(5278de90b5b19a941a16fda5b001dba2) Importer(2089858483,b0f066a214c2f5e87bad3c948f4d605d)
Start importing Assets/World/Environment/Prefabs/Custom/asset set/ChairBackRest_low003.prefab using Guid(5278de90b5b19a941a16fda5b001dba2) Importer(2089858483,b0f066a214c2f5e87bad3c948f4d605d) (ScriptedImporter) -> (artifact id: 'a2f65d86db485eadf60a5220df202957') in 0.0110035 seconds
Number of updated asset objects reloaded before import = 0Number of asset objects unloaded after import = 8

========================================================================
Received Import Request.
  Time since last request: 0.000029 seconds.
  path: Assets/World/Environment/Prefabs/Custom/asset set/ChairBackRest_low005.prefab
  artifactKey: Guid(40c7b348de8500b4b92b8986235f0023) Importer(2089858483,b0f066a214c2f5e87bad3c948f4d605d)
Start importing Assets/World/Environment/Prefabs/Custom/asset set/ChairBackRest_low005.prefab using Guid(40c7b348de8500b4b92b8986235f0023) Importer(2089858483,b0f066a214c2f5e87bad3c948f4d605d) (ScriptedImporter) -> (artifact id: 'f00c0d7a75db843e72ea6889f8a1cdab') in 0.0096648 seconds
Number of updated asset objects reloaded before import = 0Number of asset objects unloaded after import = 8

========================================================================
Received Import Request.
  Time since last request: 0.000035 seconds.
  path: Assets/World/Environment/Prefabs/Custom/asset set/AlcoholBottle008_low003.prefab
  artifactKey: Guid(2cbeed05bcb942548b255ff8e0235a09) Importer(2089858483,b0f066a214c2f5e87bad3c948f4d605d)
Start importing Assets/World/Environment/Prefabs/Custom/asset set/AlcoholBottle008_low003.prefab using Guid(2cbeed05bcb942548b255ff8e0235a09) Importer(2089858483,b0f066a214c2f5e87bad3c948f4d605d) (ScriptedImporter) -> (artifact id: 'b78d87f465d33aacc99327848948eae8') in 0.0120556 seconds
Number of updated asset objects reloaded before import = 0Number of asset objects unloaded after import = 8

========================================================================
Received Import Request.
  Time since last request: 0.000038 seconds.
  path: Assets/World/Environment/Prefabs/Custom/asset set/AlcoholBottle008_low006.prefab
  artifactKey: Guid(51395d8034323cd499fcbc3f2ae64242) Importer(2089858483,b0f066a214c2f5e87bad3c948f4d605d)
Start importing Assets/World/Environment/Prefabs/Custom/asset set/AlcoholBottle008_low006.prefab using Guid(51395d8034323cd499fcbc3f2ae64242) Importer(2089858483,b0f066a214c2f5e87bad3c948f4d605d) (ScriptedImporter) -> (artifact id: 'ac0602007ee7a5bfc3353afc45e76bd2') in 0.0102464 seconds
Number of updated asset objects reloaded before import = 0Number of asset objects unloaded after import = 8

========================================================================
Received Import Request.
  Time since last request: 0.000030 seconds.
  path: Assets/World/Environment/Prefabs/Custom/asset set/WantedPoster011.prefab
  artifactKey: Guid(696647e6364af6341a55145163b90c52) Importer(2089858483,b0f066a214c2f5e87bad3c948f4d605d)
Start importing Assets/World/Environment/Prefabs/Custom/asset set/WantedPoster011.prefab using Guid(696647e6364af6341a55145163b90c52) Importer(2089858483,b0f066a214c2f5e87bad3c948f4d605d) (ScriptedImporter) -> (artifact id: '2cc20f1a168ba48be5620a1ceada5510') in 0.0115184 seconds
Number of updated asset objects reloaded before import = 0Number of asset objects unloaded after import = 8

========================================================================
Received Import Request.
  Time since last request: 0.000029 seconds.
  path: Assets/World/Environment/Prefabs/Custom/asset set/WhiskyGlass_low007.prefab
  artifactKey: Guid(e13ce46e36a34cd45a2dcf0afa34c91b) Importer(2089858483,b0f066a214c2f5e87bad3c948f4d605d)
Start importing Assets/World/Environment/Prefabs/Custom/asset set/WhiskyGlass_low007.prefab using Guid(e13ce46e36a34cd45a2dcf0afa34c91b) Importer(2089858483,b0f066a214c2f5e87bad3c948f4d605d) (ScriptedImporter) -> (artifact id: 'ae5db3dc846361356fda94945dba9042') in 0.0115147 seconds
Number of updated asset objects reloaded before import = 0Number of asset objects unloaded after import = 8

========================================================================
Received Import Request.
  Time since last request: 0.000032 seconds.
  path: Assets/World/Environment/Prefabs/Custom/asset set/Crate_low005.prefab
  artifactKey: Guid(42088531a9c25f545a604bfd96af842c) Importer(2089858483,b0f066a214c2f5e87bad3c948f4d605d)
Start importing Assets/World/Environment/Prefabs/Custom/asset set/Crate_low005.prefab using Guid(42088531a9c25f545a604bfd96af842c) Importer(2089858483,b0f066a214c2f5e87bad3c948f4d605d) (ScriptedImporter) -> (artifact id: '02a5790b0dc93307cdd49dec59fc07cf') in 0.010426 seconds
Number of updated asset objects reloaded before import = 0Number of asset objects unloaded after import = 8

========================================================================
Received Import Request.
  Time since last request: 0.000037 seconds.
  path: Assets/World/Environment/Prefabs/Custom/asset set/ChairLegs_low004.prefab
  artifactKey: Guid(e82dc85cae86fe941b4ab178bd0043fb) Importer(2089858483,b0f066a214c2f5e87bad3c948f4d605d)
Start importing Assets/World/Environment/Prefabs/Custom/asset set/ChairLegs_low004.prefab using Guid(e82dc85cae86fe941b4ab178bd0043fb) Importer(2089858483,b0f066a214c2f5e87bad3c948f4d605d) (ScriptedImporter) -> (artifact id: '43123c7ff5b0badf0f4f439f442c7c50') in 0.0114865 seconds
Number of updated asset objects reloaded before import = 0Number of asset objects unloaded after import = 8

========================================================================
Received Import Request.
  Time since last request: 0.000028 seconds.
  path: Assets/World/Environment/Prefabs/Custom/asset set/WantedBoard_low.prefab
  artifactKey: Guid(9602dbfea5ac52c48b568cd0ee9694e4) Importer(2089858483,b0f066a214c2f5e87bad3c948f4d605d)
Start importing Assets/World/Environment/Prefabs/Custom/asset set/WantedBoard_low.prefab using Guid(9602dbfea5ac52c48b568cd0ee9694e4) Importer(2089858483,b0f066a214c2f5e87bad3c948f4d605d) (ScriptedImporter) -> (artifact id: 'c196df5ae9f10d26a00b80ccdc85110b') in 0.0111885 seconds
Number of updated asset objects reloaded before import = 0Number of asset objects unloaded after import = 8

========================================================================
Received Import Request.
  Time since last request: 0.000024 seconds.
  path: Assets/World/Environment/Prefabs/Custom/asset set/ChairBackRest_low007.prefab
  artifactKey: Guid(1130d6d68ee24a04d88f35eb2f22b5c6) Importer(2089858483,b0f066a214c2f5e87bad3c948f4d605d)
Start importing Assets/World/Environment/Prefabs/Custom/asset set/ChairBackRest_low007.prefab using Guid(1130d6d68ee24a04d88f35eb2f22b5c6) Importer(2089858483,b0f066a214c2f5e87bad3c948f4d605d) (ScriptedImporter) -> (artifact id: '50697c575f98887676f17c3d3d3c9ee6') in 0.0107405 seconds
Number of updated asset objects reloaded before import = 0Number of asset objects unloaded after import = 8

========================================================================
Received Import Request.
  Time since last request: 0.000030 seconds.
  path: Assets/World/Environment/Prefabs/Custom/asset set/Shelf_low.prefab
  artifactKey: Guid(d2f61852f3f0f61469a7fdd8da4915e0) Importer(2089858483,b0f066a214c2f5e87bad3c948f4d605d)
Start importing Assets/World/Environment/Prefabs/Custom/asset set/Shelf_low.prefab using Guid(d2f61852f3f0f61469a7fdd8da4915e0) Importer(2089858483,b0f066a214c2f5e87bad3c948f4d605d) (ScriptedImporter) -> (artifact id: '4bb88228b1890e1a02b93007d94f1e06') in 0.0090797 seconds
Number of updated asset objects reloaded before import = 0Number of asset objects unloaded after import = 8

========================================================================
Received Import Request.
  Time since last request: 0.000041 seconds.
  path: Assets/World/Environment/Prefabs/Custom/asset set/Shelf_low001.prefab
  artifactKey: Guid(ada932f7b6996944896d54fdb0ea17d3) Importer(2089858483,b0f066a214c2f5e87bad3c948f4d605d)
Start importing Assets/World/Environment/Prefabs/Custom/asset set/Shelf_low001.prefab using Guid(ada932f7b6996944896d54fdb0ea17d3) Importer(2089858483,b0f066a214c2f5e87bad3c948f4d605d) (ScriptedImporter) -> (artifact id: 'f57026af132bdffdcd5127cb26aa5cc0') in 0.0107315 seconds
Number of updated asset objects reloaded before import = 0Number of asset objects unloaded after import = 8

========================================================================
Received Import Request.
  Time since last request: 0.000029 seconds.
  path: Assets/World/Environment/Prefabs/Custom/asset set/OilLamp_low.prefab
  artifactKey: Guid(c4af29fdf2758ba459fc42023468acc1) Importer(2089858483,b0f066a214c2f5e87bad3c948f4d605d)
Start importing Assets/World/Environment/Prefabs/Custom/asset set/OilLamp_low.prefab using Guid(c4af29fdf2758ba459fc42023468acc1) Importer(2089858483,b0f066a214c2f5e87bad3c948f4d605d) (ScriptedImporter) -> (artifact id: 'af2a8604420431e2bf636f248458919b') in 0.0085152 seconds
Number of updated asset objects reloaded before import = 0Number of asset objects unloaded after import = 8

========================================================================
Received Import Request.
  Time since last request: 0.000029 seconds.
  path: Assets/World/Environment/Prefabs/Custom/asset set/BarStool_low003.prefab
  artifactKey: Guid(fff75f2cf22b85043aca6a64382e5f63) Importer(2089858483,b0f066a214c2f5e87bad3c948f4d605d)
Start importing Assets/World/Environment/Prefabs/Custom/asset set/BarStool_low003.prefab using Guid(fff75f2cf22b85043aca6a64382e5f63) Importer(2089858483,b0f066a214c2f5e87bad3c948f4d605d) (ScriptedImporter) -> (artifact id: 'e4f6e909f0d3a45ef356814fc6d081c5') in 0.009874 seconds
Number of updated asset objects reloaded before import = 0Number of asset objects unloaded after import = 8

========================================================================
Received Import Request.
  Time since last request: 0.000026 seconds.
  path: Assets/World/Environment/Prefabs/Custom/asset set/ChairFeetRests_low001.prefab
  artifactKey: Guid(8826ca77a648765458ac311fffe8f715) Importer(2089858483,b0f066a214c2f5e87bad3c948f4d605d)
Start importing Assets/World/Environment/Prefabs/Custom/asset set/ChairFeetRests_low001.prefab using Guid(8826ca77a648765458ac311fffe8f715) Importer(2089858483,b0f066a214c2f5e87bad3c948f4d605d) (ScriptedImporter) -> (artifact id: '3cd73f0f454e8754161981138cc1875c') in 0.0093427 seconds
Number of updated asset objects reloaded before import = 0Number of asset objects unloaded after import = 8

========================================================================
Received Import Request.
  Time since last request: 0.000037 seconds.
  path: Assets/World/Environment/Prefabs/Custom/asset set/StandardTable_low001.prefab
  artifactKey: Guid(d98861f37d7effe489c47ac0830f90c0) Importer(2089858483,b0f066a214c2f5e87bad3c948f4d605d)
Start importing Assets/World/Environment/Prefabs/Custom/asset set/StandardTable_low001.prefab using Guid(d98861f37d7effe489c47ac0830f90c0) Importer(2089858483,b0f066a214c2f5e87bad3c948f4d605d) (ScriptedImporter) -> (artifact id: 'd9fb031b0e1a08c152e4b6510754694b') in 0.0090318 seconds
Number of updated asset objects reloaded before import = 0Number of asset objects unloaded after import = 8

========================================================================
Received Import Request.
  Time since last request: 0.000026 seconds.
  path: Assets/World/Environment/Prefabs/Custom/asset set/RoundGlass_low002.prefab
  artifactKey: Guid(11d51f8838e3d3f469b2630560ad8717) Importer(2089858483,b0f066a214c2f5e87bad3c948f4d605d)
Start importing Assets/World/Environment/Prefabs/Custom/asset set/RoundGlass_low002.prefab using Guid(11d51f8838e3d3f469b2630560ad8717) Importer(2089858483,b0f066a214c2f5e87bad3c948f4d605d) (ScriptedImporter) -> (artifact id: '85471632e0acd1835e8d3df81c1d287f') in 0.0110305 seconds
Number of updated asset objects reloaded before import = 0Number of asset objects unloaded after import = 8

========================================================================
Received Import Request.
  Time since last request: 0.000029 seconds.
  path: Assets/World/Environment/Prefabs/Custom/asset set/CandleHolderHandle_low.prefab
  artifactKey: Guid(d8a656e246d0a0a4abbe6d9ebe7712a8) Importer(2089858483,b0f066a214c2f5e87bad3c948f4d605d)
Start importing Assets/World/Environment/Prefabs/Custom/asset set/CandleHolderHandle_low.prefab using Guid(d8a656e246d0a0a4abbe6d9ebe7712a8) Importer(2089858483,b0f066a214c2f5e87bad3c948f4d605d) (ScriptedImporter) -> (artifact id: 'ee803621c15b1070c0e06f1ee63858e9') in 0.0107031 seconds
Number of updated asset objects reloaded before import = 0Number of asset objects unloaded after import = 8

========================================================================
Received Import Request.
  Time since last request: 0.423725 seconds.
  path: Assets/World/Environment/Prefabs/Custom/asset set/ChairSeat_low002.prefab
  artifactKey: Guid(a1e621e3c34d58c4e8ea37317070bf8c) Importer(2089858483,b0f066a214c2f5e87bad3c948f4d605d)
Start importing Assets/World/Environment/Prefabs/Custom/asset set/ChairSeat_low002.prefab using Guid(a1e621e3c34d58c4e8ea37317070bf8c) Importer(2089858483,b0f066a214c2f5e87bad3c948f4d605d) (ScriptedImporter) -> (artifact id: '59e8dd02b8dc0679ab777ce3a38f593c') in 0.0123014 seconds
Number of updated asset objects reloaded before import = 0Number of asset objects unloaded after import = 8

========================================================================
Received Import Request.
  Time since last request: 0.000024 seconds.
  path: Assets/World/Environment/Prefabs/Custom/asset set/WantedPoster1.prefab
  artifactKey: Guid(ec12ef2c1f934174eaea00265be132d2) Importer(2089858483,b0f066a214c2f5e87bad3c948f4d605d)
Start importing Assets/World/Environment/Prefabs/Custom/asset set/WantedPoster1.prefab using Guid(ec12ef2c1f934174eaea00265be132d2) Importer(2089858483,b0f066a214c2f5e87bad3c948f4d605d) (ScriptedImporter) -> (artifact id: '5d795781be0833e15aeeb34f21d17b84') in 0.0096902 seconds
Number of updated asset objects reloaded before import = 0Number of asset objects unloaded after import = 8

========================================================================
Received Import Request.
  Time since last request: 0.000025 seconds.
  path: Assets/World/Environment/Prefabs/Custom/asset set/ChairSeat_low005.prefab
  artifactKey: Guid(ca1d3710f2e3f21479d16398bb740368) Importer(2089858483,b0f066a214c2f5e87bad3c948f4d605d)
Start importing Assets/World/Environment/Prefabs/Custom/asset set/ChairSeat_low005.prefab using Guid(ca1d3710f2e3f21479d16398bb740368) Importer(2089858483,b0f066a214c2f5e87bad3c948f4d605d) (ScriptedImporter) -> (artifact id: '477be6d11f165db2fc34d4ff6a00f408') in 0.0106586 seconds
Number of updated asset objects reloaded before import = 0Number of asset objects unloaded after import = 8

========================================================================
Received Import Request.
  Time since last request: 0.000029 seconds.
  path: Assets/World/Environment/Prefabs/Custom/asset set/Moonshine004_low.prefab
  artifactKey: Guid(ef1bbe33610c6104d8096d10f329338e) Importer(2089858483,b0f066a214c2f5e87bad3c948f4d605d)
Start importing Assets/World/Environment/Prefabs/Custom/asset set/Moonshine004_low.prefab using Guid(ef1bbe33610c6104d8096d10f329338e) Importer(2089858483,b0f066a214c2f5e87bad3c948f4d605d) (ScriptedImporter) -> (artifact id: '6beacd15882b24b720dff5e5490cda63') in 0.0209932 seconds
Number of updated asset objects reloaded before import = 0Number of asset objects unloaded after import = 8

========================================================================
Received Import Request.
  Time since last request: 0.000038 seconds.
  path: Assets/World/Environment/Prefabs/Custom/asset set/ChairSeat_low006.prefab
  artifactKey: Guid(20ba73d0cc3d3314b9f059f8945ad623) Importer(2089858483,b0f066a214c2f5e87bad3c948f4d605d)
Start importing Assets/World/Environment/Prefabs/Custom/asset set/ChairSeat_low006.prefab using Guid(20ba73d0cc3d3314b9f059f8945ad623) Importer(2089858483,b0f066a214c2f5e87bad3c948f4d605d) (ScriptedImporter) -> (artifact id: 'dd72db0a6505163e21fa560dbb447cac') in 0.011954 seconds
Number of updated asset objects reloaded before import = 0Number of asset objects unloaded after import = 8

========================================================================
Received Import Request.
  Time since last request: 0.000025 seconds.
  path: Assets/World/Environment/Prefabs/Custom/asset set/WantedPoster3.prefab
  artifactKey: Guid(dcf3dede18adc164bb5709a468120a0b) Importer(2089858483,b0f066a214c2f5e87bad3c948f4d605d)
Start importing Assets/World/Environment/Prefabs/Custom/asset set/WantedPoster3.prefab using Guid(dcf3dede18adc164bb5709a468120a0b) Importer(2089858483,b0f066a214c2f5e87bad3c948f4d605d) (ScriptedImporter) -> (artifact id: '00f6b03837470c420ee3b470a8351c6b') in 0.0096649 seconds
Number of updated asset objects reloaded before import = 0Number of asset objects unloaded after import = 8

========================================================================
Received Import Request.
  Time since last request: 0.000030 seconds.
  path: Assets/World/Environment/Prefabs/Custom/asset set/WantedPoster012.prefab
  artifactKey: Guid(74618f53862c45d4683965474b28e0c6) Importer(2089858483,b0f066a214c2f5e87bad3c948f4d605d)
Start importing Assets/World/Environment/Prefabs/Custom/asset set/WantedPoster012.prefab using Guid(74618f53862c45d4683965474b28e0c6) Importer(2089858483,b0f066a214c2f5e87bad3c948f4d605d) (ScriptedImporter) -> (artifact id: 'd6de1d17869b98ff2c22974609e32dfc') in 0.0117152 seconds
Number of updated asset objects reloaded before import = 0Number of asset objects unloaded after import = 8

Editor requested this worker to shutdown with reason: Scaling down because of idle timeout
AssetImportWorkerClient::OnTransportError - code=2 error=End of file
AssetImportWorker is now disconnected from the server
Process exiting
Exiting without the bug reporter. Application will terminate with return code 0