[Licensing::Module] Trying to connect to existing licensing client channel...
[Licensing::IpcConnector] Successfully connected to: "LicenseClient-6R9Ys1I47hzb8zxPdOKrd" at "2026-04-05T16:50:28.2754651Z"
Built from '6000.3/staging' branch; Version is '6000.3.3f1 (ef04196de0d6) revision 15664153'; Using compiler version '194234433'; Build Type 'Release'
OS: 'Windows 10  (10.0.19045) 64bit Core' Language: 'en' Physical Memory: 16004 MB
BatchMode: 1, IsHumanControllingUs: 0, StartBugReporterOnCrash: 0, Is64bit: 1
Date: 2026-04-05T16:50:28Z
[Licensing::Client] Code 10 while verifying Licensing Client signature (process Id: 23960, path: "C:/Program Files/Unity Hub/UnityLicensingClient_V1/Unity.Licensing.Client.exe")
[Licensing::Module] LicensingClient has failed validation; ignoring
[Licensing::Client] Error: HandshakeResponse reported an error:
	ResponseCode: 505
	ResponseStatus: Unsupported protocol version '1.17.4'.
[Licensing::Module] Error: Failed to handshake to channel: "LicenseClient-6R9Ys1I47hzb8zxPdOKrd"
[Licensing::IpcConnector] LicenseClient-6R9Ys1I47hzb8zxPdOKrd channel disconnected successfully.
[Licensing::IpcConnector] Successfully connected to: "LicenseClient-Hopic-6000.3.3" at "2026-04-05T16:50:28.3388052Z"

COMMAND LINE ARGUMENTS:
C:\Program Files\Unity\Hub\Editor\6000.3.3f1\Editor\Unity.exe
-adb2
-batchMode
-noUpm
-name
AssetImportWorker25
-projectPath
E:/unity/maturitniprace/active/devGame
-logFile
Logs/AssetImportWorker25.log
-srvPort
60078
-licensingIpc
LicenseClient-6R9Ys1I47hzb8zxPdOKrd
-job-worker-count
7
-background-job-worker-count
8
-gc-helper-count
1
-name
AssetImport
Successfully changed project path to: E:/unity/maturitniprace/active/devGame
E:/unity/maturitniprace/active/devGame
[UnityMemory] Configuration Parameters - Can be set up in boot.config
    "memorysetup-temp-allocator-size-nav-mesh-worker=65536"
    "memorysetup-temp-allocator-size-audio-worker=65536"
    "memorysetup-temp-allocator-size-gfx=262144"
    "memorysetup-allocator-temp-initial-block-size-main=262144"
    "memorysetup-allocator-temp-initial-block-size-worker=262144"
    "memorysetup-temp-allocator-size-background-worker=32768"
    "memorysetup-temp-allocator-size-job-worker=262144"
    "memorysetup-temp-allocator-size-preload-manager=33554432"
    "memorysetup-temp-allocator-size-gi-baking-worker=262144"
    "memorysetup-temp-allocator-size-gi-baking-worker=262144"
    "memorysetup-temp-allocator-size-gi-baking-worker=262144"
    "memorysetup-temp-allocator-size-gi-baking-worker=262144"
    "memorysetup-temp-allocator-size-gi-baking-worker=262144"
    "memorysetup-bucket-allocator-granularity=16"
    "memorysetup-bucket-allocator-bucket-count=8"
    "memorysetup-bucket-allocator-block-size=33554432"
    "memorysetup-bucket-allocator-block-count=8"
    "memorysetup-main-allocator-block-size=16777216"
    "memorysetup-thread-allocator-block-size=16777216"
    "memorysetup-gfx-main-allocator-block-size=16777216"
    "memorysetup-gfx-thread-allocator-block-size=16777216"
    "memorysetup-cache-allocator-block-size=4194304"
    "memorysetup-typetree-allocator-block-size=2097152"
    "memorysetup-profiler-bucket-allocator-granularity=16"
    "memorysetup-profiler-bucket-allocator-bucket-count=8"
    "memorysetup-profiler-bucket-allocator-block-size=33554432"
    "memorysetup-profiler-bucket-allocator-block-count=8"
    "memorysetup-profiler-allocator-block-size=16777216"
    "memorysetup-profiler-editor-allocator-block-size=1048576"
    "memorysetup-temp-allocator-size-main=16777216"
    "memorysetup-job-temp-allocator-block-size=2097152"
    "memorysetup-job-temp-allocator-block-size-background=1048576"
    "memorysetup-job-temp-allocator-reduction-small-platforms=262144"
    "memorysetup-temp-allocator-size-cloud-worker=32768"
Player connection [35252]  Target information:

Player connection [35252]  * "[IP] 192.168.56.1 [Port] 0 [Flags] 2 [Guid] 2317007449 [EditorId] 2317007449 [Version] 1048832 [Id] WindowsEditor(7,DESKTOP-HOPICEKCZ) [Debug] 1 [PackageName] WindowsEditor [ProjectName] Editor" 

Player connection [35252]  * "[IP] 26.18.104.236 [Port] 0 [Flags] 2 [Guid] 2317007449 [EditorId] 2317007449 [Version] 1048832 [Id] WindowsEditor(7,DESKTOP-HOPICEKCZ) [Debug] 1 [PackageName] WindowsEditor [ProjectName] Editor" 

Player connection [35252]  * "[IP] 10.0.1.28 [Port] 0 [Flags] 2 [Guid] 2317007449 [EditorId] 2317007449 [Version] 1048832 [Id] WindowsEditor(7,DESKTOP-HOPICEKCZ) [Debug] 1 [PackageName] WindowsEditor [ProjectName] Editor" 

Player connection [35252] Host joined multi-casting on [225.0.0.222:54997]...
Player connection [35252] Host joined alternative multi-casting on [225.0.0.222:34997]...
JobSystem: Creating JobQueue using job-worker-count value 7
Input System module state changed to: Initialized.
[Physics::Module] Initialized fallback backend.
[Physics::Module] Id: 0xdecafbad
Library Redirect Path: Library/
[Physics::Module] Selected backend.
[Physics::Module] Name: PhysX
[Physics::Module] Id: 0xf2b8ea05
[Physics::Module] SDK Version: 4.1.2
[Physics::Module] Integration Version: 1.0.0
[Physics::Module] Threading Mode: Multi-Threaded
Refreshing native plugins compatible for Editor in 7.68 ms, found 2 plugins.
Preloading 0 native plugins for Editor in 0.00 ms.
Initialize engine version: 6000.3.3f1 (ef04196de0d6)
[Subsystems] Discovering subsystems at path C:/Program Files/Unity/Hub/Editor/6000.3.3f1/Editor/Data/Resources/UnitySubsystems
[Subsystems] Discovering subsystems at path E:/unity/maturitniprace/active/devGame/Assets
GfxDevice: creating device client; kGfxThreadingModeNonThreaded
Direct3D:
    Version:  Direct3D 11.0 [level 11.1]
    Renderer: NVIDIA GeForce RTX 3060 Laptop GPU (ID=0x2520)
    Vendor:   NVIDIA
    VRAM:     5994 MB
    Driver:   32.0.15.9597
Shader 'WFX/Transparent Diffuse': fallback shader 'Particles/Alpha Blended' not found
Shader 'WFX/Transparent Specular': fallback shader 'Particles/Alpha Blended' not found
Initialize mono
Mono path[0] = 'C:/Program Files/Unity/Hub/Editor/6000.3.3f1/Editor/Data/Managed'
Mono path[1] = 'C:/Program Files/Unity/Hub/Editor/6000.3.3f1/Editor/Data/MonoBleedingEdge/lib/mono/unityjit-win32'
Mono config path = 'C:/Program Files/Unity/Hub/Editor/6000.3.3f1/Editor/Data/MonoBleedingEdge/etc'
Using monoOptions --debugger-agent=transport=dt_socket,embedding=1,server=y,suspend=n,address=127.0.0.1:56932
Begin MonoManager ReloadAssembly
Registering precompiled unity dll's ...
Register platform support module: C:/Program Files/Unity/Hub/Editor/6000.3.3f1/Editor/Data/PlaybackEngines/WindowsStandaloneSupport/UnityEditor.WindowsStandalone.Extensions.dll
Registered in 0.004646 seconds.
- Loaded All Assemblies, in  0.555 seconds
Native extension for WindowsStandalone target not found
[Licensing::Client] Handshaking with LicensingClient:
  Version:                 1.17.4+4293ba1
  Session Id:              b9f652a049c84c40a43f5e74f95822ff
  Correlation Id:          d69630c652239c9637f78763fce1e0d2
  External correlation Id: 3035399464493681077
  Machine Id:              4VB2xDT1CV9zqVbIIZWsGa/FyKA=
[Licensing::Module] Successfully connected to LicensingClient on channel: "LicenseClient-Hopic-6000.3.3" (connect: 0.00s, validation: 0.02s, handshake: 1.52s)
[Licensing::IpcConnector] Successfully connected to: "LicenseClient-Hopic-6000.3.3-notifications" at "2026-04-05T16:50:29.8842287Z"
[Licensing::Module] Licensing Background thread has ended after 1.61s
Mono: successfully reloaded assembly
- Finished resetting the current domain, in  0.514 seconds
Domain Reload Profiling: 1063ms
	BeginReloadAssembly (200ms)
		ExecutionOrderSort (0ms)
		DisableScriptedObjects (0ms)
		BackupInstance (0ms)
		ReleaseScriptingObjects (0ms)
		CreateAndSetChildDomain (1ms)
	RebuildCommonClasses (45ms)
	RebuildNativeTypeToScriptingClass (19ms)
	initialDomainReloadingComplete (70ms)
	LoadAllAssembliesAndSetupDomain (215ms)
		LoadAssemblies (194ms)
		RebuildTransferFunctionScriptingTraits (0ms)
		AnalyzeDomain (212ms)
			TypeCache.Refresh (210ms)
				TypeCache.ScanAssembly (193ms)
			BuildScriptInfoCaches (0ms)
			ResolveRequiredComponents (1ms)
	FinalizeReload (514ms)
		ReleaseScriptCaches (0ms)
		RebuildScriptCaches (0ms)
		SetupLoadedEditorAssemblies (455ms)
			LogAssemblyErrors (0ms)
			InitializePlatformSupportModulesInManaged (64ms)
			SetLoadedEditorAssemblies (4ms)
			BeforeProcessingInitializeOnLoad (99ms)
			ProcessInitializeOnLoadAttributes (169ms)
			ProcessInitializeOnLoadMethodAttributes (118ms)
			AfterProcessingInitializeOnLoad (0ms)
			EditorAssembliesLoaded (0ms)
		ExecutionOrderSort2 (0ms)
		AwakeInstancesAfterBackupRestoration (0ms)
========================================================================
Worker process is ready to serve import requests
Import Worker Mode flag is 0x00
Begin MonoManager ReloadAssembly
[Licensing::Client] Successfully resolved entitlement details
[Licensing::Module] License group:
  Id: F4-W4H8-9NJQ-FYFT-38SD-XXXX
  Product: Unity Personal
  Type: ULF
  Expiration: Unlimited
[Licensing::Module] License group:
  Id: 7971629442671-UnityPersXXXX
  Product: Unity Personal
  Type: Assigned
  Expiration: Unlimited
Symbol file LoadedFromMemory is not a mono symbol file
- Loaded All Assemblies, in  2.773 seconds
Refreshing native plugins compatible for Editor in 6.64 ms, found 2 plugins.
Native extension for WindowsStandalone target not found
Package Manager log level set to [2]
[Package Manager] Failed to launch server process. Reason: Unity was launched with the -noUpm command-line argument
[Package Manager] Unable to send message (not connected to server process).
[Package Manager] Cannot connect to Unity Package Manager local server
[MODES] ModeService[none].Initialize
[MODES] ModeService[none].LoadModes
[MODES] Loading mode Default (0) for mode-current-id-devGame
Refreshing native plugins compatible for Editor in 6.60 ms, found 2 plugins.
Your project uses Compatibility Mode, which disables the render graph system. Compatibility Mode is deprecated. Migrate your ScriptableRenderPasses to the Render Graph API instead. After you migrate, go to Edit > Project Settings > Player and remove the URP_COMPATIBILITY_MODE define from the Scripting Define Symbols. If you don't remove the define, build time and build size are slightly increased.
UnityEngine.Debug:ExtractStackTraceNoAlloc (byte*,int,string)
UnityEngine.StackTraceUtility:ExtractStackTrace ()
UnityEngine.DebugLogHandler:Internal_Log (UnityEngine.LogType,UnityEngine.LogOption,string,UnityEngine.Object)
UnityEngine.DebugLogHandler:LogFormat (UnityEngine.LogType,UnityEngine.Object,string,object[])
UnityEngine.Logger:Log (UnityEngine.LogType,object)
UnityEngine.Debug:LogWarning (object)
UnityEngine.Rendering.Universal.WarnUsingNonRenderGraph:EmitConsoleWarning () (at ./Library/PackageCache/com.unity.render-pipelines.universal@f70afd0d2146/Runtime/Data/UniversalRenderPipelineAsset.cs:440)
System.Reflection.RuntimeMethodInfo:Invoke (object,System.Reflection.BindingFlags,System.Reflection.Binder,object[],System.Globalization.CultureInfo)
System.Reflection.MethodBase:Invoke (object,object[])
UnityEditor.EditorAssemblies:ProcessInitializeOnLoadMethodAttributes ()

(Filename: ./Library/PackageCache/com.unity.render-pipelines.universal@f70afd0d2146/Runtime/Data/UniversalRenderPipelineAsset.cs Line: 440)

Mono: successfully reloaded assembly
- Finished resetting the current domain, in  1.842 seconds
Domain Reload Profiling: 4607ms
	BeginReloadAssembly (211ms)
		ExecutionOrderSort (0ms)
		DisableScriptedObjects (7ms)
		BackupInstance (0ms)
		ReleaseScriptingObjects (0ms)
		CreateAndSetChildDomain (32ms)
	RebuildCommonClasses (43ms)
	RebuildNativeTypeToScriptingClass (17ms)
	initialDomainReloadingComplete (55ms)
	LoadAllAssembliesAndSetupDomain (2438ms)
		LoadAssemblies (2215ms)
		RebuildTransferFunctionScriptingTraits (0ms)
		AnalyzeDomain (341ms)
			TypeCache.Refresh (251ms)
				TypeCache.ScanAssembly (230ms)
			BuildScriptInfoCaches (73ms)
			ResolveRequiredComponents (12ms)
	FinalizeReload (1842ms)
		ReleaseScriptCaches (0ms)
		RebuildScriptCaches (0ms)
		SetupLoadedEditorAssemblies (968ms)
			LogAssemblyErrors (0ms)
			InitializePlatformSupportModulesInManaged (2ms)
			SetLoadedEditorAssemblies (4ms)
			BeforeProcessingInitializeOnLoad (168ms)
			ProcessInitializeOnLoadAttributes (522ms)
			ProcessInitializeOnLoadMethodAttributes (260ms)
			AfterProcessingInitializeOnLoad (12ms)
			EditorAssembliesLoaded (0ms)
		ExecutionOrderSort2 (0ms)
		AwakeInstancesAfterBackupRestoration (13ms)
Shader 'WFX/Transparent Diffuse': fallback shader 'Particles/Alpha Blended' not found
Shader 'WFX/Transparent Specular': fallback shader 'Particles/Alpha Blended' not found
Launched and connected shader compiler UnityShaderCompiler.exe after 0.04 seconds
Refreshing native plugins compatible for Editor in 6.82 ms, found 2 plugins.
Preloading 0 native plugins for Editor in 0.00 ms.
Unloading 17 Unused Serialized files (Serialized files now loaded: 0)
Unloading 6211 unused Assets / (4.3 MB). Loaded Objects now: 7055.
Memory consumption went from 263.6 MB to 259.3 MB.
Total: 13.723500 ms (FindLiveObjects: 0.790400 ms CreateObjectMapping: 0.380700 ms MarkObjects: 10.671600 ms  DeleteObjects: 1.879600 ms)

========================================================================
Received Import Request.
  Time since last request: 95039.384342 seconds.
  path: Assets/World/Environment/SketchfabUploadAllItems.fbx
  artifactKey: Guid(7aaa4266bebda3e49a37ed12261951bd) Importer(2089858483,b0f066a214c2f5e87bad3c948f4d605d)
Start importing Assets/World/Environment/SketchfabUploadAllItems.fbx using Guid(7aaa4266bebda3e49a37ed12261951bd) Importer(2089858483,b0f066a214c2f5e87bad3c948f4d605d) (ScriptedImporter) -> (artifact id: 'f0b6292248afc6169e6b3553f67619cd') in 0.2824849 seconds
Number of updated asset objects reloaded before import = 0Number of asset objects unloaded after import = 601

========================================================================
Received Import Request.
  Time since last request: 45.876789 seconds.
  path: Assets/World/Environment/SketchfabUploadAllItems.fbx
  artifactKey: Guid(7aaa4266bebda3e49a37ed12261951bd) Importer(2089858483,b0f066a214c2f5e87bad3c948f4d605d)
Start importing Assets/World/Environment/SketchfabUploadAllItems.fbx using Guid(7aaa4266bebda3e49a37ed12261951bd) Importer(2089858483,b0f066a214c2f5e87bad3c948f4d605d) (ScriptedImporter) -> (artifact id: 'dbbc0f0eed7e70a9b3838ff6bbf76b99') in 0.1130655 seconds
Number of updated asset objects reloaded before import = 0Number of asset objects unloaded after import = 601

========================================================================
Received Import Request.
  Time since last request: 23.891406 seconds.
  path: Assets/World/Environment/SketchfabUploadAllItems 1.fbx
  artifactKey: Guid(92572a9f182ad1f4faa48001e85b5515) Importer(2089858483,b0f066a214c2f5e87bad3c948f4d605d)
Start importing Assets/World/Environment/SketchfabUploadAllItems 1.fbx using Guid(92572a9f182ad1f4faa48001e85b5515) Importer(2089858483,b0f066a214c2f5e87bad3c948f4d605d) (ScriptedImporter) -> (artifact id: '57bb4d8512ea2e15d991716b1792c36f') in 0.1093015 seconds
Number of updated asset objects reloaded before import = 0Number of asset objects unloaded after import = 601

========================================================================
Received Import Request.
  Time since last request: 189.368926 seconds.
  path: Assets/World/Environment/Prefabs/Custom/asset set/AlcoholBottle008_low.prefab
  artifactKey: Guid(1954b7f435cc13341b4ad2628e1c097c) Importer(815301076,1909f56bfc062723c751e8b465ee728b)
Start importing Assets/World/Environment/Prefabs/Custom/asset set/AlcoholBottle008_low.prefab using Guid(1954b7f435cc13341b4ad2628e1c097c) Importer(815301076,1909f56bfc062723c751e8b465ee728b) (PreviewImporter)CommandBuffer: temporary render texture  not found while executing  (Copy source)
UnityEngine.Debug:ExtractStackTraceNoAlloc (byte*,int,string)
UnityEngine.StackTraceUtility:ExtractStackTrace ()
UnityEngine.Rendering.ScriptableRenderContext:Submit ()
UnityEngine.Rendering.Universal.UniversalRenderPipeline:RenderSingleCamera (UnityEngine.Rendering.ScriptableRenderContext,UnityEngine.Rendering.Universal.UniversalCameraData) (at ./Library/PackageCache/com.unity.render-pipelines.universal@f70afd0d2146/Runtime/UniversalRenderPipeline.cs:921)
UnityEngine.Rendering.Universal.UniversalRenderPipeline:RenderSingleCameraInternal (UnityEngine.Rendering.ScriptableRenderContext,UnityEngine.Camera,UnityEngine.Rendering.Universal.UniversalAdditionalCameraData&,bool) (at ./Library/PackageCache/com.unity.render-pipelines.universal@f70afd0d2146/Runtime/UniversalRenderPipeline.cs:720)
UnityEngine.Rendering.Universal.UniversalRenderPipeline:RenderSingleCameraInternal (UnityEngine.Rendering.ScriptableRenderContext,UnityEngine.Camera,bool) (at ./Library/PackageCache/com.unity.render-pipelines.universal@f70afd0d2146/Runtime/UniversalRenderPipeline.cs:695)
UnityEngine.Rendering.Universal.UniversalRenderPipeline:Render (UnityEngine.Rendering.ScriptableRenderContext,System.Collections.Generic.List`1<UnityEngine.Camera>) (at ./Library/PackageCache/com.unity.render-pipelines.universal@f70afd0d2146/Runtime/UniversalRenderPipeline.cs:512)
UnityEngine.Rendering.RenderPipeline:InternalRender (UnityEngine.Rendering.ScriptableRenderContext,System.Collections.Generic.List`1<UnityEngine.Camera>)
UnityEngine.Rendering.RenderPipelineManager:DoRenderLoop_Internal (UnityEngine.Rendering.RenderPipelineAsset,intptr,UnityEngine.Object,Unity.Collections.LowLevel.Unsafe.AtomicSafetyHandle)
UnityEngine.Camera:Render ()
UnityEditor.PreviewRenderUtility:Render (bool,bool)
UnityEditor.GameObjectInspector:DoRenderPreview (UnityEditor.GameObjectInspector/PreviewData)
UnityEditor.GameObjectInspector:RenderStaticPreview (string,UnityEngine.Object[],int,int)
UnityEditor.AssetPreviewUpdater:CreatePreview (UnityEngine.Object,UnityEngine.Object[],string,int,int)
UnityEditor.AssetPreviewUpdater:CreatePreviewForAsset (UnityEngine.Object,UnityEngine.Object[],string)

[./Library/PackageCache/com.unity.render-pipelines.universal@f70afd0d2146/Runtime/UniversalRenderPipeline.cs line 921]

CommandBuffer: temporary render texture  not found while executing  (Copy destination)
UnityEngine.Debug:ExtractStackTraceNoAlloc (byte*,int,string)
UnityEngine.StackTraceUtility:ExtractStackTrace ()
UnityEngine.Rendering.ScriptableRenderContext:Submit ()
UnityEngine.Rendering.Universal.UniversalRenderPipeline:RenderSingleCamera (UnityEngine.Rendering.ScriptableRenderContext,UnityEngine.Rendering.Universal.UniversalCameraData) (at ./Library/PackageCache/com.unity.render-pipelines.universal@f70afd0d2146/Runtime/UniversalRenderPipeline.cs:921)
UnityEngine.Rendering.Universal.UniversalRenderPipeline:RenderSingleCameraInternal (UnityEngine.Rendering.ScriptableRenderContext,UnityEngine.Camera,UnityEngine.Rendering.Universal.UniversalAdditionalCameraData&,bool) (at ./Library/PackageCache/com.unity.render-pipelines.universal@f70afd0d2146/Runtime/UniversalRenderPipeline.cs:720)
UnityEngine.Rendering.Universal.UniversalRenderPipeline:RenderSingleCameraInternal (UnityEngine.Rendering.ScriptableRenderContext,UnityEngine.Camera,bool) (at ./Library/PackageCache/com.unity.render-pipelines.universal@f70afd0d2146/Runtime/UniversalRenderPipeline.cs:695)
UnityEngine.Rendering.Universal.UniversalRenderPipeline:Render (UnityEngine.Rendering.ScriptableRenderContext,System.Collections.Generic.List`1<UnityEngine.Camera>) (at ./Library/PackageCache/com.unity.render-pipelines.universal@f70afd0d2146/Runtime/UniversalRenderPipeline.cs:512)
UnityEngine.Rendering.RenderPipeline:InternalRender (UnityEngine.Rendering.ScriptableRenderContext,System.Collections.Generic.List`1<UnityEngine.Camera>)
UnityEngine.Rendering.RenderPipelineManager:DoRenderLoop_Internal (UnityEngine.Rendering.RenderPipelineAsset,intptr,UnityEngine.Object,Unity.Collections.LowLevel.Unsafe.AtomicSafetyHandle)
UnityEngine.Camera:Render ()
UnityEditor.PreviewRenderUtility:Render (bool,bool)
UnityEditor.GameObjectInspector:DoRenderPreview (UnityEditor.GameObjectInspector/PreviewData)
UnityEditor.GameObjectInspector:RenderStaticPreview (string,UnityEngine.Object[],int,int)
UnityEditor.AssetPreviewUpdater:CreatePreview (UnityEngine.Object,UnityEngine.Object[],string,int,int)
UnityEditor.AssetPreviewUpdater:CreatePreviewForAsset (UnityEngine.Object,UnityEngine.Object[],string)

[./Library/PackageCache/com.unity.render-pipelines.universal@f70afd0d2146/Runtime/UniversalRenderPipeline.cs line 921]

 -> (artifact id: '70b77ffd8770f2e4bceab4ab252e1470') in 2.2552098 seconds
Number of updated asset objects reloaded before import = 0Number of asset objects unloaded after import = 606

========================================================================
Received Import Request.
  Time since last request: 0.000036 seconds.
  path: Assets/World/Environment/Prefabs/Custom/asset set/ChairBackRest_low.prefab
  artifactKey: Guid(e66af02f1065dc843a9204ede16a85d0) Importer(815301076,1909f56bfc062723c751e8b465ee728b)
Start importing Assets/World/Environment/Prefabs/Custom/asset set/ChairBackRest_low.prefab using Guid(e66af02f1065dc843a9204ede16a85d0) Importer(815301076,1909f56bfc062723c751e8b465ee728b) (PreviewImporter) -> (artifact id: 'f3f07afa48e76b40a8864faad0b3d1b9') in 0.0558892 seconds
Number of updated asset objects reloaded before import = 0Number of asset objects unloaded after import = 606

========================================================================
Received Import Request.
  Time since last request: 0.000045 seconds.
  path: Assets/World/Environment/Prefabs/Custom/asset set/OilLampBot_low.prefab
  artifactKey: Guid(c1fd5ac4c0cdaf8438198303823718b9) Importer(815301076,1909f56bfc062723c751e8b465ee728b)
Start importing Assets/World/Environment/Prefabs/Custom/asset set/OilLampBot_low.prefab using Guid(c1fd5ac4c0cdaf8438198303823718b9) Importer(815301076,1909f56bfc062723c751e8b465ee728b) (PreviewImporter) -> (artifact id: '4329a9d3ea7a3e8eb457d677af7d9e36') in 0.0486228 seconds
Number of updated asset objects reloaded before import = 0Number of asset objects unloaded after import = 606

========================================================================
Received Import Request.
  Time since last request: 0.000029 seconds.
  path: Assets/World/Environment/Prefabs/Custom/asset set/WhiskyGlass_low001.prefab
  artifactKey: Guid(8b00f8bac4866b148baaeffb07e8feb2) Importer(2089858483,b0f066a214c2f5e87bad3c948f4d605d)
Start importing Assets/World/Environment/Prefabs/Custom/asset set/WhiskyGlass_low001.prefab using Guid(8b00f8bac4866b148baaeffb07e8feb2) Importer(2089858483,b0f066a214c2f5e87bad3c948f4d605d) (ScriptedImporter) -> (artifact id: '6fc824a7416fe4a2919be95d716173b1') in 0.0672853 seconds
Number of updated asset objects reloaded before import = 0Number of asset objects unloaded after import = 8

========================================================================
Received Import Request.
  Time since last request: 0.000036 seconds.
  path: Assets/World/Environment/Prefabs/Custom/asset set/CandleHolder_low.prefab
  artifactKey: Guid(873b285bf76815d41971384ecdfd095c) Importer(815301076,1909f56bfc062723c751e8b465ee728b)
Start importing Assets/World/Environment/Prefabs/Custom/asset set/CandleHolder_low.prefab using Guid(873b285bf76815d41971384ecdfd095c) Importer(815301076,1909f56bfc062723c751e8b465ee728b) (PreviewImporter) -> (artifact id: '3a8289e0db4b89a8d99eb601edf1e17f') in 0.0393505 seconds
Number of updated asset objects reloaded before import = 0Number of asset objects unloaded after import = 606

========================================================================
Received Import Request.
  Time since last request: 0.000040 seconds.
  path: Assets/World/Environment/Prefabs/Custom/asset set/Moonshine004_low.prefab
  artifactKey: Guid(ef1bbe33610c6104d8096d10f329338e) Importer(2089858483,b0f066a214c2f5e87bad3c948f4d605d)
Start importing Assets/World/Environment/Prefabs/Custom/asset set/Moonshine004_low.prefab using Guid(ef1bbe33610c6104d8096d10f329338e) Importer(2089858483,b0f066a214c2f5e87bad3c948f4d605d) (ScriptedImporter) -> (artifact id: '819b8330c47b8d165457a500350eee53') in 0.0088455 seconds
Number of updated asset objects reloaded before import = 0Number of asset objects unloaded after import = 8

========================================================================
Received Import Request.
  Time since last request: 0.000028 seconds.
  path: Assets/World/Environment/Prefabs/Custom/asset set/WantedPoster010.prefab
  artifactKey: Guid(c304d11a6b1f481409ef4fb186669206) Importer(2089858483,b0f066a214c2f5e87bad3c948f4d605d)
Start importing Assets/World/Environment/Prefabs/Custom/asset set/WantedPoster010.prefab using Guid(c304d11a6b1f481409ef4fb186669206) Importer(2089858483,b0f066a214c2f5e87bad3c948f4d605d) (ScriptedImporter) -> (artifact id: '13e772730b8c55e5c564ed52bcd75227') in 0.0081596 seconds
Number of updated asset objects reloaded before import = 0Number of asset objects unloaded after import = 8

========================================================================
Received Import Request.
  Time since last request: 0.000033 seconds.
  path: Assets/World/Environment/Prefabs/Custom/asset set/RoundGlass_low003.prefab
  artifactKey: Guid(40247f25390608840992d2857954a4fe) Importer(2089858483,b0f066a214c2f5e87bad3c948f4d605d)
Start importing Assets/World/Environment/Prefabs/Custom/asset set/RoundGlass_low003.prefab using Guid(40247f25390608840992d2857954a4fe) Importer(2089858483,b0f066a214c2f5e87bad3c948f4d605d) (ScriptedImporter) -> (artifact id: '2c7d37aa783a006ca24e37a5e1291874') in 0.0080983 seconds
Number of updated asset objects reloaded before import = 0Number of asset objects unloaded after import = 8

========================================================================
Received Import Request.
  Time since last request: 0.000034 seconds.
  path: Assets/World/Environment/Prefabs/Custom/asset set/ChairFeetRests_low005.prefab
  artifactKey: Guid(caa0b007cae4c314288dc4b8bca1b8b1) Importer(815301076,1909f56bfc062723c751e8b465ee728b)
Start importing Assets/World/Environment/Prefabs/Custom/asset set/ChairFeetRests_low005.prefab using Guid(caa0b007cae4c314288dc4b8bca1b8b1) Importer(815301076,1909f56bfc062723c751e8b465ee728b) (PreviewImporter) -> (artifact id: 'af4febb4bf908e5cfea028cedbe1856a') in 0.0867051 seconds
Number of updated asset objects reloaded before import = 0Number of asset objects unloaded after import = 606

========================================================================
Received Import Request.
  Time since last request: 0.000042 seconds.
  path: Assets/World/Environment/Prefabs/Custom/asset set/SheriffBadgePin_low.prefab
  artifactKey: Guid(7b7139ea6350ad4409c4f33bab540c59) Importer(2089858483,b0f066a214c2f5e87bad3c948f4d605d)
Start importing Assets/World/Environment/Prefabs/Custom/asset set/SheriffBadgePin_low.prefab using Guid(7b7139ea6350ad4409c4f33bab540c59) Importer(2089858483,b0f066a214c2f5e87bad3c948f4d605d) (ScriptedImporter) -> (artifact id: 'ac3fb70b0c6456865af747a50d222a71') in 0.2500284 seconds
Number of updated asset objects reloaded before import = 0Number of asset objects unloaded after import = 8

========================================================================
Received Import Request.
  Time since last request: 0.000030 seconds.
  path: Assets/World/Environment/Prefabs/Custom/asset set/ChairLegs_low008.prefab
  artifactKey: Guid(c89c239f1f14af84fac412919919ff60) Importer(815301076,1909f56bfc062723c751e8b465ee728b)
Start importing Assets/World/Environment/Prefabs/Custom/asset set/ChairLegs_low008.prefab using Guid(c89c239f1f14af84fac412919919ff60) Importer(815301076,1909f56bfc062723c751e8b465ee728b) (PreviewImporter) -> (artifact id: 'feabf37088acacfdf4bc2224eadbd122') in 0.0274701 seconds
Number of updated asset objects reloaded before import = 0Number of asset objects unloaded after import = 606

========================================================================
Received Import Request.
  Time since last request: 0.000033 seconds.
  path: Assets/World/Environment/Prefabs/Custom/asset set/WantedPoster3.prefab
  artifactKey: Guid(dcf3dede18adc164bb5709a468120a0b) Importer(2089858483,b0f066a214c2f5e87bad3c948f4d605d)
Start importing Assets/World/Environment/Prefabs/Custom/asset set/WantedPoster3.prefab using Guid(dcf3dede18adc164bb5709a468120a0b) Importer(2089858483,b0f066a214c2f5e87bad3c948f4d605d) (ScriptedImporter) -> (artifact id: 'e2872bce8c407770eb51bea58ab142bf') in 0.1110416 seconds
Number of updated asset objects reloaded before import = 0Number of asset objects unloaded after import = 8

========================================================================
Received Import Request.
  Time since last request: 0.000024 seconds.
  path: Assets/World/Environment/Prefabs/Custom/asset set/ChairFeetRests_low007.prefab
  artifactKey: Guid(fc8d6da92c12d044597fee6750ea315b) Importer(815301076,1909f56bfc062723c751e8b465ee728b)
Start importing Assets/World/Environment/Prefabs/Custom/asset set/ChairFeetRests_low007.prefab using Guid(fc8d6da92c12d044597fee6750ea315b) Importer(815301076,1909f56bfc062723c751e8b465ee728b) (PreviewImporter) -> (artifact id: 'b31065e970501bd6851d17812aaab2d5') in 0.0307063 seconds
Number of updated asset objects reloaded before import = 0Number of asset objects unloaded after import = 606

========================================================================
Received Import Request.
  Time since last request: 0.000035 seconds.
  path: Assets/World/Environment/Prefabs/Custom/asset set/Crate_low004.prefab
  artifactKey: Guid(73f8976b50e70824c95041eefa5dcc49) Importer(2089858483,b0f066a214c2f5e87bad3c948f4d605d)
Start importing Assets/World/Environment/Prefabs/Custom/asset set/Crate_low004.prefab using Guid(73f8976b50e70824c95041eefa5dcc49) Importer(2089858483,b0f066a214c2f5e87bad3c948f4d605d) (ScriptedImporter) -> (artifact id: '1e9201770ffdf72f8ba068fb89fc712c') in 0.1795382 seconds
Number of updated asset objects reloaded before import = 0Number of asset objects unloaded after import = 8

========================================================================
Received Import Request.
  Time since last request: 0.000038 seconds.
  path: Assets/World/Environment/Prefabs/Custom/asset set/BarStool_low004.prefab
  artifactKey: Guid(b4ea61a4eb466554ba3f429225b6a4ac) Importer(815301076,1909f56bfc062723c751e8b465ee728b)
Start importing Assets/World/Environment/Prefabs/Custom/asset set/BarStool_low004.prefab using Guid(b4ea61a4eb466554ba3f429225b6a4ac) Importer(815301076,1909f56bfc062723c751e8b465ee728b) (PreviewImporter) -> (artifact id: '63f067e32cccd77ad7e51cfe9c197d60') in 0.0424958 seconds
Number of updated asset objects reloaded before import = 0Number of asset objects unloaded after import = 606

========================================================================
Received Import Request.
  Time since last request: 0.000046 seconds.
  path: Assets/World/Environment/Prefabs/Custom/asset set/AlcoholBottle008_low003.prefab
  artifactKey: Guid(2cbeed05bcb942548b255ff8e0235a09) Importer(815301076,1909f56bfc062723c751e8b465ee728b)
Start importing Assets/World/Environment/Prefabs/Custom/asset set/AlcoholBottle008_low003.prefab using Guid(2cbeed05bcb942548b255ff8e0235a09) Importer(815301076,1909f56bfc062723c751e8b465ee728b) (PreviewImporter) -> (artifact id: '10156b6d4bdb0a5cb0e696ae41ffb6df') in 0.0373501 seconds
Number of updated asset objects reloaded before import = 0Number of asset objects unloaded after import = 606

========================================================================
Received Import Request.
  Time since last request: 0.000027 seconds.
  path: Assets/World/Environment/Prefabs/Custom/asset set/SheriffHat_low001.prefab
  artifactKey: Guid(f2dca69605737fd43bee4763d7b7ace3) Importer(2089858483,b0f066a214c2f5e87bad3c948f4d605d)
Start importing Assets/World/Environment/Prefabs/Custom/asset set/SheriffHat_low001.prefab using Guid(f2dca69605737fd43bee4763d7b7ace3) Importer(2089858483,b0f066a214c2f5e87bad3c948f4d605d) (ScriptedImporter) -> (artifact id: '70a854dc2f205001b0b84f1e4723f939') in 0.008536 seconds
Number of updated asset objects reloaded before import = 0Number of asset objects unloaded after import = 8

========================================================================
Received Import Request.
  Time since last request: 0.000048 seconds.
  path: Assets/World/Environment/Prefabs/Custom/asset set/ChairSeat_low004.prefab
  artifactKey: Guid(89b841070043c9646b173e891860671a) Importer(2089858483,b0f066a214c2f5e87bad3c948f4d605d)
Start importing Assets/World/Environment/Prefabs/Custom/asset set/ChairSeat_low004.prefab using Guid(89b841070043c9646b173e891860671a) Importer(2089858483,b0f066a214c2f5e87bad3c948f4d605d) (ScriptedImporter) -> (artifact id: '8c3df3b11eba75f2ac944093fff62be1') in 0.0081599 seconds
Number of updated asset objects reloaded before import = 0Number of asset objects unloaded after import = 8

========================================================================
Received Import Request.
  Time since last request: 0.000026 seconds.
  path: Assets/World/Environment/Prefabs/Custom/asset set/AlcoholBottle008_low005.prefab
  artifactKey: Guid(ed5a6088a4144b640b436eb736734337) Importer(2089858483,b0f066a214c2f5e87bad3c948f4d605d)
Start importing Assets/World/Environment/Prefabs/Custom/asset set/AlcoholBottle008_low005.prefab using Guid(ed5a6088a4144b640b436eb736734337) Importer(2089858483,b0f066a214c2f5e87bad3c948f4d605d) (ScriptedImporter) -> (artifact id: '4ad3ba601d165ecfd37845a842454043') in 0.009801 seconds
Number of updated asset objects reloaded before import = 0Number of asset objects unloaded after import = 8

========================================================================
Received Import Request.
  Time since last request: 0.000028 seconds.
  path: Assets/World/Environment/Prefabs/Custom/asset set/ChairSeat_low006.prefab
  artifactKey: Guid(20ba73d0cc3d3314b9f059f8945ad623) Importer(815301076,1909f56bfc062723c751e8b465ee728b)
Start importing Assets/World/Environment/Prefabs/Custom/asset set/ChairSeat_low006.prefab using Guid(20ba73d0cc3d3314b9f059f8945ad623) Importer(815301076,1909f56bfc062723c751e8b465ee728b) (PreviewImporter) -> (artifact id: 'd2d67a8f50684968a0c2f921d2a99c02') in 0.0377483 seconds
Number of updated asset objects reloaded before import = 0Number of asset objects unloaded after import = 606

========================================================================
Received Import Request.
  Time since last request: 0.000034 seconds.
  path: Assets/World/Environment/Prefabs/Custom/asset set/OilLampBot_low.prefab
  artifactKey: Guid(c1fd5ac4c0cdaf8438198303823718b9) Importer(2089858483,b0f066a214c2f5e87bad3c948f4d605d)
Start importing Assets/World/Environment/Prefabs/Custom/asset set/OilLampBot_low.prefab using Guid(c1fd5ac4c0cdaf8438198303823718b9) Importer(2089858483,b0f066a214c2f5e87bad3c948f4d605d) (ScriptedImporter) -> (artifact id: '270b00436f1a26e47b74cb8a42ef5bd6') in 0.0090732 seconds
Number of updated asset objects reloaded before import = 0Number of asset objects unloaded after import = 8

========================================================================
Received Import Request.
  Time since last request: 0.000043 seconds.
  path: Assets/World/Environment/Prefabs/Custom/asset set/ChairBackRest_low008.prefab
  artifactKey: Guid(1a9c6a8efba6aca4eb4b197a47b5aeca) Importer(815301076,1909f56bfc062723c751e8b465ee728b)
Start importing Assets/World/Environment/Prefabs/Custom/asset set/ChairBackRest_low008.prefab using Guid(1a9c6a8efba6aca4eb4b197a47b5aeca) Importer(815301076,1909f56bfc062723c751e8b465ee728b) (PreviewImporter) -> (artifact id: '9b823cb2c3700e7e2d5a906b4eeb8cb2') in 0.0392861 seconds
Number of updated asset objects reloaded before import = 0Number of asset objects unloaded after import = 606

========================================================================
Received Import Request.
  Time since last request: 0.000028 seconds.
  path: Assets/World/Environment/Prefabs/Custom/asset set/RoundGlass_low003.prefab
  artifactKey: Guid(40247f25390608840992d2857954a4fe) Importer(815301076,1909f56bfc062723c751e8b465ee728b)
Start importing Assets/World/Environment/Prefabs/Custom/asset set/RoundGlass_low003.prefab using Guid(40247f25390608840992d2857954a4fe) Importer(815301076,1909f56bfc062723c751e8b465ee728b) (PreviewImporter) -> (artifact id: 'c751fd441299f4ec2762409789598607') in 0.0393014 seconds
Number of updated asset objects reloaded before import = 0Number of asset objects unloaded after import = 606

========================================================================
Received Import Request.
  Time since last request: 0.000039 seconds.
  path: Assets/World/Environment/Prefabs/Custom/asset set/ChairFeetRests_low.prefab
  artifactKey: Guid(a0b6eaa77a7e7184bbd5eaf204d2e753) Importer(2089858483,b0f066a214c2f5e87bad3c948f4d605d)
Start importing Assets/World/Environment/Prefabs/Custom/asset set/ChairFeetRests_low.prefab using Guid(a0b6eaa77a7e7184bbd5eaf204d2e753) Importer(2089858483,b0f066a214c2f5e87bad3c948f4d605d) (ScriptedImporter) -> (artifact id: 'de88c80be1caf39617425d46bd9bd035') in 0.0087717 seconds
Number of updated asset objects reloaded before import = 0Number of asset objects unloaded after import = 8

========================================================================
Received Import Request.
  Time since last request: 0.000043 seconds.
  path: Assets/World/Environment/Prefabs/Custom/asset set/WantedPoster012.prefab
  artifactKey: Guid(74618f53862c45d4683965474b28e0c6) Importer(2089858483,b0f066a214c2f5e87bad3c948f4d605d)
Start importing Assets/World/Environment/Prefabs/Custom/asset set/WantedPoster012.prefab using Guid(74618f53862c45d4683965474b28e0c6) Importer(2089858483,b0f066a214c2f5e87bad3c948f4d605d) (ScriptedImporter) -> (artifact id: '929e3e820b7858f1b7935417d3d808fc') in 0.0096908 seconds
Number of updated asset objects reloaded before import = 0Number of asset objects unloaded after import = 8

========================================================================
Received Import Request.
  Time since last request: 0.000024 seconds.
  path: Assets/World/Environment/Prefabs/Custom/asset set/ChairLegs_low001.prefab
  artifactKey: Guid(a894b7bc0a08b3b41a711cecbb569a74) Importer(2089858483,b0f066a214c2f5e87bad3c948f4d605d)
Start importing Assets/World/Environment/Prefabs/Custom/asset set/ChairLegs_low001.prefab using Guid(a894b7bc0a08b3b41a711cecbb569a74) Importer(2089858483,b0f066a214c2f5e87bad3c948f4d605d) (ScriptedImporter) -> (artifact id: 'b6481a9715a19abd11b3bc98e8ffd033') in 0.0091225 seconds
Number of updated asset objects reloaded before import = 0Number of asset objects unloaded after import = 8

========================================================================
Received Import Request.
  Time since last request: 0.000038 seconds.
  path: Assets/World/Environment/Prefabs/Custom/asset set/ChairBackRest_low007.prefab
  artifactKey: Guid(1130d6d68ee24a04d88f35eb2f22b5c6) Importer(815301076,1909f56bfc062723c751e8b465ee728b)
Start importing Assets/World/Environment/Prefabs/Custom/asset set/ChairBackRest_low007.prefab using Guid(1130d6d68ee24a04d88f35eb2f22b5c6) Importer(815301076,1909f56bfc062723c751e8b465ee728b) (PreviewImporter) -> (artifact id: 'f07b405b22ba0859051dde141a6509ae') in 0.0415536 seconds
Number of updated asset objects reloaded before import = 0Number of asset objects unloaded after import = 606

========================================================================
Received Import Request.
  Time since last request: 0.000043 seconds.
  path: Assets/World/Environment/Prefabs/Custom/asset set/ChairLegs_low.prefab
  artifactKey: Guid(f86fc3cb8e6fa244898992f5e0cb1f85) Importer(815301076,1909f56bfc062723c751e8b465ee728b)
Start importing Assets/World/Environment/Prefabs/Custom/asset set/ChairLegs_low.prefab using Guid(f86fc3cb8e6fa244898992f5e0cb1f85) Importer(815301076,1909f56bfc062723c751e8b465ee728b) (PreviewImporter) -> (artifact id: '36ee02e96f9721ce954051d9e137c378') in 0.0348695 seconds
Number of updated asset objects reloaded before import = 0Number of asset objects unloaded after import = 606

========================================================================
Received Import Request.
  Time since last request: 0.000048 seconds.
  path: Assets/World/Environment/Prefabs/Custom/asset set/ChairSeat_low002.prefab
  artifactKey: Guid(a1e621e3c34d58c4e8ea37317070bf8c) Importer(2089858483,b0f066a214c2f5e87bad3c948f4d605d)
Start importing Assets/World/Environment/Prefabs/Custom/asset set/ChairSeat_low002.prefab using Guid(a1e621e3c34d58c4e8ea37317070bf8c) Importer(2089858483,b0f066a214c2f5e87bad3c948f4d605d) (ScriptedImporter) -> (artifact id: '1c7fbcaa573356d320c5b5f9fa87717f') in 0.0093224 seconds
Number of updated asset objects reloaded before import = 0Number of asset objects unloaded after import = 8

========================================================================
Received Import Request.
  Time since last request: 0.000027 seconds.
  path: Assets/World/Environment/Prefabs/Custom/asset set/Crate_low002.prefab
  artifactKey: Guid(02d97d2e44330db4c901c79eeec9323f) Importer(2089858483,b0f066a214c2f5e87bad3c948f4d605d)
Start importing Assets/World/Environment/Prefabs/Custom/asset set/Crate_low002.prefab using Guid(02d97d2e44330db4c901c79eeec9323f) Importer(2089858483,b0f066a214c2f5e87bad3c948f4d605d) (ScriptedImporter) -> (artifact id: '2e8e8e118f8743754bb0183e58357386') in 0.1351461 seconds
Number of updated asset objects reloaded before import = 0Number of asset objects unloaded after import = 8

========================================================================
Received Import Request.
  Time since last request: 0.000029 seconds.
  path: Assets/World/Environment/Prefabs/Custom/asset set/AlcoholBottle008_low001.prefab
  artifactKey: Guid(cf4809d0b8d4d4142a2158cda26f7b88) Importer(2089858483,b0f066a214c2f5e87bad3c948f4d605d)
Start importing Assets/World/Environment/Prefabs/Custom/asset set/AlcoholBottle008_low001.prefab using Guid(cf4809d0b8d4d4142a2158cda26f7b88) Importer(2089858483,b0f066a214c2f5e87bad3c948f4d605d) (ScriptedImporter) -> (artifact id: '681e97b1e9fba3016484cd316b7e7cad') in 0.0106689 seconds
Number of updated asset objects reloaded before import = 0Number of asset objects unloaded after import = 8

========================================================================
Received Import Request.
  Time since last request: 0.000034 seconds.
  path: Assets/World/Environment/Prefabs/Custom/asset set/ChairBackRest_low001.prefab
  artifactKey: Guid(606b56f2d1e1534448c9edefb426cfa7) Importer(2089858483,b0f066a214c2f5e87bad3c948f4d605d)
Start importing Assets/World/Environment/Prefabs/Custom/asset set/ChairBackRest_low001.prefab using Guid(606b56f2d1e1534448c9edefb426cfa7) Importer(2089858483,b0f066a214c2f5e87bad3c948f4d605d) (ScriptedImporter) -> (artifact id: 'c04648493f551c5f1b99e2ad6802a310') in 0.0075926 seconds
Number of updated asset objects reloaded before import = 0Number of asset objects unloaded after import = 8

========================================================================
Received Import Request.
  Time since last request: 0.000032 seconds.
  path: Assets/World/Environment/Prefabs/Custom/asset set/PokerTable_low.prefab
  artifactKey: Guid(6e89caf0b94582344b8250f3d1c07913) Importer(815301076,1909f56bfc062723c751e8b465ee728b)
Start importing Assets/World/Environment/Prefabs/Custom/asset set/PokerTable_low.prefab using Guid(6e89caf0b94582344b8250f3d1c07913) Importer(815301076,1909f56bfc062723c751e8b465ee728b) (PreviewImporter) -> (artifact id: 'a2936c6d29d0213b4d5060cea8468265') in 0.1420084 seconds
Number of updated asset objects reloaded before import = 0Number of asset objects unloaded after import = 606

========================================================================
Received Import Request.
  Time since last request: 0.000027 seconds.
  path: Assets/World/Environment/Prefabs/Custom/asset set/ChairBackRest_low004.prefab
  artifactKey: Guid(5c59861510c30ba44978370a4371788f) Importer(2089858483,b0f066a214c2f5e87bad3c948f4d605d)
Start importing Assets/World/Environment/Prefabs/Custom/asset set/ChairBackRest_low004.prefab using Guid(5c59861510c30ba44978370a4371788f) Importer(2089858483,b0f066a214c2f5e87bad3c948f4d605d) (ScriptedImporter) -> (artifact id: 'afe200c5e18ea7c7dab94380f4c48919') in 0.0075028 seconds
Number of updated asset objects reloaded before import = 0Number of asset objects unloaded after import = 8

========================================================================
Received Import Request.
  Time since last request: 0.000039 seconds.
  path: Assets/World/Environment/Prefabs/Custom/asset set/ChairBackRest_low003.prefab
  artifactKey: Guid(5278de90b5b19a941a16fda5b001dba2) Importer(2089858483,b0f066a214c2f5e87bad3c948f4d605d)
Start importing Assets/World/Environment/Prefabs/Custom/asset set/ChairBackRest_low003.prefab using Guid(5278de90b5b19a941a16fda5b001dba2) Importer(2089858483,b0f066a214c2f5e87bad3c948f4d605d) (ScriptedImporter) -> (artifact id: '81ed122e80062b3de780155051918e36') in 0.04414 seconds
Number of updated asset objects reloaded before import = 0Number of asset objects unloaded after import = 8

========================================================================
Received Import Request.
  Time since last request: 0.000027 seconds.
  path: Assets/World/Environment/Prefabs/Custom/asset set/AlcoholBottle010_low001.prefab
  artifactKey: Guid(1efb78e06a5e241408c231909e0f9516) Importer(815301076,1909f56bfc062723c751e8b465ee728b)
Start importing Assets/World/Environment/Prefabs/Custom/asset set/AlcoholBottle010_low001.prefab using Guid(1efb78e06a5e241408c231909e0f9516) Importer(815301076,1909f56bfc062723c751e8b465ee728b) (PreviewImporter) -> (artifact id: 'bf6c0fb99f5c2b374dfcf53d270ebf97') in 0.0289684 seconds
Number of updated asset objects reloaded before import = 0Number of asset objects unloaded after import = 606

========================================================================
Received Import Request.
  Time since last request: 0.000025 seconds.
  path: Assets/World/Environment/Prefabs/Custom/asset set/KegSwitch_low.prefab
  artifactKey: Guid(2fa549176d0228440ad4132377c55445) Importer(2089858483,b0f066a214c2f5e87bad3c948f4d605d)
Start importing Assets/World/Environment/Prefabs/Custom/asset set/KegSwitch_low.prefab using Guid(2fa549176d0228440ad4132377c55445) Importer(2089858483,b0f066a214c2f5e87bad3c948f4d605d) (ScriptedImporter) -> (artifact id: '7c8991b1d56735f0fb63f25bb7963bf9') in 0.0085746 seconds
Number of updated asset objects reloaded before import = 0Number of asset objects unloaded after import = 8

========================================================================
Received Import Request.
  Time since last request: 0.000029 seconds.
  path: Assets/World/Environment/Prefabs/Custom/asset set/WhiskyGlass_low004.prefab
  artifactKey: Guid(2aa812e487ae7b1498b4faea2459448d) Importer(2089858483,b0f066a214c2f5e87bad3c948f4d605d)
Start importing Assets/World/Environment/Prefabs/Custom/asset set/WhiskyGlass_low004.prefab using Guid(2aa812e487ae7b1498b4faea2459448d) Importer(2089858483,b0f066a214c2f5e87bad3c948f4d605d) (ScriptedImporter) -> (artifact id: 'aaa81236fefe30566da6d20bc01a7d28') in 0.0610917 seconds
Number of updated asset objects reloaded before import = 0Number of asset objects unloaded after import = 8

========================================================================
Received Import Request.
  Time since last request: 0.000034 seconds.
  path: Assets/World/Environment/Prefabs/Custom/asset set/BarStool_low004.prefab
  artifactKey: Guid(b4ea61a4eb466554ba3f429225b6a4ac) Importer(2089858483,b0f066a214c2f5e87bad3c948f4d605d)
Start importing Assets/World/Environment/Prefabs/Custom/asset set/BarStool_low004.prefab using Guid(b4ea61a4eb466554ba3f429225b6a4ac) Importer(2089858483,b0f066a214c2f5e87bad3c948f4d605d) (ScriptedImporter) -> (artifact id: '5d2fada53da08273663fda803cad6ddc') in 0.0078152 seconds
Number of updated asset objects reloaded before import = 0Number of asset objects unloaded after import = 8

========================================================================
Received Import Request.
  Time since last request: 0.000034 seconds.
  path: Assets/World/Environment/Prefabs/Custom/asset set/ChairLegs_low002.prefab
  artifactKey: Guid(55d360d652e584a4f968ea4433ffd62d) Importer(2089858483,b0f066a214c2f5e87bad3c948f4d605d)
Start importing Assets/World/Environment/Prefabs/Custom/asset set/ChairLegs_low002.prefab using Guid(55d360d652e584a4f968ea4433ffd62d) Importer(2089858483,b0f066a214c2f5e87bad3c948f4d605d) (ScriptedImporter) -> (artifact id: 'd115a19103f87d833f033a1b7ee040c8') in 0.0083244 seconds
Number of updated asset objects reloaded before import = 0Number of asset objects unloaded after import = 8

========================================================================
Received Import Request.
  Time since last request: 0.000031 seconds.
  path: Assets/World/Environment/Prefabs/Custom/asset set/KegTap_low.prefab
  artifactKey: Guid(db7d70a7c2392474999a71c7e6ce6bd5) Importer(815301076,1909f56bfc062723c751e8b465ee728b)
Start importing Assets/World/Environment/Prefabs/Custom/asset set/KegTap_low.prefab using Guid(db7d70a7c2392474999a71c7e6ce6bd5) Importer(815301076,1909f56bfc062723c751e8b465ee728b) (PreviewImporter) -> (artifact id: 'f0df26b5b115c40a7c7e218b0f3109aa') in 0.0379234 seconds
Number of updated asset objects reloaded before import = 0Number of asset objects unloaded after import = 606

========================================================================
Received Import Request.
  Time since last request: 0.000039 seconds.
  path: Assets/World/Environment/Prefabs/Custom/asset set/ChairFeetRests_low004.prefab
  artifactKey: Guid(32c3361d90222934386cd9b44d9c2e1e) Importer(815301076,1909f56bfc062723c751e8b465ee728b)
Start importing Assets/World/Environment/Prefabs/Custom/asset set/ChairFeetRests_low004.prefab using Guid(32c3361d90222934386cd9b44d9c2e1e) Importer(815301076,1909f56bfc062723c751e8b465ee728b) (PreviewImporter) -> (artifact id: '9e62082e1855dde35dca97e38c5c927c') in 0.1351343 seconds
Number of updated asset objects reloaded before import = 0Number of asset objects unloaded after import = 606

========================================================================
Received Import Request.
  Time since last request: 0.000037 seconds.
  path: Assets/World/Environment/Prefabs/Custom/asset set/ChairFeetRests_low007.prefab
  artifactKey: Guid(fc8d6da92c12d044597fee6750ea315b) Importer(2089858483,b0f066a214c2f5e87bad3c948f4d605d)
Start importing Assets/World/Environment/Prefabs/Custom/asset set/ChairFeetRests_low007.prefab using Guid(fc8d6da92c12d044597fee6750ea315b) Importer(2089858483,b0f066a214c2f5e87bad3c948f4d605d) (ScriptedImporter) -> (artifact id: '88fc563f67db48a4f94e172282cdfc1b') in 0.0083475 seconds
Number of updated asset objects reloaded before import = 0Number of asset objects unloaded after import = 8

========================================================================
Received Import Request.
  Time since last request: 0.000029 seconds.
  path: Assets/World/Environment/Prefabs/Custom/asset set/ChairSeat_low001.prefab
  artifactKey: Guid(0a7005744ff625942abce8aa35937cfa) Importer(2089858483,b0f066a214c2f5e87bad3c948f4d605d)
Start importing Assets/World/Environment/Prefabs/Custom/asset set/ChairSeat_low001.prefab using Guid(0a7005744ff625942abce8aa35937cfa) Importer(2089858483,b0f066a214c2f5e87bad3c948f4d605d) (ScriptedImporter) -> (artifact id: 'ee0f2c4257beaffbece36548b1efcf44') in 0.0081676 seconds
Number of updated asset objects reloaded before import = 0Number of asset objects unloaded after import = 8

========================================================================
Received Import Request.
  Time since last request: 0.000027 seconds.
  path: Assets/World/Environment/Prefabs/Custom/asset set/BullHornsBack_low.prefab
  artifactKey: Guid(6b101c8a8f048be4fbc96da834ac3d99) Importer(2089858483,b0f066a214c2f5e87bad3c948f4d605d)
Start importing Assets/World/Environment/Prefabs/Custom/asset set/BullHornsBack_low.prefab using Guid(6b101c8a8f048be4fbc96da834ac3d99) Importer(2089858483,b0f066a214c2f5e87bad3c948f4d605d) (ScriptedImporter) -> (artifact id: '7e19867f408881ca2de46203ee087803') in 0.0076943 seconds
Number of updated asset objects reloaded before import = 0Number of asset objects unloaded after import = 8

========================================================================
Received Import Request.
  Time since last request: 0.000037 seconds.
  path: Assets/World/Environment/Prefabs/Custom/asset set/SheriffBadge_low001.prefab
  artifactKey: Guid(85f0fcf1e0a283445aa9ebc673436e8f) Importer(2089858483,b0f066a214c2f5e87bad3c948f4d605d)
Start importing Assets/World/Environment/Prefabs/Custom/asset set/SheriffBadge_low001.prefab using Guid(85f0fcf1e0a283445aa9ebc673436e8f) Importer(2089858483,b0f066a214c2f5e87bad3c948f4d605d) (ScriptedImporter) -> (artifact id: 'fe47839d178fc2abcbcbffceb58f3805') in 0.0673755 seconds
Number of updated asset objects reloaded before import = 0Number of asset objects unloaded after import = 8

========================================================================
Received Import Request.
  Time since last request: 0.000027 seconds.
  path: Assets/World/Environment/Prefabs/Custom/asset set/ChairFeetRests_low.prefab
  artifactKey: Guid(a0b6eaa77a7e7184bbd5eaf204d2e753) Importer(815301076,1909f56bfc062723c751e8b465ee728b)
Start importing Assets/World/Environment/Prefabs/Custom/asset set/ChairFeetRests_low.prefab using Guid(a0b6eaa77a7e7184bbd5eaf204d2e753) Importer(815301076,1909f56bfc062723c751e8b465ee728b) (PreviewImporter) -> (artifact id: '46375859fc582556ca0df4fafec45015') in 0.0316005 seconds
Number of updated asset objects reloaded before import = 0Number of asset objects unloaded after import = 606

========================================================================
Received Import Request.
  Time since last request: 0.000033 seconds.
  path: Assets/World/Environment/Prefabs/Custom/asset set/ChairSeat_low008.prefab
  artifactKey: Guid(e281ce4ab35c69d40bb5f562d77531cb) Importer(815301076,1909f56bfc062723c751e8b465ee728b)
Start importing Assets/World/Environment/Prefabs/Custom/asset set/ChairSeat_low008.prefab using Guid(e281ce4ab35c69d40bb5f562d77531cb) Importer(815301076,1909f56bfc062723c751e8b465ee728b) (PreviewImporter) -> (artifact id: 'c6215f7d5744f09de56e6899c09e94d0') in 0.0718612 seconds
Number of updated asset objects reloaded before import = 0Number of asset objects unloaded after import = 606

========================================================================
Received Import Request.
  Time since last request: 0.000040 seconds.
  path: Assets/World/Environment/Prefabs/Custom/asset set/RoundGlass_low001.prefab
  artifactKey: Guid(d8d7a7fcbee3228478c2b9d611859c2f) Importer(2089858483,b0f066a214c2f5e87bad3c948f4d605d)
Start importing Assets/World/Environment/Prefabs/Custom/asset set/RoundGlass_low001.prefab using Guid(d8d7a7fcbee3228478c2b9d611859c2f) Importer(2089858483,b0f066a214c2f5e87bad3c948f4d605d) (ScriptedImporter) -> (artifact id: '34e9e01a22c4dfa17ca5512828bd57e2') in 0.0078393 seconds
Number of updated asset objects reloaded before import = 0Number of asset objects unloaded after import = 8

========================================================================
Received Import Request.
  Time since last request: 0.000025 seconds.
  path: Assets/World/Environment/Prefabs/Custom/asset set/WantedPoster011.prefab
  artifactKey: Guid(696647e6364af6341a55145163b90c52) Importer(2089858483,b0f066a214c2f5e87bad3c948f4d605d)
Start importing Assets/World/Environment/Prefabs/Custom/asset set/WantedPoster011.prefab using Guid(696647e6364af6341a55145163b90c52) Importer(2089858483,b0f066a214c2f5e87bad3c948f4d605d) (ScriptedImporter) -> (artifact id: '8be36e95a6fe608bae35f97c041ebb9f') in 0.0096693 seconds
Number of updated asset objects reloaded before import = 0Number of asset objects unloaded after import = 8

========================================================================
Received Import Request.
  Time since last request: 0.000036 seconds.
  path: Assets/World/Environment/Prefabs/Custom/asset set/WhiskyGlass_low008.prefab
  artifactKey: Guid(c9bdd24a2e455594e93b48c58b4192df) Importer(2089858483,b0f066a214c2f5e87bad3c948f4d605d)
Start importing Assets/World/Environment/Prefabs/Custom/asset set/WhiskyGlass_low008.prefab using Guid(c9bdd24a2e455594e93b48c58b4192df) Importer(2089858483,b0f066a214c2f5e87bad3c948f4d605d) (ScriptedImporter) -> (artifact id: '71e8426d06b406e7e26e3adc11202eb7') in 0.0163612 seconds
Number of updated asset objects reloaded before import = 0Number of asset objects unloaded after import = 8

========================================================================
Received Import Request.
  Time since last request: 0.000038 seconds.
  path: Assets/World/Environment/Prefabs/Custom/asset set/ChairBackRest_low004.prefab
  artifactKey: Guid(5c59861510c30ba44978370a4371788f) Importer(815301076,1909f56bfc062723c751e8b465ee728b)
Start importing Assets/World/Environment/Prefabs/Custom/asset set/ChairBackRest_low004.prefab using Guid(5c59861510c30ba44978370a4371788f) Importer(815301076,1909f56bfc062723c751e8b465ee728b) (PreviewImporter) -> (artifact id: '3b0f6cade87ff29dbc6769bb9e923c3e') in 0.0370535 seconds
Number of updated asset objects reloaded before import = 0Number of asset objects unloaded after import = 606

========================================================================
Received Import Request.
  Time since last request: 0.000032 seconds.
  path: Assets/World/Environment/Prefabs/Custom/asset set/ChairLegs_low005.prefab
  artifactKey: Guid(8a9f71b009777a04ba7a036d17221090) Importer(2089858483,b0f066a214c2f5e87bad3c948f4d605d)
Start importing Assets/World/Environment/Prefabs/Custom/asset set/ChairLegs_low005.prefab using Guid(8a9f71b009777a04ba7a036d17221090) Importer(2089858483,b0f066a214c2f5e87bad3c948f4d605d) (ScriptedImporter) -> (artifact id: 'aca66a317dafa56be5a222179e99b89c') in 0.0099736 seconds
Number of updated asset objects reloaded before import = 0Number of asset objects unloaded after import = 8

========================================================================
Received Import Request.
  Time since last request: 0.000023 seconds.
  path: Assets/World/Environment/Prefabs/Custom/asset set/ChairFeetRests_low006.prefab
  artifactKey: Guid(8f3a7476e08f9294e8c913e82ca16b3e) Importer(815301076,1909f56bfc062723c751e8b465ee728b)
Start importing Assets/World/Environment/Prefabs/Custom/asset set/ChairFeetRests_low006.prefab using Guid(8f3a7476e08f9294e8c913e82ca16b3e) Importer(815301076,1909f56bfc062723c751e8b465ee728b) (PreviewImporter) -> (artifact id: '4a9a11a2112ca5b6c4dc02069e6418bb') in 0.0311599 seconds
Number of updated asset objects reloaded before import = 0Number of asset objects unloaded after import = 606

========================================================================
Received Import Request.
  Time since last request: 0.000039 seconds.
  path: Assets/World/Environment/Prefabs/Custom/asset set/CandleHolder_low001.prefab
  artifactKey: Guid(faa36e22619b4664f9d897a73415f8d2) Importer(2089858483,b0f066a214c2f5e87bad3c948f4d605d)
Start importing Assets/World/Environment/Prefabs/Custom/asset set/CandleHolder_low001.prefab using Guid(faa36e22619b4664f9d897a73415f8d2) Importer(2089858483,b0f066a214c2f5e87bad3c948f4d605d) (ScriptedImporter) -> (artifact id: 'fca70addff66974b67d0a4a2f4ca46ab') in 0.0091729 seconds
Number of updated asset objects reloaded before import = 0Number of asset objects unloaded after import = 8

========================================================================
Received Import Request.
  Time since last request: 0.000054 seconds.
  path: Assets/World/Environment/Prefabs/Custom/asset set/BarStool_low.prefab
  artifactKey: Guid(d2a7dd015a408114ab1d5e1955b6997a) Importer(815301076,1909f56bfc062723c751e8b465ee728b)
Start importing Assets/World/Environment/Prefabs/Custom/asset set/BarStool_low.prefab using Guid(d2a7dd015a408114ab1d5e1955b6997a) Importer(815301076,1909f56bfc062723c751e8b465ee728b) (PreviewImporter) -> (artifact id: 'ee1068faf96149862ea6dbc96968828a') in 0.0322134 seconds
Number of updated asset objects reloaded before import = 0Number of asset objects unloaded after import = 606

========================================================================
Received Import Request.
  Time since last request: 0.000033 seconds.
  path: Assets/World/Environment/Prefabs/Custom/asset set/RoundGlass_low006.prefab
  artifactKey: Guid(49e32d247d0dd774a8528b515e7f4bc5) Importer(2089858483,b0f066a214c2f5e87bad3c948f4d605d)
Start importing Assets/World/Environment/Prefabs/Custom/asset set/RoundGlass_low006.prefab using Guid(49e32d247d0dd774a8528b515e7f4bc5) Importer(2089858483,b0f066a214c2f5e87bad3c948f4d605d) (ScriptedImporter) -> (artifact id: '155cdc51d6bb072a1055d1eed15b6c06') in 0.0092803 seconds
Number of updated asset objects reloaded before import = 0Number of asset objects unloaded after import = 8

========================================================================
Received Import Request.
  Time since last request: 0.000024 seconds.
  path: Assets/World/Environment/Prefabs/Custom/asset set/RoundGlass_low004.prefab
  artifactKey: Guid(8fc9f78cf10d29a4c81a25a35f2f7a48) Importer(2089858483,b0f066a214c2f5e87bad3c948f4d605d)
Start importing Assets/World/Environment/Prefabs/Custom/asset set/RoundGlass_low004.prefab using Guid(8fc9f78cf10d29a4c81a25a35f2f7a48) Importer(2089858483,b0f066a214c2f5e87bad3c948f4d605d) (ScriptedImporter) -> (artifact id: '92e4bb8ac42015973e3a58d4c1fd3855') in 0.0114014 seconds
Number of updated asset objects reloaded before import = 0Number of asset objects unloaded after import = 8

========================================================================
Received Import Request.
  Time since last request: 0.000025 seconds.
  path: Assets/World/Environment/Prefabs/Custom/asset set/CandleHolder_low001.prefab
  artifactKey: Guid(faa36e22619b4664f9d897a73415f8d2) Importer(815301076,1909f56bfc062723c751e8b465ee728b)
Start importing Assets/World/Environment/Prefabs/Custom/asset set/CandleHolder_low001.prefab using Guid(faa36e22619b4664f9d897a73415f8d2) Importer(815301076,1909f56bfc062723c751e8b465ee728b) (PreviewImporter) -> (artifact id: 'b4b37f02c69224cc97fd0cda498ffe84') in 0.0337439 seconds
Number of updated asset objects reloaded before import = 0Number of asset objects unloaded after import = 606

========================================================================
Received Import Request.
  Time since last request: 0.000042 seconds.
  path: Assets/World/Environment/Prefabs/Custom/asset set/ChairLegs_low002.prefab
  artifactKey: Guid(55d360d652e584a4f968ea4433ffd62d) Importer(815301076,1909f56bfc062723c751e8b465ee728b)
Start importing Assets/World/Environment/Prefabs/Custom/asset set/ChairLegs_low002.prefab using Guid(55d360d652e584a4f968ea4433ffd62d) Importer(815301076,1909f56bfc062723c751e8b465ee728b) (PreviewImporter) -> (artifact id: 'f4cd397e573a9ef3fb23f7b8e01244b3') in 0.0340789 seconds
Number of updated asset objects reloaded before import = 0Number of asset objects unloaded after import = 606

========================================================================
Received Import Request.
  Time since last request: 0.000030 seconds.
  path: Assets/World/Environment/Prefabs/Custom/asset set/ChairLegs_low004.prefab
  artifactKey: Guid(e82dc85cae86fe941b4ab178bd0043fb) Importer(2089858483,b0f066a214c2f5e87bad3c948f4d605d)
Start importing Assets/World/Environment/Prefabs/Custom/asset set/ChairLegs_low004.prefab using Guid(e82dc85cae86fe941b4ab178bd0043fb) Importer(2089858483,b0f066a214c2f5e87bad3c948f4d605d) (ScriptedImporter) -> (artifact id: '2697f25f19d8a403ba1e85043e4f2f80') in 0.0081505 seconds
Number of updated asset objects reloaded before import = 0Number of asset objects unloaded after import = 8

========================================================================
Received Import Request.
  Time since last request: 0.000025 seconds.
  path: Assets/World/Environment/Prefabs/Custom/asset set/ChairSeat_low007.prefab
  artifactKey: Guid(47cbe88c8994c664ba6d4dee1f924798) Importer(815301076,1909f56bfc062723c751e8b465ee728b)
Start importing Assets/World/Environment/Prefabs/Custom/asset set/ChairSeat_low007.prefab using Guid(47cbe88c8994c664ba6d4dee1f924798) Importer(815301076,1909f56bfc062723c751e8b465ee728b) (PreviewImporter) -> (artifact id: '22f101add2604a81807c5b7bf3fb7b6e') in 0.0360598 seconds
Number of updated asset objects reloaded before import = 0Number of asset objects unloaded after import = 606

========================================================================
Received Import Request.
  Time since last request: 0.000032 seconds.
  path: Assets/World/Environment/Prefabs/Custom/asset set/WantedPoster4.prefab
  artifactKey: Guid(3eaecb7f3375fe744ab01eae2c5f3630) Importer(2089858483,b0f066a214c2f5e87bad3c948f4d605d)
Start importing Assets/World/Environment/Prefabs/Custom/asset set/WantedPoster4.prefab using Guid(3eaecb7f3375fe744ab01eae2c5f3630) Importer(2089858483,b0f066a214c2f5e87bad3c948f4d605d) (ScriptedImporter) -> (artifact id: 'a96e753acf88f813a61a20e3c69c5fe3') in 0.0100519 seconds
Number of updated asset objects reloaded before import = 0Number of asset objects unloaded after import = 8

========================================================================
Received Import Request.
  Time since last request: 0.000045 seconds.
  path: Assets/World/Environment/Prefabs/Custom/asset set/PokerTable_low001.prefab
  artifactKey: Guid(7d0bea3256d01ba42935387359c7a183) Importer(815301076,1909f56bfc062723c751e8b465ee728b)
Start importing Assets/World/Environment/Prefabs/Custom/asset set/PokerTable_low001.prefab using Guid(7d0bea3256d01ba42935387359c7a183) Importer(815301076,1909f56bfc062723c751e8b465ee728b) (PreviewImporter) -> (artifact id: '402c026f6cd3c9e0ad95f6fc57907d76') in 0.0330321 seconds
Number of updated asset objects reloaded before import = 0Number of asset objects unloaded after import = 606

========================================================================
Received Import Request.
  Time since last request: 0.000033 seconds.
  path: Assets/World/Environment/Prefabs/Custom/asset set/WantedBoard_low.prefab
  artifactKey: Guid(9602dbfea5ac52c48b568cd0ee9694e4) Importer(2089858483,b0f066a214c2f5e87bad3c948f4d605d)
Start importing Assets/World/Environment/Prefabs/Custom/asset set/WantedBoard_low.prefab using Guid(9602dbfea5ac52c48b568cd0ee9694e4) Importer(2089858483,b0f066a214c2f5e87bad3c948f4d605d) (ScriptedImporter) -> (artifact id: '6e4face3db98599fd706b2446633eb85') in 0.010686 seconds
Number of updated asset objects reloaded before import = 0Number of asset objects unloaded after import = 8

========================================================================
Received Import Request.
  Time since last request: 0.000026 seconds.
  path: Assets/World/Environment/Prefabs/Custom/asset set/AlcoholBottle008_low.prefab
  artifactKey: Guid(1954b7f435cc13341b4ad2628e1c097c) Importer(2089858483,b0f066a214c2f5e87bad3c948f4d605d)
Start importing Assets/World/Environment/Prefabs/Custom/asset set/AlcoholBottle008_low.prefab using Guid(1954b7f435cc13341b4ad2628e1c097c) Importer(2089858483,b0f066a214c2f5e87bad3c948f4d605d) (ScriptedImporter) -> (artifact id: 'b07d7aa608b1c2d562d97fc0a6c0fb39') in 0.0120201 seconds
Number of updated asset objects reloaded before import = 0Number of asset objects unloaded after import = 8

========================================================================
Received Import Request.
  Time since last request: 0.000030 seconds.
  path: Assets/World/Environment/Prefabs/Custom/asset set/ChairSeat_low005.prefab
  artifactKey: Guid(ca1d3710f2e3f21479d16398bb740368) Importer(815301076,1909f56bfc062723c751e8b465ee728b)
Start importing Assets/World/Environment/Prefabs/Custom/asset set/ChairSeat_low005.prefab using Guid(ca1d3710f2e3f21479d16398bb740368) Importer(815301076,1909f56bfc062723c751e8b465ee728b) (PreviewImporter) -> (artifact id: '191574446dc282ed6159270971d59e28') in 0.0342674 seconds
Number of updated asset objects reloaded before import = 0Number of asset objects unloaded after import = 606

========================================================================
Received Import Request.
  Time since last request: 0.000040 seconds.
  path: Assets/World/Environment/Prefabs/Custom/asset set/ChairBackRest_low007.prefab
  artifactKey: Guid(1130d6d68ee24a04d88f35eb2f22b5c6) Importer(2089858483,b0f066a214c2f5e87bad3c948f4d605d)
Start importing Assets/World/Environment/Prefabs/Custom/asset set/ChairBackRest_low007.prefab using Guid(1130d6d68ee24a04d88f35eb2f22b5c6) Importer(2089858483,b0f066a214c2f5e87bad3c948f4d605d) (ScriptedImporter) -> (artifact id: '8f96a0b007c3e00c2bea942b1c671a5d') in 0.0083807 seconds
Number of updated asset objects reloaded before import = 0Number of asset objects unloaded after import = 8

========================================================================
Received Import Request.
  Time since last request: 0.000025 seconds.
  path: Assets/World/Environment/Prefabs/Custom/asset set/Bar_low.prefab
  artifactKey: Guid(bd0921dd878d18f4da98f5bbcda56c35) Importer(815301076,1909f56bfc062723c751e8b465ee728b)
Start importing Assets/World/Environment/Prefabs/Custom/asset set/Bar_low.prefab using Guid(bd0921dd878d18f4da98f5bbcda56c35) Importer(815301076,1909f56bfc062723c751e8b465ee728b) (PreviewImporter) -> (artifact id: 'a8c13350d0328f5cbedd86e7a09d6e1c') in 0.0329544 seconds
Number of updated asset objects reloaded before import = 0Number of asset objects unloaded after import = 606

========================================================================
Received Import Request.
  Time since last request: 0.000030 seconds.
  path: Assets/World/Environment/Prefabs/Custom/asset set/Crate_low001.prefab
  artifactKey: Guid(822358bc3001d2e4eb6a21332232b797) Importer(815301076,1909f56bfc062723c751e8b465ee728b)
Start importing Assets/World/Environment/Prefabs/Custom/asset set/Crate_low001.prefab using Guid(822358bc3001d2e4eb6a21332232b797) Importer(815301076,1909f56bfc062723c751e8b465ee728b) (PreviewImporter) -> (artifact id: '8dac70bd9f0f8d283fcf8ad2975e02db') in 0.0335689 seconds
Number of updated asset objects reloaded before import = 0Number of asset objects unloaded after import = 606

========================================================================
Received Import Request.
  Time since last request: 0.000033 seconds.
  path: Assets/World/Environment/Prefabs/Custom/asset set/Bar_low.prefab
  artifactKey: Guid(bd0921dd878d18f4da98f5bbcda56c35) Importer(2089858483,b0f066a214c2f5e87bad3c948f4d605d)
Start importing Assets/World/Environment/Prefabs/Custom/asset set/Bar_low.prefab using Guid(bd0921dd878d18f4da98f5bbcda56c35) Importer(2089858483,b0f066a214c2f5e87bad3c948f4d605d) (ScriptedImporter) -> (artifact id: '1462ae3ce7acccd57ebf2c107b21e213') in 0.0077993 seconds
Number of updated asset objects reloaded before import = 0Number of asset objects unloaded after import = 8

========================================================================
Received Import Request.
  Time since last request: 0.000038 seconds.
  path: Assets/World/Environment/Prefabs/Custom/asset set/BarStool_low001.prefab
  artifactKey: Guid(222b942afbad6dc438f4608dacd1b2c8) Importer(2089858483,b0f066a214c2f5e87bad3c948f4d605d)
Start importing Assets/World/Environment/Prefabs/Custom/asset set/BarStool_low001.prefab using Guid(222b942afbad6dc438f4608dacd1b2c8) Importer(2089858483,b0f066a214c2f5e87bad3c948f4d605d) (ScriptedImporter) -> (artifact id: 'a4a8776cc370a9a637c4c1671616c6ae') in 0.0077068 seconds
Number of updated asset objects reloaded before import = 0Number of asset objects unloaded after import = 8

========================================================================
Received Import Request.
  Time since last request: 0.000026 seconds.
  path: Assets/World/Environment/Prefabs/Custom/asset set/ChairBackRest_low002.prefab
  artifactKey: Guid(a96ef5aee630c8142b2798128dbb6d32) Importer(2089858483,b0f066a214c2f5e87bad3c948f4d605d)
Start importing Assets/World/Environment/Prefabs/Custom/asset set/ChairBackRest_low002.prefab using Guid(a96ef5aee630c8142b2798128dbb6d32) Importer(2089858483,b0f066a214c2f5e87bad3c948f4d605d) (ScriptedImporter) -> (artifact id: 'b37e83cacc812c55ab7b2a47bc02cd86') in 0.0080993 seconds
Number of updated asset objects reloaded before import = 0Number of asset objects unloaded after import = 8

========================================================================
Received Import Request.
  Time since last request: 0.000023 seconds.
  path: Assets/World/Environment/Prefabs/Custom/asset set/Keg_low.prefab
  artifactKey: Guid(bf95307609842644398246a107bfd460) Importer(2089858483,b0f066a214c2f5e87bad3c948f4d605d)
Start importing Assets/World/Environment/Prefabs/Custom/asset set/Keg_low.prefab using Guid(bf95307609842644398246a107bfd460) Importer(2089858483,b0f066a214c2f5e87bad3c948f4d605d) (ScriptedImporter) -> (artifact id: '7bc2ba865bd8c3bbd52244deeb4e708b') in 0.0077056 seconds
Number of updated asset objects reloaded before import = 0Number of asset objects unloaded after import = 8

========================================================================
Received Import Request.
  Time since last request: 0.000034 seconds.
  path: Assets/World/Environment/Prefabs/Custom/asset set/RoundGlass_low005.prefab
  artifactKey: Guid(1406fe4218abdf947b8e6a3bce30e3bf) Importer(2089858483,b0f066a214c2f5e87bad3c948f4d605d)
Start importing Assets/World/Environment/Prefabs/Custom/asset set/RoundGlass_low005.prefab using Guid(1406fe4218abdf947b8e6a3bce30e3bf) Importer(2089858483,b0f066a214c2f5e87bad3c948f4d605d) (ScriptedImporter) -> (artifact id: '7a8c065d4f60800f1e09ff2108f81370') in 0.0112015 seconds
Number of updated asset objects reloaded before import = 0Number of asset objects unloaded after import = 8

========================================================================
Received Import Request.
  Time since last request: 0.000047 seconds.
  path: Assets/World/Environment/Prefabs/Custom/asset set/StandardTable_low.prefab
  artifactKey: Guid(24b311b07ecb3844bbe0cd8aa664a591) Importer(2089858483,b0f066a214c2f5e87bad3c948f4d605d)
Start importing Assets/World/Environment/Prefabs/Custom/asset set/StandardTable_low.prefab using Guid(24b311b07ecb3844bbe0cd8aa664a591) Importer(2089858483,b0f066a214c2f5e87bad3c948f4d605d) (ScriptedImporter) -> (artifact id: 'cc137e37e9e25da31fdff31cd414696b') in 0.017054 seconds
Number of updated asset objects reloaded before import = 0Number of asset objects unloaded after import = 8

========================================================================
Received Import Request.
  Time since last request: 0.000052 seconds.
  path: Assets/World/Environment/Prefabs/Custom/asset set/ChairFeetRests_low002.prefab
  artifactKey: Guid(4aa00cf2b5794ec408cc0ee9daed169e) Importer(2089858483,b0f066a214c2f5e87bad3c948f4d605d)
Start importing Assets/World/Environment/Prefabs/Custom/asset set/ChairFeetRests_low002.prefab using Guid(4aa00cf2b5794ec408cc0ee9daed169e) Importer(2089858483,b0f066a214c2f5e87bad3c948f4d605d) (ScriptedImporter) -> (artifact id: '44d594e9eb610335c545ff69ddc5877f') in 0.0091832 seconds
Number of updated asset objects reloaded before import = 0Number of asset objects unloaded after import = 8

========================================================================
Received Import Request.
  Time since last request: 0.000028 seconds.
  path: Assets/World/Environment/Prefabs/Custom/asset set/OilLamp_low.prefab
  artifactKey: Guid(c4af29fdf2758ba459fc42023468acc1) Importer(2089858483,b0f066a214c2f5e87bad3c948f4d605d)
Start importing Assets/World/Environment/Prefabs/Custom/asset set/OilLamp_low.prefab using Guid(c4af29fdf2758ba459fc42023468acc1) Importer(2089858483,b0f066a214c2f5e87bad3c948f4d605d) (ScriptedImporter) -> (artifact id: 'dabadde7222fe162a6e281fcb190f16e') in 0.0096495 seconds
Number of updated asset objects reloaded before import = 0Number of asset objects unloaded after import = 8

========================================================================
Received Import Request.
  Time since last request: 0.000034 seconds.
  path: Assets/World/Environment/Prefabs/Custom/asset set/SheriffBadgePin_low001.prefab
  artifactKey: Guid(ceaf65be9e4b0c94dab9d460f24b555f) Importer(2089858483,b0f066a214c2f5e87bad3c948f4d605d)
Start importing Assets/World/Environment/Prefabs/Custom/asset set/SheriffBadgePin_low001.prefab using Guid(ceaf65be9e4b0c94dab9d460f24b555f) Importer(2089858483,b0f066a214c2f5e87bad3c948f4d605d) (ScriptedImporter) -> (artifact id: '6883eea01469d947f4d57c671499895b') in 0.010356 seconds
Number of updated asset objects reloaded before import = 0Number of asset objects unloaded after import = 8

========================================================================
Received Import Request.
  Time since last request: 0.000057 seconds.
  path: Assets/World/Environment/Prefabs/Custom/asset set/CandleHolder_low.prefab
  artifactKey: Guid(873b285bf76815d41971384ecdfd095c) Importer(2089858483,b0f066a214c2f5e87bad3c948f4d605d)
Start importing Assets/World/Environment/Prefabs/Custom/asset set/CandleHolder_low.prefab using Guid(873b285bf76815d41971384ecdfd095c) Importer(2089858483,b0f066a214c2f5e87bad3c948f4d605d) (ScriptedImporter) -> (artifact id: 'a89ba6b563d1a804283453ab14584002') in 0.0180887 seconds
Number of updated asset objects reloaded before import = 0Number of asset objects unloaded after import = 8

========================================================================
Received Import Request.
  Time since last request: 0.000027 seconds.
  path: Assets/World/Environment/Prefabs/Custom/asset set/KegTap_low.prefab
  artifactKey: Guid(db7d70a7c2392474999a71c7e6ce6bd5) Importer(2089858483,b0f066a214c2f5e87bad3c948f4d605d)
Start importing Assets/World/Environment/Prefabs/Custom/asset set/KegTap_low.prefab using Guid(db7d70a7c2392474999a71c7e6ce6bd5) Importer(2089858483,b0f066a214c2f5e87bad3c948f4d605d) (ScriptedImporter) -> (artifact id: '177ea0581085c443505748e1eb8ace56') in 0.0089093 seconds
Number of updated asset objects reloaded before import = 0Number of asset objects unloaded after import = 8

========================================================================
Received Import Request.
  Time since last request: 6.312012 seconds.
  path: Assets/World/Environment/Prefabs/Custom/asset set/AlcoholBottle008_low006.prefab
  artifactKey: Guid(51395d8034323cd499fcbc3f2ae64242) Importer(815301076,1909f56bfc062723c751e8b465ee728b)
Start importing Assets/World/Environment/Prefabs/Custom/asset set/AlcoholBottle008_low006.prefab using Guid(51395d8034323cd499fcbc3f2ae64242) Importer(815301076,1909f56bfc062723c751e8b465ee728b) (PreviewImporter) -> (artifact id: '67f6989bca4dd44d3a5f1e6dad38c4ae') in 0.0416001 seconds
Number of updated asset objects reloaded before import = 0Number of asset objects unloaded after import = 606

========================================================================
Received Import Request.
  Time since last request: 0.000040 seconds.
  path: Assets/World/Environment/Prefabs/Custom/asset set/ChairLegs_low001.prefab
  artifactKey: Guid(a894b7bc0a08b3b41a711cecbb569a74) Importer(815301076,1909f56bfc062723c751e8b465ee728b)
Start importing Assets/World/Environment/Prefabs/Custom/asset set/ChairLegs_low001.prefab using Guid(a894b7bc0a08b3b41a711cecbb569a74) Importer(815301076,1909f56bfc062723c751e8b465ee728b) (PreviewImporter) -> (artifact id: '747a8352f7ba235417621e5fba116288') in 0.0394639 seconds
Number of updated asset objects reloaded before import = 0Number of asset objects unloaded after import = 606

========================================================================
Received Import Request.
  Time since last request: 0.000042 seconds.
  path: Assets/World/Environment/Prefabs/Custom/asset set/Crate_low.prefab
  artifactKey: Guid(d681f505e2e482a408b3ab15a4e5a959) Importer(815301076,1909f56bfc062723c751e8b465ee728b)
Start importing Assets/World/Environment/Prefabs/Custom/asset set/Crate_low.prefab using Guid(d681f505e2e482a408b3ab15a4e5a959) Importer(815301076,1909f56bfc062723c751e8b465ee728b) (PreviewImporter) -> (artifact id: '5be54e172527232280236f2790212b40') in 0.0380803 seconds
Number of updated asset objects reloaded before import = 0Number of asset objects unloaded after import = 606

========================================================================
Received Import Request.
  Time since last request: 2.751613 seconds.
  path: Assets/World/Environment/Prefabs/Custom/asset set/SheriffBadgeHook_low001.prefab
  artifactKey: Guid(5238ac14eaba3ae4a8ad77f561eff6ed) Importer(2089858483,b0f066a214c2f5e87bad3c948f4d605d)
Start importing Assets/World/Environment/Prefabs/Custom/asset set/SheriffBadgeHook_low001.prefab using Guid(5238ac14eaba3ae4a8ad77f561eff6ed) Importer(2089858483,b0f066a214c2f5e87bad3c948f4d605d) (ScriptedImporter) -> (artifact id: '0041103341618c976484d2d18e5b526f') in 0.0090817 seconds
Number of updated asset objects reloaded before import = 0Number of asset objects unloaded after import = 8

========================================================================
Received Import Request.
  Time since last request: 0.000044 seconds.
  path: Assets/World/Environment/Prefabs/Custom/asset set/WhiskyGlass_low.prefab
  artifactKey: Guid(62f6d6a4d996e9d449ddef67d1f840d2) Importer(2089858483,b0f066a214c2f5e87bad3c948f4d605d)
Start importing Assets/World/Environment/Prefabs/Custom/asset set/WhiskyGlass_low.prefab using Guid(62f6d6a4d996e9d449ddef67d1f840d2) Importer(2089858483,b0f066a214c2f5e87bad3c948f4d605d) (ScriptedImporter) -> (artifact id: '3ca179d503c3ca29423cd5f1f4c4081b') in 0.008914 seconds
Number of updated asset objects reloaded before import = 0Number of asset objects unloaded after import = 8

========================================================================
Received Import Request.
  Time since last request: 0.000064 seconds.
  path: Assets/World/Environment/Prefabs/Custom/asset set/AlcoholBottle008_low002.prefab
  artifactKey: Guid(5b5934a292d8af34bb8b6586535bec28) Importer(2089858483,b0f066a214c2f5e87bad3c948f4d605d)
Start importing Assets/World/Environment/Prefabs/Custom/asset set/AlcoholBottle008_low002.prefab using Guid(5b5934a292d8af34bb8b6586535bec28) Importer(2089858483,b0f066a214c2f5e87bad3c948f4d605d) (ScriptedImporter) -> (artifact id: '7111b5233a5da2cf4fc2dc268bb64e80') in 0.0080856 seconds
Number of updated asset objects reloaded before import = 0Number of asset objects unloaded after import = 8

========================================================================
Received Import Request.
  Time since last request: 0.000027 seconds.
  path: Assets/World/Environment/Prefabs/Custom/asset set/Crate_low003.prefab
  artifactKey: Guid(d0a022a001d17fd4e8e491b05c0aff29) Importer(2089858483,b0f066a214c2f5e87bad3c948f4d605d)
Start importing Assets/World/Environment/Prefabs/Custom/asset set/Crate_low003.prefab using Guid(d0a022a001d17fd4e8e491b05c0aff29) Importer(2089858483,b0f066a214c2f5e87bad3c948f4d605d) (ScriptedImporter) -> (artifact id: 'a9b33e1c387d142ced6ba31254646766') in 0.008731 seconds
Number of updated asset objects reloaded before import = 0Number of asset objects unloaded after import = 8

========================================================================
Received Import Request.
  Time since last request: 5.863897 seconds.
  path: Assets/World/Environment/Prefabs/Custom/asset set/RoundGlass_low005.prefab
  artifactKey: Guid(1406fe4218abdf947b8e6a3bce30e3bf) Importer(815301076,1909f56bfc062723c751e8b465ee728b)
Start importing Assets/World/Environment/Prefabs/Custom/asset set/RoundGlass_low005.prefab using Guid(1406fe4218abdf947b8e6a3bce30e3bf) Importer(815301076,1909f56bfc062723c751e8b465ee728b) (PreviewImporter) -> (artifact id: '20f00cdadf76b237f886a0259db65644') in 0.0440904 seconds
Number of updated asset objects reloaded before import = 0Number of asset objects unloaded after import = 606

========================================================================
Received Import Request.
  Time since last request: 0.000045 seconds.
  path: Assets/World/Environment/Prefabs/Custom/asset set/WantedPoster1.prefab
  artifactKey: Guid(ec12ef2c1f934174eaea00265be132d2) Importer(815301076,1909f56bfc062723c751e8b465ee728b)
Start importing Assets/World/Environment/Prefabs/Custom/asset set/WantedPoster1.prefab using Guid(ec12ef2c1f934174eaea00265be132d2) Importer(815301076,1909f56bfc062723c751e8b465ee728b) (PreviewImporter) -> (artifact id: '46a0e60f570c180d5c33967e0ba45381') in 0.0410987 seconds
Number of updated asset objects reloaded before import = 0Number of asset objects unloaded after import = 606

========================================================================
Received Import Request.
  Time since last request: 0.000051 seconds.
  path: Assets/World/Environment/Prefabs/Custom/asset set/SheriffBadge_low.prefab
  artifactKey: Guid(b75518ffcd425ae4f8ca185855cb393b) Importer(815301076,1909f56bfc062723c751e8b465ee728b)
Start importing Assets/World/Environment/Prefabs/Custom/asset set/SheriffBadge_low.prefab using Guid(b75518ffcd425ae4f8ca185855cb393b) Importer(815301076,1909f56bfc062723c751e8b465ee728b) (PreviewImporter) -> (artifact id: 'a951ac9917dc388ec9aeabad5ad9365e') in 0.0401853 seconds
Number of updated asset objects reloaded before import = 0Number of asset objects unloaded after import = 606

========================================================================
Received Import Request.
  Time since last request: 0.000032 seconds.
  path: Assets/World/Environment/Prefabs/Custom/asset set/StandardTable_low001.prefab
  artifactKey: Guid(d98861f37d7effe489c47ac0830f90c0) Importer(815301076,1909f56bfc062723c751e8b465ee728b)
Start importing Assets/World/Environment/Prefabs/Custom/asset set/StandardTable_low001.prefab using Guid(d98861f37d7effe489c47ac0830f90c0) Importer(815301076,1909f56bfc062723c751e8b465ee728b) (PreviewImporter) -> (artifact id: '8dc5884c5d96d7793300715776ca4d14') in 0.0437083 seconds
Number of updated asset objects reloaded before import = 0Number of asset objects unloaded after import = 606

========================================================================
Received Import Request.
  Time since last request: 0.000035 seconds.
  path: Assets/World/Environment/Prefabs/Custom/asset set/StandardTable_low.prefab
  artifactKey: Guid(24b311b07ecb3844bbe0cd8aa664a591) Importer(815301076,1909f56bfc062723c751e8b465ee728b)
Start importing Assets/World/Environment/Prefabs/Custom/asset set/StandardTable_low.prefab using Guid(24b311b07ecb3844bbe0cd8aa664a591) Importer(815301076,1909f56bfc062723c751e8b465ee728b) (PreviewImporter) -> (artifact id: 'f393353df36c4fb31ab05274e7aa14f7') in 0.0403944 seconds
Number of updated asset objects reloaded before import = 0Number of asset objects unloaded after import = 606

========================================================================
Received Import Request.
  Time since last request: 0.000041 seconds.
  path: Assets/World/Environment/Prefabs/Custom/asset set/WhiskyGlass_low009.prefab
  artifactKey: Guid(26a9bb8eea378fc4dafed3edc5f1b948) Importer(815301076,1909f56bfc062723c751e8b465ee728b)
Start importing Assets/World/Environment/Prefabs/Custom/asset set/WhiskyGlass_low009.prefab using Guid(26a9bb8eea378fc4dafed3edc5f1b948) Importer(815301076,1909f56bfc062723c751e8b465ee728b) (PreviewImporter) -> (artifact id: 'b91c7846fd75dffd34e583e6fe2bbb3a') in 0.0349598 seconds
Number of updated asset objects reloaded before import = 0Number of asset objects unloaded after import = 606

========================================================================
Received Import Request.
  Time since last request: 0.000040 seconds.
  path: Assets/World/Environment/Prefabs/Custom/asset set/WhiskyGlass_low007.prefab
  artifactKey: Guid(e13ce46e36a34cd45a2dcf0afa34c91b) Importer(815301076,1909f56bfc062723c751e8b465ee728b)
Start importing Assets/World/Environment/Prefabs/Custom/asset set/WhiskyGlass_low007.prefab using Guid(e13ce46e36a34cd45a2dcf0afa34c91b) Importer(815301076,1909f56bfc062723c751e8b465ee728b) (PreviewImporter) -> (artifact id: '666dfc47262f0f7aff8a49e5ce024599') in 0.0388381 seconds
Number of updated asset objects reloaded before import = 0Number of asset objects unloaded after import = 606

========================================================================
Received Import Request.
  Time since last request: 0.000030 seconds.
  path: Assets/World/Environment/Prefabs/Custom/asset set/SheriffBadgeHook_low001.prefab
  artifactKey: Guid(5238ac14eaba3ae4a8ad77f561eff6ed) Importer(815301076,1909f56bfc062723c751e8b465ee728b)
Start importing Assets/World/Environment/Prefabs/Custom/asset set/SheriffBadgeHook_low001.prefab using Guid(5238ac14eaba3ae4a8ad77f561eff6ed) Importer(815301076,1909f56bfc062723c751e8b465ee728b) (PreviewImporter) -> (artifact id: '9211f3550f9d08de60a61fe507f24730') in 0.0356765 seconds
Number of updated asset objects reloaded before import = 0Number of asset objects unloaded after import = 606

========================================================================
Received Import Request.
  Time since last request: 0.000039 seconds.
  path: Assets/World/Environment/Prefabs/Custom/asset set/WhiskyGlass_low008.prefab
  artifactKey: Guid(c9bdd24a2e455594e93b48c58b4192df) Importer(815301076,1909f56bfc062723c751e8b465ee728b)
Start importing Assets/World/Environment/Prefabs/Custom/asset set/WhiskyGlass_low008.prefab using Guid(c9bdd24a2e455594e93b48c58b4192df) Importer(815301076,1909f56bfc062723c751e8b465ee728b) (PreviewImporter) -> (artifact id: '24e2adb308bc5c3921565bcff8d1f655') in 0.0324108 seconds
Number of updated asset objects reloaded before import = 0Number of asset objects unloaded after import = 606

========================================================================
Received Import Request.
  Time since last request: 4.677333 seconds.
  path: Assets/World/Environment/Prefabs/Custom/asset set/Crate_low003.prefab
  artifactKey: Guid(d0a022a001d17fd4e8e491b05c0aff29) Importer(815301076,1909f56bfc062723c751e8b465ee728b)
Start importing Assets/World/Environment/Prefabs/Custom/asset set/Crate_low003.prefab using Guid(d0a022a001d17fd4e8e491b05c0aff29) Importer(815301076,1909f56bfc062723c751e8b465ee728b) (PreviewImporter) -> (artifact id: '8c258608d2055c4372389aff5310b57f') in 0.1045811 seconds
Number of updated asset objects reloaded before import = 0Number of asset objects unloaded after import = 606

========================================================================
Received Import Request.
  Time since last request: 0.000026 seconds.
  path: Assets/World/Environment/Prefabs/Custom/asset set/WhiskyGlass_low005.prefab
  artifactKey: Guid(b2b0a07a0de52b9468277a12c8eadd43) Importer(815301076,1909f56bfc062723c751e8b465ee728b)
Start importing Assets/World/Environment/Prefabs/Custom/asset set/WhiskyGlass_low005.prefab using Guid(b2b0a07a0de52b9468277a12c8eadd43) Importer(815301076,1909f56bfc062723c751e8b465ee728b) (PreviewImporter) -> (artifact id: 'd3dd4a3ed2808e7d109115d68589ad42') in 0.0415794 seconds
Number of updated asset objects reloaded before import = 0Number of asset objects unloaded after import = 606

========================================================================
Received Import Request.
  Time since last request: 0.000026 seconds.
  path: Assets/World/Environment/Prefabs/Custom/asset set/RoundGlass_low006.prefab
  artifactKey: Guid(49e32d247d0dd774a8528b515e7f4bc5) Importer(815301076,1909f56bfc062723c751e8b465ee728b)
Start importing Assets/World/Environment/Prefabs/Custom/asset set/RoundGlass_low006.prefab using Guid(49e32d247d0dd774a8528b515e7f4bc5) Importer(815301076,1909f56bfc062723c751e8b465ee728b) (PreviewImporter) -> (artifact id: '7ee71e16b3735265ee84be6d9e071495') in 0.0383552 seconds
Number of updated asset objects reloaded before import = 0Number of asset objects unloaded after import = 606

========================================================================
Received Import Request.
  Time since last request: 0.000036 seconds.
  path: Assets/World/Environment/Prefabs/Custom/asset set/WhiskyGlass_low004.prefab
  artifactKey: Guid(2aa812e487ae7b1498b4faea2459448d) Importer(815301076,1909f56bfc062723c751e8b465ee728b)
Start importing Assets/World/Environment/Prefabs/Custom/asset set/WhiskyGlass_low004.prefab using Guid(2aa812e487ae7b1498b4faea2459448d) Importer(815301076,1909f56bfc062723c751e8b465ee728b) (PreviewImporter) -> (artifact id: 'bac435f6339cfcc0e93539d6a722576a') in 0.0372974 seconds
Number of updated asset objects reloaded before import = 0Number of asset objects unloaded after import = 606

========================================================================
Received Import Request.
  Time since last request: 0.000027 seconds.
  path: Assets/World/Environment/Prefabs/Custom/asset set/SheriffHat_low.prefab
  artifactKey: Guid(84b442dac94c467468c54d4a618a8d1f) Importer(815301076,1909f56bfc062723c751e8b465ee728b)
Start importing Assets/World/Environment/Prefabs/Custom/asset set/SheriffHat_low.prefab using Guid(84b442dac94c467468c54d4a618a8d1f) Importer(815301076,1909f56bfc062723c751e8b465ee728b) (PreviewImporter) -> (artifact id: '013317ced68f3370db650b750ab1e822') in 0.0396609 seconds
Number of updated asset objects reloaded before import = 0Number of asset objects unloaded after import = 606

========================================================================
Received Import Request.
  Time since last request: 0.000029 seconds.
  path: Assets/World/Environment/Prefabs/Custom/asset set/SheriffBadgePin_low.prefab
  artifactKey: Guid(7b7139ea6350ad4409c4f33bab540c59) Importer(815301076,1909f56bfc062723c751e8b465ee728b)
Start importing Assets/World/Environment/Prefabs/Custom/asset set/SheriffBadgePin_low.prefab using Guid(7b7139ea6350ad4409c4f33bab540c59) Importer(815301076,1909f56bfc062723c751e8b465ee728b) (PreviewImporter) -> (artifact id: '2cde1c0e36289b321baf825d2b81674b') in 0.0429937 seconds
Number of updated asset objects reloaded before import = 0Number of asset objects unloaded after import = 606

========================================================================
Received Import Request.
  Time since last request: 0.000041 seconds.
  path: Assets/World/Environment/Prefabs/Custom/asset set/PokerTable_low.prefab
  artifactKey: Guid(6e89caf0b94582344b8250f3d1c07913) Importer(815301076,1909f56bfc062723c751e8b465ee728b)
Start importing Assets/World/Environment/Prefabs/Custom/asset set/PokerTable_low.prefab using Guid(6e89caf0b94582344b8250f3d1c07913) Importer(815301076,1909f56bfc062723c751e8b465ee728b) (PreviewImporter) -> (artifact id: 'e7e7289edd9ac72c6b5af2a7fb2191e9') in 0.0402233 seconds
Number of updated asset objects reloaded before import = 0Number of asset objects unloaded after import = 606

========================================================================
Received Import Request.
  Time since last request: 0.000028 seconds.
  path: Assets/World/Environment/Prefabs/Custom/asset set/Moonshine004_low.prefab
  artifactKey: Guid(ef1bbe33610c6104d8096d10f329338e) Importer(815301076,1909f56bfc062723c751e8b465ee728b)
Start importing Assets/World/Environment/Prefabs/Custom/asset set/Moonshine004_low.prefab using Guid(ef1bbe33610c6104d8096d10f329338e) Importer(815301076,1909f56bfc062723c751e8b465ee728b) (PreviewImporter) -> (artifact id: 'd2c23f453dd80cfa5228155c8b717ab2') in 0.0350173 seconds
Number of updated asset objects reloaded before import = 0Number of asset objects unloaded after import = 606

========================================================================
Received Import Request.
  Time since last request: 0.000031 seconds.
  path: Assets/World/Environment/Prefabs/Custom/asset set/WhiskyGlass_low.prefab
  artifactKey: Guid(62f6d6a4d996e9d449ddef67d1f840d2) Importer(815301076,1909f56bfc062723c751e8b465ee728b)
Start importing Assets/World/Environment/Prefabs/Custom/asset set/WhiskyGlass_low.prefab using Guid(62f6d6a4d996e9d449ddef67d1f840d2) Importer(815301076,1909f56bfc062723c751e8b465ee728b) (PreviewImporter) -> (artifact id: '8ab75debca1e9137f10b110abfd28bef') in 0.0435854 seconds
Number of updated asset objects reloaded before import = 0Number of asset objects unloaded after import = 606

========================================================================
Received Import Request.
  Time since last request: 0.000034 seconds.
  path: Assets/World/Environment/Prefabs/Custom/asset set/ChairLegs_low007.prefab
  artifactKey: Guid(06312c66f2baf3d4c9c2903d3000fc06) Importer(2089858483,b0f066a214c2f5e87bad3c948f4d605d)
Start importing Assets/World/Environment/Prefabs/Custom/asset set/ChairLegs_low007.prefab using Guid(06312c66f2baf3d4c9c2903d3000fc06) Importer(2089858483,b0f066a214c2f5e87bad3c948f4d605d) (ScriptedImporter) -> (artifact id: '5c55d06daeef82add7259d3a74d3fd51') in 0.0082246 seconds
Number of updated asset objects reloaded before import = 0Number of asset objects unloaded after import = 8

========================================================================
Received Import Request.
  Time since last request: 0.000040 seconds.
  path: Assets/World/Environment/Prefabs/Custom/asset set/ChairSeat_low005.prefab
  artifactKey: Guid(ca1d3710f2e3f21479d16398bb740368) Importer(2089858483,b0f066a214c2f5e87bad3c948f4d605d)
Start importing Assets/World/Environment/Prefabs/Custom/asset set/ChairSeat_low005.prefab using Guid(ca1d3710f2e3f21479d16398bb740368) Importer(2089858483,b0f066a214c2f5e87bad3c948f4d605d) (ScriptedImporter) -> (artifact id: 'a41ef5f1ca7b6cb33f06dab2504149f5') in 0.0086228 seconds
Number of updated asset objects reloaded before import = 0Number of asset objects unloaded after import = 8

========================================================================
Received Import Request.
  Time since last request: 0.000025 seconds.
  path: Assets/World/Environment/Prefabs/Custom/asset set/Moonshine004_low.prefab
  artifactKey: Guid(ef1bbe33610c6104d8096d10f329338e) Importer(2089858483,b0f066a214c2f5e87bad3c948f4d605d)
Start importing Assets/World/Environment/Prefabs/Custom/asset set/Moonshine004_low.prefab using Guid(ef1bbe33610c6104d8096d10f329338e) Importer(2089858483,b0f066a214c2f5e87bad3c948f4d605d) (ScriptedImporter) -> (artifact id: '3dcfec5f08bfe8694b0cae72e66dce7b') in 0.0084615 seconds
Number of updated asset objects reloaded before import = 0Number of asset objects unloaded after import = 8

========================================================================
Received Import Request.
  Time since last request: 0.000027 seconds.
  path: Assets/World/Environment/Prefabs/Custom/asset set/RoundGlass_low003.prefab
  artifactKey: Guid(40247f25390608840992d2857954a4fe) Importer(2089858483,b0f066a214c2f5e87bad3c948f4d605d)
Start importing Assets/World/Environment/Prefabs/Custom/asset set/RoundGlass_low003.prefab using Guid(40247f25390608840992d2857954a4fe) Importer(2089858483,b0f066a214c2f5e87bad3c948f4d605d) (ScriptedImporter) -> (artifact id: '1da53b5d0ace2218c0abc83bd9d12854') in 0.008139 seconds
Number of updated asset objects reloaded before import = 0Number of asset objects unloaded after import = 8

========================================================================
Received Import Request.
  Time since last request: 0.000026 seconds.
  path: Assets/World/Environment/Prefabs/Custom/asset set/AlcoholBottle008_low004.prefab
  artifactKey: Guid(d8286993badeed04aa166267751a3b2d) Importer(2089858483,b0f066a214c2f5e87bad3c948f4d605d)
Start importing Assets/World/Environment/Prefabs/Custom/asset set/AlcoholBottle008_low004.prefab using Guid(d8286993badeed04aa166267751a3b2d) Importer(2089858483,b0f066a214c2f5e87bad3c948f4d605d) (ScriptedImporter) -> (artifact id: 'b407a32f6806b680c29331671382ede4') in 0.0182641 seconds
Number of updated asset objects reloaded before import = 0Number of asset objects unloaded after import = 8

========================================================================
Received Import Request.
  Time since last request: 0.000036 seconds.
  path: Assets/World/Environment/Prefabs/Custom/asset set/SheriffHat_low001.prefab
  artifactKey: Guid(f2dca69605737fd43bee4763d7b7ace3) Importer(2089858483,b0f066a214c2f5e87bad3c948f4d605d)
Start importing Assets/World/Environment/Prefabs/Custom/asset set/SheriffHat_low001.prefab using Guid(f2dca69605737fd43bee4763d7b7ace3) Importer(2089858483,b0f066a214c2f5e87bad3c948f4d605d) (ScriptedImporter) -> (artifact id: '79b64a6350c05ab730fa97f3c05ad6ca') in 0.0094635 seconds
Number of updated asset objects reloaded before import = 0Number of asset objects unloaded after import = 8

========================================================================
Received Import Request.
  Time since last request: 0.000025 seconds.
  path: Assets/World/Environment/Prefabs/Custom/asset set/OilLampBot_low.prefab
  artifactKey: Guid(c1fd5ac4c0cdaf8438198303823718b9) Importer(2089858483,b0f066a214c2f5e87bad3c948f4d605d)
Start importing Assets/World/Environment/Prefabs/Custom/asset set/OilLampBot_low.prefab using Guid(c1fd5ac4c0cdaf8438198303823718b9) Importer(2089858483,b0f066a214c2f5e87bad3c948f4d605d) (ScriptedImporter) -> (artifact id: '197dcf059fec48b90aa07f734200068e') in 0.0086781 seconds
Number of updated asset objects reloaded before import = 0Number of asset objects unloaded after import = 8

========================================================================
Received Import Request.
  Time since last request: 0.000029 seconds.
  path: Assets/World/Environment/Prefabs/Custom/asset set/BullHorns_low.prefab
  artifactKey: Guid(934ef48e42fe0be4d9633aeae0fc580e) Importer(2089858483,b0f066a214c2f5e87bad3c948f4d605d)
Start importing Assets/World/Environment/Prefabs/Custom/asset set/BullHorns_low.prefab using Guid(934ef48e42fe0be4d9633aeae0fc580e) Importer(2089858483,b0f066a214c2f5e87bad3c948f4d605d) (ScriptedImporter) -> (artifact id: '8b719f14b31b2f62872791ee2dfed023') in 0.0083186 seconds
Number of updated asset objects reloaded before import = 0Number of asset objects unloaded after import = 8

========================================================================
Received Import Request.
  Time since last request: 0.000030 seconds.
  path: Assets/World/Environment/Prefabs/Custom/asset set/PokerTable_low.prefab
  artifactKey: Guid(6e89caf0b94582344b8250f3d1c07913) Importer(2089858483,b0f066a214c2f5e87bad3c948f4d605d)
Start importing Assets/World/Environment/Prefabs/Custom/asset set/PokerTable_low.prefab using Guid(6e89caf0b94582344b8250f3d1c07913) Importer(2089858483,b0f066a214c2f5e87bad3c948f4d605d) (ScriptedImporter) -> (artifact id: 'b7374cac53f0b89e63b9bbb778ce1f84') in 0.0075305 seconds
Number of updated asset objects reloaded before import = 0Number of asset objects unloaded after import = 8

========================================================================
Received Import Request.
  Time since last request: 0.000043 seconds.
  path: Assets/World/Environment/Prefabs/Custom/asset set/WantedPoster012.prefab
  artifactKey: Guid(74618f53862c45d4683965474b28e0c6) Importer(2089858483,b0f066a214c2f5e87bad3c948f4d605d)
Start importing Assets/World/Environment/Prefabs/Custom/asset set/WantedPoster012.prefab using Guid(74618f53862c45d4683965474b28e0c6) Importer(2089858483,b0f066a214c2f5e87bad3c948f4d605d) (ScriptedImporter) -> (artifact id: '1d15453d7a80d73968c2014d2c5a568f') in 0.0080975 seconds
Number of updated asset objects reloaded before import = 0Number of asset objects unloaded after import = 8

========================================================================
Received Import Request.
  Time since last request: 0.000024 seconds.
  path: Assets/World/Environment/Prefabs/Custom/asset set/Crate_low002.prefab
  artifactKey: Guid(02d97d2e44330db4c901c79eeec9323f) Importer(2089858483,b0f066a214c2f5e87bad3c948f4d605d)
Start importing Assets/World/Environment/Prefabs/Custom/asset set/Crate_low002.prefab using Guid(02d97d2e44330db4c901c79eeec9323f) Importer(2089858483,b0f066a214c2f5e87bad3c948f4d605d) (ScriptedImporter) -> (artifact id: 'ec83025d462c97628538b354f279046e') in 0.00799 seconds
Number of updated asset objects reloaded before import = 0Number of asset objects unloaded after import = 8

========================================================================
Received Import Request.
  Time since last request: 0.000024 seconds.
  path: Assets/World/Environment/Prefabs/Custom/asset set/WhiskyGlass_low006.prefab
  artifactKey: Guid(0b36f964ccab4a84f8e05783d556c3ce) Importer(2089858483,b0f066a214c2f5e87bad3c948f4d605d)
Start importing Assets/World/Environment/Prefabs/Custom/asset set/WhiskyGlass_low006.prefab using Guid(0b36f964ccab4a84f8e05783d556c3ce) Importer(2089858483,b0f066a214c2f5e87bad3c948f4d605d) (ScriptedImporter) -> (artifact id: 'a10e2fd045f24a94a5c97eaa68b6b455') in 0.0096166 seconds
Number of updated asset objects reloaded before import = 0Number of asset objects unloaded after import = 8

========================================================================
Received Import Request.
  Time since last request: 0.000025 seconds.
  path: Assets/World/Environment/Prefabs/Custom/asset set/ChairBackRest_low005.prefab
  artifactKey: Guid(40c7b348de8500b4b92b8986235f0023) Importer(2089858483,b0f066a214c2f5e87bad3c948f4d605d)
Start importing Assets/World/Environment/Prefabs/Custom/asset set/ChairBackRest_low005.prefab using Guid(40c7b348de8500b4b92b8986235f0023) Importer(2089858483,b0f066a214c2f5e87bad3c948f4d605d) (ScriptedImporter) -> (artifact id: 'ce4d52169b193fd0e7265f36fefdcb96') in 0.0077802 seconds
Number of updated asset objects reloaded before import = 0Number of asset objects unloaded after import = 8

========================================================================
Received Import Request.
  Time since last request: 0.000036 seconds.
  path: Assets/World/Environment/Prefabs/Custom/asset set/AlcoholBottle008_low003.prefab
  artifactKey: Guid(2cbeed05bcb942548b255ff8e0235a09) Importer(2089858483,b0f066a214c2f5e87bad3c948f4d605d)
Start importing Assets/World/Environment/Prefabs/Custom/asset set/AlcoholBottle008_low003.prefab using Guid(2cbeed05bcb942548b255ff8e0235a09) Importer(2089858483,b0f066a214c2f5e87bad3c948f4d605d) (ScriptedImporter) -> (artifact id: '76314e74611c2746e237b665ec37e5f3') in 0.0102545 seconds
Number of updated asset objects reloaded before import = 0Number of asset objects unloaded after import = 8

========================================================================
Received Import Request.
  Time since last request: 0.000030 seconds.
  path: Assets/World/Environment/Prefabs/Custom/asset set/AlcoholBottle008_low006.prefab
  artifactKey: Guid(51395d8034323cd499fcbc3f2ae64242) Importer(2089858483,b0f066a214c2f5e87bad3c948f4d605d)
Start importing Assets/World/Environment/Prefabs/Custom/asset set/AlcoholBottle008_low006.prefab using Guid(51395d8034323cd499fcbc3f2ae64242) Importer(2089858483,b0f066a214c2f5e87bad3c948f4d605d) (ScriptedImporter) -> (artifact id: 'e733185bdd412c8be3efecc07b60aba4') in 0.009045 seconds
Number of updated asset objects reloaded before import = 0Number of asset objects unloaded after import = 8

========================================================================
Received Import Request.
  Time since last request: 0.000038 seconds.
  path: Assets/World/Environment/Prefabs/Custom/asset set/WantedPoster011.prefab
  artifactKey: Guid(696647e6364af6341a55145163b90c52) Importer(2089858483,b0f066a214c2f5e87bad3c948f4d605d)
Start importing Assets/World/Environment/Prefabs/Custom/asset set/WantedPoster011.prefab using Guid(696647e6364af6341a55145163b90c52) Importer(2089858483,b0f066a214c2f5e87bad3c948f4d605d) (ScriptedImporter) -> (artifact id: 'fef53e223480d49798bb852de91f8288') in 0.0088732 seconds
Number of updated asset objects reloaded before import = 0Number of asset objects unloaded after import = 8

========================================================================
Received Import Request.
  Time since last request: 0.000025 seconds.
  path: Assets/World/Environment/Prefabs/Custom/asset set/ChairFeetRests_low004.prefab
  artifactKey: Guid(32c3361d90222934386cd9b44d9c2e1e) Importer(2089858483,b0f066a214c2f5e87bad3c948f4d605d)
Start importing Assets/World/Environment/Prefabs/Custom/asset set/ChairFeetRests_low004.prefab using Guid(32c3361d90222934386cd9b44d9c2e1e) Importer(2089858483,b0f066a214c2f5e87bad3c948f4d605d) (ScriptedImporter) -> (artifact id: 'c98430a6647f8d529de925eacb73fa9f') in 0.0168448 seconds
Number of updated asset objects reloaded before import = 0Number of asset objects unloaded after import = 8

========================================================================
Received Import Request.
  Time since last request: 0.000034 seconds.
  path: Assets/World/Environment/Prefabs/Custom/asset set/CandleHolder_low001.prefab
  artifactKey: Guid(faa36e22619b4664f9d897a73415f8d2) Importer(2089858483,b0f066a214c2f5e87bad3c948f4d605d)
Start importing Assets/World/Environment/Prefabs/Custom/asset set/CandleHolder_low001.prefab using Guid(faa36e22619b4664f9d897a73415f8d2) Importer(2089858483,b0f066a214c2f5e87bad3c948f4d605d) (ScriptedImporter) -> (artifact id: '00000000000000000000000000000000') in 0.0079673 seconds
Import Error Code:(4)
Message: Build asset version error: assets/world/environment/prefabs/custom/asset set/candleholder_low001.prefab in SourceAssetDB has modification time of '2026-04-05T16:58:01.9532431Z' while content on disk has modification time of '2026-04-05T16:58:04.878283Z'
  ERROR: Build asset version error: assets/world/environment/prefabs/custom/asset set/candleholder_low001.prefab in SourceAssetDB has modification time of '2026-04-05T16:58:01.9532431Z' while content on disk has modification time of '2026-04-05T16:58:04.878283Z'
Number of updated asset objects reloaded before import = 0Number of asset objects unloaded after import = 2

========================================================================
Received Import Request.
  Time since last request: 0.000028 seconds.
  path: Assets/World/Environment/Prefabs/Custom/asset set/AlcoholBottle010_low001.prefab
  artifactKey: Guid(1efb78e06a5e241408c231909e0f9516) Importer(2089858483,b0f066a214c2f5e87bad3c948f4d605d)
Start importing Assets/World/Environment/Prefabs/Custom/asset set/AlcoholBottle010_low001.prefab using Guid(1efb78e06a5e241408c231909e0f9516) Importer(2089858483,b0f066a214c2f5e87bad3c948f4d605d) (ScriptedImporter) -> (artifact id: '2f7c70d4b3de54a9cc69aca678221047') in 0.0045491 seconds
Number of updated asset objects reloaded before import = 0Number of asset objects unloaded after import = 0

========================================================================
Received Import Request.
  Time since last request: 0.530454 seconds.
  path: Assets/World/Environment/Prefabs/Custom/asset set/Crate_low003.prefab
  artifactKey: Guid(d0a022a001d17fd4e8e491b05c0aff29) Importer(815301076,1909f56bfc062723c751e8b465ee728b)
Start importing Assets/World/Environment/Prefabs/Custom/asset set/Crate_low003.prefab using Guid(d0a022a001d17fd4e8e491b05c0aff29) Importer(815301076,1909f56bfc062723c751e8b465ee728b) (PreviewImporter) -> (artifact id: '4034dec80f5bde7b0097a46ef9ef941d') in 0.0495676 seconds
Number of updated asset objects reloaded before import = 0Number of asset objects unloaded after import = 606

========================================================================
Received Import Request.
  Time since last request: 0.000026 seconds.
  path: Assets/World/Environment/Prefabs/Custom/asset set/WhiskyGlass_low005.prefab
  artifactKey: Guid(b2b0a07a0de52b9468277a12c8eadd43) Importer(815301076,1909f56bfc062723c751e8b465ee728b)
Start importing Assets/World/Environment/Prefabs/Custom/asset set/WhiskyGlass_low005.prefab using Guid(b2b0a07a0de52b9468277a12c8eadd43) Importer(815301076,1909f56bfc062723c751e8b465ee728b) (PreviewImporter) -> (artifact id: '054caf093916491de1e0928fee1fea30') in 0.0367843 seconds
Number of updated asset objects reloaded before import = 0Number of asset objects unloaded after import = 606

========================================================================
Received Import Request.
  Time since last request: 0.000039 seconds.
  path: Assets/World/Environment/Prefabs/Custom/asset set/SheriffBadgeHook_low.prefab
  artifactKey: Guid(ad0c0e072dc810946b14061af195f945) Importer(815301076,1909f56bfc062723c751e8b465ee728b)
Start importing Assets/World/Environment/Prefabs/Custom/asset set/SheriffBadgeHook_low.prefab using Guid(ad0c0e072dc810946b14061af195f945) Importer(815301076,1909f56bfc062723c751e8b465ee728b) (PreviewImporter) -> (artifact id: '811d70a9bab5bfdd3aecc60f27b96aa7') in 0.0390182 seconds
Number of updated asset objects reloaded before import = 0Number of asset objects unloaded after import = 606

========================================================================
Received Import Request.
  Time since last request: 0.000038 seconds.
  path: Assets/World/Environment/Prefabs/Custom/asset set/WhiskyGlass_low004.prefab
  artifactKey: Guid(2aa812e487ae7b1498b4faea2459448d) Importer(815301076,1909f56bfc062723c751e8b465ee728b)
Start importing Assets/World/Environment/Prefabs/Custom/asset set/WhiskyGlass_low004.prefab using Guid(2aa812e487ae7b1498b4faea2459448d) Importer(815301076,1909f56bfc062723c751e8b465ee728b) (PreviewImporter) -> (artifact id: '3bdac5b30ff115d0e2e545042b9eea16') in 0.0360918 seconds
Number of updated asset objects reloaded before import = 0Number of asset objects unloaded after import = 606

========================================================================
Received Import Request.
  Time since last request: 0.000034 seconds.
  path: Assets/World/Environment/Prefabs/Custom/asset set/WantedBoard_low001.prefab
  artifactKey: Guid(e65473221c0058e43abf6acd60ca918f) Importer(815301076,1909f56bfc062723c751e8b465ee728b)
Start importing Assets/World/Environment/Prefabs/Custom/asset set/WantedBoard_low001.prefab using Guid(e65473221c0058e43abf6acd60ca918f) Importer(815301076,1909f56bfc062723c751e8b465ee728b) (PreviewImporter) -> (artifact id: '01f1b6ac14d7721c9ce1845d86d37d27') in 0.035425 seconds
Number of updated asset objects reloaded before import = 0Number of asset objects unloaded after import = 606

========================================================================
Received Import Request.
  Time since last request: 0.000028 seconds.
  path: Assets/World/Environment/Prefabs/Custom/asset set/WantedBoard_low.prefab
  artifactKey: Guid(9602dbfea5ac52c48b568cd0ee9694e4) Importer(815301076,1909f56bfc062723c751e8b465ee728b)
Start importing Assets/World/Environment/Prefabs/Custom/asset set/WantedBoard_low.prefab using Guid(9602dbfea5ac52c48b568cd0ee9694e4) Importer(815301076,1909f56bfc062723c751e8b465ee728b) (PreviewImporter) -> (artifact id: '3fdf71cd0fb9e6e47d6b913856db6447') in 0.0411913 seconds
Number of updated asset objects reloaded before import = 0Number of asset objects unloaded after import = 606

========================================================================
Received Import Request.
  Time since last request: 0.000031 seconds.
  path: Assets/World/Environment/Prefabs/Custom/asset set/WantedPoster4.prefab
  artifactKey: Guid(3eaecb7f3375fe744ab01eae2c5f3630) Importer(815301076,1909f56bfc062723c751e8b465ee728b)
Start importing Assets/World/Environment/Prefabs/Custom/asset set/WantedPoster4.prefab using Guid(3eaecb7f3375fe744ab01eae2c5f3630) Importer(815301076,1909f56bfc062723c751e8b465ee728b) (PreviewImporter) -> (artifact id: '9ef28477a38dd7aebf4621b71e440696') in 0.0395837 seconds
Number of updated asset objects reloaded before import = 0Number of asset objects unloaded after import = 606

========================================================================
Received Import Request.
  Time since last request: 0.000041 seconds.
  path: Assets/World/Environment/Prefabs/Custom/asset set/WhiskyGlass_low009.prefab
  artifactKey: Guid(26a9bb8eea378fc4dafed3edc5f1b948) Importer(815301076,1909f56bfc062723c751e8b465ee728b)
Start importing Assets/World/Environment/Prefabs/Custom/asset set/WhiskyGlass_low009.prefab using Guid(26a9bb8eea378fc4dafed3edc5f1b948) Importer(815301076,1909f56bfc062723c751e8b465ee728b) (PreviewImporter) -> (artifact id: '4ef77631325e77656de47cd549dd3783') in 0.0370572 seconds
Number of updated asset objects reloaded before import = 0Number of asset objects unloaded after import = 606

========================================================================
Received Import Request.
  Time since last request: 0.000029 seconds.
  path: Assets/World/Environment/Prefabs/Custom/asset set/WhiskyGlass_low.prefab
  artifactKey: Guid(62f6d6a4d996e9d449ddef67d1f840d2) Importer(815301076,1909f56bfc062723c751e8b465ee728b)
Start importing Assets/World/Environment/Prefabs/Custom/asset set/WhiskyGlass_low.prefab using Guid(62f6d6a4d996e9d449ddef67d1f840d2) Importer(815301076,1909f56bfc062723c751e8b465ee728b) (PreviewImporter) -> (artifact id: 'd30c302b5c6a85546b29707d2554a495') in 0.0334717 seconds
Number of updated asset objects reloaded before import = 0Number of asset objects unloaded after import = 606

========================================================================
Received Import Request.
  Time since last request: 0.000026 seconds.
  path: Assets/World/Environment/Prefabs/Custom/asset set/PokerTable_low001.prefab
  artifactKey: Guid(7d0bea3256d01ba42935387359c7a183) Importer(815301076,1909f56bfc062723c751e8b465ee728b)
Start importing Assets/World/Environment/Prefabs/Custom/asset set/PokerTable_low001.prefab using Guid(7d0bea3256d01ba42935387359c7a183) Importer(815301076,1909f56bfc062723c751e8b465ee728b) (PreviewImporter) -> (artifact id: '49ec0b83ac9c94449c987e1948577bed') in 0.0441451 seconds
Number of updated asset objects reloaded before import = 0Number of asset objects unloaded after import = 606

========================================================================
Received Import Request.
  Time since last request: 0.000031 seconds.
  path: Assets/World/Environment/Prefabs/Custom/asset set/WhiskyGlass_low007.prefab
  artifactKey: Guid(e13ce46e36a34cd45a2dcf0afa34c91b) Importer(815301076,1909f56bfc062723c751e8b465ee728b)
Start importing Assets/World/Environment/Prefabs/Custom/asset set/WhiskyGlass_low007.prefab using Guid(e13ce46e36a34cd45a2dcf0afa34c91b) Importer(815301076,1909f56bfc062723c751e8b465ee728b) (PreviewImporter) -> (artifact id: '89498bdbe2f0dd632327195f849acc45') in 0.0369295 seconds
Number of updated asset objects reloaded before import = 0Number of asset objects unloaded after import = 606

========================================================================
Received Import Request.
  Time since last request: 0.000037 seconds.
  path: Assets/World/Environment/Prefabs/Custom/asset set/WhiskyGlass_low001.prefab
  artifactKey: Guid(8b00f8bac4866b148baaeffb07e8feb2) Importer(815301076,1909f56bfc062723c751e8b465ee728b)
Start importing Assets/World/Environment/Prefabs/Custom/asset set/WhiskyGlass_low001.prefab using Guid(8b00f8bac4866b148baaeffb07e8feb2) Importer(815301076,1909f56bfc062723c751e8b465ee728b) (PreviewImporter) -> (artifact id: 'f38d78d48404228416af8b26668dfb6a') in 0.0386539 seconds
Number of updated asset objects reloaded before import = 0Number of asset objects unloaded after import = 606

========================================================================
Received Import Request.
  Time since last request: 0.000028 seconds.
  path: Assets/World/Environment/Prefabs/Custom/asset set/WantedPoster3.prefab
  artifactKey: Guid(dcf3dede18adc164bb5709a468120a0b) Importer(815301076,1909f56bfc062723c751e8b465ee728b)
Start importing Assets/World/Environment/Prefabs/Custom/asset set/WantedPoster3.prefab using Guid(dcf3dede18adc164bb5709a468120a0b) Importer(815301076,1909f56bfc062723c751e8b465ee728b) (PreviewImporter) -> (artifact id: '877f21c0213344508839a64853986998') in 0.0377543 seconds
Number of updated asset objects reloaded before import = 0Number of asset objects unloaded after import = 606

========================================================================
Received Import Request.
  Time since last request: 1.185566 seconds.
  path: Assets/World/Environment/Prefabs/Custom/asset set/Crate_low004.prefab
  artifactKey: Guid(73f8976b50e70824c95041eefa5dcc49) Importer(815301076,1909f56bfc062723c751e8b465ee728b)
Start importing Assets/World/Environment/Prefabs/Custom/asset set/Crate_low004.prefab using Guid(73f8976b50e70824c95041eefa5dcc49) Importer(815301076,1909f56bfc062723c751e8b465ee728b) (PreviewImporter) -> (artifact id: '37edc9b0ea9cbf23ae0e29f241ec4c07') in 0.0436998 seconds
Number of updated asset objects reloaded before import = 0Number of asset objects unloaded after import = 606

========================================================================
Received Import Request.
  Time since last request: 0.000036 seconds.
  path: Assets/World/Environment/Prefabs/Custom/asset set/WantedPoster1.prefab
  artifactKey: Guid(ec12ef2c1f934174eaea00265be132d2) Importer(815301076,1909f56bfc062723c751e8b465ee728b)
Start importing Assets/World/Environment/Prefabs/Custom/asset set/WantedPoster1.prefab using Guid(ec12ef2c1f934174eaea00265be132d2) Importer(815301076,1909f56bfc062723c751e8b465ee728b) (PreviewImporter) -> (artifact id: '1372eafcf81740ced096de2e1155f555') in 0.0412981 seconds
Number of updated asset objects reloaded before import = 0Number of asset objects unloaded after import = 606

========================================================================
Received Import Request.
  Time since last request: 0.000037 seconds.
  path: Assets/World/Environment/Prefabs/Custom/asset set/KegSwitch_low.prefab
  artifactKey: Guid(2fa549176d0228440ad4132377c55445) Importer(815301076,1909f56bfc062723c751e8b465ee728b)
Start importing Assets/World/Environment/Prefabs/Custom/asset set/KegSwitch_low.prefab using Guid(2fa549176d0228440ad4132377c55445) Importer(815301076,1909f56bfc062723c751e8b465ee728b) (PreviewImporter) -> (artifact id: '6f84ff235ce909777ec727a748932a46') in 0.0502392 seconds
Number of updated asset objects reloaded before import = 0Number of asset objects unloaded after import = 606

========================================================================
Received Import Request.
  Time since last request: 0.000032 seconds.
  path: Assets/World/Environment/Prefabs/Custom/asset set/OilLampBot_low.prefab
  artifactKey: Guid(c1fd5ac4c0cdaf8438198303823718b9) Importer(815301076,1909f56bfc062723c751e8b465ee728b)
Start importing Assets/World/Environment/Prefabs/Custom/asset set/OilLampBot_low.prefab using Guid(c1fd5ac4c0cdaf8438198303823718b9) Importer(815301076,1909f56bfc062723c751e8b465ee728b) (PreviewImporter) -> (artifact id: 'a9418693a5cff77aa9d6e91a935cbfc2') in 0.0510642 seconds
Number of updated asset objects reloaded before import = 0Number of asset objects unloaded after import = 606

========================================================================
Received Import Request.
  Time since last request: 0.000056 seconds.
  path: Assets/World/Environment/Prefabs/Custom/asset set/WhiskyGlass_low004.prefab
  artifactKey: Guid(2aa812e487ae7b1498b4faea2459448d) Importer(815301076,1909f56bfc062723c751e8b465ee728b)
Start importing Assets/World/Environment/Prefabs/Custom/asset set/WhiskyGlass_low004.prefab using Guid(2aa812e487ae7b1498b4faea2459448d) Importer(815301076,1909f56bfc062723c751e8b465ee728b) (PreviewImporter) -> (artifact id: 'd5429426875fa074c48828c5fe987893') in 0.0394433 seconds
Number of updated asset objects reloaded before import = 0Number of asset objects unloaded after import = 606

========================================================================
Received Import Request.
  Time since last request: 0.000044 seconds.
  path: Assets/World/Environment/Prefabs/Custom/asset set/ChairBackRest_low.prefab
  artifactKey: Guid(e66af02f1065dc843a9204ede16a85d0) Importer(815301076,1909f56bfc062723c751e8b465ee728b)
Start importing Assets/World/Environment/Prefabs/Custom/asset set/ChairBackRest_low.prefab using Guid(e66af02f1065dc843a9204ede16a85d0) Importer(815301076,1909f56bfc062723c751e8b465ee728b) (PreviewImporter) -> (artifact id: 'b9b1be025997db99c891010087ca2dbb') in 0.0501104 seconds
Number of updated asset objects reloaded before import = 0Number of asset objects unloaded after import = 606

========================================================================
Received Import Request.
  Time since last request: 0.000042 seconds.
  path: Assets/World/Environment/Prefabs/Custom/asset set/ChairLegs_low004.prefab
  artifactKey: Guid(e82dc85cae86fe941b4ab178bd0043fb) Importer(815301076,1909f56bfc062723c751e8b465ee728b)
Start importing Assets/World/Environment/Prefabs/Custom/asset set/ChairLegs_low004.prefab using Guid(e82dc85cae86fe941b4ab178bd0043fb) Importer(815301076,1909f56bfc062723c751e8b465ee728b) (PreviewImporter) -> (artifact id: 'b90c19b333a2d31a192fc3aab0ec6f6a') in 0.0425029 seconds
Number of updated asset objects reloaded before import = 0Number of asset objects unloaded after import = 606

========================================================================
Received Import Request.
  Time since last request: 0.000033 seconds.
  path: Assets/World/Environment/Prefabs/Custom/asset set/StandardTable_low001.prefab
  artifactKey: Guid(d98861f37d7effe489c47ac0830f90c0) Importer(815301076,1909f56bfc062723c751e8b465ee728b)
Start importing Assets/World/Environment/Prefabs/Custom/asset set/StandardTable_low001.prefab using Guid(d98861f37d7effe489c47ac0830f90c0) Importer(815301076,1909f56bfc062723c751e8b465ee728b) (PreviewImporter) -> (artifact id: 'a77d0d1dc40775cdcac763a1a28cb705') in 0.037688 seconds
Number of updated asset objects reloaded before import = 0Number of asset objects unloaded after import = 606

========================================================================
Received Import Request.
  Time since last request: 0.000044 seconds.
  path: Assets/World/Environment/Prefabs/Custom/asset set/BarStool_low004.prefab
  artifactKey: Guid(b4ea61a4eb466554ba3f429225b6a4ac) Importer(815301076,1909f56bfc062723c751e8b465ee728b)
Start importing Assets/World/Environment/Prefabs/Custom/asset set/BarStool_low004.prefab using Guid(b4ea61a4eb466554ba3f429225b6a4ac) Importer(815301076,1909f56bfc062723c751e8b465ee728b) (PreviewImporter) -> (artifact id: '182072b45978e04a121e5d64713ee349') in 0.0391764 seconds
Number of updated asset objects reloaded before import = 0Number of asset objects unloaded after import = 606

========================================================================
Received Import Request.
  Time since last request: 0.000026 seconds.
  path: Assets/World/Environment/Prefabs/Custom/asset set/AlcoholBottle008_low003.prefab
  artifactKey: Guid(2cbeed05bcb942548b255ff8e0235a09) Importer(815301076,1909f56bfc062723c751e8b465ee728b)
Start importing Assets/World/Environment/Prefabs/Custom/asset set/AlcoholBottle008_low003.prefab using Guid(2cbeed05bcb942548b255ff8e0235a09) Importer(815301076,1909f56bfc062723c751e8b465ee728b) (PreviewImporter) -> (artifact id: 'c383130c364c2cb5d113bf82880dbef3') in 0.0391909 seconds
Number of updated asset objects reloaded before import = 0Number of asset objects unloaded after import = 606

========================================================================
Received Import Request.
  Time since last request: 0.000025 seconds.
  path: Assets/World/Environment/Prefabs/Custom/asset set/ChairSeat_low003.prefab
  artifactKey: Guid(f57494ca6cfb0834ba96109c4a5f9f82) Importer(815301076,1909f56bfc062723c751e8b465ee728b)
Start importing Assets/World/Environment/Prefabs/Custom/asset set/ChairSeat_low003.prefab using Guid(f57494ca6cfb0834ba96109c4a5f9f82) Importer(815301076,1909f56bfc062723c751e8b465ee728b) (PreviewImporter) -> (artifact id: '0e693bb9c8ad2075dab8944ee47c689b') in 0.0402537 seconds
Number of updated asset objects reloaded before import = 0Number of asset objects unloaded after import = 606

========================================================================
Received Import Request.
  Time since last request: 0.000031 seconds.
  path: Assets/World/Environment/Prefabs/Custom/asset set/WantedBoard_low.prefab
  artifactKey: Guid(9602dbfea5ac52c48b568cd0ee9694e4) Importer(815301076,1909f56bfc062723c751e8b465ee728b)
Start importing Assets/World/Environment/Prefabs/Custom/asset set/WantedBoard_low.prefab using Guid(9602dbfea5ac52c48b568cd0ee9694e4) Importer(815301076,1909f56bfc062723c751e8b465ee728b) (PreviewImporter) -> (artifact id: '96e9d6e0fc3ec17715ac9c702c6b57ab') in 0.0397688 seconds
Number of updated asset objects reloaded before import = 0Number of asset objects unloaded after import = 606

========================================================================
Received Import Request.
  Time since last request: 0.000039 seconds.
  path: Assets/World/Environment/Prefabs/Custom/asset set/StandardTable_low.prefab
  artifactKey: Guid(24b311b07ecb3844bbe0cd8aa664a591) Importer(815301076,1909f56bfc062723c751e8b465ee728b)
Start importing Assets/World/Environment/Prefabs/Custom/asset set/StandardTable_low.prefab using Guid(24b311b07ecb3844bbe0cd8aa664a591) Importer(815301076,1909f56bfc062723c751e8b465ee728b) (PreviewImporter) -> (artifact id: '21c3ddecf93bbb963f2e14e7980e829c') in 0.0390908 seconds
Number of updated asset objects reloaded before import = 0Number of asset objects unloaded after import = 606

========================================================================
Received Import Request.
  Time since last request: 0.000024 seconds.
  path: Assets/World/Environment/Prefabs/Custom/asset set/ChairSeat_low001.prefab
  artifactKey: Guid(0a7005744ff625942abce8aa35937cfa) Importer(815301076,1909f56bfc062723c751e8b465ee728b)
Start importing Assets/World/Environment/Prefabs/Custom/asset set/ChairSeat_low001.prefab using Guid(0a7005744ff625942abce8aa35937cfa) Importer(815301076,1909f56bfc062723c751e8b465ee728b) (PreviewImporter) -> (artifact id: 'a6704293bc56e8cf610761bf56288f4d') in 0.0394731 seconds
Number of updated asset objects reloaded before import = 0Number of asset objects unloaded after import = 606

========================================================================
Received Import Request.
  Time since last request: 0.000030 seconds.
  path: Assets/World/Environment/Prefabs/Custom/asset set/PokerTable_low.prefab
  artifactKey: Guid(6e89caf0b94582344b8250f3d1c07913) Importer(815301076,1909f56bfc062723c751e8b465ee728b)
Start importing Assets/World/Environment/Prefabs/Custom/asset set/PokerTable_low.prefab using Guid(6e89caf0b94582344b8250f3d1c07913) Importer(815301076,1909f56bfc062723c751e8b465ee728b) (PreviewImporter) -> (artifact id: '770859684cb0f81fae55f95348151881') in 0.039115 seconds
Number of updated asset objects reloaded before import = 0Number of asset objects unloaded after import = 606

========================================================================
Received Import Request.
  Time since last request: 0.000034 seconds.
  path: Assets/World/Environment/Prefabs/Custom/asset set/ChairSeat_low004.prefab
  artifactKey: Guid(89b841070043c9646b173e891860671a) Importer(815301076,1909f56bfc062723c751e8b465ee728b)
Start importing Assets/World/Environment/Prefabs/Custom/asset set/ChairSeat_low004.prefab using Guid(89b841070043c9646b173e891860671a) Importer(815301076,1909f56bfc062723c751e8b465ee728b) (PreviewImporter) -> (artifact id: 'b46b90bce4b5a94127f70224764ec4e4') in 0.038571 seconds
Number of updated asset objects reloaded before import = 0Number of asset objects unloaded after import = 606

========================================================================
Received Import Request.
  Time since last request: 0.000043 seconds.
  path: Assets/World/Environment/Prefabs/Custom/asset set/ChairFeetRests_low004.prefab
  artifactKey: Guid(32c3361d90222934386cd9b44d9c2e1e) Importer(815301076,1909f56bfc062723c751e8b465ee728b)
Start importing Assets/World/Environment/Prefabs/Custom/asset set/ChairFeetRests_low004.prefab using Guid(32c3361d90222934386cd9b44d9c2e1e) Importer(815301076,1909f56bfc062723c751e8b465ee728b) (PreviewImporter) -> (artifact id: '8926b90654ac66d395d9071e7a14fd64') in 0.037925 seconds
Number of updated asset objects reloaded before import = 0Number of asset objects unloaded after import = 606

========================================================================
Received Import Request.
  Time since last request: 0.000032 seconds.
  path: Assets/World/Environment/Prefabs/Custom/asset set/ChairFeetRests_low.prefab
  artifactKey: Guid(a0b6eaa77a7e7184bbd5eaf204d2e753) Importer(815301076,1909f56bfc062723c751e8b465ee728b)
Start importing Assets/World/Environment/Prefabs/Custom/asset set/ChairFeetRests_low.prefab using Guid(a0b6eaa77a7e7184bbd5eaf204d2e753) Importer(815301076,1909f56bfc062723c751e8b465ee728b) (PreviewImporter) -> (artifact id: 'e160d573ba3821158e9dffe4d3e04a2a') in 0.0374471 seconds
Number of updated asset objects reloaded before import = 0Number of asset objects unloaded after import = 606

========================================================================
Received Import Request.
  Time since last request: 0.000028 seconds.
  path: Assets/World/Environment/Prefabs/Custom/asset set/ChairBackRest_low001.prefab
  artifactKey: Guid(606b56f2d1e1534448c9edefb426cfa7) Importer(815301076,1909f56bfc062723c751e8b465ee728b)
Start importing Assets/World/Environment/Prefabs/Custom/asset set/ChairBackRest_low001.prefab using Guid(606b56f2d1e1534448c9edefb426cfa7) Importer(815301076,1909f56bfc062723c751e8b465ee728b) (PreviewImporter) -> (artifact id: '8b4fdbfcc3d8918415b937424d924099') in 0.0410986 seconds
Number of updated asset objects reloaded before import = 0Number of asset objects unloaded after import = 606

========================================================================
Received Import Request.
  Time since last request: 0.000032 seconds.
  path: Assets/World/Environment/Prefabs/Custom/asset set/ChairFeetRests_low006.prefab
  artifactKey: Guid(8f3a7476e08f9294e8c913e82ca16b3e) Importer(815301076,1909f56bfc062723c751e8b465ee728b)
Start importing Assets/World/Environment/Prefabs/Custom/asset set/ChairFeetRests_low006.prefab using Guid(8f3a7476e08f9294e8c913e82ca16b3e) Importer(815301076,1909f56bfc062723c751e8b465ee728b) (PreviewImporter) -> (artifact id: '99bd6574f2548e945eb8f9d931b72507') in 0.0370074 seconds
Number of updated asset objects reloaded before import = 0Number of asset objects unloaded after import = 606

========================================================================
Received Import Request.
  Time since last request: 0.000042 seconds.
  path: Assets/World/Environment/Prefabs/Custom/asset set/ChairFeetRests_low008.prefab
  artifactKey: Guid(0d0ee9b0d0d57b84499a8bf01894f04e) Importer(815301076,1909f56bfc062723c751e8b465ee728b)
Start importing Assets/World/Environment/Prefabs/Custom/asset set/ChairFeetRests_low008.prefab using Guid(0d0ee9b0d0d57b84499a8bf01894f04e) Importer(815301076,1909f56bfc062723c751e8b465ee728b) (PreviewImporter) -> (artifact id: '73a8717bee585a89d9320e0b4feb610f') in 0.0360606 seconds
Number of updated asset objects reloaded before import = 0Number of asset objects unloaded after import = 606

========================================================================
Received Import Request.
  Time since last request: 0.000061 seconds.
  path: Assets/World/Environment/Prefabs/Custom/asset set/SheriffHat_low001.prefab
  artifactKey: Guid(f2dca69605737fd43bee4763d7b7ace3) Importer(815301076,1909f56bfc062723c751e8b465ee728b)
Start importing Assets/World/Environment/Prefabs/Custom/asset set/SheriffHat_low001.prefab using Guid(f2dca69605737fd43bee4763d7b7ace3) Importer(815301076,1909f56bfc062723c751e8b465ee728b) (PreviewImporter) -> (artifact id: '5aa8940d771bbb41861a7ae5708887b5') in 0.0361632 seconds
Number of updated asset objects reloaded before import = 0Number of asset objects unloaded after import = 606

========================================================================
Received Import Request.
  Time since last request: 0.000030 seconds.
  path: Assets/World/Environment/Prefabs/Custom/asset set/RoundGlass_low.prefab
  artifactKey: Guid(4f507d865f9f5314388e584361ee75f2) Importer(815301076,1909f56bfc062723c751e8b465ee728b)
Start importing Assets/World/Environment/Prefabs/Custom/asset set/RoundGlass_low.prefab using Guid(4f507d865f9f5314388e584361ee75f2) Importer(815301076,1909f56bfc062723c751e8b465ee728b) (PreviewImporter) -> (artifact id: '66e7f1335a900920c1fede9abe553ee3') in 0.036555 seconds
Number of updated asset objects reloaded before import = 0Number of asset objects unloaded after import = 606

========================================================================
Received Import Request.
  Time since last request: 0.000039 seconds.
  path: Assets/World/Environment/Prefabs/Custom/asset set/RoundGlass_low004.prefab
  artifactKey: Guid(8fc9f78cf10d29a4c81a25a35f2f7a48) Importer(815301076,1909f56bfc062723c751e8b465ee728b)
Start importing Assets/World/Environment/Prefabs/Custom/asset set/RoundGlass_low004.prefab using Guid(8fc9f78cf10d29a4c81a25a35f2f7a48) Importer(815301076,1909f56bfc062723c751e8b465ee728b) (PreviewImporter) -> (artifact id: '5162f138cd82a6863ae9ee517380db75') in 0.0360441 seconds
Number of updated asset objects reloaded before import = 0Number of asset objects unloaded after import = 606

========================================================================
Received Import Request.
  Time since last request: 0.000027 seconds.
  path: Assets/World/Environment/Prefabs/Custom/asset set/Crate_low001.prefab
  artifactKey: Guid(822358bc3001d2e4eb6a21332232b797) Importer(815301076,1909f56bfc062723c751e8b465ee728b)
Start importing Assets/World/Environment/Prefabs/Custom/asset set/Crate_low001.prefab using Guid(822358bc3001d2e4eb6a21332232b797) Importer(815301076,1909f56bfc062723c751e8b465ee728b) (PreviewImporter) -> (artifact id: '150a6d18fc345814176dfe5209bf8a6b') in 0.0325847 seconds
Number of updated asset objects reloaded before import = 0Number of asset objects unloaded after import = 606

========================================================================
Received Import Request.
  Time since last request: 0.000027 seconds.
  path: Assets/World/Environment/Prefabs/Custom/asset set/AlcoholBottle010_low.prefab
  artifactKey: Guid(a170b1f96683ef54fb9a8285230ba66c) Importer(815301076,1909f56bfc062723c751e8b465ee728b)
Start importing Assets/World/Environment/Prefabs/Custom/asset set/AlcoholBottle010_low.prefab using Guid(a170b1f96683ef54fb9a8285230ba66c) Importer(815301076,1909f56bfc062723c751e8b465ee728b) (PreviewImporter) -> (artifact id: '0300b05ba41ad9200543cca23154eef6') in 0.042718 seconds
Number of updated asset objects reloaded before import = 0Number of asset objects unloaded after import = 606

========================================================================
Received Import Request.
  Time since last request: 0.000034 seconds.
  path: Assets/World/Environment/Prefabs/Custom/asset set/AlcoholBottle008_low002.prefab
  artifactKey: Guid(5b5934a292d8af34bb8b6586535bec28) Importer(815301076,1909f56bfc062723c751e8b465ee728b)
Start importing Assets/World/Environment/Prefabs/Custom/asset set/AlcoholBottle008_low002.prefab using Guid(5b5934a292d8af34bb8b6586535bec28) Importer(815301076,1909f56bfc062723c751e8b465ee728b) (PreviewImporter) -> (artifact id: '37b4e6084d53de3f7fa07ce12ff418ea') in 0.0373275 seconds
Number of updated asset objects reloaded before import = 0Number of asset objects unloaded after import = 606

========================================================================
Received Import Request.
  Time since last request: 0.000042 seconds.
  path: Assets/World/Environment/Prefabs/Custom/asset set/ChairLegs_low001.prefab
  artifactKey: Guid(a894b7bc0a08b3b41a711cecbb569a74) Importer(815301076,1909f56bfc062723c751e8b465ee728b)
Start importing Assets/World/Environment/Prefabs/Custom/asset set/ChairLegs_low001.prefab using Guid(a894b7bc0a08b3b41a711cecbb569a74) Importer(815301076,1909f56bfc062723c751e8b465ee728b) (PreviewImporter) -> (artifact id: 'f00b59092547ca7a0ac5eff259f57fff') in 0.035445 seconds
Number of updated asset objects reloaded before import = 0Number of asset objects unloaded after import = 606

========================================================================
Received Import Request.
  Time since last request: 0.000029 seconds.
  path: Assets/World/Environment/Prefabs/Custom/asset set/AlcoholBottle008_low006.prefab
  artifactKey: Guid(51395d8034323cd499fcbc3f2ae64242) Importer(815301076,1909f56bfc062723c751e8b465ee728b)
Start importing Assets/World/Environment/Prefabs/Custom/asset set/AlcoholBottle008_low006.prefab using Guid(51395d8034323cd499fcbc3f2ae64242) Importer(815301076,1909f56bfc062723c751e8b465ee728b) (PreviewImporter) -> (artifact id: '621646021a1bc074663ee788643cc164') in 0.0364458 seconds
Number of updated asset objects reloaded before import = 0Number of asset objects unloaded after import = 606

========================================================================
Received Import Request.
  Time since last request: 0.000036 seconds.
  path: Assets/World/Environment/Prefabs/Custom/asset set/AlcoholBottle008_low005.prefab
  artifactKey: Guid(ed5a6088a4144b640b436eb736734337) Importer(815301076,1909f56bfc062723c751e8b465ee728b)
Start importing Assets/World/Environment/Prefabs/Custom/asset set/AlcoholBottle008_low005.prefab using Guid(ed5a6088a4144b640b436eb736734337) Importer(815301076,1909f56bfc062723c751e8b465ee728b) (PreviewImporter) -> (artifact id: 'fa2a3157bd3ec1eaf1b812750de78f49') in 0.0317008 seconds
Number of updated asset objects reloaded before import = 0Number of asset objects unloaded after import = 606

========================================================================
Received Import Request.
  Time since last request: 2.676115 seconds.
  path: Assets/World/Environment/Prefabs/Custom/asset set/WantedPoster013.prefab
  artifactKey: Guid(4681a0e0e11994e4abae8ef969e433eb) Importer(2089858483,b0f066a214c2f5e87bad3c948f4d605d)
Start importing Assets/World/Environment/Prefabs/Custom/asset set/WantedPoster013.prefab using Guid(4681a0e0e11994e4abae8ef969e433eb) Importer(2089858483,b0f066a214c2f5e87bad3c948f4d605d) (ScriptedImporter) -> (artifact id: 'fdbc213717a73a690182ca1dbfc2c140') in 0.0113884 seconds
Number of updated asset objects reloaded before import = 0Number of asset objects unloaded after import = 8

========================================================================
Received Import Request.
  Time since last request: 0.000029 seconds.
  path: Assets/World/Environment/Prefabs/Custom/asset set/AlcoholBottle008_low006.prefab
  artifactKey: Guid(51395d8034323cd499fcbc3f2ae64242) Importer(2089858483,b0f066a214c2f5e87bad3c948f4d605d)
Start importing Assets/World/Environment/Prefabs/Custom/asset set/AlcoholBottle008_low006.prefab using Guid(51395d8034323cd499fcbc3f2ae64242) Importer(2089858483,b0f066a214c2f5e87bad3c948f4d605d) (ScriptedImporter) -> (artifact id: '02ae13eab6ae6cadc610626e04e86e3b') in 0.0098138 seconds
Number of updated asset objects reloaded before import = 0Number of asset objects unloaded after import = 8

========================================================================
Received Import Request.
  Time since last request: 0.000029 seconds.
  path: Assets/World/Environment/Prefabs/Custom/asset set/RoundGlass_low001.prefab
  artifactKey: Guid(d8d7a7fcbee3228478c2b9d611859c2f) Importer(2089858483,b0f066a214c2f5e87bad3c948f4d605d)
Start importing Assets/World/Environment/Prefabs/Custom/asset set/RoundGlass_low001.prefab using Guid(d8d7a7fcbee3228478c2b9d611859c2f) Importer(2089858483,b0f066a214c2f5e87bad3c948f4d605d) (ScriptedImporter) -> (artifact id: 'cbc1aafb91e5fcf55fb9a6c4786ffb82') in 0.0096258 seconds
Number of updated asset objects reloaded before import = 0Number of asset objects unloaded after import = 8

========================================================================
Received Import Request.
  Time since last request: 0.000028 seconds.
  path: Assets/World/Environment/Prefabs/Custom/asset set/PokerTable_low001.prefab
  artifactKey: Guid(7d0bea3256d01ba42935387359c7a183) Importer(2089858483,b0f066a214c2f5e87bad3c948f4d605d)
Start importing Assets/World/Environment/Prefabs/Custom/asset set/PokerTable_low001.prefab using Guid(7d0bea3256d01ba42935387359c7a183) Importer(2089858483,b0f066a214c2f5e87bad3c948f4d605d) (ScriptedImporter) -> (artifact id: '8d939be2a738c157c01406dcd6ab8488') in 0.0081025 seconds
Number of updated asset objects reloaded before import = 0Number of asset objects unloaded after import = 8

========================================================================
Received Import Request.
  Time since last request: 0.000035 seconds.
  path: Assets/World/Environment/Prefabs/Custom/asset set/WantedPoster4.prefab
  artifactKey: Guid(3eaecb7f3375fe744ab01eae2c5f3630) Importer(2089858483,b0f066a214c2f5e87bad3c948f4d605d)
Start importing Assets/World/Environment/Prefabs/Custom/asset set/WantedPoster4.prefab using Guid(3eaecb7f3375fe744ab01eae2c5f3630) Importer(2089858483,b0f066a214c2f5e87bad3c948f4d605d) (ScriptedImporter) -> (artifact id: '0ef6b7acb45a6790a79665be7fd2469b') in 0.0076906 seconds
Number of updated asset objects reloaded before import = 0Number of asset objects unloaded after import = 8

========================================================================
Received Import Request.
  Time since last request: 0.000030 seconds.
  path: Assets/World/Environment/Prefabs/Custom/asset set/AlcoholBottle008_low.prefab
  artifactKey: Guid(1954b7f435cc13341b4ad2628e1c097c) Importer(2089858483,b0f066a214c2f5e87bad3c948f4d605d)
Start importing Assets/World/Environment/Prefabs/Custom/asset set/AlcoholBottle008_low.prefab using Guid(1954b7f435cc13341b4ad2628e1c097c) Importer(2089858483,b0f066a214c2f5e87bad3c948f4d605d) (ScriptedImporter) -> (artifact id: '64081749f2e230eff7ace9537357672e') in 0.0090098 seconds
Number of updated asset objects reloaded before import = 0Number of asset objects unloaded after import = 8

========================================================================
Received Import Request.
  Time since last request: 0.000027 seconds.
  path: Assets/World/Environment/Prefabs/Custom/asset set/RoundGlass_low005.prefab
  artifactKey: Guid(1406fe4218abdf947b8e6a3bce30e3bf) Importer(2089858483,b0f066a214c2f5e87bad3c948f4d605d)
Start importing Assets/World/Environment/Prefabs/Custom/asset set/RoundGlass_low005.prefab using Guid(1406fe4218abdf947b8e6a3bce30e3bf) Importer(2089858483,b0f066a214c2f5e87bad3c948f4d605d) (ScriptedImporter) -> (artifact id: '977d5c9a3bcc38da871abc5db3b30760') in 0.0084884 seconds
Number of updated asset objects reloaded before import = 0Number of asset objects unloaded after import = 8

========================================================================
Received Import Request.
  Time since last request: 0.000032 seconds.
  path: Assets/World/Environment/Prefabs/Custom/asset set/BarStool_low003.prefab
  artifactKey: Guid(fff75f2cf22b85043aca6a64382e5f63) Importer(2089858483,b0f066a214c2f5e87bad3c948f4d605d)
Start importing Assets/World/Environment/Prefabs/Custom/asset set/BarStool_low003.prefab using Guid(fff75f2cf22b85043aca6a64382e5f63) Importer(2089858483,b0f066a214c2f5e87bad3c948f4d605d) (ScriptedImporter) -> (artifact id: '214fe37205ae67fc4892fb28aca2cbc4') in 0.0089146 seconds
Number of updated asset objects reloaded before import = 0Number of asset objects unloaded after import = 8

========================================================================
Received Import Request.
  Time since last request: 0.000040 seconds.
  path: Assets/World/Environment/Prefabs/Custom/asset set/ChairLegs_low005.prefab
  artifactKey: Guid(8a9f71b009777a04ba7a036d17221090) Importer(2089858483,b0f066a214c2f5e87bad3c948f4d605d)
Start importing Assets/World/Environment/Prefabs/Custom/asset set/ChairLegs_low005.prefab using Guid(8a9f71b009777a04ba7a036d17221090) Importer(2089858483,b0f066a214c2f5e87bad3c948f4d605d) (ScriptedImporter) -> (artifact id: 'de9b23ae302b0898a7aa21a5172ce35c') in 0.0083423 seconds
Number of updated asset objects reloaded before import = 0Number of asset objects unloaded after import = 8

========================================================================
Received Import Request.
  Time since last request: 0.000028 seconds.
  path: Assets/World/Environment/Prefabs/Custom/asset set/Keg_low.prefab
  artifactKey: Guid(bf95307609842644398246a107bfd460) Importer(2089858483,b0f066a214c2f5e87bad3c948f4d605d)
Start importing Assets/World/Environment/Prefabs/Custom/asset set/Keg_low.prefab using Guid(bf95307609842644398246a107bfd460) Importer(2089858483,b0f066a214c2f5e87bad3c948f4d605d) (ScriptedImporter) -> (artifact id: 'e9ee67aeddf457ddfefcf4a93acbcd66') in 0.0093976 seconds
Number of updated asset objects reloaded before import = 0Number of asset objects unloaded after import = 8

========================================================================
Received Import Request.
  Time since last request: 0.000025 seconds.
  path: Assets/World/Environment/Prefabs/Custom/asset set/KegTap_low.prefab
  artifactKey: Guid(db7d70a7c2392474999a71c7e6ce6bd5) Importer(2089858483,b0f066a214c2f5e87bad3c948f4d605d)
Start importing Assets/World/Environment/Prefabs/Custom/asset set/KegTap_low.prefab using Guid(db7d70a7c2392474999a71c7e6ce6bd5) Importer(2089858483,b0f066a214c2f5e87bad3c948f4d605d) (ScriptedImporter) -> (artifact id: '39d0e352383476f72d10a67f4f299837') in 0.0093232 seconds
Number of updated asset objects reloaded before import = 0Number of asset objects unloaded after import = 8

========================================================================
Received Import Request.
  Time since last request: 0.000033 seconds.
  path: Assets/World/Environment/Prefabs/Custom/asset set/AlcoholBottle008_low002.prefab
  artifactKey: Guid(5b5934a292d8af34bb8b6586535bec28) Importer(2089858483,b0f066a214c2f5e87bad3c948f4d605d)
Start importing Assets/World/Environment/Prefabs/Custom/asset set/AlcoholBottle008_low002.prefab using Guid(5b5934a292d8af34bb8b6586535bec28) Importer(2089858483,b0f066a214c2f5e87bad3c948f4d605d) (ScriptedImporter) -> (artifact id: 'bde825cdacc3c30a70990ee43edc9973') in 0.0092572 seconds
Number of updated asset objects reloaded before import = 0Number of asset objects unloaded after import = 8

========================================================================
Received Import Request.
  Time since last request: 0.000039 seconds.
  path: Assets/World/Environment/Prefabs/Custom/asset set/ChairFeetRests_low006.prefab
  artifactKey: Guid(8f3a7476e08f9294e8c913e82ca16b3e) Importer(2089858483,b0f066a214c2f5e87bad3c948f4d605d)
Start importing Assets/World/Environment/Prefabs/Custom/asset set/ChairFeetRests_low006.prefab using Guid(8f3a7476e08f9294e8c913e82ca16b3e) Importer(2089858483,b0f066a214c2f5e87bad3c948f4d605d) (ScriptedImporter) -> (artifact id: 'b6ab436d0fef056dfc29fb7f293f2a4f') in 0.010243 seconds
Number of updated asset objects reloaded before import = 0Number of asset objects unloaded after import = 8

========================================================================
Received Import Request.
  Time since last request: 0.000028 seconds.
  path: Assets/World/Environment/Prefabs/Custom/asset set/RoundGlass_low002.prefab
  artifactKey: Guid(11d51f8838e3d3f469b2630560ad8717) Importer(2089858483,b0f066a214c2f5e87bad3c948f4d605d)
Start importing Assets/World/Environment/Prefabs/Custom/asset set/RoundGlass_low002.prefab using Guid(11d51f8838e3d3f469b2630560ad8717) Importer(2089858483,b0f066a214c2f5e87bad3c948f4d605d) (ScriptedImporter) -> (artifact id: '10c98f63433e33a5c105d2874abab135') in 0.0119856 seconds
Number of updated asset objects reloaded before import = 0Number of asset objects unloaded after import = 8

========================================================================
Received Import Request.
  Time since last request: 0.000024 seconds.
  path: Assets/World/Environment/Prefabs/Custom/asset set/WantedBoard_low001.prefab
  artifactKey: Guid(e65473221c0058e43abf6acd60ca918f) Importer(2089858483,b0f066a214c2f5e87bad3c948f4d605d)
Start importing Assets/World/Environment/Prefabs/Custom/asset set/WantedBoard_low001.prefab using Guid(e65473221c0058e43abf6acd60ca918f) Importer(2089858483,b0f066a214c2f5e87bad3c948f4d605d) (ScriptedImporter) -> (artifact id: 'ae128408e72a22593eb10c0943a06c16') in 0.0087941 seconds
Number of updated asset objects reloaded before import = 0Number of asset objects unloaded after import = 8

========================================================================
Received Import Request.
  Time since last request: 0.862316 seconds.
  path: Assets/World/Environment/Prefabs/Custom/asset set/ChairLegs_low002.prefab
  artifactKey: Guid(55d360d652e584a4f968ea4433ffd62d) Importer(2089858483,b0f066a214c2f5e87bad3c948f4d605d)
Start importing Assets/World/Environment/Prefabs/Custom/asset set/ChairLegs_low002.prefab using Guid(55d360d652e584a4f968ea4433ffd62d) Importer(2089858483,b0f066a214c2f5e87bad3c948f4d605d) (ScriptedImporter) -> (artifact id: '2d613b48b27368addfc857329b37d021') in 0.011308 seconds
Number of updated asset objects reloaded before import = 0Number of asset objects unloaded after import = 8

========================================================================
Received Import Request.
  Time since last request: 0.000029 seconds.
  path: Assets/World/Environment/Prefabs/Custom/asset set/BarStool_low002.prefab
  artifactKey: Guid(30b07154c18fef247a84869e2abc2a75) Importer(2089858483,b0f066a214c2f5e87bad3c948f4d605d)
Start importing Assets/World/Environment/Prefabs/Custom/asset set/BarStool_low002.prefab using Guid(30b07154c18fef247a84869e2abc2a75) Importer(2089858483,b0f066a214c2f5e87bad3c948f4d605d) (ScriptedImporter) -> (artifact id: '6ec55f31461063ad1b1255307eb1caa3') in 0.0110963 seconds
Number of updated asset objects reloaded before import = 0Number of asset objects unloaded after import = 8

========================================================================
Received Import Request.
  Time since last request: 0.000034 seconds.
  path: Assets/World/Environment/Prefabs/Custom/asset set/Moonshine004_low001.prefab
  artifactKey: Guid(754f91351166cf34ab2480b7e720d060) Importer(2089858483,b0f066a214c2f5e87bad3c948f4d605d)
Start importing Assets/World/Environment/Prefabs/Custom/asset set/Moonshine004_low001.prefab using Guid(754f91351166cf34ab2480b7e720d060) Importer(2089858483,b0f066a214c2f5e87bad3c948f4d605d) (ScriptedImporter) -> (artifact id: 'f4bd1de948b2cd4fb281de2ffc82a0f0') in 0.0095264 seconds
Number of updated asset objects reloaded before import = 0Number of asset objects unloaded after import = 8

========================================================================
Received Import Request.
  Time since last request: 0.000047 seconds.
  path: Assets/World/Environment/Prefabs/Custom/asset set/Moonshine004_low.prefab
  artifactKey: Guid(ef1bbe33610c6104d8096d10f329338e) Importer(2089858483,b0f066a214c2f5e87bad3c948f4d605d)
Start importing Assets/World/Environment/Prefabs/Custom/asset set/Moonshine004_low.prefab using Guid(ef1bbe33610c6104d8096d10f329338e) Importer(2089858483,b0f066a214c2f5e87bad3c948f4d605d) (ScriptedImporter) -> (artifact id: '0d996765bb1509f55ad7709bb1d42b77') in 0.0127411 seconds
Number of updated asset objects reloaded before import = 0Number of asset objects unloaded after import = 8

========================================================================
Received Import Request.
  Time since last request: 0.000036 seconds.
  path: Assets/World/Environment/Prefabs/Custom/asset set/ChairSeat_low006.prefab
  artifactKey: Guid(20ba73d0cc3d3314b9f059f8945ad623) Importer(2089858483,b0f066a214c2f5e87bad3c948f4d605d)
Start importing Assets/World/Environment/Prefabs/Custom/asset set/ChairSeat_low006.prefab using Guid(20ba73d0cc3d3314b9f059f8945ad623) Importer(2089858483,b0f066a214c2f5e87bad3c948f4d605d) (ScriptedImporter) -> (artifact id: 'abd2f9951b4638c683d314bae6a4ad37') in 0.0109959 seconds
Number of updated asset objects reloaded before import = 0Number of asset objects unloaded after import = 8

========================================================================
Received Import Request.
  Time since last request: 0.000037 seconds.
  path: Assets/World/Environment/Prefabs/Custom/asset set/SheriffBadgePin_low.prefab
  artifactKey: Guid(7b7139ea6350ad4409c4f33bab540c59) Importer(2089858483,b0f066a214c2f5e87bad3c948f4d605d)
Start importing Assets/World/Environment/Prefabs/Custom/asset set/SheriffBadgePin_low.prefab using Guid(7b7139ea6350ad4409c4f33bab540c59) Importer(2089858483,b0f066a214c2f5e87bad3c948f4d605d) (ScriptedImporter) -> (artifact id: '654aa95902fcb334ab2a36f75ce22490') in 0.0192605 seconds
Number of updated asset objects reloaded before import = 0Number of asset objects unloaded after import = 8

========================================================================
Received Import Request.
  Time since last request: 0.000028 seconds.
  path: Assets/World/Environment/Prefabs/Custom/asset set/SheriffHat_low001.prefab
  artifactKey: Guid(f2dca69605737fd43bee4763d7b7ace3) Importer(2089858483,b0f066a214c2f5e87bad3c948f4d605d)
Start importing Assets/World/Environment/Prefabs/Custom/asset set/SheriffHat_low001.prefab using Guid(f2dca69605737fd43bee4763d7b7ace3) Importer(2089858483,b0f066a214c2f5e87bad3c948f4d605d) (ScriptedImporter) -> (artifact id: 'fec111081a95b22477b847d70b710ec8') in 0.0093666 seconds
Number of updated asset objects reloaded before import = 0Number of asset objects unloaded after import = 8

========================================================================
Received Import Request.
  Time since last request: 0.000039 seconds.
  path: Assets/World/Environment/Prefabs/Custom/asset set/WhiskyGlass_low009.prefab
  artifactKey: Guid(26a9bb8eea378fc4dafed3edc5f1b948) Importer(2089858483,b0f066a214c2f5e87bad3c948f4d605d)
Start importing Assets/World/Environment/Prefabs/Custom/asset set/WhiskyGlass_low009.prefab using Guid(26a9bb8eea378fc4dafed3edc5f1b948) Importer(2089858483,b0f066a214c2f5e87bad3c948f4d605d) (ScriptedImporter) -> (artifact id: '6dbfbf0083c5a853b5c3cbd3e85b68e0') in 0.0122689 seconds
Number of updated asset objects reloaded before import = 0Number of asset objects unloaded after import = 8

========================================================================
Received Import Request.
  Time since last request: 0.000044 seconds.
  path: Assets/World/Environment/Prefabs/Custom/asset set/WhiskyGlass_low002.prefab
  artifactKey: Guid(5126e3110bb3f3f41b5255b3c5939b30) Importer(2089858483,b0f066a214c2f5e87bad3c948f4d605d)
Start importing Assets/World/Environment/Prefabs/Custom/asset set/WhiskyGlass_low002.prefab using Guid(5126e3110bb3f3f41b5255b3c5939b30) Importer(2089858483,b0f066a214c2f5e87bad3c948f4d605d) (ScriptedImporter) -> (artifact id: '652f2e7ede05614fd02501740f09dc93') in 0.0100426 seconds
Number of updated asset objects reloaded before import = 0Number of asset objects unloaded after import = 8

========================================================================
Received Import Request.
  Time since last request: 0.000025 seconds.
  path: Assets/World/Environment/Prefabs/Custom/asset set/WantedPoster012.prefab
  artifactKey: Guid(74618f53862c45d4683965474b28e0c6) Importer(2089858483,b0f066a214c2f5e87bad3c948f4d605d)
Start importing Assets/World/Environment/Prefabs/Custom/asset set/WantedPoster012.prefab using Guid(74618f53862c45d4683965474b28e0c6) Importer(2089858483,b0f066a214c2f5e87bad3c948f4d605d) (ScriptedImporter) -> (artifact id: '8108c099d606b6011946c7ba73aaf783') in 0.0100688 seconds
Number of updated asset objects reloaded before import = 0Number of asset objects unloaded after import = 8

========================================================================
Received Import Request.
  Time since last request: 0.000031 seconds.
  path: Assets/World/Environment/Prefabs/Custom/asset set/WhiskyGlass_low003.prefab
  artifactKey: Guid(eab6293ff4ee87044a14c7702054bcea) Importer(2089858483,b0f066a214c2f5e87bad3c948f4d605d)
Start importing Assets/World/Environment/Prefabs/Custom/asset set/WhiskyGlass_low003.prefab using Guid(eab6293ff4ee87044a14c7702054bcea) Importer(2089858483,b0f066a214c2f5e87bad3c948f4d605d) (ScriptedImporter) -> (artifact id: '8487e77c61e8d34c7b0a28b59fe1945c') in 0.0136492 seconds
Number of updated asset objects reloaded before import = 0Number of asset objects unloaded after import = 8

========================================================================
Received Import Request.
  Time since last request: 0.000041 seconds.
  path: Assets/World/Environment/Prefabs/Custom/asset set/WhiskyGlass_low006.prefab
  artifactKey: Guid(0b36f964ccab4a84f8e05783d556c3ce) Importer(2089858483,b0f066a214c2f5e87bad3c948f4d605d)
Start importing Assets/World/Environment/Prefabs/Custom/asset set/WhiskyGlass_low006.prefab using Guid(0b36f964ccab4a84f8e05783d556c3ce) Importer(2089858483,b0f066a214c2f5e87bad3c948f4d605d) (ScriptedImporter) -> (artifact id: '1010107a5b0fe96de4236654dd050919') in 0.009485 seconds
Number of updated asset objects reloaded before import = 0Number of asset objects unloaded after import = 8

========================================================================
Received Import Request.
  Time since last request: 0.000032 seconds.
  path: Assets/World/Environment/Prefabs/Custom/asset set/WhiskyGlass_low004.prefab
  artifactKey: Guid(2aa812e487ae7b1498b4faea2459448d) Importer(2089858483,b0f066a214c2f5e87bad3c948f4d605d)
Start importing Assets/World/Environment/Prefabs/Custom/asset set/WhiskyGlass_low004.prefab using Guid(2aa812e487ae7b1498b4faea2459448d) Importer(2089858483,b0f066a214c2f5e87bad3c948f4d605d) (ScriptedImporter) -> (artifact id: 'b3e6526cc23477050cbf032a8f5793d1') in 0.0092989 seconds
Number of updated asset objects reloaded before import = 0Number of asset objects unloaded after import = 8

========================================================================
Received Import Request.
  Time since last request: 0.000027 seconds.
  path: Assets/World/Environment/Prefabs/Custom/asset set/ChairFeetRests_low007.prefab
  artifactKey: Guid(fc8d6da92c12d044597fee6750ea315b) Importer(2089858483,b0f066a214c2f5e87bad3c948f4d605d)
Start importing Assets/World/Environment/Prefabs/Custom/asset set/ChairFeetRests_low007.prefab using Guid(fc8d6da92c12d044597fee6750ea315b) Importer(2089858483,b0f066a214c2f5e87bad3c948f4d605d) (ScriptedImporter) -> (artifact id: 'ee9f72c81df73b3878f2f947f1be79ae') in 0.0125478 seconds
Number of updated asset objects reloaded before import = 0Number of asset objects unloaded after import = 8

========================================================================
Received Import Request.
  Time since last request: 0.000036 seconds.
  path: Assets/World/Environment/Prefabs/Custom/asset set/ChairFeetRests_low008.prefab
  artifactKey: Guid(0d0ee9b0d0d57b84499a8bf01894f04e) Importer(2089858483,b0f066a214c2f5e87bad3c948f4d605d)
Start importing Assets/World/Environment/Prefabs/Custom/asset set/ChairFeetRests_low008.prefab using Guid(0d0ee9b0d0d57b84499a8bf01894f04e) Importer(2089858483,b0f066a214c2f5e87bad3c948f4d605d) (ScriptedImporter) -> (artifact id: '52abbeb362229383500918ae1fbedcb7') in 0.0100865 seconds
Number of updated asset objects reloaded before import = 0Number of asset objects unloaded after import = 8

========================================================================
Received Import Request.
  Time since last request: 22.633796 seconds.
  path: Assets/World/Environment/Prefabs/Custom/asset set/Crate_low004.prefab
  artifactKey: Guid(73f8976b50e70824c95041eefa5dcc49) Importer(815301076,1909f56bfc062723c751e8b465ee728b)
Start importing Assets/World/Environment/Prefabs/Custom/asset set/Crate_low004.prefab using Guid(73f8976b50e70824c95041eefa5dcc49) Importer(815301076,1909f56bfc062723c751e8b465ee728b) (PreviewImporter) -> (artifact id: '4501074621cf0dc8bd28efa222dc0740') in 0.0800781 seconds
Number of updated asset objects reloaded before import = 0Number of asset objects unloaded after import = 606

========================================================================
Received Import Request.
  Time since last request: 0.000030 seconds.
  path: Assets/World/Environment/Prefabs/Custom/asset set/BarStool_low002.prefab
  artifactKey: Guid(30b07154c18fef247a84869e2abc2a75) Importer(815301076,1909f56bfc062723c751e8b465ee728b)
Start importing Assets/World/Environment/Prefabs/Custom/asset set/BarStool_low002.prefab using Guid(30b07154c18fef247a84869e2abc2a75) Importer(815301076,1909f56bfc062723c751e8b465ee728b) (PreviewImporter) -> (artifact id: 'd607158ea9a6573cb202d0cbf6898002') in 0.0451024 seconds
Number of updated asset objects reloaded before import = 0Number of asset objects unloaded after import = 606

========================================================================
Received Import Request.
  Time since last request: 0.000027 seconds.
  path: Assets/World/Environment/Prefabs/Custom/asset set/KegSwitch_low.prefab
  artifactKey: Guid(2fa549176d0228440ad4132377c55445) Importer(815301076,1909f56bfc062723c751e8b465ee728b)
Start importing Assets/World/Environment/Prefabs/Custom/asset set/KegSwitch_low.prefab using Guid(2fa549176d0228440ad4132377c55445) Importer(815301076,1909f56bfc062723c751e8b465ee728b) (PreviewImporter) -> (artifact id: '9a22082c751e74a1d0da7f04f709b0b7') in 0.0379379 seconds
Number of updated asset objects reloaded before import = 0Number of asset objects unloaded after import = 606

========================================================================
Received Import Request.
  Time since last request: 0.000039 seconds.
  path: Assets/World/Environment/Prefabs/Custom/asset set/SheriffBadgePin_low001.prefab
  artifactKey: Guid(ceaf65be9e4b0c94dab9d460f24b555f) Importer(815301076,1909f56bfc062723c751e8b465ee728b)
Start importing Assets/World/Environment/Prefabs/Custom/asset set/SheriffBadgePin_low001.prefab using Guid(ceaf65be9e4b0c94dab9d460f24b555f) Importer(815301076,1909f56bfc062723c751e8b465ee728b) (PreviewImporter) -> (artifact id: 'b9e69ba9fc124756fdc995312a6aa89a') in 0.0377867 seconds
Number of updated asset objects reloaded before import = 0Number of asset objects unloaded after import = 606

========================================================================
Received Import Request.
  Time since last request: 0.000027 seconds.
  path: Assets/World/Environment/Prefabs/Custom/asset set/WantedBoard_low001.prefab
  artifactKey: Guid(e65473221c0058e43abf6acd60ca918f) Importer(815301076,1909f56bfc062723c751e8b465ee728b)
Start importing Assets/World/Environment/Prefabs/Custom/asset set/WantedBoard_low001.prefab using Guid(e65473221c0058e43abf6acd60ca918f) Importer(815301076,1909f56bfc062723c751e8b465ee728b) (PreviewImporter) -> (artifact id: '24a1920d084ee73a3e2c30b7fb008fe7') in 0.0419107 seconds
Number of updated asset objects reloaded before import = 0Number of asset objects unloaded after import = 606

========================================================================
Received Import Request.
  Time since last request: 0.000021 seconds.
  path: Assets/World/Environment/Prefabs/Custom/asset set/WantedBoard_low.prefab
  artifactKey: Guid(9602dbfea5ac52c48b568cd0ee9694e4) Importer(815301076,1909f56bfc062723c751e8b465ee728b)
Start importing Assets/World/Environment/Prefabs/Custom/asset set/WantedBoard_low.prefab using Guid(9602dbfea5ac52c48b568cd0ee9694e4) Importer(815301076,1909f56bfc062723c751e8b465ee728b) (PreviewImporter) -> (artifact id: 'c355eae919c3b5f893bfc75fd0f91068') in 0.0342383 seconds
Number of updated asset objects reloaded before import = 0Number of asset objects unloaded after import = 606

========================================================================
Received Import Request.
  Time since last request: 0.000027 seconds.
  path: Assets/World/Environment/Prefabs/Custom/asset set/Shelf_low.prefab
  artifactKey: Guid(d2f61852f3f0f61469a7fdd8da4915e0) Importer(815301076,1909f56bfc062723c751e8b465ee728b)
Start importing Assets/World/Environment/Prefabs/Custom/asset set/Shelf_low.prefab using Guid(d2f61852f3f0f61469a7fdd8da4915e0) Importer(815301076,1909f56bfc062723c751e8b465ee728b) (PreviewImporter) -> (artifact id: 'dd3c1da39746d2325de082593a0ef0c4') in 0.0330006 seconds
Number of updated asset objects reloaded before import = 0Number of asset objects unloaded after import = 606

========================================================================
Received Import Request.
  Time since last request: 0.000036 seconds.
  path: Assets/World/Environment/Prefabs/Custom/asset set/WantedPoster2.prefab
  artifactKey: Guid(373806f2eb61c884ebafd2b970f9bdd2) Importer(815301076,1909f56bfc062723c751e8b465ee728b)
Start importing Assets/World/Environment/Prefabs/Custom/asset set/WantedPoster2.prefab using Guid(373806f2eb61c884ebafd2b970f9bdd2) Importer(815301076,1909f56bfc062723c751e8b465ee728b) (PreviewImporter) -> (artifact id: '78574c078a4520befc524aa0e4f2a992') in 0.0354237 seconds
Number of updated asset objects reloaded before import = 0Number of asset objects unloaded after import = 606

========================================================================
Received Import Request.
  Time since last request: 0.000028 seconds.
  path: Assets/World/Environment/Prefabs/Custom/asset set/Moonshine004_low001.prefab
  artifactKey: Guid(754f91351166cf34ab2480b7e720d060) Importer(815301076,1909f56bfc062723c751e8b465ee728b)
Start importing Assets/World/Environment/Prefabs/Custom/asset set/Moonshine004_low001.prefab using Guid(754f91351166cf34ab2480b7e720d060) Importer(815301076,1909f56bfc062723c751e8b465ee728b) (PreviewImporter) -> (artifact id: '3c2a8554eedd69326f90caa9160b0caf') in 0.0332821 seconds
Number of updated asset objects reloaded before import = 0Number of asset objects unloaded after import = 606

========================================================================
Received Import Request.
  Time since last request: 0.000027 seconds.
  path: Assets/World/Environment/Prefabs/Custom/asset set/PokerTable_low001.prefab
  artifactKey: Guid(7d0bea3256d01ba42935387359c7a183) Importer(815301076,1909f56bfc062723c751e8b465ee728b)
Start importing Assets/World/Environment/Prefabs/Custom/asset set/PokerTable_low001.prefab using Guid(7d0bea3256d01ba42935387359c7a183) Importer(815301076,1909f56bfc062723c751e8b465ee728b) (PreviewImporter) -> (artifact id: '3db1b15da17e013c61d79a8944d03b0d') in 0.0323323 seconds
Number of updated asset objects reloaded before import = 0Number of asset objects unloaded after import = 606

========================================================================
Received Import Request.
  Time since last request: 0.000027 seconds.
  path: Assets/World/Environment/Prefabs/Custom/asset set/WhiskyGlass_low007.prefab
  artifactKey: Guid(e13ce46e36a34cd45a2dcf0afa34c91b) Importer(815301076,1909f56bfc062723c751e8b465ee728b)
Start importing Assets/World/Environment/Prefabs/Custom/asset set/WhiskyGlass_low007.prefab using Guid(e13ce46e36a34cd45a2dcf0afa34c91b) Importer(815301076,1909f56bfc062723c751e8b465ee728b) (PreviewImporter) -> (artifact id: 'a5a774ac3c6058fe1b50c6e0b696eb1e') in 0.0330732 seconds
Number of updated asset objects reloaded before import = 0Number of asset objects unloaded after import = 606

========================================================================
Received Import Request.
  Time since last request: 0.000039 seconds.
  path: Assets/World/Environment/Prefabs/Custom/asset set/RoundGlass_low007.prefab
  artifactKey: Guid(c0c3f0fd78b5d874db97e5bbf687a5a8) Importer(815301076,1909f56bfc062723c751e8b465ee728b)
Start importing Assets/World/Environment/Prefabs/Custom/asset set/RoundGlass_low007.prefab using Guid(c0c3f0fd78b5d874db97e5bbf687a5a8) Importer(815301076,1909f56bfc062723c751e8b465ee728b) (PreviewImporter) -> (artifact id: 'f1104d0d7f9a4413e54d96712bca1956') in 0.0336638 seconds
Number of updated asset objects reloaded before import = 0Number of asset objects unloaded after import = 606

========================================================================
Received Import Request.
  Time since last request: 0.000026 seconds.
  path: Assets/World/Environment/Prefabs/Custom/asset set/WhiskyGlass_low003.prefab
  artifactKey: Guid(eab6293ff4ee87044a14c7702054bcea) Importer(815301076,1909f56bfc062723c751e8b465ee728b)
Start importing Assets/World/Environment/Prefabs/Custom/asset set/WhiskyGlass_low003.prefab using Guid(eab6293ff4ee87044a14c7702054bcea) Importer(815301076,1909f56bfc062723c751e8b465ee728b) (PreviewImporter) -> (artifact id: 'a7e775bc39c5a4ce1459938ae70abfa5') in 0.0340122 seconds
Number of updated asset objects reloaded before import = 0Number of asset objects unloaded after import = 606

========================================================================
Received Import Request.
  Time since last request: 0.000025 seconds.
  path: Assets/World/Environment/Prefabs/Custom/asset set/WhiskyGlass_low008.prefab
  artifactKey: Guid(c9bdd24a2e455594e93b48c58b4192df) Importer(815301076,1909f56bfc062723c751e8b465ee728b)
Start importing Assets/World/Environment/Prefabs/Custom/asset set/WhiskyGlass_low008.prefab using Guid(c9bdd24a2e455594e93b48c58b4192df) Importer(815301076,1909f56bfc062723c751e8b465ee728b) (PreviewImporter) -> (artifact id: '13dff25e9e9b1721faa4ff646e6f1765') in 0.0278724 seconds
Number of updated asset objects reloaded before import = 0Number of asset objects unloaded after import = 606

========================================================================
Received Import Request.
  Time since last request: 0.733355 seconds.
  path: Assets/World/Environment/Prefabs/Custom/asset set/ChairFeetRests_low.prefab
  artifactKey: Guid(a0b6eaa77a7e7184bbd5eaf204d2e753) Importer(2089858483,b0f066a214c2f5e87bad3c948f4d605d)
Start importing Assets/World/Environment/Prefabs/Custom/asset set/ChairFeetRests_low.prefab using Guid(a0b6eaa77a7e7184bbd5eaf204d2e753) Importer(2089858483,b0f066a214c2f5e87bad3c948f4d605d) (ScriptedImporter) -> (artifact id: '00000000000000000000000000000000') in 0.0085403 seconds
Import Error Code:(4)
Message: Build asset version error: assets/world/environment/prefabs/custom/asset set/chairfeetrests_low.prefab in SourceAssetDB has modification time of '2026-04-05T16:58:39.1223958Z' while content on disk has modification time of '2026-04-05T16:58:41.882359Z'
  ERROR: Build asset version error: assets/world/environment/prefabs/custom/asset set/chairfeetrests_low.prefab in SourceAssetDB has modification time of '2026-04-05T16:58:39.1223958Z' while content on disk has modification time of '2026-04-05T16:58:41.882359Z'
Number of updated asset objects reloaded before import = 0Number of asset objects unloaded after import = 2

========================================================================
Received Import Request.
  Time since last request: 0.000022 seconds.
  path: Assets/World/Environment/Prefabs/Custom/asset set/BarStool_low002.prefab
  artifactKey: Guid(30b07154c18fef247a84869e2abc2a75) Importer(2089858483,b0f066a214c2f5e87bad3c948f4d605d)
Start importing Assets/World/Environment/Prefabs/Custom/asset set/BarStool_low002.prefab using Guid(30b07154c18fef247a84869e2abc2a75) Importer(2089858483,b0f066a214c2f5e87bad3c948f4d605d) (ScriptedImporter) -> (artifact id: '00000000000000000000000000000000') in 0.0104879 seconds
Import Error Code:(4)
Message: Build asset version error: assets/world/environment/prefabs/custom/asset set/barstool_low002.prefab in SourceAssetDB has modification time of '2026-04-05T16:58:39.1143682Z' while content on disk has modification time of '2026-04-05T16:58:41.873389Z'
  ERROR: Build asset version error: assets/world/environment/prefabs/custom/asset set/barstool_low002.prefab in SourceAssetDB has modification time of '2026-04-05T16:58:39.1143682Z' while content on disk has modification time of '2026-04-05T16:58:41.873389Z'
Number of updated asset objects reloaded before import = 0Number of asset objects unloaded after import = 2

========================================================================
Received Import Request.
  Time since last request: 0.000029 seconds.
  path: Assets/World/Environment/Prefabs/Custom/asset set/ChairSeat_low.prefab
  artifactKey: Guid(26f439b33c1402544ab2f6df66227e3e) Importer(2089858483,b0f066a214c2f5e87bad3c948f4d605d)
Start importing Assets/World/Environment/Prefabs/Custom/asset set/ChairSeat_low.prefab using Guid(26f439b33c1402544ab2f6df66227e3e) Importer(2089858483,b0f066a214c2f5e87bad3c948f4d605d) (ScriptedImporter) -> (artifact id: '00000000000000000000000000000000') in 0.008402 seconds
Import Error Code:(4)
Message: Build asset version error: assets/world/environment/prefabs/custom/asset set/chairseat_low.prefab in SourceAssetDB has modification time of '2026-04-05T16:58:39.2293141Z' while content on disk has modification time of '2026-04-05T16:58:41.9985028Z'
  ERROR: Build asset version error: assets/world/environment/prefabs/custom/asset set/chairseat_low.prefab in SourceAssetDB has modification time of '2026-04-05T16:58:39.2293141Z' while content on disk has modification time of '2026-04-05T16:58:41.9985028Z'
Number of updated asset objects reloaded before import = 0Number of asset objects unloaded after import = 2

========================================================================
Received Import Request.
  Time since last request: 0.000032 seconds.
  path: Assets/World/Environment/Prefabs/Custom/asset set/Moonshine004_low.prefab
  artifactKey: Guid(ef1bbe33610c6104d8096d10f329338e) Importer(2089858483,b0f066a214c2f5e87bad3c948f4d605d)
Start importing Assets/World/Environment/Prefabs/Custom/asset set/Moonshine004_low.prefab using Guid(ef1bbe33610c6104d8096d10f329338e) Importer(2089858483,b0f066a214c2f5e87bad3c948f4d605d) (ScriptedImporter) -> (artifact id: '331204a2d18904e76ba54f988333dd34') in 0.0036515 seconds
Number of updated asset objects reloaded before import = 0Number of asset objects unloaded after import = 0

========================================================================
Received Import Request.
  Time since last request: 0.362281 seconds.
  path: Assets/World/Environment/Prefabs/Custom/asset set/Crate_low004.prefab
  artifactKey: Guid(73f8976b50e70824c95041eefa5dcc49) Importer(815301076,1909f56bfc062723c751e8b465ee728b)
Start importing Assets/World/Environment/Prefabs/Custom/asset set/Crate_low004.prefab using Guid(73f8976b50e70824c95041eefa5dcc49) Importer(815301076,1909f56bfc062723c751e8b465ee728b) (PreviewImporter) -> (artifact id: '46243a5c0c796f5b45e55b3dbfcf79c9') in 0.0479024 seconds
Number of updated asset objects reloaded before import = 0Number of asset objects unloaded after import = 606

========================================================================
Received Import Request.
  Time since last request: 0.000029 seconds.
  path: Assets/World/Environment/Prefabs/Custom/asset set/WantedPoster1.prefab
  artifactKey: Guid(ec12ef2c1f934174eaea00265be132d2) Importer(815301076,1909f56bfc062723c751e8b465ee728b)
Start importing Assets/World/Environment/Prefabs/Custom/asset set/WantedPoster1.prefab using Guid(ec12ef2c1f934174eaea00265be132d2) Importer(815301076,1909f56bfc062723c751e8b465ee728b) (PreviewImporter) -> (artifact id: '02d0bad850f0b42d6184892290fd47ea') in 0.0448023 seconds
Number of updated asset objects reloaded before import = 0Number of asset objects unloaded after import = 606

========================================================================
Received Import Request.
  Time since last request: 0.000029 seconds.
  path: Assets/World/Environment/Prefabs/Custom/asset set/KegSwitch_low.prefab
  artifactKey: Guid(2fa549176d0228440ad4132377c55445) Importer(815301076,1909f56bfc062723c751e8b465ee728b)
Start importing Assets/World/Environment/Prefabs/Custom/asset set/KegSwitch_low.prefab using Guid(2fa549176d0228440ad4132377c55445) Importer(815301076,1909f56bfc062723c751e8b465ee728b) (PreviewImporter) -> (artifact id: '9ea68096e7e462b397376109bda84689') in 0.0414048 seconds
Number of updated asset objects reloaded before import = 0Number of asset objects unloaded after import = 606

========================================================================
Received Import Request.
  Time since last request: 0.000036 seconds.
  path: Assets/World/Environment/Prefabs/Custom/asset set/OilLampBot_low.prefab
  artifactKey: Guid(c1fd5ac4c0cdaf8438198303823718b9) Importer(815301076,1909f56bfc062723c751e8b465ee728b)
Start importing Assets/World/Environment/Prefabs/Custom/asset set/OilLampBot_low.prefab using Guid(c1fd5ac4c0cdaf8438198303823718b9) Importer(815301076,1909f56bfc062723c751e8b465ee728b) (PreviewImporter) -> (artifact id: 'b6946759c11dfaf64000d0036af1351e') in 0.0434689 seconds
Number of updated asset objects reloaded before import = 0Number of asset objects unloaded after import = 606

========================================================================
Received Import Request.
  Time since last request: 0.000032 seconds.
  path: Assets/World/Environment/Prefabs/Custom/asset set/WantedBoard_low001.prefab
  artifactKey: Guid(e65473221c0058e43abf6acd60ca918f) Importer(815301076,1909f56bfc062723c751e8b465ee728b)
Start importing Assets/World/Environment/Prefabs/Custom/asset set/WantedBoard_low001.prefab using Guid(e65473221c0058e43abf6acd60ca918f) Importer(815301076,1909f56bfc062723c751e8b465ee728b) (PreviewImporter) -> (artifact id: '68f20d85dd7c41843362df781baebf56') in 0.0447483 seconds
Number of updated asset objects reloaded before import = 0Number of asset objects unloaded after import = 606

========================================================================
Received Import Request.
  Time since last request: 0.000039 seconds.
  path: Assets/World/Environment/Prefabs/Custom/asset set/SheriffBadgePin_low.prefab
  artifactKey: Guid(7b7139ea6350ad4409c4f33bab540c59) Importer(815301076,1909f56bfc062723c751e8b465ee728b)
Start importing Assets/World/Environment/Prefabs/Custom/asset set/SheriffBadgePin_low.prefab using Guid(7b7139ea6350ad4409c4f33bab540c59) Importer(815301076,1909f56bfc062723c751e8b465ee728b) (PreviewImporter) -> (artifact id: '0c7ca4db87ccae72e313ab86794435fc') in 0.0364053 seconds
Number of updated asset objects reloaded before import = 0Number of asset objects unloaded after import = 606

========================================================================
Received Import Request.
  Time since last request: 0.000044 seconds.
  path: Assets/World/Environment/Prefabs/Custom/asset set/Shelf_low.prefab
  artifactKey: Guid(d2f61852f3f0f61469a7fdd8da4915e0) Importer(815301076,1909f56bfc062723c751e8b465ee728b)
Start importing Assets/World/Environment/Prefabs/Custom/asset set/Shelf_low.prefab using Guid(d2f61852f3f0f61469a7fdd8da4915e0) Importer(815301076,1909f56bfc062723c751e8b465ee728b) (PreviewImporter) -> (artifact id: 'a1d114340089486030fab026ca2c9b83') in 0.0368928 seconds
Number of updated asset objects reloaded before import = 0Number of asset objects unloaded after import = 606

========================================================================
Received Import Request.
  Time since last request: 0.000027 seconds.
  path: Assets/World/Environment/Prefabs/Custom/asset set/ChairFeetRests_low003.prefab
  artifactKey: Guid(46a1febdd6f758049ae14fa836d3c5eb) Importer(815301076,1909f56bfc062723c751e8b465ee728b)
Start importing Assets/World/Environment/Prefabs/Custom/asset set/ChairFeetRests_low003.prefab using Guid(46a1febdd6f758049ae14fa836d3c5eb) Importer(815301076,1909f56bfc062723c751e8b465ee728b) (PreviewImporter) -> (artifact id: '7f117b88b449a05b7a85f0b256f54f77') in 0.0379109 seconds
Number of updated asset objects reloaded before import = 0Number of asset objects unloaded after import = 606

========================================================================
Received Import Request.
  Time since last request: 0.000026 seconds.
  path: Assets/World/Environment/Prefabs/Custom/asset set/ChairLegs_low007.prefab
  artifactKey: Guid(06312c66f2baf3d4c9c2903d3000fc06) Importer(815301076,1909f56bfc062723c751e8b465ee728b)
Start importing Assets/World/Environment/Prefabs/Custom/asset set/ChairLegs_low007.prefab using Guid(06312c66f2baf3d4c9c2903d3000fc06) Importer(815301076,1909f56bfc062723c751e8b465ee728b) (PreviewImporter) -> (artifact id: '50fc41ec78f54595f194be55aaa5eb6f') in 0.0405907 seconds
Number of updated asset objects reloaded before import = 0Number of asset objects unloaded after import = 606

========================================================================
Received Import Request.
  Time since last request: 0.000035 seconds.
  path: Assets/World/Environment/Prefabs/Custom/asset set/ChairSeat_low002.prefab
  artifactKey: Guid(a1e621e3c34d58c4e8ea37317070bf8c) Importer(815301076,1909f56bfc062723c751e8b465ee728b)
Start importing Assets/World/Environment/Prefabs/Custom/asset set/ChairSeat_low002.prefab using Guid(a1e621e3c34d58c4e8ea37317070bf8c) Importer(815301076,1909f56bfc062723c751e8b465ee728b) (PreviewImporter) -> (artifact id: '12049dc3dbcc1693961daec5cbd4ad3a') in 0.0373886 seconds
Number of updated asset objects reloaded before import = 0Number of asset objects unloaded after import = 606

========================================================================
Received Import Request.
  Time since last request: 0.000034 seconds.
  path: Assets/World/Environment/Prefabs/Custom/asset set/ChairBackRest_low005.prefab
  artifactKey: Guid(40c7b348de8500b4b92b8986235f0023) Importer(815301076,1909f56bfc062723c751e8b465ee728b)
Start importing Assets/World/Environment/Prefabs/Custom/asset set/ChairBackRest_low005.prefab using Guid(40c7b348de8500b4b92b8986235f0023) Importer(815301076,1909f56bfc062723c751e8b465ee728b) (PreviewImporter) -> (artifact id: '1cd698d2a0285fbebe5967f58da96e86') in 0.0361169 seconds
Number of updated asset objects reloaded before import = 0Number of asset objects unloaded after import = 606

========================================================================
Received Import Request.
  Time since last request: 0.000034 seconds.
  path: Assets/World/Environment/Prefabs/Custom/asset set/CandleHolder_low.prefab
  artifactKey: Guid(873b285bf76815d41971384ecdfd095c) Importer(815301076,1909f56bfc062723c751e8b465ee728b)
Start importing Assets/World/Environment/Prefabs/Custom/asset set/CandleHolder_low.prefab using Guid(873b285bf76815d41971384ecdfd095c) Importer(815301076,1909f56bfc062723c751e8b465ee728b) (PreviewImporter) -> (artifact id: '1447e73c8ce2a8575cb7f3e024de2e22') in 0.0361689 seconds
Number of updated asset objects reloaded before import = 0Number of asset objects unloaded after import = 606

========================================================================
Received Import Request.
  Time since last request: 0.000028 seconds.
  path: Assets/World/Environment/Prefabs/Custom/asset set/AlcoholBottle008_low003.prefab
  artifactKey: Guid(2cbeed05bcb942548b255ff8e0235a09) Importer(815301076,1909f56bfc062723c751e8b465ee728b)
Start importing Assets/World/Environment/Prefabs/Custom/asset set/AlcoholBottle008_low003.prefab using Guid(2cbeed05bcb942548b255ff8e0235a09) Importer(815301076,1909f56bfc062723c751e8b465ee728b) (PreviewImporter) -> (artifact id: '557a46d48f28ef57c64279550d53da8e') in 0.0345699 seconds
Number of updated asset objects reloaded before import = 0Number of asset objects unloaded after import = 606

========================================================================
Received Import Request.
  Time since last request: 0.000032 seconds.
  path: Assets/World/Environment/Prefabs/Custom/asset set/AlcoholBottle008_low004.prefab
  artifactKey: Guid(d8286993badeed04aa166267751a3b2d) Importer(815301076,1909f56bfc062723c751e8b465ee728b)
Start importing Assets/World/Environment/Prefabs/Custom/asset set/AlcoholBottle008_low004.prefab using Guid(d8286993badeed04aa166267751a3b2d) Importer(815301076,1909f56bfc062723c751e8b465ee728b) (PreviewImporter) -> (artifact id: 'aa78bab99ba953c37f1ec509ac0aa2bf') in 0.0349282 seconds
Number of updated asset objects reloaded before import = 0Number of asset objects unloaded after import = 606

========================================================================
Received Import Request.
  Time since last request: 0.000032 seconds.
  path: Assets/World/Environment/Prefabs/Custom/asset set/ChairSeat_low001.prefab
  artifactKey: Guid(0a7005744ff625942abce8aa35937cfa) Importer(815301076,1909f56bfc062723c751e8b465ee728b)
Start importing Assets/World/Environment/Prefabs/Custom/asset set/ChairSeat_low001.prefab using Guid(0a7005744ff625942abce8aa35937cfa) Importer(815301076,1909f56bfc062723c751e8b465ee728b) (PreviewImporter) -> (artifact id: 'd60eff721f7c2e698d7da2577e772f87') in 0.0354058 seconds
Number of updated asset objects reloaded before import = 0Number of asset objects unloaded after import = 606

========================================================================
Received Import Request.
  Time since last request: 0.000025 seconds.
  path: Assets/World/Environment/Prefabs/Custom/asset set/ChairBackRest_low002.prefab
  artifactKey: Guid(a96ef5aee630c8142b2798128dbb6d32) Importer(815301076,1909f56bfc062723c751e8b465ee728b)
Start importing Assets/World/Environment/Prefabs/Custom/asset set/ChairBackRest_low002.prefab using Guid(a96ef5aee630c8142b2798128dbb6d32) Importer(815301076,1909f56bfc062723c751e8b465ee728b) (PreviewImporter) -> (artifact id: '7217f3a5e02240569c327c28499b307b') in 0.0337744 seconds
Number of updated asset objects reloaded before import = 0Number of asset objects unloaded after import = 606

========================================================================
Received Import Request.
  Time since last request: 0.000025 seconds.
  path: Assets/World/Environment/Prefabs/Custom/asset set/CandleHolderHandle_low001.prefab
  artifactKey: Guid(c07b936f574a1f8419a5cc576faab6f4) Importer(815301076,1909f56bfc062723c751e8b465ee728b)
Start importing Assets/World/Environment/Prefabs/Custom/asset set/CandleHolderHandle_low001.prefab using Guid(c07b936f574a1f8419a5cc576faab6f4) Importer(815301076,1909f56bfc062723c751e8b465ee728b) (PreviewImporter) -> (artifact id: 'a11190da437c2c03a791f1f032e8abb4') in 0.0404174 seconds
Number of updated asset objects reloaded before import = 0Number of asset objects unloaded after import = 606

========================================================================
Received Import Request.
  Time since last request: 0.000034 seconds.
  path: Assets/World/Environment/Prefabs/Custom/asset set/WhiskyGlass_low.prefab
  artifactKey: Guid(62f6d6a4d996e9d449ddef67d1f840d2) Importer(815301076,1909f56bfc062723c751e8b465ee728b)
Start importing Assets/World/Environment/Prefabs/Custom/asset set/WhiskyGlass_low.prefab using Guid(62f6d6a4d996e9d449ddef67d1f840d2) Importer(815301076,1909f56bfc062723c751e8b465ee728b) (PreviewImporter) -> (artifact id: '6056ee3b61a981ec2f61d5916d4ddd76') in 0.0374854 seconds
Number of updated asset objects reloaded before import = 0Number of asset objects unloaded after import = 606

========================================================================
Received Import Request.
  Time since last request: 0.000043 seconds.
  path: Assets/World/Environment/Prefabs/Custom/asset set/ChairBackRest_low001.prefab
  artifactKey: Guid(606b56f2d1e1534448c9edefb426cfa7) Importer(815301076,1909f56bfc062723c751e8b465ee728b)
Start importing Assets/World/Environment/Prefabs/Custom/asset set/ChairBackRest_low001.prefab using Guid(606b56f2d1e1534448c9edefb426cfa7) Importer(815301076,1909f56bfc062723c751e8b465ee728b) (PreviewImporter) -> (artifact id: 'e8669ec35de95bc84c31adff16924e11') in 0.0400163 seconds
Number of updated asset objects reloaded before import = 0Number of asset objects unloaded after import = 606

========================================================================
Received Import Request.
  Time since last request: 0.000028 seconds.
  path: Assets/World/Environment/Prefabs/Custom/asset set/CandleHolderHandle_low.prefab
  artifactKey: Guid(d8a656e246d0a0a4abbe6d9ebe7712a8) Importer(815301076,1909f56bfc062723c751e8b465ee728b)
Start importing Assets/World/Environment/Prefabs/Custom/asset set/CandleHolderHandle_low.prefab using Guid(d8a656e246d0a0a4abbe6d9ebe7712a8) Importer(815301076,1909f56bfc062723c751e8b465ee728b) (PreviewImporter) -> (artifact id: '622b5789901376bd8e48be98266b54d5') in 0.0404876 seconds
Number of updated asset objects reloaded before import = 0Number of asset objects unloaded after import = 606

========================================================================
Received Import Request.
  Time since last request: 0.000035 seconds.
  path: Assets/World/Environment/Prefabs/Custom/asset set/CandleHolder_low001.prefab
  artifactKey: Guid(faa36e22619b4664f9d897a73415f8d2) Importer(815301076,1909f56bfc062723c751e8b465ee728b)
Start importing Assets/World/Environment/Prefabs/Custom/asset set/CandleHolder_low001.prefab using Guid(faa36e22619b4664f9d897a73415f8d2) Importer(815301076,1909f56bfc062723c751e8b465ee728b) (PreviewImporter) -> (artifact id: '0b4be5fcc893afe328537bb73101d89a') in 0.0402842 seconds
Number of updated asset objects reloaded before import = 0Number of asset objects unloaded after import = 606

========================================================================
Received Import Request.
  Time since last request: 0.000042 seconds.
  path: Assets/World/Environment/Prefabs/Custom/asset set/SheriffHat_low001.prefab
  artifactKey: Guid(f2dca69605737fd43bee4763d7b7ace3) Importer(815301076,1909f56bfc062723c751e8b465ee728b)
Start importing Assets/World/Environment/Prefabs/Custom/asset set/SheriffHat_low001.prefab using Guid(f2dca69605737fd43bee4763d7b7ace3) Importer(815301076,1909f56bfc062723c751e8b465ee728b) (PreviewImporter) -> (artifact id: '8b93f56a3517531013f004da7eb618af') in 0.0356227 seconds
Number of updated asset objects reloaded before import = 0Number of asset objects unloaded after import = 606

========================================================================
Received Import Request.
  Time since last request: 0.000024 seconds.
  path: Assets/World/Environment/Prefabs/Custom/asset set/OilLamp_low.prefab
  artifactKey: Guid(c4af29fdf2758ba459fc42023468acc1) Importer(815301076,1909f56bfc062723c751e8b465ee728b)
Start importing Assets/World/Environment/Prefabs/Custom/asset set/OilLamp_low.prefab using Guid(c4af29fdf2758ba459fc42023468acc1) Importer(815301076,1909f56bfc062723c751e8b465ee728b) (PreviewImporter) -> (artifact id: '9907cf4d8bc1abdd240664b0124ff8dd') in 0.0367248 seconds
Number of updated asset objects reloaded before import = 0Number of asset objects unloaded after import = 606

========================================================================
Received Import Request.
  Time since last request: 0.000023 seconds.
  path: Assets/World/Environment/Prefabs/Custom/asset set/Bar_low.prefab
  artifactKey: Guid(bd0921dd878d18f4da98f5bbcda56c35) Importer(815301076,1909f56bfc062723c751e8b465ee728b)
Start importing Assets/World/Environment/Prefabs/Custom/asset set/Bar_low.prefab using Guid(bd0921dd878d18f4da98f5bbcda56c35) Importer(815301076,1909f56bfc062723c751e8b465ee728b) (PreviewImporter) -> (artifact id: 'bd4ee13b3332141632e1bc5632666c69') in 0.0391132 seconds
Number of updated asset objects reloaded before import = 0Number of asset objects unloaded after import = 606

========================================================================
Received Import Request.
  Time since last request: 0.000032 seconds.
  path: Assets/World/Environment/Prefabs/Custom/asset set/Crate_low001.prefab
  artifactKey: Guid(822358bc3001d2e4eb6a21332232b797) Importer(815301076,1909f56bfc062723c751e8b465ee728b)
Start importing Assets/World/Environment/Prefabs/Custom/asset set/Crate_low001.prefab using Guid(822358bc3001d2e4eb6a21332232b797) Importer(815301076,1909f56bfc062723c751e8b465ee728b) (PreviewImporter) -> (artifact id: '20151a459567d748b0eacabef65584b7') in 0.0413551 seconds
Number of updated asset objects reloaded before import = 0Number of asset objects unloaded after import = 606

========================================================================
Received Import Request.
  Time since last request: 0.000041 seconds.
  path: Assets/World/Environment/Prefabs/Custom/asset set/RoundGlass_low007.prefab
  artifactKey: Guid(c0c3f0fd78b5d874db97e5bbf687a5a8) Importer(815301076,1909f56bfc062723c751e8b465ee728b)
Start importing Assets/World/Environment/Prefabs/Custom/asset set/RoundGlass_low007.prefab using Guid(c0c3f0fd78b5d874db97e5bbf687a5a8) Importer(815301076,1909f56bfc062723c751e8b465ee728b) (PreviewImporter) -> (artifact id: 'b0c538eb731f504ba6507995dc42ec16') in 0.0379878 seconds
Number of updated asset objects reloaded before import = 0Number of asset objects unloaded after import = 606

========================================================================
Received Import Request.
  Time since last request: 0.000026 seconds.
  path: Assets/World/Environment/Prefabs/Custom/asset set/SheriffBadgeHook_low001.prefab
  artifactKey: Guid(5238ac14eaba3ae4a8ad77f561eff6ed) Importer(815301076,1909f56bfc062723c751e8b465ee728b)
Start importing Assets/World/Environment/Prefabs/Custom/asset set/SheriffBadgeHook_low001.prefab using Guid(5238ac14eaba3ae4a8ad77f561eff6ed) Importer(815301076,1909f56bfc062723c751e8b465ee728b) (PreviewImporter) -> (artifact id: 'a813868084ad039943ac2836838f550c') in 0.0442653 seconds
Number of updated asset objects reloaded before import = 0Number of asset objects unloaded after import = 606

========================================================================
Received Import Request.
  Time since last request: 0.000027 seconds.
  path: Assets/World/Environment/Prefabs/Custom/asset set/WantedPoster3.prefab
  artifactKey: Guid(dcf3dede18adc164bb5709a468120a0b) Importer(815301076,1909f56bfc062723c751e8b465ee728b)
Start importing Assets/World/Environment/Prefabs/Custom/asset set/WantedPoster3.prefab using Guid(dcf3dede18adc164bb5709a468120a0b) Importer(815301076,1909f56bfc062723c751e8b465ee728b) (PreviewImporter) -> (artifact id: 'ee3d1049c8ac91d9a0db94eca7cf6840') in 0.0392117 seconds
Number of updated asset objects reloaded before import = 0Number of asset objects unloaded after import = 606

========================================================================
Received Import Request.
  Time since last request: 0.000036 seconds.
  path: Assets/World/Environment/Prefabs/Custom/asset set/WhiskyGlass_low008.prefab
  artifactKey: Guid(c9bdd24a2e455594e93b48c58b4192df) Importer(815301076,1909f56bfc062723c751e8b465ee728b)
Start importing Assets/World/Environment/Prefabs/Custom/asset set/WhiskyGlass_low008.prefab using Guid(c9bdd24a2e455594e93b48c58b4192df) Importer(815301076,1909f56bfc062723c751e8b465ee728b) (PreviewImporter) -> (artifact id: 'f430f6ba3285da48b5a55c9c2b152666') in 0.0381193 seconds
Number of updated asset objects reloaded before import = 0Number of asset objects unloaded after import = 606

========================================================================
Received Import Request.
  Time since last request: 6.512650 seconds.
  path: Assets/World/Environment/Prefabs/Custom/asset set/ChairFeetRests_low.prefab
  artifactKey: Guid(a0b6eaa77a7e7184bbd5eaf204d2e753) Importer(2089858483,b0f066a214c2f5e87bad3c948f4d605d)
Start importing Assets/World/Environment/Prefabs/Custom/asset set/ChairFeetRests_low.prefab using Guid(a0b6eaa77a7e7184bbd5eaf204d2e753) Importer(2089858483,b0f066a214c2f5e87bad3c948f4d605d) (ScriptedImporter) -> (artifact id: 'f5f3c3b8020b76f7f84a216523250882') in 0.0099806 seconds
Number of updated asset objects reloaded before import = 0Number of asset objects unloaded after import = 8

========================================================================
Received Import Request.
  Time since last request: 0.000031 seconds.
  path: Assets/World/Environment/Prefabs/Custom/asset set/WantedPoster1.prefab
  artifactKey: Guid(ec12ef2c1f934174eaea00265be132d2) Importer(2089858483,b0f066a214c2f5e87bad3c948f4d605d)
Start importing Assets/World/Environment/Prefabs/Custom/asset set/WantedPoster1.prefab using Guid(ec12ef2c1f934174eaea00265be132d2) Importer(2089858483,b0f066a214c2f5e87bad3c948f4d605d) (ScriptedImporter) -> (artifact id: '58640671097e60f98aec69520a366a5a') in 0.0081375 seconds
Number of updated asset objects reloaded before import = 0Number of asset objects unloaded after import = 8

========================================================================
Received Import Request.
  Time since last request: 0.000030 seconds.
  path: Assets/World/Environment/Prefabs/Custom/asset set/SheriffBadgeHook_low.prefab
  artifactKey: Guid(ad0c0e072dc810946b14061af195f945) Importer(2089858483,b0f066a214c2f5e87bad3c948f4d605d)
Start importing Assets/World/Environment/Prefabs/Custom/asset set/SheriffBadgeHook_low.prefab using Guid(ad0c0e072dc810946b14061af195f945) Importer(2089858483,b0f066a214c2f5e87bad3c948f4d605d) (ScriptedImporter) -> (artifact id: '7e41f0c642c5ddaed96b52b75bde9885') in 0.0088007 seconds
Number of updated asset objects reloaded before import = 0Number of asset objects unloaded after import = 8

========================================================================
Received Import Request.
  Time since last request: 0.000039 seconds.
  path: Assets/World/Environment/Prefabs/Custom/asset set/ChairSeat_low006.prefab
  artifactKey: Guid(20ba73d0cc3d3314b9f059f8945ad623) Importer(2089858483,b0f066a214c2f5e87bad3c948f4d605d)
Start importing Assets/World/Environment/Prefabs/Custom/asset set/ChairSeat_low006.prefab using Guid(20ba73d0cc3d3314b9f059f8945ad623) Importer(2089858483,b0f066a214c2f5e87bad3c948f4d605d) (ScriptedImporter) -> (artifact id: 'b945c3cb542e58fface331e7f87caa27') in 0.0078339 seconds
Number of updated asset objects reloaded before import = 0Number of asset objects unloaded after import = 8

========================================================================
Received Import Request.
  Time since last request: 0.000022 seconds.
  path: Assets/World/Environment/Prefabs/Custom/asset set/AlcoholBottle008_low004.prefab
  artifactKey: Guid(d8286993badeed04aa166267751a3b2d) Importer(2089858483,b0f066a214c2f5e87bad3c948f4d605d)
Start importing Assets/World/Environment/Prefabs/Custom/asset set/AlcoholBottle008_low004.prefab using Guid(d8286993badeed04aa166267751a3b2d) Importer(2089858483,b0f066a214c2f5e87bad3c948f4d605d) (ScriptedImporter) -> (artifact id: 'fb3dd427bb0df57da887b4c1ea27fa2e') in 0.0089498 seconds
Number of updated asset objects reloaded before import = 0Number of asset objects unloaded after import = 8

========================================================================
Received Import Request.
  Time since last request: 0.000023 seconds.
  path: Assets/World/Environment/Prefabs/Custom/asset set/Crate_low004.prefab
  artifactKey: Guid(73f8976b50e70824c95041eefa5dcc49) Importer(2089858483,b0f066a214c2f5e87bad3c948f4d605d)
Start importing Assets/World/Environment/Prefabs/Custom/asset set/Crate_low004.prefab using Guid(73f8976b50e70824c95041eefa5dcc49) Importer(2089858483,b0f066a214c2f5e87bad3c948f4d605d) (ScriptedImporter) -> (artifact id: 'f92e6b1036873a4588a35d48384edd9c') in 0.0084566 seconds
Number of updated asset objects reloaded before import = 0Number of asset objects unloaded after import = 8

========================================================================
Received Import Request.
  Time since last request: 0.000024 seconds.
  path: Assets/World/Environment/Prefabs/Custom/asset set/AlcoholBottle008_low005.prefab
  artifactKey: Guid(ed5a6088a4144b640b436eb736734337) Importer(2089858483,b0f066a214c2f5e87bad3c948f4d605d)
Start importing Assets/World/Environment/Prefabs/Custom/asset set/AlcoholBottle008_low005.prefab using Guid(ed5a6088a4144b640b436eb736734337) Importer(2089858483,b0f066a214c2f5e87bad3c948f4d605d) (ScriptedImporter) -> (artifact id: '962a7e920da369231669c280551161e7') in 0.0083414 seconds
Number of updated asset objects reloaded before import = 0Number of asset objects unloaded after import = 8

========================================================================
Received Import Request.
  Time since last request: 0.000025 seconds.
  path: Assets/World/Environment/Prefabs/Custom/asset set/CandleHolderHandle_low001.prefab
  artifactKey: Guid(c07b936f574a1f8419a5cc576faab6f4) Importer(2089858483,b0f066a214c2f5e87bad3c948f4d605d)
Start importing Assets/World/Environment/Prefabs/Custom/asset set/CandleHolderHandle_low001.prefab using Guid(c07b936f574a1f8419a5cc576faab6f4) Importer(2089858483,b0f066a214c2f5e87bad3c948f4d605d) (ScriptedImporter) -> (artifact id: 'efd41e388359542be38e9c8015f9df54') in 0.0175806 seconds
Number of updated asset objects reloaded before import = 0Number of asset objects unloaded after import = 8

========================================================================
Received Import Request.
  Time since last request: 0.000106 seconds.
  path: Assets/World/Environment/Prefabs/Custom/asset set/ChairLegs_low.prefab
  artifactKey: Guid(f86fc3cb8e6fa244898992f5e0cb1f85) Importer(2089858483,b0f066a214c2f5e87bad3c948f4d605d)
Start importing Assets/World/Environment/Prefabs/Custom/asset set/ChairLegs_low.prefab using Guid(f86fc3cb8e6fa244898992f5e0cb1f85) Importer(2089858483,b0f066a214c2f5e87bad3c948f4d605d) (ScriptedImporter) -> (artifact id: 'dee89919e9a803ceef1f1e974c6eaeb7') in 0.0080034 seconds
Number of updated asset objects reloaded before import = 0Number of asset objects unloaded after import = 8

========================================================================
Received Import Request.
  Time since last request: 0.000023 seconds.
  path: Assets/World/Environment/Prefabs/Custom/asset set/ChairSeat_low002.prefab
  artifactKey: Guid(a1e621e3c34d58c4e8ea37317070bf8c) Importer(2089858483,b0f066a214c2f5e87bad3c948f4d605d)
Start importing Assets/World/Environment/Prefabs/Custom/asset set/ChairSeat_low002.prefab using Guid(a1e621e3c34d58c4e8ea37317070bf8c) Importer(2089858483,b0f066a214c2f5e87bad3c948f4d605d) (ScriptedImporter) -> (artifact id: '28e2504bfa2bf7928236a8a8cc06b485') in 0.008266 seconds
Number of updated asset objects reloaded before import = 0Number of asset objects unloaded after import = 8

========================================================================
Received Import Request.
  Time since last request: 0.000023 seconds.
  path: Assets/World/Environment/Prefabs/Custom/asset set/ChairBackRest_low004.prefab
  artifactKey: Guid(5c59861510c30ba44978370a4371788f) Importer(2089858483,b0f066a214c2f5e87bad3c948f4d605d)
Start importing Assets/World/Environment/Prefabs/Custom/asset set/ChairBackRest_low004.prefab using Guid(5c59861510c30ba44978370a4371788f) Importer(2089858483,b0f066a214c2f5e87bad3c948f4d605d) (ScriptedImporter) -> (artifact id: 'a30a012ad4ad6ab01411de2887a1303a') in 0.0081112 seconds
Number of updated asset objects reloaded before import = 0Number of asset objects unloaded after import = 8

========================================================================
Received Import Request.
  Time since last request: 0.000033 seconds.
  path: Assets/World/Environment/Prefabs/Custom/asset set/KegSwitch_low.prefab
  artifactKey: Guid(2fa549176d0228440ad4132377c55445) Importer(2089858483,b0f066a214c2f5e87bad3c948f4d605d)
Start importing Assets/World/Environment/Prefabs/Custom/asset set/KegSwitch_low.prefab using Guid(2fa549176d0228440ad4132377c55445) Importer(2089858483,b0f066a214c2f5e87bad3c948f4d605d) (ScriptedImporter) -> (artifact id: 'dc08a54cffca1e170e925d09a1b05c6e') in 0.0089149 seconds
Number of updated asset objects reloaded before import = 0Number of asset objects unloaded after import = 8

========================================================================
Received Import Request.
  Time since last request: 0.000037 seconds.
  path: Assets/World/Environment/Prefabs/Custom/asset set/ChairSeat_low001.prefab
  artifactKey: Guid(0a7005744ff625942abce8aa35937cfa) Importer(2089858483,b0f066a214c2f5e87bad3c948f4d605d)
Start importing Assets/World/Environment/Prefabs/Custom/asset set/ChairSeat_low001.prefab using Guid(0a7005744ff625942abce8aa35937cfa) Importer(2089858483,b0f066a214c2f5e87bad3c948f4d605d) (ScriptedImporter) -> (artifact id: 'c6c5097fb02588b8d9c7445ad6af638a') in 0.0081041 seconds
Number of updated asset objects reloaded before import = 0Number of asset objects unloaded after import = 8

========================================================================
Received Import Request.
  Time since last request: 0.000022 seconds.
  path: Assets/World/Environment/Prefabs/Custom/asset set/BullHornsRope_low.prefab
  artifactKey: Guid(e939300c1d26e8a48bd374f94a5837bd) Importer(2089858483,b0f066a214c2f5e87bad3c948f4d605d)
Start importing Assets/World/Environment/Prefabs/Custom/asset set/BullHornsRope_low.prefab using Guid(e939300c1d26e8a48bd374f94a5837bd) Importer(2089858483,b0f066a214c2f5e87bad3c948f4d605d) (ScriptedImporter) -> (artifact id: '0628572396a8f027e729a368a24fda2d') in 0.009068 seconds
Number of updated asset objects reloaded before import = 0Number of asset objects unloaded after import = 8

========================================================================
Received Import Request.
  Time since last request: 0.000026 seconds.
  path: Assets/World/Environment/Prefabs/Custom/asset set/WhiskyGlass_low005.prefab
  artifactKey: Guid(b2b0a07a0de52b9468277a12c8eadd43) Importer(2089858483,b0f066a214c2f5e87bad3c948f4d605d)
Start importing Assets/World/Environment/Prefabs/Custom/asset set/WhiskyGlass_low005.prefab using Guid(b2b0a07a0de52b9468277a12c8eadd43) Importer(2089858483,b0f066a214c2f5e87bad3c948f4d605d) (ScriptedImporter) -> (artifact id: 'ed5763510310713b4fdc61759a8d1151') in 0.0093109 seconds
Number of updated asset objects reloaded before import = 0Number of asset objects unloaded after import = 8

========================================================================
Received Import Request.
  Time since last request: 0.000027 seconds.
  path: Assets/World/Environment/Prefabs/Custom/asset set/WhiskyGlass_low008.prefab
  artifactKey: Guid(c9bdd24a2e455594e93b48c58b4192df) Importer(2089858483,b0f066a214c2f5e87bad3c948f4d605d)
Start importing Assets/World/Environment/Prefabs/Custom/asset set/WhiskyGlass_low008.prefab using Guid(c9bdd24a2e455594e93b48c58b4192df) Importer(2089858483,b0f066a214c2f5e87bad3c948f4d605d) (ScriptedImporter) -> (artifact id: '390b3a3dfd8c23db259099e0dcc9cef4') in 0.011395 seconds
Number of updated asset objects reloaded before import = 0Number of asset objects unloaded after import = 8

========================================================================
Received Import Request.
  Time since last request: 0.000045 seconds.
  path: Assets/World/Environment/Prefabs/Custom/asset set/CandleHolder_low001.prefab
  artifactKey: Guid(faa36e22619b4664f9d897a73415f8d2) Importer(2089858483,b0f066a214c2f5e87bad3c948f4d605d)
Start importing Assets/World/Environment/Prefabs/Custom/asset set/CandleHolder_low001.prefab using Guid(faa36e22619b4664f9d897a73415f8d2) Importer(2089858483,b0f066a214c2f5e87bad3c948f4d605d) (ScriptedImporter) -> (artifact id: 'eba5f65fe7b7780c91e53027e5d4a130') in 0.0106174 seconds
Number of updated asset objects reloaded before import = 0Number of asset objects unloaded after import = 8

========================================================================
Received Import Request.
  Time since last request: 0.000026 seconds.
  path: Assets/World/Environment/Prefabs/Custom/asset set/AlcoholBottle010_low001.prefab
  artifactKey: Guid(1efb78e06a5e241408c231909e0f9516) Importer(2089858483,b0f066a214c2f5e87bad3c948f4d605d)
Start importing Assets/World/Environment/Prefabs/Custom/asset set/AlcoholBottle010_low001.prefab using Guid(1efb78e06a5e241408c231909e0f9516) Importer(2089858483,b0f066a214c2f5e87bad3c948f4d605d) (ScriptedImporter) -> (artifact id: 'ba837bf93ea86127df17a7176ae76d32') in 0.0084641 seconds
Number of updated asset objects reloaded before import = 0Number of asset objects unloaded after import = 8

========================================================================
Received Import Request.
  Time since last request: 0.000024 seconds.
  path: Assets/World/Environment/Prefabs/Custom/asset set/WantedPoster4.prefab
  artifactKey: Guid(3eaecb7f3375fe744ab01eae2c5f3630) Importer(2089858483,b0f066a214c2f5e87bad3c948f4d605d)
Start importing Assets/World/Environment/Prefabs/Custom/asset set/WantedPoster4.prefab using Guid(3eaecb7f3375fe744ab01eae2c5f3630) Importer(2089858483,b0f066a214c2f5e87bad3c948f4d605d) (ScriptedImporter) -> (artifact id: 'cb5ff3441b2ef28f86b03ddb5840a878') in 0.0090819 seconds
Number of updated asset objects reloaded before import = 0Number of asset objects unloaded after import = 8

========================================================================
Received Import Request.
  Time since last request: 0.000032 seconds.
  path: Assets/World/Environment/Prefabs/Custom/asset set/ChairBackRest_low.prefab
  artifactKey: Guid(e66af02f1065dc843a9204ede16a85d0) Importer(2089858483,b0f066a214c2f5e87bad3c948f4d605d)
Start importing Assets/World/Environment/Prefabs/Custom/asset set/ChairBackRest_low.prefab using Guid(e66af02f1065dc843a9204ede16a85d0) Importer(2089858483,b0f066a214c2f5e87bad3c948f4d605d) (ScriptedImporter) -> (artifact id: 'da71caf776a9a169846028695c1d7ecb') in 0.0085092 seconds
Number of updated asset objects reloaded before import = 0Number of asset objects unloaded after import = 8

========================================================================
Received Import Request.
  Time since last request: 0.000026 seconds.
  path: Assets/World/Environment/Prefabs/Custom/asset set/Bar_low.prefab
  artifactKey: Guid(bd0921dd878d18f4da98f5bbcda56c35) Importer(2089858483,b0f066a214c2f5e87bad3c948f4d605d)
Start importing Assets/World/Environment/Prefabs/Custom/asset set/Bar_low.prefab using Guid(bd0921dd878d18f4da98f5bbcda56c35) Importer(2089858483,b0f066a214c2f5e87bad3c948f4d605d) (ScriptedImporter) -> (artifact id: '41e1dfa8fe186f7a7b1e388d09d44826') in 0.0076319 seconds
Number of updated asset objects reloaded before import = 0Number of asset objects unloaded after import = 8

========================================================================
Received Import Request.
  Time since last request: 0.000037 seconds.
  path: Assets/World/Environment/Prefabs/Custom/asset set/Shelf_low001.prefab
  artifactKey: Guid(ada932f7b6996944896d54fdb0ea17d3) Importer(2089858483,b0f066a214c2f5e87bad3c948f4d605d)
Start importing Assets/World/Environment/Prefabs/Custom/asset set/Shelf_low001.prefab using Guid(ada932f7b6996944896d54fdb0ea17d3) Importer(2089858483,b0f066a214c2f5e87bad3c948f4d605d) (ScriptedImporter) -> (artifact id: 'fd099bd15cf2db23556e25e33a769534') in 0.008704 seconds
Number of updated asset objects reloaded before import = 0Number of asset objects unloaded after import = 8

========================================================================
Received Import Request.
  Time since last request: 0.000023 seconds.
  path: Assets/World/Environment/Prefabs/Custom/asset set/OilLamp_low.prefab
  artifactKey: Guid(c4af29fdf2758ba459fc42023468acc1) Importer(2089858483,b0f066a214c2f5e87bad3c948f4d605d)
Start importing Assets/World/Environment/Prefabs/Custom/asset set/OilLamp_low.prefab using Guid(c4af29fdf2758ba459fc42023468acc1) Importer(2089858483,b0f066a214c2f5e87bad3c948f4d605d) (ScriptedImporter) -> (artifact id: '608b20505772e11ce07dc61c63bccdc9') in 0.0079329 seconds
Number of updated asset objects reloaded before import = 0Number of asset objects unloaded after import = 8

========================================================================
Received Import Request.
  Time since last request: 0.000023 seconds.
  path: Assets/World/Environment/Prefabs/Custom/asset set/BarStool_low003.prefab
  artifactKey: Guid(fff75f2cf22b85043aca6a64382e5f63) Importer(2089858483,b0f066a214c2f5e87bad3c948f4d605d)
Start importing Assets/World/Environment/Prefabs/Custom/asset set/BarStool_low003.prefab using Guid(fff75f2cf22b85043aca6a64382e5f63) Importer(2089858483,b0f066a214c2f5e87bad3c948f4d605d) (ScriptedImporter) -> (artifact id: '612c19801e54a4da5c1afb238b33dc7d') in 0.0082779 seconds
Number of updated asset objects reloaded before import = 0Number of asset objects unloaded after import = 8

========================================================================
Received Import Request.
  Time since last request: 0.000031 seconds.
  path: Assets/World/Environment/Prefabs/Custom/asset set/WhiskyGlass_low.prefab
  artifactKey: Guid(62f6d6a4d996e9d449ddef67d1f840d2) Importer(2089858483,b0f066a214c2f5e87bad3c948f4d605d)
Start importing Assets/World/Environment/Prefabs/Custom/asset set/WhiskyGlass_low.prefab using Guid(62f6d6a4d996e9d449ddef67d1f840d2) Importer(2089858483,b0f066a214c2f5e87bad3c948f4d605d) (ScriptedImporter) -> (artifact id: '53b46c70863d7b8ac1292975845d256d') in 0.0090438 seconds
Number of updated asset objects reloaded before import = 0Number of asset objects unloaded after import = 8

========================================================================
Received Import Request.
  Time since last request: 0.000033 seconds.
  path: Assets/World/Environment/Prefabs/Custom/asset set/StandardTable_low001.prefab
  artifactKey: Guid(d98861f37d7effe489c47ac0830f90c0) Importer(2089858483,b0f066a214c2f5e87bad3c948f4d605d)
Start importing Assets/World/Environment/Prefabs/Custom/asset set/StandardTable_low001.prefab using Guid(d98861f37d7effe489c47ac0830f90c0) Importer(2089858483,b0f066a214c2f5e87bad3c948f4d605d) (ScriptedImporter) -> (artifact id: 'cdd867acaa82f1b0f4475571414e5376') in 0.0087469 seconds
Number of updated asset objects reloaded before import = 0Number of asset objects unloaded after import = 8

========================================================================
Received Import Request.
  Time since last request: 0.000036 seconds.
  path: Assets/World/Environment/Prefabs/Custom/asset set/Crate_low003.prefab
  artifactKey: Guid(d0a022a001d17fd4e8e491b05c0aff29) Importer(2089858483,b0f066a214c2f5e87bad3c948f4d605d)
Start importing Assets/World/Environment/Prefabs/Custom/asset set/Crate_low003.prefab using Guid(d0a022a001d17fd4e8e491b05c0aff29) Importer(2089858483,b0f066a214c2f5e87bad3c948f4d605d) (ScriptedImporter) -> (artifact id: 'c10ff0db753ba7b6bd0dd02ab635cb7f') in 0.0082083 seconds
Number of updated asset objects reloaded before import = 0Number of asset objects unloaded after import = 8

========================================================================
Received Import Request.
  Time since last request: 0.000026 seconds.
  path: Assets/World/Environment/Prefabs/Custom/asset set/RoundGlass_low002.prefab
  artifactKey: Guid(11d51f8838e3d3f469b2630560ad8717) Importer(2089858483,b0f066a214c2f5e87bad3c948f4d605d)
Start importing Assets/World/Environment/Prefabs/Custom/asset set/RoundGlass_low002.prefab using Guid(11d51f8838e3d3f469b2630560ad8717) Importer(2089858483,b0f066a214c2f5e87bad3c948f4d605d) (ScriptedImporter) -> (artifact id: '1e691ef46cc187bdea5a644463b7741c') in 0.0085655 seconds
Number of updated asset objects reloaded before import = 0Number of asset objects unloaded after import = 8

========================================================================
Received Import Request.
  Time since last request: 0.000033 seconds.
  path: Assets/World/Environment/Prefabs/Custom/asset set/WantedBoard_low001.prefab
  artifactKey: Guid(e65473221c0058e43abf6acd60ca918f) Importer(2089858483,b0f066a214c2f5e87bad3c948f4d605d)
Start importing Assets/World/Environment/Prefabs/Custom/asset set/WantedBoard_low001.prefab using Guid(e65473221c0058e43abf6acd60ca918f) Importer(2089858483,b0f066a214c2f5e87bad3c948f4d605d) (ScriptedImporter) -> (artifact id: '8ba4e3115ed980f89ff66cc5682c3050') in 0.0081125 seconds
Number of updated asset objects reloaded before import = 0Number of asset objects unloaded after import = 8

========================================================================
Received Import Request.
  Time since last request: 9.765247 seconds.
  path: Assets/World/Environment/Prefabs/Custom/asset set/RoundGlass_low004.prefab
  artifactKey: Guid(8fc9f78cf10d29a4c81a25a35f2f7a48) Importer(815301076,1909f56bfc062723c751e8b465ee728b)
Start importing Assets/World/Environment/Prefabs/Custom/asset set/RoundGlass_low004.prefab using Guid(8fc9f78cf10d29a4c81a25a35f2f7a48) Importer(815301076,1909f56bfc062723c751e8b465ee728b) (PreviewImporter) -> (artifact id: '7513097c16c63eb9c3398e19b70d39f4') in 0.0384826 seconds
Number of updated asset objects reloaded before import = 0Number of asset objects unloaded after import = 606

========================================================================
Received Import Request.
  Time since last request: 0.000025 seconds.
  path: Assets/World/Environment/Prefabs/Custom/asset set/WantedPoster1.prefab
  artifactKey: Guid(ec12ef2c1f934174eaea00265be132d2) Importer(815301076,1909f56bfc062723c751e8b465ee728b)
Start importing Assets/World/Environment/Prefabs/Custom/asset set/WantedPoster1.prefab using Guid(ec12ef2c1f934174eaea00265be132d2) Importer(815301076,1909f56bfc062723c751e8b465ee728b) (PreviewImporter) -> (artifact id: '053b8f6d19cf5ee79b216a3c917397d9') in 0.0361187 seconds
Number of updated asset objects reloaded before import = 0Number of asset objects unloaded after import = 606

========================================================================
Received Import Request.
  Time since last request: 0.000031 seconds.
  path: Assets/World/Environment/Prefabs/Custom/asset set/WhiskyGlass_low006.prefab
  artifactKey: Guid(0b36f964ccab4a84f8e05783d556c3ce) Importer(815301076,1909f56bfc062723c751e8b465ee728b)
Start importing Assets/World/Environment/Prefabs/Custom/asset set/WhiskyGlass_low006.prefab using Guid(0b36f964ccab4a84f8e05783d556c3ce) Importer(815301076,1909f56bfc062723c751e8b465ee728b) (PreviewImporter) -> (artifact id: '98cdc1393b4d3a4862eda24709a38266') in 0.0392368 seconds
Number of updated asset objects reloaded before import = 0Number of asset objects unloaded after import = 606

========================================================================
Received Import Request.
  Time since last request: 0.000040 seconds.
  path: Assets/World/Environment/Prefabs/Custom/asset set/WhiskyGlass_low004.prefab
  artifactKey: Guid(2aa812e487ae7b1498b4faea2459448d) Importer(815301076,1909f56bfc062723c751e8b465ee728b)
Start importing Assets/World/Environment/Prefabs/Custom/asset set/WhiskyGlass_low004.prefab using Guid(2aa812e487ae7b1498b4faea2459448d) Importer(815301076,1909f56bfc062723c751e8b465ee728b) (PreviewImporter) -> (artifact id: '293948443116da798398dbc205bba566') in 0.0364099 seconds
Number of updated asset objects reloaded before import = 0Number of asset objects unloaded after import = 606

========================================================================
Received Import Request.
  Time since last request: 0.000026 seconds.
  path: Assets/World/Environment/Prefabs/Custom/asset set/WantedPoster013.prefab
  artifactKey: Guid(4681a0e0e11994e4abae8ef969e433eb) Importer(815301076,1909f56bfc062723c751e8b465ee728b)
Start importing Assets/World/Environment/Prefabs/Custom/asset set/WantedPoster013.prefab using Guid(4681a0e0e11994e4abae8ef969e433eb) Importer(815301076,1909f56bfc062723c751e8b465ee728b) (PreviewImporter) -> (artifact id: 'eed586147133237b674eb47fb50651c7') in 0.038155 seconds
Number of updated asset objects reloaded before import = 0Number of asset objects unloaded after import = 606

========================================================================
Received Import Request.
  Time since last request: 0.000029 seconds.
  path: Assets/World/Environment/Prefabs/Custom/asset set/Shelf_low.prefab
  artifactKey: Guid(d2f61852f3f0f61469a7fdd8da4915e0) Importer(815301076,1909f56bfc062723c751e8b465ee728b)
Start importing Assets/World/Environment/Prefabs/Custom/asset set/Shelf_low.prefab using Guid(d2f61852f3f0f61469a7fdd8da4915e0) Importer(815301076,1909f56bfc062723c751e8b465ee728b) (PreviewImporter) -> (artifact id: 'e3ba7cb63ca316d870f0a7dbf6b98bb1') in 0.0349871 seconds
Number of updated asset objects reloaded before import = 0Number of asset objects unloaded after import = 606

========================================================================
Received Import Request.
  Time since last request: 0.000039 seconds.
  path: Assets/World/Environment/Prefabs/Custom/asset set/WhiskyGlass_low.prefab
  artifactKey: Guid(62f6d6a4d996e9d449ddef67d1f840d2) Importer(815301076,1909f56bfc062723c751e8b465ee728b)
Start importing Assets/World/Environment/Prefabs/Custom/asset set/WhiskyGlass_low.prefab using Guid(62f6d6a4d996e9d449ddef67d1f840d2) Importer(815301076,1909f56bfc062723c751e8b465ee728b) (PreviewImporter) -> (artifact id: '848e7ff7bf3f268dbefc43f2cffd6368') in 0.0357903 seconds
Number of updated asset objects reloaded before import = 0Number of asset objects unloaded after import = 606

========================================================================
Received Import Request.
  Time since last request: 0.000051 seconds.
  path: Assets/World/Environment/Prefabs/Custom/asset set/SheriffBadge_low001.prefab
  artifactKey: Guid(85f0fcf1e0a283445aa9ebc673436e8f) Importer(815301076,1909f56bfc062723c751e8b465ee728b)
Start importing Assets/World/Environment/Prefabs/Custom/asset set/SheriffBadge_low001.prefab using Guid(85f0fcf1e0a283445aa9ebc673436e8f) Importer(815301076,1909f56bfc062723c751e8b465ee728b) (PreviewImporter) -> (artifact id: 'a974db3f64a81f30dd5e21a636bcca0a') in 0.0353176 seconds
Number of updated asset objects reloaded before import = 0Number of asset objects unloaded after import = 606

========================================================================
Received Import Request.
  Time since last request: 0.000030 seconds.
  path: Assets/World/Environment/Prefabs/Custom/asset set/SheriffBadgeHook_low001.prefab
  artifactKey: Guid(5238ac14eaba3ae4a8ad77f561eff6ed) Importer(815301076,1909f56bfc062723c751e8b465ee728b)
Start importing Assets/World/Environment/Prefabs/Custom/asset set/SheriffBadgeHook_low001.prefab using Guid(5238ac14eaba3ae4a8ad77f561eff6ed) Importer(815301076,1909f56bfc062723c751e8b465ee728b) (PreviewImporter) -> (artifact id: '5bea709aca87b4ca1da1565aa0490b1d') in 0.0347426 seconds
Number of updated asset objects reloaded before import = 0Number of asset objects unloaded after import = 606

========================================================================
Received Import Request.
  Time since last request: 0.000029 seconds.
  path: Assets/World/Environment/Prefabs/Custom/asset set/WhiskyGlass_low008.prefab
  artifactKey: Guid(c9bdd24a2e455594e93b48c58b4192df) Importer(815301076,1909f56bfc062723c751e8b465ee728b)
Start importing Assets/World/Environment/Prefabs/Custom/asset set/WhiskyGlass_low008.prefab using Guid(c9bdd24a2e455594e93b48c58b4192df) Importer(815301076,1909f56bfc062723c751e8b465ee728b) (PreviewImporter) -> (artifact id: 'cc846c4604c091d2c1e361b3a36b9edf') in 0.0351482 seconds
Number of updated asset objects reloaded before import = 0Number of asset objects unloaded after import = 606

========================================================================
Received Import Request.
  Time since last request: 0.000031 seconds.
  path: Assets/World/Environment/Prefabs/Custom/asset set/BarStool_low005.prefab
  artifactKey: Guid(4bcf2e7c3742e784c929cfe57caeca52) Importer(2089858483,b0f066a214c2f5e87bad3c948f4d605d)
Start importing Assets/World/Environment/Prefabs/Custom/asset set/BarStool_low005.prefab using Guid(4bcf2e7c3742e784c929cfe57caeca52) Importer(2089858483,b0f066a214c2f5e87bad3c948f4d605d) (ScriptedImporter) -> (artifact id: '0c381ba073c2808ad0b99f3d82d69853') in 0.0084993 seconds
Number of updated asset objects reloaded before import = 0Number of asset objects unloaded after import = 8

========================================================================
Received Import Request.
  Time since last request: 0.000039 seconds.
  path: Assets/World/Environment/Prefabs/Custom/asset set/WhiskyGlass_low001.prefab
  artifactKey: Guid(8b00f8bac4866b148baaeffb07e8feb2) Importer(2089858483,b0f066a214c2f5e87bad3c948f4d605d)
Start importing Assets/World/Environment/Prefabs/Custom/asset set/WhiskyGlass_low001.prefab using Guid(8b00f8bac4866b148baaeffb07e8feb2) Importer(2089858483,b0f066a214c2f5e87bad3c948f4d605d) (ScriptedImporter) -> (artifact id: '69be097066142de4a17f45684bcbd6b7') in 0.0090988 seconds
Number of updated asset objects reloaded before import = 0Number of asset objects unloaded after import = 8

========================================================================
Received Import Request.
  Time since last request: 0.000022 seconds.
  path: Assets/World/Environment/Prefabs/Custom/asset set/WantedPoster010.prefab
  artifactKey: Guid(c304d11a6b1f481409ef4fb186669206) Importer(2089858483,b0f066a214c2f5e87bad3c948f4d605d)
Start importing Assets/World/Environment/Prefabs/Custom/asset set/WantedPoster010.prefab using Guid(c304d11a6b1f481409ef4fb186669206) Importer(2089858483,b0f066a214c2f5e87bad3c948f4d605d) (ScriptedImporter) -> (artifact id: 'cb35b9e36ef3b926a0aa6f63c48b9884') in 0.0088366 seconds
Number of updated asset objects reloaded before import = 0Number of asset objects unloaded after import = 8

========================================================================
Received Import Request.
  Time since last request: 0.000029 seconds.
  path: Assets/World/Environment/Prefabs/Custom/asset set/ChairSeat_low006.prefab
  artifactKey: Guid(20ba73d0cc3d3314b9f059f8945ad623) Importer(2089858483,b0f066a214c2f5e87bad3c948f4d605d)
Start importing Assets/World/Environment/Prefabs/Custom/asset set/ChairSeat_low006.prefab using Guid(20ba73d0cc3d3314b9f059f8945ad623) Importer(2089858483,b0f066a214c2f5e87bad3c948f4d605d) (ScriptedImporter) -> (artifact id: '48ca50425bb939bf6eeda75b4464d069') in 0.017677 seconds
Number of updated asset objects reloaded before import = 0Number of asset objects unloaded after import = 8

========================================================================
Received Import Request.
  Time since last request: 0.000031 seconds.
  path: Assets/World/Environment/Prefabs/Custom/asset set/AlcoholBottle008_low004.prefab
  artifactKey: Guid(d8286993badeed04aa166267751a3b2d) Importer(2089858483,b0f066a214c2f5e87bad3c948f4d605d)
Start importing Assets/World/Environment/Prefabs/Custom/asset set/AlcoholBottle008_low004.prefab using Guid(d8286993badeed04aa166267751a3b2d) Importer(2089858483,b0f066a214c2f5e87bad3c948f4d605d) (ScriptedImporter) -> (artifact id: 'de98369ecbec78dd42c429757c6ee807') in 0.008238 seconds
Number of updated asset objects reloaded before import = 0Number of asset objects unloaded after import = 8

========================================================================
Received Import Request.
  Time since last request: 0.000035 seconds.
  path: Assets/World/Environment/Prefabs/Custom/asset set/SheriffHat_low001.prefab
  artifactKey: Guid(f2dca69605737fd43bee4763d7b7ace3) Importer(2089858483,b0f066a214c2f5e87bad3c948f4d605d)
Start importing Assets/World/Environment/Prefabs/Custom/asset set/SheriffHat_low001.prefab using Guid(f2dca69605737fd43bee4763d7b7ace3) Importer(2089858483,b0f066a214c2f5e87bad3c948f4d605d) (ScriptedImporter) -> (artifact id: 'c5d66aa1b7891e8036ce91172e09b0b9') in 0.0084479 seconds
Number of updated asset objects reloaded before import = 0Number of asset objects unloaded after import = 8

========================================================================
Received Import Request.
  Time since last request: 0.000036 seconds.
  path: Assets/World/Environment/Prefabs/Custom/asset set/Barrel_low.prefab
  artifactKey: Guid(e1643345ac699a947893ca96ce104855) Importer(2089858483,b0f066a214c2f5e87bad3c948f4d605d)
Start importing Assets/World/Environment/Prefabs/Custom/asset set/Barrel_low.prefab using Guid(e1643345ac699a947893ca96ce104855) Importer(2089858483,b0f066a214c2f5e87bad3c948f4d605d) (ScriptedImporter) -> (artifact id: 'e99d4f07fb0c01134a1311bff4ddbd28') in 0.0100076 seconds
Number of updated asset objects reloaded before import = 0Number of asset objects unloaded after import = 8

========================================================================
Received Import Request.
  Time since last request: 0.000025 seconds.
  path: Assets/World/Environment/Prefabs/Custom/asset set/WhiskyGlass_low002.prefab
  artifactKey: Guid(5126e3110bb3f3f41b5255b3c5939b30) Importer(2089858483,b0f066a214c2f5e87bad3c948f4d605d)
Start importing Assets/World/Environment/Prefabs/Custom/asset set/WhiskyGlass_low002.prefab using Guid(5126e3110bb3f3f41b5255b3c5939b30) Importer(2089858483,b0f066a214c2f5e87bad3c948f4d605d) (ScriptedImporter) -> (artifact id: 'dc42a0fda4452ea352bba9c5d1a99731') in 0.0077596 seconds
Number of updated asset objects reloaded before import = 0Number of asset objects unloaded after import = 8

========================================================================
Received Import Request.
  Time since last request: 0.000031 seconds.
  path: Assets/World/Environment/Prefabs/Custom/asset set/ChairLegs_low.prefab
  artifactKey: Guid(f86fc3cb8e6fa244898992f5e0cb1f85) Importer(2089858483,b0f066a214c2f5e87bad3c948f4d605d)
Start importing Assets/World/Environment/Prefabs/Custom/asset set/ChairLegs_low.prefab using Guid(f86fc3cb8e6fa244898992f5e0cb1f85) Importer(2089858483,b0f066a214c2f5e87bad3c948f4d605d) (ScriptedImporter) -> (artifact id: '00000000000000000000000000000000') in 0.0067084 seconds
Import Error Code:(4)
Message: Build asset version error: assets/world/environment/prefabs/custom/asset set/chairlegs_low.prefab in SourceAssetDB has modification time of '2026-04-05T16:59:03.2268149Z' while content on disk has modification time of '2026-04-05T16:59:05.4253359Z'
  ERROR: Build asset version error: assets/world/environment/prefabs/custom/asset set/chairlegs_low.prefab in SourceAssetDB has modification time of '2026-04-05T16:59:03.2268149Z' while content on disk has modification time of '2026-04-05T16:59:05.4253359Z'
Number of updated asset objects reloaded before import = 0Number of asset objects unloaded after import = 2

========================================================================
Received Import Request.
  Time since last request: 0.000042 seconds.
  path: Assets/World/Environment/Prefabs/Custom/asset set/ChairSeat_low002.prefab
  artifactKey: Guid(a1e621e3c34d58c4e8ea37317070bf8c) Importer(2089858483,b0f066a214c2f5e87bad3c948f4d605d)
Start importing Assets/World/Environment/Prefabs/Custom/asset set/ChairSeat_low002.prefab using Guid(a1e621e3c34d58c4e8ea37317070bf8c) Importer(2089858483,b0f066a214c2f5e87bad3c948f4d605d) (ScriptedImporter) -> (artifact id: '7065cffdc2c3a8b34d19d8a01f0aedb3') in 0.0061275 seconds
Number of updated asset objects reloaded before import = 0Number of asset objects unloaded after import = 0

========================================================================
Received Import Request.
  Time since last request: 0.500824 seconds.
  path: Assets/World/Environment/Prefabs/Custom/asset set/RoundGlass_low004.prefab
  artifactKey: Guid(8fc9f78cf10d29a4c81a25a35f2f7a48) Importer(815301076,1909f56bfc062723c751e8b465ee728b)
Start importing Assets/World/Environment/Prefabs/Custom/asset set/RoundGlass_low004.prefab using Guid(8fc9f78cf10d29a4c81a25a35f2f7a48) Importer(815301076,1909f56bfc062723c751e8b465ee728b) (PreviewImporter) -> (artifact id: 'ab89fd48fc2231102e4f00c3af0ee98f') in 0.0426327 seconds
Number of updated asset objects reloaded before import = 0Number of asset objects unloaded after import = 606

========================================================================
Received Import Request.
  Time since last request: 0.000033 seconds.
  path: Assets/World/Environment/Prefabs/Custom/asset set/WhiskyGlass_low005.prefab
  artifactKey: Guid(b2b0a07a0de52b9468277a12c8eadd43) Importer(815301076,1909f56bfc062723c751e8b465ee728b)
Start importing Assets/World/Environment/Prefabs/Custom/asset set/WhiskyGlass_low005.prefab using Guid(b2b0a07a0de52b9468277a12c8eadd43) Importer(815301076,1909f56bfc062723c751e8b465ee728b) (PreviewImporter) -> (artifact id: 'a956c0c6510daa4426b0869686d73290') in 0.0387302 seconds
Number of updated asset objects reloaded before import = 0Number of asset objects unloaded after import = 606

========================================================================
Received Import Request.
  Time since last request: 0.000052 seconds.
  path: Assets/World/Environment/Prefabs/Custom/asset set/WhiskyGlass_low006.prefab
  artifactKey: Guid(0b36f964ccab4a84f8e05783d556c3ce) Importer(815301076,1909f56bfc062723c751e8b465ee728b)
Start importing Assets/World/Environment/Prefabs/Custom/asset set/WhiskyGlass_low006.prefab using Guid(0b36f964ccab4a84f8e05783d556c3ce) Importer(815301076,1909f56bfc062723c751e8b465ee728b) (PreviewImporter) -> (artifact id: '706346ffcef14755abe52b9891102a93') in 0.0422644 seconds
Number of updated asset objects reloaded before import = 0Number of asset objects unloaded after import = 606

========================================================================
Received Import Request.
  Time since last request: 0.000041 seconds.
  path: Assets/World/Environment/Prefabs/Custom/asset set/SheriffHat_low.prefab
  artifactKey: Guid(84b442dac94c467468c54d4a618a8d1f) Importer(815301076,1909f56bfc062723c751e8b465ee728b)
Start importing Assets/World/Environment/Prefabs/Custom/asset set/SheriffHat_low.prefab using Guid(84b442dac94c467468c54d4a618a8d1f) Importer(815301076,1909f56bfc062723c751e8b465ee728b) (PreviewImporter) -> (artifact id: '67c3b60040016f41f3baa9a1e75620b2') in 0.0364132 seconds
Number of updated asset objects reloaded before import = 0Number of asset objects unloaded after import = 606

========================================================================
Received Import Request.
  Time since last request: 0.000030 seconds.
  path: Assets/World/Environment/Prefabs/Custom/asset set/WantedPoster013.prefab
  artifactKey: Guid(4681a0e0e11994e4abae8ef969e433eb) Importer(815301076,1909f56bfc062723c751e8b465ee728b)
Start importing Assets/World/Environment/Prefabs/Custom/asset set/WantedPoster013.prefab using Guid(4681a0e0e11994e4abae8ef969e433eb) Importer(815301076,1909f56bfc062723c751e8b465ee728b) (PreviewImporter) -> (artifact id: '3d60b90c5747d364a05a7d0f1582de89') in 0.0397306 seconds
Number of updated asset objects reloaded before import = 0Number of asset objects unloaded after import = 606

========================================================================
Received Import Request.
  Time since last request: 0.000042 seconds.
  path: Assets/World/Environment/Prefabs/Custom/asset set/Shelf_low.prefab
  artifactKey: Guid(d2f61852f3f0f61469a7fdd8da4915e0) Importer(815301076,1909f56bfc062723c751e8b465ee728b)
Start importing Assets/World/Environment/Prefabs/Custom/asset set/Shelf_low.prefab using Guid(d2f61852f3f0f61469a7fdd8da4915e0) Importer(815301076,1909f56bfc062723c751e8b465ee728b) (PreviewImporter) -> (artifact id: '265f61afe9ce521868a430254519ef6d') in 0.0374523 seconds
Number of updated asset objects reloaded before import = 0Number of asset objects unloaded after import = 606

========================================================================
Received Import Request.
  Time since last request: 0.000028 seconds.
  path: Assets/World/Environment/Prefabs/Custom/asset set/WhiskyGlass_low002.prefab
  artifactKey: Guid(5126e3110bb3f3f41b5255b3c5939b30) Importer(815301076,1909f56bfc062723c751e8b465ee728b)
Start importing Assets/World/Environment/Prefabs/Custom/asset set/WhiskyGlass_low002.prefab using Guid(5126e3110bb3f3f41b5255b3c5939b30) Importer(815301076,1909f56bfc062723c751e8b465ee728b) (PreviewImporter) -> (artifact id: '1c341aebd94d808bdb9274854448436b') in 0.0360052 seconds
Number of updated asset objects reloaded before import = 0Number of asset objects unloaded after import = 606

========================================================================
Received Import Request.
  Time since last request: 0.000049 seconds.
  path: Assets/World/Environment/Prefabs/Custom/asset set/RoundGlass_low007.prefab
  artifactKey: Guid(c0c3f0fd78b5d874db97e5bbf687a5a8) Importer(815301076,1909f56bfc062723c751e8b465ee728b)
Start importing Assets/World/Environment/Prefabs/Custom/asset set/RoundGlass_low007.prefab using Guid(c0c3f0fd78b5d874db97e5bbf687a5a8) Importer(815301076,1909f56bfc062723c751e8b465ee728b) (PreviewImporter) -> (artifact id: 'f3a1ced639c035934510869238d5bca1') in 0.0379385 seconds
Number of updated asset objects reloaded before import = 0Number of asset objects unloaded after import = 606

========================================================================
Received Import Request.
  Time since last request: 0.000037 seconds.
  path: Assets/World/Environment/Prefabs/Custom/asset set/WhiskyGlass_low003.prefab
  artifactKey: Guid(eab6293ff4ee87044a14c7702054bcea) Importer(815301076,1909f56bfc062723c751e8b465ee728b)
Start importing Assets/World/Environment/Prefabs/Custom/asset set/WhiskyGlass_low003.prefab using Guid(eab6293ff4ee87044a14c7702054bcea) Importer(815301076,1909f56bfc062723c751e8b465ee728b) (PreviewImporter) -> (artifact id: '58747cb6ecb1501a17a161846a7dd8e4') in 0.0370798 seconds
Number of updated asset objects reloaded before import = 0Number of asset objects unloaded after import = 606

========================================================================
Received Import Request.
  Time since last request: 0.660822 seconds.
  path: Assets/World/Environment/Prefabs/Custom/asset set/RoundGlass_low004.prefab
  artifactKey: Guid(8fc9f78cf10d29a4c81a25a35f2f7a48) Importer(815301076,1909f56bfc062723c751e8b465ee728b)
Start importing Assets/World/Environment/Prefabs/Custom/asset set/RoundGlass_low004.prefab using Guid(8fc9f78cf10d29a4c81a25a35f2f7a48) Importer(815301076,1909f56bfc062723c751e8b465ee728b) (PreviewImporter) -> (artifact id: '17bdebd500ea6f7802d4e05c6d30d203') in 0.0436687 seconds
Number of updated asset objects reloaded before import = 0Number of asset objects unloaded after import = 606

========================================================================
Received Import Request.
  Time since last request: 0.000028 seconds.
  path: Assets/World/Environment/Prefabs/Custom/asset set/Shelf_low001.prefab
  artifactKey: Guid(ada932f7b6996944896d54fdb0ea17d3) Importer(815301076,1909f56bfc062723c751e8b465ee728b)
Start importing Assets/World/Environment/Prefabs/Custom/asset set/Shelf_low001.prefab using Guid(ada932f7b6996944896d54fdb0ea17d3) Importer(815301076,1909f56bfc062723c751e8b465ee728b) (PreviewImporter) -> (artifact id: '6a1eb5ca687a7812d1033db3c874b99e') in 0.0391014 seconds
Number of updated asset objects reloaded before import = 0Number of asset objects unloaded after import = 606

========================================================================
Received Import Request.
  Time since last request: 0.000048 seconds.
  path: Assets/World/Environment/Prefabs/Custom/asset set/SheriffBadgeHook_low.prefab
  artifactKey: Guid(ad0c0e072dc810946b14061af195f945) Importer(815301076,1909f56bfc062723c751e8b465ee728b)
Start importing Assets/World/Environment/Prefabs/Custom/asset set/SheriffBadgeHook_low.prefab using Guid(ad0c0e072dc810946b14061af195f945) Importer(815301076,1909f56bfc062723c751e8b465ee728b) (PreviewImporter) -> (artifact id: '06e5363108f0192b141ec9a4dfbd2d13') in 0.0418749 seconds
Number of updated asset objects reloaded before import = 0Number of asset objects unloaded after import = 606

========================================================================
Received Import Request.
  Time since last request: 0.000029 seconds.
  path: Assets/World/Environment/Prefabs/Custom/asset set/SheriffHat_low.prefab
  artifactKey: Guid(84b442dac94c467468c54d4a618a8d1f) Importer(815301076,1909f56bfc062723c751e8b465ee728b)
Start importing Assets/World/Environment/Prefabs/Custom/asset set/SheriffHat_low.prefab using Guid(84b442dac94c467468c54d4a618a8d1f) Importer(815301076,1909f56bfc062723c751e8b465ee728b) (PreviewImporter) -> (artifact id: '8e788ac20f194a0f85c1ba295701c329') in 0.0381531 seconds
Number of updated asset objects reloaded before import = 0Number of asset objects unloaded after import = 606

========================================================================
Received Import Request.
  Time since last request: 0.000027 seconds.
  path: Assets/World/Environment/Prefabs/Custom/asset set/ChairLegs_low006.prefab
  artifactKey: Guid(6a27a57785a127d4faf64c932bf5affe) Importer(815301076,1909f56bfc062723c751e8b465ee728b)
Start importing Assets/World/Environment/Prefabs/Custom/asset set/ChairLegs_low006.prefab using Guid(6a27a57785a127d4faf64c932bf5affe) Importer(815301076,1909f56bfc062723c751e8b465ee728b) (PreviewImporter) -> (artifact id: '6bbab4265fa26a8efdc724916164d850') in 0.0426364 seconds
Number of updated asset objects reloaded before import = 0Number of asset objects unloaded after import = 606

========================================================================
Received Import Request.
  Time since last request: 0.000043 seconds.
  path: Assets/World/Environment/Prefabs/Custom/asset set/KegSwitch_low.prefab
  artifactKey: Guid(2fa549176d0228440ad4132377c55445) Importer(815301076,1909f56bfc062723c751e8b465ee728b)
Start importing Assets/World/Environment/Prefabs/Custom/asset set/KegSwitch_low.prefab using Guid(2fa549176d0228440ad4132377c55445) Importer(815301076,1909f56bfc062723c751e8b465ee728b) (PreviewImporter) -> (artifact id: '597eb613e5e86ea1d995fe80d9874626') in 0.0440695 seconds
Number of updated asset objects reloaded before import = 0Number of asset objects unloaded after import = 606

========================================================================
Received Import Request.
  Time since last request: 0.000033 seconds.
  path: Assets/World/Environment/Prefabs/Custom/asset set/ChairBackRest_low006.prefab
  artifactKey: Guid(fee275a45773ba7459ee1a0c19b71b66) Importer(815301076,1909f56bfc062723c751e8b465ee728b)
Start importing Assets/World/Environment/Prefabs/Custom/asset set/ChairBackRest_low006.prefab using Guid(fee275a45773ba7459ee1a0c19b71b66) Importer(815301076,1909f56bfc062723c751e8b465ee728b) (PreviewImporter) -> (artifact id: 'db1e4b8f6d18a35ddf0c21c2143de50c') in 0.056647 seconds
Number of updated asset objects reloaded before import = 0Number of asset objects unloaded after import = 606

========================================================================
Received Import Request.
  Time since last request: 0.000035 seconds.
  path: Assets/World/Environment/Prefabs/Custom/asset set/ChairLegs_low004.prefab
  artifactKey: Guid(e82dc85cae86fe941b4ab178bd0043fb) Importer(815301076,1909f56bfc062723c751e8b465ee728b)
Start importing Assets/World/Environment/Prefabs/Custom/asset set/ChairLegs_low004.prefab using Guid(e82dc85cae86fe941b4ab178bd0043fb) Importer(815301076,1909f56bfc062723c751e8b465ee728b) (PreviewImporter) -> (artifact id: 'ba685d45ab6274b59b9f58de9edc2e4b') in 0.0542436 seconds
Number of updated asset objects reloaded before import = 0Number of asset objects unloaded after import = 606

========================================================================
Received Import Request.
  Time since last request: 0.000047 seconds.
  path: Assets/World/Environment/Prefabs/Custom/asset set/ChairFeetRests_low007.prefab
  artifactKey: Guid(fc8d6da92c12d044597fee6750ea315b) Importer(815301076,1909f56bfc062723c751e8b465ee728b)
Start importing Assets/World/Environment/Prefabs/Custom/asset set/ChairFeetRests_low007.prefab using Guid(fc8d6da92c12d044597fee6750ea315b) Importer(815301076,1909f56bfc062723c751e8b465ee728b) (PreviewImporter) -> (artifact id: '48b414951f118f8952aa581297eccae3') in 0.0435702 seconds
Number of updated asset objects reloaded before import = 0Number of asset objects unloaded after import = 606

========================================================================
Received Import Request.
  Time since last request: 0.000028 seconds.
  path: Assets/World/Environment/Prefabs/Custom/asset set/ChairSeat_low002.prefab
  artifactKey: Guid(a1e621e3c34d58c4e8ea37317070bf8c) Importer(815301076,1909f56bfc062723c751e8b465ee728b)
Start importing Assets/World/Environment/Prefabs/Custom/asset set/ChairSeat_low002.prefab using Guid(a1e621e3c34d58c4e8ea37317070bf8c) Importer(815301076,1909f56bfc062723c751e8b465ee728b) (PreviewImporter) -> (artifact id: '2b8ad4f95b381a9b1235f130a5c3df2f') in 0.0583868 seconds
Number of updated asset objects reloaded before import = 0Number of asset objects unloaded after import = 606

========================================================================
Received Import Request.
  Time since last request: 0.000035 seconds.
  path: Assets/World/Environment/Prefabs/Custom/asset set/ChairSeat_low003.prefab
  artifactKey: Guid(f57494ca6cfb0834ba96109c4a5f9f82) Importer(815301076,1909f56bfc062723c751e8b465ee728b)
Start importing Assets/World/Environment/Prefabs/Custom/asset set/ChairSeat_low003.prefab using Guid(f57494ca6cfb0834ba96109c4a5f9f82) Importer(815301076,1909f56bfc062723c751e8b465ee728b) (PreviewImporter) -> (artifact id: 'f975b979e98a453fcf224cb9aea60f81') in 0.0433059 seconds
Number of updated asset objects reloaded before import = 0Number of asset objects unloaded after import = 606

========================================================================
Received Import Request.
  Time since last request: 0.000040 seconds.
  path: Assets/World/Environment/Prefabs/Custom/asset set/SheriffBadgePin_low.prefab
  artifactKey: Guid(7b7139ea6350ad4409c4f33bab540c59) Importer(815301076,1909f56bfc062723c751e8b465ee728b)
Start importing Assets/World/Environment/Prefabs/Custom/asset set/SheriffBadgePin_low.prefab using Guid(7b7139ea6350ad4409c4f33bab540c59) Importer(815301076,1909f56bfc062723c751e8b465ee728b) (PreviewImporter) -> (artifact id: 'a66f566a2822aca6c4868557bcf4a94a') in 0.0369457 seconds
Number of updated asset objects reloaded before import = 0Number of asset objects unloaded after import = 606

========================================================================
Received Import Request.
  Time since last request: 0.000033 seconds.
  path: Assets/World/Environment/Prefabs/Custom/asset set/ChairBackRest_low007.prefab
  artifactKey: Guid(1130d6d68ee24a04d88f35eb2f22b5c6) Importer(815301076,1909f56bfc062723c751e8b465ee728b)
Start importing Assets/World/Environment/Prefabs/Custom/asset set/ChairBackRest_low007.prefab using Guid(1130d6d68ee24a04d88f35eb2f22b5c6) Importer(815301076,1909f56bfc062723c751e8b465ee728b) (PreviewImporter) -> (artifact id: 'e99cd41217718e5730f65bd7186af54b') in 0.0388816 seconds
Number of updated asset objects reloaded before import = 0Number of asset objects unloaded after import = 606

========================================================================
Received Import Request.
  Time since last request: 0.000048 seconds.
  path: Assets/World/Environment/Prefabs/Custom/asset set/ChairSeat_low001.prefab
  artifactKey: Guid(0a7005744ff625942abce8aa35937cfa) Importer(815301076,1909f56bfc062723c751e8b465ee728b)
Start importing Assets/World/Environment/Prefabs/Custom/asset set/ChairSeat_low001.prefab using Guid(0a7005744ff625942abce8aa35937cfa) Importer(815301076,1909f56bfc062723c751e8b465ee728b) (PreviewImporter) -> (artifact id: '8e7c8a47239cda3e1de8c3421a384ad5') in 0.0426287 seconds
Number of updated asset objects reloaded before import = 0Number of asset objects unloaded after import = 606

========================================================================
Received Import Request.
  Time since last request: 0.000045 seconds.
  path: Assets/World/Environment/Prefabs/Custom/asset set/WantedPoster4.prefab
  artifactKey: Guid(3eaecb7f3375fe744ab01eae2c5f3630) Importer(815301076,1909f56bfc062723c751e8b465ee728b)
Start importing Assets/World/Environment/Prefabs/Custom/asset set/WantedPoster4.prefab using Guid(3eaecb7f3375fe744ab01eae2c5f3630) Importer(815301076,1909f56bfc062723c751e8b465ee728b) (PreviewImporter) -> (artifact id: '6d0bed4919496ddcc270c317b3296c6a') in 0.0462228 seconds
Number of updated asset objects reloaded before import = 0Number of asset objects unloaded after import = 606

========================================================================
Received Import Request.
  Time since last request: 0.000029 seconds.
  path: Assets/World/Environment/Prefabs/Custom/asset set/AlcoholBottle010_low001.prefab
  artifactKey: Guid(1efb78e06a5e241408c231909e0f9516) Importer(815301076,1909f56bfc062723c751e8b465ee728b)
Start importing Assets/World/Environment/Prefabs/Custom/asset set/AlcoholBottle010_low001.prefab using Guid(1efb78e06a5e241408c231909e0f9516) Importer(815301076,1909f56bfc062723c751e8b465ee728b) (PreviewImporter) -> (artifact id: '689eff3180315a993aae41a3c03899f2') in 0.0387796 seconds
Number of updated asset objects reloaded before import = 0Number of asset objects unloaded after import = 606

========================================================================
Received Import Request.
  Time since last request: 0.000044 seconds.
  path: Assets/World/Environment/Prefabs/Custom/asset set/ChairFeetRests_low004.prefab
  artifactKey: Guid(32c3361d90222934386cd9b44d9c2e1e) Importer(815301076,1909f56bfc062723c751e8b465ee728b)
Start importing Assets/World/Environment/Prefabs/Custom/asset set/ChairFeetRests_low004.prefab using Guid(32c3361d90222934386cd9b44d9c2e1e) Importer(815301076,1909f56bfc062723c751e8b465ee728b) (PreviewImporter) -> (artifact id: '7d91bfd1d91663407801a43edef6eda4') in 0.0434501 seconds
Number of updated asset objects reloaded before import = 0Number of asset objects unloaded after import = 606

========================================================================
Received Import Request.
  Time since last request: 0.000050 seconds.
  path: Assets/World/Environment/Prefabs/Custom/asset set/ChairFeetRests_low.prefab
  artifactKey: Guid(a0b6eaa77a7e7184bbd5eaf204d2e753) Importer(815301076,1909f56bfc062723c751e8b465ee728b)
Start importing Assets/World/Environment/Prefabs/Custom/asset set/ChairFeetRests_low.prefab using Guid(a0b6eaa77a7e7184bbd5eaf204d2e753) Importer(815301076,1909f56bfc062723c751e8b465ee728b) (PreviewImporter) -> (artifact id: '26e1b34949c78a95c6d112a7648456d7') in 0.0374053 seconds
Number of updated asset objects reloaded before import = 0Number of asset objects unloaded after import = 606

========================================================================
Received Import Request.
  Time since last request: 0.000027 seconds.
  path: Assets/World/Environment/Prefabs/Custom/asset set/ChairBackRest_low001.prefab
  artifactKey: Guid(606b56f2d1e1534448c9edefb426cfa7) Importer(815301076,1909f56bfc062723c751e8b465ee728b)
Start importing Assets/World/Environment/Prefabs/Custom/asset set/ChairBackRest_low001.prefab using Guid(606b56f2d1e1534448c9edefb426cfa7) Importer(815301076,1909f56bfc062723c751e8b465ee728b) (PreviewImporter) -> (artifact id: 'af0fe0978e65546f2312fb06bbfbecb8') in 0.043834 seconds
Number of updated asset objects reloaded before import = 0Number of asset objects unloaded after import = 606

========================================================================
Received Import Request.
  Time since last request: 0.000040 seconds.
  path: Assets/World/Environment/Prefabs/Custom/asset set/WhiskyGlass_low002.prefab
  artifactKey: Guid(5126e3110bb3f3f41b5255b3c5939b30) Importer(815301076,1909f56bfc062723c751e8b465ee728b)
Start importing Assets/World/Environment/Prefabs/Custom/asset set/WhiskyGlass_low002.prefab using Guid(5126e3110bb3f3f41b5255b3c5939b30) Importer(815301076,1909f56bfc062723c751e8b465ee728b) (PreviewImporter) -> (artifact id: '6aeca959786604468b8e996b02163afa') in 0.0395526 seconds
Number of updated asset objects reloaded before import = 0Number of asset objects unloaded after import = 606

========================================================================
Received Import Request.
  Time since last request: 0.000041 seconds.
  path: Assets/World/Environment/Prefabs/Custom/asset set/ChairLegs_low002.prefab
  artifactKey: Guid(55d360d652e584a4f968ea4433ffd62d) Importer(815301076,1909f56bfc062723c751e8b465ee728b)
Start importing Assets/World/Environment/Prefabs/Custom/asset set/ChairLegs_low002.prefab using Guid(55d360d652e584a4f968ea4433ffd62d) Importer(815301076,1909f56bfc062723c751e8b465ee728b) (PreviewImporter) -> (artifact id: 'c9ed9821e9b562804e599b636e01faa8') in 0.0373588 seconds
Number of updated asset objects reloaded before import = 0Number of asset objects unloaded after import = 606

========================================================================
Received Import Request.
  Time since last request: 0.000027 seconds.
  path: Assets/World/Environment/Prefabs/Custom/asset set/ChairSeat_low007.prefab
  artifactKey: Guid(47cbe88c8994c664ba6d4dee1f924798) Importer(815301076,1909f56bfc062723c751e8b465ee728b)
Start importing Assets/World/Environment/Prefabs/Custom/asset set/ChairSeat_low007.prefab using Guid(47cbe88c8994c664ba6d4dee1f924798) Importer(815301076,1909f56bfc062723c751e8b465ee728b) (PreviewImporter) -> (artifact id: '46f3d6d3b6e15b7c28b1382b495a30e4') in 0.044443 seconds
Number of updated asset objects reloaded before import = 0Number of asset objects unloaded after import = 606

========================================================================
Received Import Request.
  Time since last request: 0.000026 seconds.
  path: Assets/World/Environment/Prefabs/Custom/asset set/Bar_low.prefab
  artifactKey: Guid(bd0921dd878d18f4da98f5bbcda56c35) Importer(815301076,1909f56bfc062723c751e8b465ee728b)
Start importing Assets/World/Environment/Prefabs/Custom/asset set/Bar_low.prefab using Guid(bd0921dd878d18f4da98f5bbcda56c35) Importer(815301076,1909f56bfc062723c751e8b465ee728b) (PreviewImporter) -> (artifact id: 'ce217b89cbc3e329e9ec8dcde0a1839c') in 0.0384022 seconds
Number of updated asset objects reloaded before import = 0Number of asset objects unloaded after import = 606

========================================================================
Received Import Request.
  Time since last request: 0.000041 seconds.
  path: Assets/World/Environment/Prefabs/Custom/asset set/BullHornsBack_low.prefab
  artifactKey: Guid(6b101c8a8f048be4fbc96da834ac3d99) Importer(815301076,1909f56bfc062723c751e8b465ee728b)
Start importing Assets/World/Environment/Prefabs/Custom/asset set/BullHornsBack_low.prefab using Guid(6b101c8a8f048be4fbc96da834ac3d99) Importer(815301076,1909f56bfc062723c751e8b465ee728b) (PreviewImporter) -> (artifact id: '1724d845c97e3467adf3193403f2b81c') in 0.0413861 seconds
Number of updated asset objects reloaded before import = 0Number of asset objects unloaded after import = 606

========================================================================
Received Import Request.
  Time since last request: 0.000092 seconds.
  path: Assets/World/Environment/Prefabs/Custom/asset set/RoundGlass_low007.prefab
  artifactKey: Guid(c0c3f0fd78b5d874db97e5bbf687a5a8) Importer(815301076,1909f56bfc062723c751e8b465ee728b)
Start importing Assets/World/Environment/Prefabs/Custom/asset set/RoundGlass_low007.prefab using Guid(c0c3f0fd78b5d874db97e5bbf687a5a8) Importer(815301076,1909f56bfc062723c751e8b465ee728b) (PreviewImporter) -> (artifact id: 'a3080f669821966eea07df8ffa8b8baf') in 0.0409197 seconds
Number of updated asset objects reloaded before import = 0Number of asset objects unloaded after import = 606

========================================================================
Received Import Request.
  Time since last request: 0.000034 seconds.
  path: Assets/World/Environment/Prefabs/Custom/asset set/WantedPoster010.prefab
  artifactKey: Guid(c304d11a6b1f481409ef4fb186669206) Importer(815301076,1909f56bfc062723c751e8b465ee728b)
Start importing Assets/World/Environment/Prefabs/Custom/asset set/WantedPoster010.prefab using Guid(c304d11a6b1f481409ef4fb186669206) Importer(815301076,1909f56bfc062723c751e8b465ee728b) (PreviewImporter) -> (artifact id: '9f72e6cf8fee200e27d16ac1b2b789c9') in 0.041022 seconds
Number of updated asset objects reloaded before import = 0Number of asset objects unloaded after import = 606

========================================================================
Received Import Request.
  Time since last request: 0.000031 seconds.
  path: Assets/World/Environment/Prefabs/Custom/asset set/Crate_low005.prefab
  artifactKey: Guid(42088531a9c25f545a604bfd96af842c) Importer(815301076,1909f56bfc062723c751e8b465ee728b)
Start importing Assets/World/Environment/Prefabs/Custom/asset set/Crate_low005.prefab using Guid(42088531a9c25f545a604bfd96af842c) Importer(815301076,1909f56bfc062723c751e8b465ee728b) (PreviewImporter) -> (artifact id: '5acf02245be196369f7812565f2393fa') in 0.0448819 seconds
Number of updated asset objects reloaded before import = 0Number of asset objects unloaded after import = 606

========================================================================
Received Import Request.
  Time since last request: 0.000046 seconds.
  path: Assets/World/Environment/Prefabs/Custom/asset set/AlcoholBottle008_low006.prefab
  artifactKey: Guid(51395d8034323cd499fcbc3f2ae64242) Importer(815301076,1909f56bfc062723c751e8b465ee728b)
Start importing Assets/World/Environment/Prefabs/Custom/asset set/AlcoholBottle008_low006.prefab using Guid(51395d8034323cd499fcbc3f2ae64242) Importer(815301076,1909f56bfc062723c751e8b465ee728b) (PreviewImporter) -> (artifact id: 'b2b77637282d2020dc61d0a2bdae06b9') in 0.0439591 seconds
Number of updated asset objects reloaded before import = 0Number of asset objects unloaded after import = 606

========================================================================
Received Import Request.
  Time since last request: 0.000034 seconds.
  path: Assets/World/Environment/Prefabs/Custom/asset set/Bar_low001.prefab
  artifactKey: Guid(e7a704fbc9fd34e41b4654099e0c6928) Importer(815301076,1909f56bfc062723c751e8b465ee728b)
Start importing Assets/World/Environment/Prefabs/Custom/asset set/Bar_low001.prefab using Guid(e7a704fbc9fd34e41b4654099e0c6928) Importer(815301076,1909f56bfc062723c751e8b465ee728b) (PreviewImporter) -> (artifact id: '304c790a680608632989fab48cdd3050') in 0.0415663 seconds
Number of updated asset objects reloaded before import = 0Number of asset objects unloaded after import = 606

========================================================================
Received Import Request.
  Time since last request: 3.832585 seconds.
  path: Assets/World/Environment/Prefabs/Custom/asset set/ChairLegs_low002.prefab
  artifactKey: Guid(55d360d652e584a4f968ea4433ffd62d) Importer(2089858483,b0f066a214c2f5e87bad3c948f4d605d)
Start importing Assets/World/Environment/Prefabs/Custom/asset set/ChairLegs_low002.prefab using Guid(55d360d652e584a4f968ea4433ffd62d) Importer(2089858483,b0f066a214c2f5e87bad3c948f4d605d) (ScriptedImporter) -> (artifact id: '51c3adcd231a055ab1e21ce626cf2f44') in 0.008159 seconds
Number of updated asset objects reloaded before import = 0Number of asset objects unloaded after import = 8

========================================================================
Received Import Request.
  Time since last request: 0.000026 seconds.
  path: Assets/World/Environment/Prefabs/Custom/asset set/Barrel_low.prefab
  artifactKey: Guid(e1643345ac699a947893ca96ce104855) Importer(2089858483,b0f066a214c2f5e87bad3c948f4d605d)
Start importing Assets/World/Environment/Prefabs/Custom/asset set/Barrel_low.prefab using Guid(e1643345ac699a947893ca96ce104855) Importer(2089858483,b0f066a214c2f5e87bad3c948f4d605d) (ScriptedImporter) -> (artifact id: 'd866753241200020e85f25e857fba9b8') in 0.0100892 seconds
Number of updated asset objects reloaded before import = 0Number of asset objects unloaded after import = 8

========================================================================
Received Import Request.
  Time since last request: 0.000032 seconds.
  path: Assets/World/Environment/Prefabs/Custom/asset set/OilLampHandle_low.prefab
  artifactKey: Guid(23b166e54f77d1f44baa638b0512d3f6) Importer(2089858483,b0f066a214c2f5e87bad3c948f4d605d)
Start importing Assets/World/Environment/Prefabs/Custom/asset set/OilLampHandle_low.prefab using Guid(23b166e54f77d1f44baa638b0512d3f6) Importer(2089858483,b0f066a214c2f5e87bad3c948f4d605d) (ScriptedImporter) -> (artifact id: 'a7b6913ccf66de4725fff79dfd4d2922') in 0.0100585 seconds
Number of updated asset objects reloaded before import = 0Number of asset objects unloaded after import = 8

========================================================================
Received Import Request.
  Time since last request: 0.000024 seconds.
  path: Assets/World/Environment/Prefabs/Custom/asset set/ChairLegs_low001.prefab
  artifactKey: Guid(a894b7bc0a08b3b41a711cecbb569a74) Importer(2089858483,b0f066a214c2f5e87bad3c948f4d605d)
Start importing Assets/World/Environment/Prefabs/Custom/asset set/ChairLegs_low001.prefab using Guid(a894b7bc0a08b3b41a711cecbb569a74) Importer(2089858483,b0f066a214c2f5e87bad3c948f4d605d) (ScriptedImporter) -> (artifact id: '7b20e3e2b8668e572aee5fea65c92cf7') in 0.0108828 seconds
Number of updated asset objects reloaded before import = 0Number of asset objects unloaded after import = 8

========================================================================
Received Import Request.
  Time since last request: 0.000023 seconds.
  path: Assets/World/Environment/Prefabs/Custom/asset set/ChairBackRest_low003.prefab
  artifactKey: Guid(5278de90b5b19a941a16fda5b001dba2) Importer(2089858483,b0f066a214c2f5e87bad3c948f4d605d)
Start importing Assets/World/Environment/Prefabs/Custom/asset set/ChairBackRest_low003.prefab using Guid(5278de90b5b19a941a16fda5b001dba2) Importer(2089858483,b0f066a214c2f5e87bad3c948f4d605d) (ScriptedImporter) -> (artifact id: 'f651035d15810392f858d463356a71b6') in 0.009209 seconds
Number of updated asset objects reloaded before import = 0Number of asset objects unloaded after import = 8

========================================================================
Received Import Request.
  Time since last request: 0.000023 seconds.
  path: Assets/World/Environment/Prefabs/Custom/asset set/ChairBackRest_low005.prefab
  artifactKey: Guid(40c7b348de8500b4b92b8986235f0023) Importer(2089858483,b0f066a214c2f5e87bad3c948f4d605d)
Start importing Assets/World/Environment/Prefabs/Custom/asset set/ChairBackRest_low005.prefab using Guid(40c7b348de8500b4b92b8986235f0023) Importer(2089858483,b0f066a214c2f5e87bad3c948f4d605d) (ScriptedImporter) -> (artifact id: '303126e590678e3e0a9a13ec75dad736') in 0.0085805 seconds
Number of updated asset objects reloaded before import = 0Number of asset objects unloaded after import = 8

========================================================================
Received Import Request.
  Time since last request: 0.000026 seconds.
  path: Assets/World/Environment/Prefabs/Custom/asset set/AlcoholBottle008_low003.prefab
  artifactKey: Guid(2cbeed05bcb942548b255ff8e0235a09) Importer(2089858483,b0f066a214c2f5e87bad3c948f4d605d)
Start importing Assets/World/Environment/Prefabs/Custom/asset set/AlcoholBottle008_low003.prefab using Guid(2cbeed05bcb942548b255ff8e0235a09) Importer(2089858483,b0f066a214c2f5e87bad3c948f4d605d) (ScriptedImporter) -> (artifact id: 'c4542ffc52becbcea398d2c12a49567e') in 0.0080954 seconds
Number of updated asset objects reloaded before import = 0Number of asset objects unloaded after import = 8

========================================================================
Received Import Request.
  Time since last request: 0.000036 seconds.
  path: Assets/World/Environment/Prefabs/Custom/asset set/BullHornsRope_low.prefab
  artifactKey: Guid(e939300c1d26e8a48bd374f94a5837bd) Importer(2089858483,b0f066a214c2f5e87bad3c948f4d605d)
Start importing Assets/World/Environment/Prefabs/Custom/asset set/BullHornsRope_low.prefab using Guid(e939300c1d26e8a48bd374f94a5837bd) Importer(2089858483,b0f066a214c2f5e87bad3c948f4d605d) (ScriptedImporter) -> (artifact id: '65bcac88742d63374cf1cfcd85fbee50') in 0.0085949 seconds
Number of updated asset objects reloaded before import = 0Number of asset objects unloaded after import = 8

========================================================================
Received Import Request.
  Time since last request: 0.000022 seconds.
  path: Assets/World/Environment/Prefabs/Custom/asset set/WantedPoster011.prefab
  artifactKey: Guid(696647e6364af6341a55145163b90c52) Importer(2089858483,b0f066a214c2f5e87bad3c948f4d605d)
Start importing Assets/World/Environment/Prefabs/Custom/asset set/WantedPoster011.prefab using Guid(696647e6364af6341a55145163b90c52) Importer(2089858483,b0f066a214c2f5e87bad3c948f4d605d) (ScriptedImporter) -> (artifact id: 'c15f2faf3436e74926304929aa939c7c') in 0.0080874 seconds
Number of updated asset objects reloaded before import = 0Number of asset objects unloaded after import = 8

========================================================================
Received Import Request.
  Time since last request: 0.000036 seconds.
  path: Assets/World/Environment/Prefabs/Custom/asset set/WhiskyGlass_low008.prefab
  artifactKey: Guid(c9bdd24a2e455594e93b48c58b4192df) Importer(2089858483,b0f066a214c2f5e87bad3c948f4d605d)
Start importing Assets/World/Environment/Prefabs/Custom/asset set/WhiskyGlass_low008.prefab using Guid(c9bdd24a2e455594e93b48c58b4192df) Importer(2089858483,b0f066a214c2f5e87bad3c948f4d605d) (ScriptedImporter) -> (artifact id: 'b01defec573d5628b050a7e8c1bf04a2') in 0.010691 seconds
Number of updated asset objects reloaded before import = 0Number of asset objects unloaded after import = 8

========================================================================
Received Import Request.
  Time since last request: 0.000029 seconds.
  path: Assets/World/Environment/Prefabs/Custom/asset set/PokerTable_low001.prefab
  artifactKey: Guid(7d0bea3256d01ba42935387359c7a183) Importer(2089858483,b0f066a214c2f5e87bad3c948f4d605d)
Start importing Assets/World/Environment/Prefabs/Custom/asset set/PokerTable_low001.prefab using Guid(7d0bea3256d01ba42935387359c7a183) Importer(2089858483,b0f066a214c2f5e87bad3c948f4d605d) (ScriptedImporter) -> (artifact id: '33cfda86b8d81640b9de12827241c71a') in 0.0082042 seconds
Number of updated asset objects reloaded before import = 0Number of asset objects unloaded after import = 8

========================================================================
Received Import Request.
  Time since last request: 0.000030 seconds.
  path: Assets/World/Environment/Prefabs/Custom/asset set/RoundGlass_low004.prefab
  artifactKey: Guid(8fc9f78cf10d29a4c81a25a35f2f7a48) Importer(2089858483,b0f066a214c2f5e87bad3c948f4d605d)
Start importing Assets/World/Environment/Prefabs/Custom/asset set/RoundGlass_low004.prefab using Guid(8fc9f78cf10d29a4c81a25a35f2f7a48) Importer(2089858483,b0f066a214c2f5e87bad3c948f4d605d) (ScriptedImporter) -> (artifact id: '304b7e59cd9bb7cffa15b2d051ba7c27') in 0.00936 seconds
Number of updated asset objects reloaded before import = 0Number of asset objects unloaded after import = 8

========================================================================
Received Import Request.
  Time since last request: 0.000059 seconds.
  path: Assets/World/Environment/Prefabs/Custom/asset set/SheriffBadge_low.prefab
  artifactKey: Guid(b75518ffcd425ae4f8ca185855cb393b) Importer(2089858483,b0f066a214c2f5e87bad3c948f4d605d)
Start importing Assets/World/Environment/Prefabs/Custom/asset set/SheriffBadge_low.prefab using Guid(b75518ffcd425ae4f8ca185855cb393b) Importer(2089858483,b0f066a214c2f5e87bad3c948f4d605d) (ScriptedImporter) -> (artifact id: '0a05650dddf64102265bfb14f065f1fb') in 0.0093694 seconds
Number of updated asset objects reloaded before import = 0Number of asset objects unloaded after import = 8

========================================================================
Received Import Request.
  Time since last request: 0.000027 seconds.
  path: Assets/World/Environment/Prefabs/Custom/asset set/AlcoholBottle008_low.prefab
  artifactKey: Guid(1954b7f435cc13341b4ad2628e1c097c) Importer(2089858483,b0f066a214c2f5e87bad3c948f4d605d)
Start importing Assets/World/Environment/Prefabs/Custom/asset set/AlcoholBottle008_low.prefab using Guid(1954b7f435cc13341b4ad2628e1c097c) Importer(2089858483,b0f066a214c2f5e87bad3c948f4d605d) (ScriptedImporter) -> (artifact id: 'fc97cbc3b05a08421ff3369ceacc0d75') in 0.0096421 seconds
Number of updated asset objects reloaded before import = 0Number of asset objects unloaded after import = 8

========================================================================
Received Import Request.
  Time since last request: 0.000031 seconds.
  path: Assets/World/Environment/Prefabs/Custom/asset set/RoundGlass_low007.prefab
  artifactKey: Guid(c0c3f0fd78b5d874db97e5bbf687a5a8) Importer(2089858483,b0f066a214c2f5e87bad3c948f4d605d)
Start importing Assets/World/Environment/Prefabs/Custom/asset set/RoundGlass_low007.prefab using Guid(c0c3f0fd78b5d874db97e5bbf687a5a8) Importer(2089858483,b0f066a214c2f5e87bad3c948f4d605d) (ScriptedImporter) -> (artifact id: '7a8eef75db264a8e7f29c176460f83bc') in 0.0090397 seconds
Number of updated asset objects reloaded before import = 0Number of asset objects unloaded after import = 8

========================================================================
Received Import Request.
  Time since last request: 0.000030 seconds.
  path: Assets/World/Environment/Prefabs/Custom/asset set/Keg_low.prefab
  artifactKey: Guid(bf95307609842644398246a107bfd460) Importer(2089858483,b0f066a214c2f5e87bad3c948f4d605d)
Start importing Assets/World/Environment/Prefabs/Custom/asset set/Keg_low.prefab using Guid(bf95307609842644398246a107bfd460) Importer(2089858483,b0f066a214c2f5e87bad3c948f4d605d) (ScriptedImporter) -> (artifact id: 'd00f6e7cb4b49e1aeac2087e6b13c935') in 0.0086508 seconds
Number of updated asset objects reloaded before import = 0Number of asset objects unloaded after import = 8

========================================================================
Received Import Request.
  Time since last request: 0.000050 seconds.
  path: Assets/World/Environment/Prefabs/Custom/asset set/ChairFeetRests_low002.prefab
  artifactKey: Guid(4aa00cf2b5794ec408cc0ee9daed169e) Importer(2089858483,b0f066a214c2f5e87bad3c948f4d605d)
Start importing Assets/World/Environment/Prefabs/Custom/asset set/ChairFeetRests_low002.prefab using Guid(4aa00cf2b5794ec408cc0ee9daed169e) Importer(2089858483,b0f066a214c2f5e87bad3c948f4d605d) (ScriptedImporter) -> (artifact id: 'd0d7a90a2920969da9ba980f3ea4776f') in 0.0079192 seconds
Number of updated asset objects reloaded before import = 0Number of asset objects unloaded after import = 8

========================================================================
Received Import Request.
  Time since last request: 0.000026 seconds.
  path: Assets/World/Environment/Prefabs/Custom/asset set/Crate_low001.prefab
  artifactKey: Guid(822358bc3001d2e4eb6a21332232b797) Importer(2089858483,b0f066a214c2f5e87bad3c948f4d605d)
Start importing Assets/World/Environment/Prefabs/Custom/asset set/Crate_low001.prefab using Guid(822358bc3001d2e4eb6a21332232b797) Importer(2089858483,b0f066a214c2f5e87bad3c948f4d605d) (ScriptedImporter) -> (artifact id: '5b4223929d4b48ee25299d84bdabaa44') in 0.0168652 seconds
Number of updated asset objects reloaded before import = 0Number of asset objects unloaded after import = 8

========================================================================
Received Import Request.
  Time since last request: 0.000026 seconds.
  path: Assets/World/Environment/Prefabs/Custom/asset set/AlcoholBottle008_low002.prefab
  artifactKey: Guid(5b5934a292d8af34bb8b6586535bec28) Importer(2089858483,b0f066a214c2f5e87bad3c948f4d605d)
Start importing Assets/World/Environment/Prefabs/Custom/asset set/AlcoholBottle008_low002.prefab using Guid(5b5934a292d8af34bb8b6586535bec28) Importer(2089858483,b0f066a214c2f5e87bad3c948f4d605d) (ScriptedImporter) -> (artifact id: '0bb6fc3c53395cf346b96d077a1e9ddf') in 0.0090015 seconds
Number of updated asset objects reloaded before import = 0Number of asset objects unloaded after import = 8

========================================================================
Received Import Request.
  Time since last request: 0.000030 seconds.
  path: Assets/World/Environment/Prefabs/Custom/asset set/ChairSeat_low007.prefab
  artifactKey: Guid(47cbe88c8994c664ba6d4dee1f924798) Importer(2089858483,b0f066a214c2f5e87bad3c948f4d605d)
Start importing Assets/World/Environment/Prefabs/Custom/asset set/ChairSeat_low007.prefab using Guid(47cbe88c8994c664ba6d4dee1f924798) Importer(2089858483,b0f066a214c2f5e87bad3c948f4d605d) (ScriptedImporter) -> (artifact id: '7ea2c477724557db05b0a166c55e0745') in 0.0093283 seconds
Number of updated asset objects reloaded before import = 0Number of asset objects unloaded after import = 8

========================================================================
Received Import Request.
  Time since last request: 0.000031 seconds.
  path: Assets/World/Environment/Prefabs/Custom/asset set/SheriffBadgeHook_low001.prefab
  artifactKey: Guid(5238ac14eaba3ae4a8ad77f561eff6ed) Importer(2089858483,b0f066a214c2f5e87bad3c948f4d605d)
Start importing Assets/World/Environment/Prefabs/Custom/asset set/SheriffBadgeHook_low001.prefab using Guid(5238ac14eaba3ae4a8ad77f561eff6ed) Importer(2089858483,b0f066a214c2f5e87bad3c948f4d605d) (ScriptedImporter) -> (artifact id: 'd71a45fee85d74b1b07942a1de698b00') in 0.0102955 seconds
Number of updated asset objects reloaded before import = 0Number of asset objects unloaded after import = 8

========================================================================
Received Import Request.
  Time since last request: 0.000036 seconds.
  path: Assets/World/Environment/Prefabs/Custom/asset set/CandleHolderHandle_low.prefab
  artifactKey: Guid(d8a656e246d0a0a4abbe6d9ebe7712a8) Importer(2089858483,b0f066a214c2f5e87bad3c948f4d605d)
Start importing Assets/World/Environment/Prefabs/Custom/asset set/CandleHolderHandle_low.prefab using Guid(d8a656e246d0a0a4abbe6d9ebe7712a8) Importer(2089858483,b0f066a214c2f5e87bad3c948f4d605d) (ScriptedImporter) -> (artifact id: 'fc2440727c62f0d7a634e1887b02119e') in 0.0084423 seconds
Number of updated asset objects reloaded before import = 0Number of asset objects unloaded after import = 8

========================================================================
Received Import Request.
  Time since last request: 0.376814 seconds.
  path: Assets/World/Environment/Prefabs/Custom/asset set/Crate_low002.prefab
  artifactKey: Guid(02d97d2e44330db4c901c79eeec9323f) Importer(2089858483,b0f066a214c2f5e87bad3c948f4d605d)
Start importing Assets/World/Environment/Prefabs/Custom/asset set/Crate_low002.prefab using Guid(02d97d2e44330db4c901c79eeec9323f) Importer(2089858483,b0f066a214c2f5e87bad3c948f4d605d) (ScriptedImporter) -> (artifact id: 'd282cc4a1b2c4aa4fefa17b258aec135') in 0.0089615 seconds
Number of updated asset objects reloaded before import = 0Number of asset objects unloaded after import = 8

========================================================================
Received Import Request.
  Time since last request: 0.000052 seconds.
  path: Assets/World/Environment/Prefabs/Custom/asset set/ChairLegs_low007.prefab
  artifactKey: Guid(06312c66f2baf3d4c9c2903d3000fc06) Importer(2089858483,b0f066a214c2f5e87bad3c948f4d605d)
Start importing Assets/World/Environment/Prefabs/Custom/asset set/ChairLegs_low007.prefab using Guid(06312c66f2baf3d4c9c2903d3000fc06) Importer(2089858483,b0f066a214c2f5e87bad3c948f4d605d) (ScriptedImporter) -> (artifact id: '646752ec48390fb9be4054066916353d') in 0.0076359 seconds
Number of updated asset objects reloaded before import = 0Number of asset objects unloaded after import = 8

========================================================================
Received Import Request.
  Time since last request: 0.000024 seconds.
  path: Assets/World/Environment/Prefabs/Custom/asset set/ChairSeat_low005.prefab
  artifactKey: Guid(ca1d3710f2e3f21479d16398bb740368) Importer(2089858483,b0f066a214c2f5e87bad3c948f4d605d)
Start importing Assets/World/Environment/Prefabs/Custom/asset set/ChairSeat_low005.prefab using Guid(ca1d3710f2e3f21479d16398bb740368) Importer(2089858483,b0f066a214c2f5e87bad3c948f4d605d) (ScriptedImporter) -> (artifact id: '8d785044c4e2487d545b34edbc9640c1') in 0.0099138 seconds
Number of updated asset objects reloaded before import = 0Number of asset objects unloaded after import = 8

========================================================================
Received Import Request.
  Time since last request: 0.000038 seconds.
  path: Assets/World/Environment/Prefabs/Custom/asset set/ChairLegs_low006.prefab
  artifactKey: Guid(6a27a57785a127d4faf64c932bf5affe) Importer(2089858483,b0f066a214c2f5e87bad3c948f4d605d)
Start importing Assets/World/Environment/Prefabs/Custom/asset set/ChairLegs_low006.prefab using Guid(6a27a57785a127d4faf64c932bf5affe) Importer(2089858483,b0f066a214c2f5e87bad3c948f4d605d) (ScriptedImporter) -> (artifact id: '3a938a8a958cad4bd5292c48ac304a8e') in 0.0088212 seconds
Number of updated asset objects reloaded before import = 0Number of asset objects unloaded after import = 8

========================================================================
Received Import Request.
  Time since last request: 0.000023 seconds.
  path: Assets/World/Environment/Prefabs/Custom/asset set/ChairFeetRests_low005.prefab
  artifactKey: Guid(caa0b007cae4c314288dc4b8bca1b8b1) Importer(2089858483,b0f066a214c2f5e87bad3c948f4d605d)
Start importing Assets/World/Environment/Prefabs/Custom/asset set/ChairFeetRests_low005.prefab using Guid(caa0b007cae4c314288dc4b8bca1b8b1) Importer(2089858483,b0f066a214c2f5e87bad3c948f4d605d) (ScriptedImporter) -> (artifact id: 'da85ce4c9cdeec3610c46e021a2b38ad') in 0.0094988 seconds
Number of updated asset objects reloaded before import = 0Number of asset objects unloaded after import = 8

========================================================================
Received Import Request.
  Time since last request: 0.000028 seconds.
  path: Assets/World/Environment/Prefabs/Custom/asset set/ChairSeat_low003.prefab
  artifactKey: Guid(f57494ca6cfb0834ba96109c4a5f9f82) Importer(2089858483,b0f066a214c2f5e87bad3c948f4d605d)
Start importing Assets/World/Environment/Prefabs/Custom/asset set/ChairSeat_low003.prefab using Guid(f57494ca6cfb0834ba96109c4a5f9f82) Importer(2089858483,b0f066a214c2f5e87bad3c948f4d605d) (ScriptedImporter) -> (artifact id: '9edf31ab655f64ccdece8748744bd4e6') in 0.007948 seconds
Number of updated asset objects reloaded before import = 0Number of asset objects unloaded after import = 8

========================================================================
Received Import Request.
  Time since last request: 0.000032 seconds.
  path: Assets/World/Environment/Prefabs/Custom/asset set/WhiskyGlass_low003.prefab
  artifactKey: Guid(eab6293ff4ee87044a14c7702054bcea) Importer(2089858483,b0f066a214c2f5e87bad3c948f4d605d)
Start importing Assets/World/Environment/Prefabs/Custom/asset set/WhiskyGlass_low003.prefab using Guid(eab6293ff4ee87044a14c7702054bcea) Importer(2089858483,b0f066a214c2f5e87bad3c948f4d605d) (ScriptedImporter) -> (artifact id: 'b074d52c092b3f7c559960528f9b052b') in 0.011126 seconds
Number of updated asset objects reloaded before import = 0Number of asset objects unloaded after import = 8

========================================================================
Received Import Request.
  Time since last request: 2.839937 seconds.
  path: Assets/World/Environment/Prefabs/Custom/asset set/RoundGlass_low003.prefab
  artifactKey: Guid(40247f25390608840992d2857954a4fe) Importer(815301076,1909f56bfc062723c751e8b465ee728b)
Start importing Assets/World/Environment/Prefabs/Custom/asset set/RoundGlass_low003.prefab using Guid(40247f25390608840992d2857954a4fe) Importer(815301076,1909f56bfc062723c751e8b465ee728b) (PreviewImporter) -> (artifact id: '309e8636bbeb0adefde312d81bf67ed3') in 0.0712714 seconds
Number of updated asset objects reloaded before import = 0Number of asset objects unloaded after import = 606

========================================================================
Received Import Request.
  Time since last request: 0.000029 seconds.
  path: Assets/World/Environment/Prefabs/Custom/asset set/WhiskyGlass_low005.prefab
  artifactKey: Guid(b2b0a07a0de52b9468277a12c8eadd43) Importer(815301076,1909f56bfc062723c751e8b465ee728b)
Start importing Assets/World/Environment/Prefabs/Custom/asset set/WhiskyGlass_low005.prefab using Guid(b2b0a07a0de52b9468277a12c8eadd43) Importer(815301076,1909f56bfc062723c751e8b465ee728b) (PreviewImporter) -> (artifact id: '268b14acd19729c9d5716497db6a5b12') in 0.0382689 seconds
Number of updated asset objects reloaded before import = 0Number of asset objects unloaded after import = 606

========================================================================
Received Import Request.
  Time since last request: 0.000044 seconds.
  path: Assets/World/Environment/Prefabs/Custom/asset set/RoundGlass_low006.prefab
  artifactKey: Guid(49e32d247d0dd774a8528b515e7f4bc5) Importer(815301076,1909f56bfc062723c751e8b465ee728b)
Start importing Assets/World/Environment/Prefabs/Custom/asset set/RoundGlass_low006.prefab using Guid(49e32d247d0dd774a8528b515e7f4bc5) Importer(815301076,1909f56bfc062723c751e8b465ee728b) (PreviewImporter) -> (artifact id: '6daa16148692cfb72fdecae254488c9f') in 0.0511879 seconds
Number of updated asset objects reloaded before import = 0Number of asset objects unloaded after import = 606

========================================================================
Received Import Request.
  Time since last request: 0.000030 seconds.
  path: Assets/World/Environment/Prefabs/Custom/asset set/SheriffHat_low.prefab
  artifactKey: Guid(84b442dac94c467468c54d4a618a8d1f) Importer(815301076,1909f56bfc062723c751e8b465ee728b)
Start importing Assets/World/Environment/Prefabs/Custom/asset set/SheriffHat_low.prefab using Guid(84b442dac94c467468c54d4a618a8d1f) Importer(815301076,1909f56bfc062723c751e8b465ee728b) (PreviewImporter) -> (artifact id: '79605aebcb1e0be835330312df9f3500') in 0.0328927 seconds
Number of updated asset objects reloaded before import = 0Number of asset objects unloaded after import = 606

========================================================================
Received Import Request.
  Time since last request: 0.000033 seconds.
  path: Assets/World/Environment/Prefabs/Custom/asset set/SheriffBadgePin_low.prefab
  artifactKey: Guid(7b7139ea6350ad4409c4f33bab540c59) Importer(815301076,1909f56bfc062723c751e8b465ee728b)
Start importing Assets/World/Environment/Prefabs/Custom/asset set/SheriffBadgePin_low.prefab using Guid(7b7139ea6350ad4409c4f33bab540c59) Importer(815301076,1909f56bfc062723c751e8b465ee728b) (PreviewImporter) -> (artifact id: 'ebcf95274fd181d90df2a46e0a2de537') in 0.0338491 seconds
Number of updated asset objects reloaded before import = 0Number of asset objects unloaded after import = 606

========================================================================
Received Import Request.
  Time since last request: 0.000051 seconds.
  path: Assets/World/Environment/Prefabs/Custom/asset set/WantedPoster4.prefab
  artifactKey: Guid(3eaecb7f3375fe744ab01eae2c5f3630) Importer(815301076,1909f56bfc062723c751e8b465ee728b)
Start importing Assets/World/Environment/Prefabs/Custom/asset set/WantedPoster4.prefab using Guid(3eaecb7f3375fe744ab01eae2c5f3630) Importer(815301076,1909f56bfc062723c751e8b465ee728b) (PreviewImporter) -> (artifact id: 'd812b10ba7794c2b45955b05b82894ff') in 0.0343059 seconds
Number of updated asset objects reloaded before import = 0Number of asset objects unloaded after import = 606

========================================================================
Received Import Request.
  Time since last request: 0.000031 seconds.
  path: Assets/World/Environment/Prefabs/Custom/asset set/WhiskyGlass_low002.prefab
  artifactKey: Guid(5126e3110bb3f3f41b5255b3c5939b30) Importer(815301076,1909f56bfc062723c751e8b465ee728b)
Start importing Assets/World/Environment/Prefabs/Custom/asset set/WhiskyGlass_low002.prefab using Guid(5126e3110bb3f3f41b5255b3c5939b30) Importer(815301076,1909f56bfc062723c751e8b465ee728b) (PreviewImporter) -> (artifact id: 'acddb0a39d8720192ba60460c1519600') in 0.0344104 seconds
Number of updated asset objects reloaded before import = 0Number of asset objects unloaded after import = 606

========================================================================
Received Import Request.
  Time since last request: 0.000038 seconds.
  path: Assets/World/Environment/Prefabs/Custom/asset set/RoundGlass_low007.prefab
  artifactKey: Guid(c0c3f0fd78b5d874db97e5bbf687a5a8) Importer(815301076,1909f56bfc062723c751e8b465ee728b)
Start importing Assets/World/Environment/Prefabs/Custom/asset set/RoundGlass_low007.prefab using Guid(c0c3f0fd78b5d874db97e5bbf687a5a8) Importer(815301076,1909f56bfc062723c751e8b465ee728b) (PreviewImporter) -> (artifact id: '5e7590939730133ea25cf980c50910db') in 0.0327373 seconds
Number of updated asset objects reloaded before import = 0Number of asset objects unloaded after import = 606

========================================================================
Received Import Request.
  Time since last request: 0.000037 seconds.
  path: Assets/World/Environment/Prefabs/Custom/asset set/WhiskyGlass_low003.prefab
  artifactKey: Guid(eab6293ff4ee87044a14c7702054bcea) Importer(815301076,1909f56bfc062723c751e8b465ee728b)
Start importing Assets/World/Environment/Prefabs/Custom/asset set/WhiskyGlass_low003.prefab using Guid(eab6293ff4ee87044a14c7702054bcea) Importer(815301076,1909f56bfc062723c751e8b465ee728b) (PreviewImporter) -> (artifact id: 'd473b5762e7b1a5027f1fb3d8bcfe7db') in 0.0349398 seconds
Number of updated asset objects reloaded before import = 0Number of asset objects unloaded after import = 606

========================================================================
Received Import Request.
  Time since last request: 0.000045 seconds.
  path: Assets/World/Environment/Prefabs/Custom/asset set/BarStool_low001.prefab
  artifactKey: Guid(222b942afbad6dc438f4608dacd1b2c8) Importer(2089858483,b0f066a214c2f5e87bad3c948f4d605d)
Start importing Assets/World/Environment/Prefabs/Custom/asset set/BarStool_low001.prefab using Guid(222b942afbad6dc438f4608dacd1b2c8) Importer(2089858483,b0f066a214c2f5e87bad3c948f4d605d) (ScriptedImporter) -> (artifact id: '1fccea685a71f6d5e9ab8c4e1f43294d') in 0.008312 seconds
Number of updated asset objects reloaded before import = 0Number of asset objects unloaded after import = 8

========================================================================
Received Import Request.
  Time since last request: 0.000025 seconds.
  path: Assets/World/Environment/Prefabs/Custom/asset set/RoundGlass_low.prefab
  artifactKey: Guid(4f507d865f9f5314388e584361ee75f2) Importer(2089858483,b0f066a214c2f5e87bad3c948f4d605d)
Start importing Assets/World/Environment/Prefabs/Custom/asset set/RoundGlass_low.prefab using Guid(4f507d865f9f5314388e584361ee75f2) Importer(2089858483,b0f066a214c2f5e87bad3c948f4d605d) (ScriptedImporter) -> (artifact id: 'a00c4aa365a104339072a2b2e72d1add') in 0.0085618 seconds
Number of updated asset objects reloaded before import = 0Number of asset objects unloaded after import = 8

========================================================================
Received Import Request.
  Time since last request: 0.000023 seconds.
  path: Assets/World/Environment/Prefabs/Custom/asset set/ChairSeat_low.prefab
  artifactKey: Guid(26f439b33c1402544ab2f6df66227e3e) Importer(2089858483,b0f066a214c2f5e87bad3c948f4d605d)
Start importing Assets/World/Environment/Prefabs/Custom/asset set/ChairSeat_low.prefab using Guid(26f439b33c1402544ab2f6df66227e3e) Importer(2089858483,b0f066a214c2f5e87bad3c948f4d605d) (ScriptedImporter) -> (artifact id: '667286471997cf71e50a184cfbeb5271') in 0.0085099 seconds
Number of updated asset objects reloaded before import = 0Number of asset objects unloaded after import = 8

========================================================================
Received Import Request.
  Time since last request: 0.000033 seconds.
  path: Assets/World/Environment/Prefabs/Custom/asset set/Moonshine004_low.prefab
  artifactKey: Guid(ef1bbe33610c6104d8096d10f329338e) Importer(2089858483,b0f066a214c2f5e87bad3c948f4d605d)
Start importing Assets/World/Environment/Prefabs/Custom/asset set/Moonshine004_low.prefab using Guid(ef1bbe33610c6104d8096d10f329338e) Importer(2089858483,b0f066a214c2f5e87bad3c948f4d605d) (ScriptedImporter) -> (artifact id: '9b16ae74c02256faf68b30e9b70f7d0b') in 0.0077646 seconds
Number of updated asset objects reloaded before import = 0Number of asset objects unloaded after import = 8

========================================================================
Received Import Request.
  Time since last request: 0.000028 seconds.
  path: Assets/World/Environment/Prefabs/Custom/asset set/RoundGlass_low003.prefab
  artifactKey: Guid(40247f25390608840992d2857954a4fe) Importer(2089858483,b0f066a214c2f5e87bad3c948f4d605d)
Start importing Assets/World/Environment/Prefabs/Custom/asset set/RoundGlass_low003.prefab using Guid(40247f25390608840992d2857954a4fe) Importer(2089858483,b0f066a214c2f5e87bad3c948f4d605d) (ScriptedImporter) -> (artifact id: 'e89f6d7f5f3ee92176eca14126978fcc') in 0.0078334 seconds
Number of updated asset objects reloaded before import = 0Number of asset objects unloaded after import = 8

========================================================================
Received Import Request.
  Time since last request: 0.000035 seconds.
  path: Assets/World/Environment/Prefabs/Custom/asset set/ChairSeat_low003.prefab
  artifactKey: Guid(f57494ca6cfb0834ba96109c4a5f9f82) Importer(2089858483,b0f066a214c2f5e87bad3c948f4d605d)
Start importing Assets/World/Environment/Prefabs/Custom/asset set/ChairSeat_low003.prefab using Guid(f57494ca6cfb0834ba96109c4a5f9f82) Importer(2089858483,b0f066a214c2f5e87bad3c948f4d605d) (ScriptedImporter) -> (artifact id: '1deab0136f1faedc8738b25b5cc43f41') in 0.0087702 seconds
Number of updated asset objects reloaded before import = 0Number of asset objects unloaded after import = 8

========================================================================
Received Import Request.
  Time since last request: 0.000028 seconds.
  path: Assets/World/Environment/Prefabs/Custom/asset set/BarStool_low.prefab
  artifactKey: Guid(d2a7dd015a408114ab1d5e1955b6997a) Importer(2089858483,b0f066a214c2f5e87bad3c948f4d605d)
Start importing Assets/World/Environment/Prefabs/Custom/asset set/BarStool_low.prefab using Guid(d2a7dd015a408114ab1d5e1955b6997a) Importer(2089858483,b0f066a214c2f5e87bad3c948f4d605d) (ScriptedImporter) -> (artifact id: 'efbe1754b589f2c452ea3f48c19adfee') in 0.0081701 seconds
Number of updated asset objects reloaded before import = 0Number of asset objects unloaded after import = 8

========================================================================
Received Import Request.
  Time since last request: 0.000028 seconds.
  path: Assets/World/Environment/Prefabs/Custom/asset set/AlcoholBottle008_low005.prefab
  artifactKey: Guid(ed5a6088a4144b640b436eb736734337) Importer(2089858483,b0f066a214c2f5e87bad3c948f4d605d)
Start importing Assets/World/Environment/Prefabs/Custom/asset set/AlcoholBottle008_low005.prefab using Guid(ed5a6088a4144b640b436eb736734337) Importer(2089858483,b0f066a214c2f5e87bad3c948f4d605d) (ScriptedImporter) -> (artifact id: '845c4cf5f85bc602e2b3055d2b67604d') in 0.0084734 seconds
Number of updated asset objects reloaded before import = 0Number of asset objects unloaded after import = 8

========================================================================
Received Import Request.
  Time since last request: 0.000028 seconds.
  path: Assets/World/Environment/Prefabs/Custom/asset set/CandleHolderHandle_low001.prefab
  artifactKey: Guid(c07b936f574a1f8419a5cc576faab6f4) Importer(2089858483,b0f066a214c2f5e87bad3c948f4d605d)
Start importing Assets/World/Environment/Prefabs/Custom/asset set/CandleHolderHandle_low001.prefab using Guid(c07b936f574a1f8419a5cc576faab6f4) Importer(2089858483,b0f066a214c2f5e87bad3c948f4d605d) (ScriptedImporter) -> (artifact id: '8d8a2148d6c050df07a2f6743bcee9f7') in 0.0080405 seconds
Number of updated asset objects reloaded before import = 0Number of asset objects unloaded after import = 8

========================================================================
Received Import Request.
  Time since last request: 0.000038 seconds.
  path: Assets/World/Environment/Prefabs/Custom/asset set/ChairFeetRests_low.prefab
  artifactKey: Guid(a0b6eaa77a7e7184bbd5eaf204d2e753) Importer(2089858483,b0f066a214c2f5e87bad3c948f4d605d)
Start importing Assets/World/Environment/Prefabs/Custom/asset set/ChairFeetRests_low.prefab using Guid(a0b6eaa77a7e7184bbd5eaf204d2e753) Importer(2089858483,b0f066a214c2f5e87bad3c948f4d605d) (ScriptedImporter) -> (artifact id: '41bdd10d51618ec42e5cdbea31f76550') in 0.0089828 seconds
Number of updated asset objects reloaded before import = 0Number of asset objects unloaded after import = 8

========================================================================
Received Import Request.
  Time since last request: 0.000025 seconds.
  path: Assets/World/Environment/Prefabs/Custom/asset set/ChairLegs_low003.prefab
  artifactKey: Guid(b1d267a4b50c73f4c8fddbc337c41ecf) Importer(2089858483,b0f066a214c2f5e87bad3c948f4d605d)
Start importing Assets/World/Environment/Prefabs/Custom/asset set/ChairLegs_low003.prefab using Guid(b1d267a4b50c73f4c8fddbc337c41ecf) Importer(2089858483,b0f066a214c2f5e87bad3c948f4d605d) (ScriptedImporter) -> (artifact id: '9c69d5a385db950193942bc1ac296a49') in 0.0092369 seconds
Number of updated asset objects reloaded before import = 0Number of asset objects unloaded after import = 8

========================================================================
Received Import Request.
  Time since last request: 0.000022 seconds.
  path: Assets/World/Environment/Prefabs/Custom/asset set/Crate_low002.prefab
  artifactKey: Guid(02d97d2e44330db4c901c79eeec9323f) Importer(2089858483,b0f066a214c2f5e87bad3c948f4d605d)
Start importing Assets/World/Environment/Prefabs/Custom/asset set/Crate_low002.prefab using Guid(02d97d2e44330db4c901c79eeec9323f) Importer(2089858483,b0f066a214c2f5e87bad3c948f4d605d) (ScriptedImporter) -> (artifact id: '03b3ebbd97e86efdcd185765f090771e') in 0.0077773 seconds
Number of updated asset objects reloaded before import = 0Number of asset objects unloaded after import = 8

========================================================================
Received Import Request.
  Time since last request: 0.000022 seconds.
  path: Assets/World/Environment/Prefabs/Custom/asset set/ChairBackRest_low004.prefab
  artifactKey: Guid(5c59861510c30ba44978370a4371788f) Importer(2089858483,b0f066a214c2f5e87bad3c948f4d605d)
Start importing Assets/World/Environment/Prefabs/Custom/asset set/ChairBackRest_low004.prefab using Guid(5c59861510c30ba44978370a4371788f) Importer(2089858483,b0f066a214c2f5e87bad3c948f4d605d) (ScriptedImporter) -> (artifact id: '3398a5190fc15047289a508abf22b25f') in 0.0076012 seconds
Number of updated asset objects reloaded before import = 0Number of asset objects unloaded after import = 8

========================================================================
Received Import Request.
  Time since last request: 0.000030 seconds.
  path: Assets/World/Environment/Prefabs/Custom/asset set/KegSwitch_low.prefab
  artifactKey: Guid(2fa549176d0228440ad4132377c55445) Importer(2089858483,b0f066a214c2f5e87bad3c948f4d605d)
Start importing Assets/World/Environment/Prefabs/Custom/asset set/KegSwitch_low.prefab using Guid(2fa549176d0228440ad4132377c55445) Importer(2089858483,b0f066a214c2f5e87bad3c948f4d605d) (ScriptedImporter) -> (artifact id: '00000000000000000000000000000000') in 0.0169243 seconds
Import Error Code:(4)
Message: Build asset version error: assets/world/environment/prefabs/custom/asset set/kegswitch_low.prefab in SourceAssetDB has modification time of '2026-04-05T16:59:19.4450948Z' while content on disk has modification time of '2026-04-05T16:59:21.8042814Z'
  ERROR: Build asset version error: assets/world/environment/prefabs/custom/asset set/kegswitch_low.prefab in SourceAssetDB has modification time of '2026-04-05T16:59:19.4450948Z' while content on disk has modification time of '2026-04-05T16:59:21.8042814Z'
Number of updated asset objects reloaded before import = 0Number of asset objects unloaded after import = 2

========================================================================
Received Import Request.
  Time since last request: 0.000038 seconds.
  path: Assets/World/Environment/Prefabs/Custom/asset set/AlcoholBottle008_low003.prefab
  artifactKey: Guid(2cbeed05bcb942548b255ff8e0235a09) Importer(2089858483,b0f066a214c2f5e87bad3c948f4d605d)
Start importing Assets/World/Environment/Prefabs/Custom/asset set/AlcoholBottle008_low003.prefab using Guid(2cbeed05bcb942548b255ff8e0235a09) Importer(2089858483,b0f066a214c2f5e87bad3c948f4d605d) (ScriptedImporter) -> (artifact id: '3fb84b3063ad7b42fb5a1e804e3519bc') in 0.0039555 seconds
Number of updated asset objects reloaded before import = 0Number of asset objects unloaded after import = 0

========================================================================
Received Import Request.
  Time since last request: 0.401514 seconds.
  path: Assets/World/Environment/Prefabs/Custom/asset set/RoundGlass_low004.prefab
  artifactKey: Guid(8fc9f78cf10d29a4c81a25a35f2f7a48) Importer(815301076,1909f56bfc062723c751e8b465ee728b)
Start importing Assets/World/Environment/Prefabs/Custom/asset set/RoundGlass_low004.prefab using Guid(8fc9f78cf10d29a4c81a25a35f2f7a48) Importer(815301076,1909f56bfc062723c751e8b465ee728b) (PreviewImporter) -> (artifact id: 'bc12284c7974b9e70df8d4586863c244') in 0.0398779 seconds
Number of updated asset objects reloaded before import = 0Number of asset objects unloaded after import = 606

========================================================================
Received Import Request.
  Time since last request: 0.000030 seconds.
  path: Assets/World/Environment/Prefabs/Custom/asset set/WhiskyGlass_low005.prefab
  artifactKey: Guid(b2b0a07a0de52b9468277a12c8eadd43) Importer(815301076,1909f56bfc062723c751e8b465ee728b)
Start importing Assets/World/Environment/Prefabs/Custom/asset set/WhiskyGlass_low005.prefab using Guid(b2b0a07a0de52b9468277a12c8eadd43) Importer(815301076,1909f56bfc062723c751e8b465ee728b) (PreviewImporter) -> (artifact id: '5f5671142ae2798bc9ce01d3d6544c7e') in 0.0369555 seconds
Number of updated asset objects reloaded before import = 0Number of asset objects unloaded after import = 606

========================================================================
Received Import Request.
  Time since last request: 0.000031 seconds.
  path: Assets/World/Environment/Prefabs/Custom/asset set/SheriffBadgeHook_low.prefab
  artifactKey: Guid(ad0c0e072dc810946b14061af195f945) Importer(815301076,1909f56bfc062723c751e8b465ee728b)
Start importing Assets/World/Environment/Prefabs/Custom/asset set/SheriffBadgeHook_low.prefab using Guid(ad0c0e072dc810946b14061af195f945) Importer(815301076,1909f56bfc062723c751e8b465ee728b) (PreviewImporter) -> (artifact id: '6fdef46c3d075adac04e7446f6f84b90') in 0.0390357 seconds
Number of updated asset objects reloaded before import = 0Number of asset objects unloaded after import = 606

========================================================================
Received Import Request.
  Time since last request: 0.000041 seconds.
  path: Assets/World/Environment/Prefabs/Custom/asset set/SheriffHat_low.prefab
  artifactKey: Guid(84b442dac94c467468c54d4a618a8d1f) Importer(815301076,1909f56bfc062723c751e8b465ee728b)
Start importing Assets/World/Environment/Prefabs/Custom/asset set/SheriffHat_low.prefab using Guid(84b442dac94c467468c54d4a618a8d1f) Importer(815301076,1909f56bfc062723c751e8b465ee728b) (PreviewImporter) -> (artifact id: 'f4866fdba5cea5b03e2ff94f703a398e') in 0.0392353 seconds
Number of updated asset objects reloaded before import = 0Number of asset objects unloaded after import = 606

========================================================================
Received Import Request.
  Time since last request: 0.000030 seconds.
  path: Assets/World/Environment/Prefabs/Custom/asset set/SheriffBadgePin_low.prefab
  artifactKey: Guid(7b7139ea6350ad4409c4f33bab540c59) Importer(815301076,1909f56bfc062723c751e8b465ee728b)
Start importing Assets/World/Environment/Prefabs/Custom/asset set/SheriffBadgePin_low.prefab using Guid(7b7139ea6350ad4409c4f33bab540c59) Importer(815301076,1909f56bfc062723c751e8b465ee728b) (PreviewImporter) -> (artifact id: 'f5c636df7b267d5684f165d4be7b6d97') in 0.0353349 seconds
Number of updated asset objects reloaded before import = 0Number of asset objects unloaded after import = 606

========================================================================
Received Import Request.
  Time since last request: 0.000031 seconds.
  path: Assets/World/Environment/Prefabs/Custom/asset set/WantedPoster4.prefab
  artifactKey: Guid(3eaecb7f3375fe744ab01eae2c5f3630) Importer(815301076,1909f56bfc062723c751e8b465ee728b)
Start importing Assets/World/Environment/Prefabs/Custom/asset set/WantedPoster4.prefab using Guid(3eaecb7f3375fe744ab01eae2c5f3630) Importer(815301076,1909f56bfc062723c751e8b465ee728b) (PreviewImporter) -> (artifact id: '6b2ff3ada32887faa3876a6bd04bd7cb') in 0.0377432 seconds
Number of updated asset objects reloaded before import = 0Number of asset objects unloaded after import = 606

========================================================================
Received Import Request.
  Time since last request: 0.000029 seconds.
  path: Assets/World/Environment/Prefabs/Custom/asset set/WhiskyGlass_low002.prefab
  artifactKey: Guid(5126e3110bb3f3f41b5255b3c5939b30) Importer(815301076,1909f56bfc062723c751e8b465ee728b)
Start importing Assets/World/Environment/Prefabs/Custom/asset set/WhiskyGlass_low002.prefab using Guid(5126e3110bb3f3f41b5255b3c5939b30) Importer(815301076,1909f56bfc062723c751e8b465ee728b) (PreviewImporter) -> (artifact id: 'f9526d7efdec07a46db32daad3848773') in 0.0367281 seconds
Number of updated asset objects reloaded before import = 0Number of asset objects unloaded after import = 606

========================================================================
Received Import Request.
  Time since last request: 0.000042 seconds.
  path: Assets/World/Environment/Prefabs/Custom/asset set/RoundGlass_low007.prefab
  artifactKey: Guid(c0c3f0fd78b5d874db97e5bbf687a5a8) Importer(815301076,1909f56bfc062723c751e8b465ee728b)
Start importing Assets/World/Environment/Prefabs/Custom/asset set/RoundGlass_low007.prefab using Guid(c0c3f0fd78b5d874db97e5bbf687a5a8) Importer(815301076,1909f56bfc062723c751e8b465ee728b) (PreviewImporter) -> (artifact id: '28e0a08cd17b9c6e8d64bebd8eae27f5') in 0.0361414 seconds
Number of updated asset objects reloaded before import = 0Number of asset objects unloaded after import = 606

========================================================================
Received Import Request.
  Time since last request: 0.000026 seconds.
  path: Assets/World/Environment/Prefabs/Custom/asset set/SheriffBadgeHook_low001.prefab
  artifactKey: Guid(5238ac14eaba3ae4a8ad77f561eff6ed) Importer(815301076,1909f56bfc062723c751e8b465ee728b)
Start importing Assets/World/Environment/Prefabs/Custom/asset set/SheriffBadgeHook_low001.prefab using Guid(5238ac14eaba3ae4a8ad77f561eff6ed) Importer(815301076,1909f56bfc062723c751e8b465ee728b) (PreviewImporter) -> (artifact id: '6d1432c1dfa68f1a8013b09fd3b1545b') in 0.040222 seconds
Number of updated asset objects reloaded before import = 0Number of asset objects unloaded after import = 606

========================================================================
Received Import Request.
  Time since last request: 0.000039 seconds.
  path: Assets/World/Environment/Prefabs/Custom/asset set/WhiskyGlass_low008.prefab
  artifactKey: Guid(c9bdd24a2e455594e93b48c58b4192df) Importer(815301076,1909f56bfc062723c751e8b465ee728b)
Start importing Assets/World/Environment/Prefabs/Custom/asset set/WhiskyGlass_low008.prefab using Guid(c9bdd24a2e455594e93b48c58b4192df) Importer(815301076,1909f56bfc062723c751e8b465ee728b) (PreviewImporter) -> (artifact id: '49cc5faba9a5fa5563e0a00b53c37417') in 0.0307631 seconds
Number of updated asset objects reloaded before import = 0Number of asset objects unloaded after import = 606

========================================================================
Received Import Request.
  Time since last request: 0.449013 seconds.
  path: Assets/World/Environment/Prefabs/Custom/asset set/ChairBackRest_low008.prefab
  artifactKey: Guid(1a9c6a8efba6aca4eb4b197a47b5aeca) Importer(815301076,1909f56bfc062723c751e8b465ee728b)
Start importing Assets/World/Environment/Prefabs/Custom/asset set/ChairBackRest_low008.prefab using Guid(1a9c6a8efba6aca4eb4b197a47b5aeca) Importer(815301076,1909f56bfc062723c751e8b465ee728b) (PreviewImporter) -> (artifact id: '4adcb8df59bef9b9cc93bc85bdee7fd6') in 0.0560192 seconds
Number of updated asset objects reloaded before import = 0Number of asset objects unloaded after import = 606

========================================================================
Received Import Request.
  Time since last request: 0.000030 seconds.
  path: Assets/World/Environment/Prefabs/Custom/asset set/ChairLegs_low006.prefab
  artifactKey: Guid(6a27a57785a127d4faf64c932bf5affe) Importer(815301076,1909f56bfc062723c751e8b465ee728b)
Start importing Assets/World/Environment/Prefabs/Custom/asset set/ChairLegs_low006.prefab using Guid(6a27a57785a127d4faf64c932bf5affe) Importer(815301076,1909f56bfc062723c751e8b465ee728b) (PreviewImporter) -> (artifact id: 'dc94ec1c91724f3a97b9fcce21dd8ad5') in 0.0528574 seconds
Number of updated asset objects reloaded before import = 0Number of asset objects unloaded after import = 606

========================================================================
Received Import Request.
  Time since last request: 0.000030 seconds.
  path: Assets/World/Environment/Prefabs/Custom/asset set/ChairLegs_low008.prefab
  artifactKey: Guid(c89c239f1f14af84fac412919919ff60) Importer(815301076,1909f56bfc062723c751e8b465ee728b)
Start importing Assets/World/Environment/Prefabs/Custom/asset set/ChairLegs_low008.prefab using Guid(c89c239f1f14af84fac412919919ff60) Importer(815301076,1909f56bfc062723c751e8b465ee728b) (PreviewImporter) -> (artifact id: '2b6c5114d30b66ef9cee31555160fc46') in 0.0388123 seconds
Number of updated asset objects reloaded before import = 0Number of asset objects unloaded after import = 606

========================================================================
Received Import Request.
  Time since last request: 0.000038 seconds.
  path: Assets/World/Environment/Prefabs/Custom/asset set/ChairBackRest_low.prefab
  artifactKey: Guid(e66af02f1065dc843a9204ede16a85d0) Importer(815301076,1909f56bfc062723c751e8b465ee728b)
Start importing Assets/World/Environment/Prefabs/Custom/asset set/ChairBackRest_low.prefab using Guid(e66af02f1065dc843a9204ede16a85d0) Importer(815301076,1909f56bfc062723c751e8b465ee728b) (PreviewImporter) -> (artifact id: '6d801f1a898968262d54a29a900bf948') in 0.0377684 seconds
Number of updated asset objects reloaded before import = 0Number of asset objects unloaded after import = 606

========================================================================
Received Import Request.
  Time since last request: 0.000028 seconds.
  path: Assets/World/Environment/Prefabs/Custom/asset set/ChairFeetRests_low007.prefab
  artifactKey: Guid(fc8d6da92c12d044597fee6750ea315b) Importer(815301076,1909f56bfc062723c751e8b465ee728b)
Start importing Assets/World/Environment/Prefabs/Custom/asset set/ChairFeetRests_low007.prefab using Guid(fc8d6da92c12d044597fee6750ea315b) Importer(815301076,1909f56bfc062723c751e8b465ee728b) (PreviewImporter) -> (artifact id: '0a5b2ba0bc604fbf6104d4e573a3bdc2') in 0.0381064 seconds
Number of updated asset objects reloaded before import = 0Number of asset objects unloaded after import = 606

========================================================================
Received Import Request.
  Time since last request: 0.000025 seconds.
  path: Assets/World/Environment/Prefabs/Custom/asset set/AlcoholBottle008_low001.prefab
  artifactKey: Guid(cf4809d0b8d4d4142a2158cda26f7b88) Importer(815301076,1909f56bfc062723c751e8b465ee728b)
Start importing Assets/World/Environment/Prefabs/Custom/asset set/AlcoholBottle008_low001.prefab using Guid(cf4809d0b8d4d4142a2158cda26f7b88) Importer(815301076,1909f56bfc062723c751e8b465ee728b) (PreviewImporter) -> (artifact id: 'a4d06513360acdc6b6257821e8bb8f2f') in 0.0421974 seconds
Number of updated asset objects reloaded before import = 0Number of asset objects unloaded after import = 606

========================================================================
Received Import Request.
  Time since last request: 0.000028 seconds.
  path: Assets/World/Environment/Prefabs/Custom/asset set/BullHorns_low.prefab
  artifactKey: Guid(934ef48e42fe0be4d9633aeae0fc580e) Importer(815301076,1909f56bfc062723c751e8b465ee728b)
Start importing Assets/World/Environment/Prefabs/Custom/asset set/BullHorns_low.prefab using Guid(934ef48e42fe0be4d9633aeae0fc580e) Importer(815301076,1909f56bfc062723c751e8b465ee728b) (PreviewImporter) -> (artifact id: '84b55de49dadec6d5b20f84b2e75f6c8') in 0.0353052 seconds
Number of updated asset objects reloaded before import = 0Number of asset objects unloaded after import = 606

========================================================================
Received Import Request.
  Time since last request: 0.000036 seconds.
  path: Assets/World/Environment/Prefabs/Custom/asset set/AlcoholBottle008_low004.prefab
  artifactKey: Guid(d8286993badeed04aa166267751a3b2d) Importer(815301076,1909f56bfc062723c751e8b465ee728b)
Start importing Assets/World/Environment/Prefabs/Custom/asset set/AlcoholBottle008_low004.prefab using Guid(d8286993badeed04aa166267751a3b2d) Importer(815301076,1909f56bfc062723c751e8b465ee728b) (PreviewImporter) -> (artifact id: '16a9f87fe6c180a5fde8c0c2682c96ad') in 0.0376513 seconds
Number of updated asset objects reloaded before import = 0Number of asset objects unloaded after import = 606

========================================================================
Received Import Request.
  Time since last request: 0.000024 seconds.
  path: Assets/World/Environment/Prefabs/Custom/asset set/RoundGlass_low001.prefab
  artifactKey: Guid(d8d7a7fcbee3228478c2b9d611859c2f) Importer(815301076,1909f56bfc062723c751e8b465ee728b)
Start importing Assets/World/Environment/Prefabs/Custom/asset set/RoundGlass_low001.prefab using Guid(d8d7a7fcbee3228478c2b9d611859c2f) Importer(815301076,1909f56bfc062723c751e8b465ee728b) (PreviewImporter) -> (artifact id: 'a77907b928fe34d1650b096d666a3638') in 0.0405097 seconds
Number of updated asset objects reloaded before import = 0Number of asset objects unloaded after import = 606

========================================================================
Received Import Request.
  Time since last request: 0.000028 seconds.
  path: Assets/World/Environment/Prefabs/Custom/asset set/ChairSeat_low004.prefab
  artifactKey: Guid(89b841070043c9646b173e891860671a) Importer(815301076,1909f56bfc062723c751e8b465ee728b)
Start importing Assets/World/Environment/Prefabs/Custom/asset set/ChairSeat_low004.prefab using Guid(89b841070043c9646b173e891860671a) Importer(815301076,1909f56bfc062723c751e8b465ee728b) (PreviewImporter) -> (artifact id: 'ddaabb101d634376c86b01ef5b62bf6f') in 0.0373035 seconds
Number of updated asset objects reloaded before import = 0Number of asset objects unloaded after import = 606

========================================================================
Received Import Request.
  Time since last request: 0.000036 seconds.
  path: Assets/World/Environment/Prefabs/Custom/asset set/ChairFeetRests_low004.prefab
  artifactKey: Guid(32c3361d90222934386cd9b44d9c2e1e) Importer(815301076,1909f56bfc062723c751e8b465ee728b)
Start importing Assets/World/Environment/Prefabs/Custom/asset set/ChairFeetRests_low004.prefab using Guid(32c3361d90222934386cd9b44d9c2e1e) Importer(815301076,1909f56bfc062723c751e8b465ee728b) (PreviewImporter) -> (artifact id: '11e51999d136e7700347a2549008bef2') in 0.0373182 seconds
Number of updated asset objects reloaded before import = 0Number of asset objects unloaded after import = 606

========================================================================
Received Import Request.
  Time since last request: 0.000023 seconds.
  path: Assets/World/Environment/Prefabs/Custom/asset set/ChairBackRest_low004.prefab
  artifactKey: Guid(5c59861510c30ba44978370a4371788f) Importer(815301076,1909f56bfc062723c751e8b465ee728b)
Start importing Assets/World/Environment/Prefabs/Custom/asset set/ChairBackRest_low004.prefab using Guid(5c59861510c30ba44978370a4371788f) Importer(815301076,1909f56bfc062723c751e8b465ee728b) (PreviewImporter) -> (artifact id: 'f92bd5312c2d572b1cb9fc154d5931f8') in 0.0376963 seconds
Number of updated asset objects reloaded before import = 0Number of asset objects unloaded after import = 606

========================================================================
Received Import Request.
  Time since last request: 0.000028 seconds.
  path: Assets/World/Environment/Prefabs/Custom/asset set/BarStool_low.prefab
  artifactKey: Guid(d2a7dd015a408114ab1d5e1955b6997a) Importer(815301076,1909f56bfc062723c751e8b465ee728b)
Start importing Assets/World/Environment/Prefabs/Custom/asset set/BarStool_low.prefab using Guid(d2a7dd015a408114ab1d5e1955b6997a) Importer(815301076,1909f56bfc062723c751e8b465ee728b) (PreviewImporter) -> (artifact id: '00000000000000000000000000000000') in 0.0444648 seconds
Import Error Code:(4)
Message: Build asset version error: assets/world/environment/prefabs/custom/asset set/barstool_low.prefab in SourceAssetDB has modification time of '2026-04-05T16:59:21.8061647Z' while content on disk has modification time of '2026-04-05T16:59:25.1358757Z'
  ERROR: Build asset version error: assets/world/environment/prefabs/custom/asset set/barstool_low.prefab in SourceAssetDB has modification time of '2026-04-05T16:59:21.8061647Z' while content on disk has modification time of '2026-04-05T16:59:25.1358757Z'
Number of updated asset objects reloaded before import = 0Number of asset objects unloaded after import = 600

========================================================================
Received Import Request.
  Time since last request: 0.000035 seconds.
  path: Assets/World/Environment/Prefabs/Custom/asset set/Barrel_low.prefab
  artifactKey: Guid(e1643345ac699a947893ca96ce104855) Importer(815301076,1909f56bfc062723c751e8b465ee728b)
Start importing Assets/World/Environment/Prefabs/Custom/asset set/Barrel_low.prefab using Guid(e1643345ac699a947893ca96ce104855) Importer(815301076,1909f56bfc062723c751e8b465ee728b) (PreviewImporter) -> (artifact id: '438893e87166c3fb51303c0ea98650a7') in 0.0009162 seconds
Number of updated asset objects reloaded before import = 0Number of asset objects unloaded after import = 0

========================================================================
Received Import Request.
  Time since last request: 0.353709 seconds.
  path: Assets/World/Environment/Prefabs/Custom/asset set/AlcoholBottle008_low001.prefab
  artifactKey: Guid(cf4809d0b8d4d4142a2158cda26f7b88) Importer(815301076,1909f56bfc062723c751e8b465ee728b)
Start importing Assets/World/Environment/Prefabs/Custom/asset set/AlcoholBottle008_low001.prefab using Guid(cf4809d0b8d4d4142a2158cda26f7b88) Importer(815301076,1909f56bfc062723c751e8b465ee728b) (PreviewImporter) -> (artifact id: '54f990339d8f970b0689d9344372caa7') in 0.0408722 seconds
Number of updated asset objects reloaded before import = 0Number of asset objects unloaded after import = 606

========================================================================
Received Import Request.
  Time since last request: 0.000032 seconds.
  path: Assets/World/Environment/Prefabs/Custom/asset set/BarStool_low002.prefab
  artifactKey: Guid(30b07154c18fef247a84869e2abc2a75) Importer(815301076,1909f56bfc062723c751e8b465ee728b)
Start importing Assets/World/Environment/Prefabs/Custom/asset set/BarStool_low002.prefab using Guid(30b07154c18fef247a84869e2abc2a75) Importer(815301076,1909f56bfc062723c751e8b465ee728b) (PreviewImporter) -> (artifact id: 'b3507cde953e2f403fb623d8a3c63e0f') in 0.0404658 seconds
Number of updated asset objects reloaded before import = 0Number of asset objects unloaded after import = 606

========================================================================
Received Import Request.
  Time since last request: 0.000041 seconds.
  path: Assets/World/Environment/Prefabs/Custom/asset set/ChairBackRest_low.prefab
  artifactKey: Guid(e66af02f1065dc843a9204ede16a85d0) Importer(815301076,1909f56bfc062723c751e8b465ee728b)
Start importing Assets/World/Environment/Prefabs/Custom/asset set/ChairBackRest_low.prefab using Guid(e66af02f1065dc843a9204ede16a85d0) Importer(815301076,1909f56bfc062723c751e8b465ee728b) (PreviewImporter) -> (artifact id: '1fdb26b1f50826e54e2084ff7dfc3870') in 0.0468441 seconds
Number of updated asset objects reloaded before import = 0Number of asset objects unloaded after import = 606

========================================================================
Received Import Request.
  Time since last request: 0.000036 seconds.
  path: Assets/World/Environment/Prefabs/Custom/asset set/ChairFeetRests_low005.prefab
  artifactKey: Guid(caa0b007cae4c314288dc4b8bca1b8b1) Importer(815301076,1909f56bfc062723c751e8b465ee728b)
Start importing Assets/World/Environment/Prefabs/Custom/asset set/ChairFeetRests_low005.prefab using Guid(caa0b007cae4c314288dc4b8bca1b8b1) Importer(815301076,1909f56bfc062723c751e8b465ee728b) (PreviewImporter) -> (artifact id: '5b6057a67f25de80699ed0f110c86666') in 0.0460194 seconds
Number of updated asset objects reloaded before import = 0Number of asset objects unloaded after import = 606

========================================================================
Received Import Request.
  Time since last request: 0.000037 seconds.
  path: Assets/World/Environment/Prefabs/Custom/asset set/BarStool_low004.prefab
  artifactKey: Guid(b4ea61a4eb466554ba3f429225b6a4ac) Importer(815301076,1909f56bfc062723c751e8b465ee728b)
Start importing Assets/World/Environment/Prefabs/Custom/asset set/BarStool_low004.prefab using Guid(b4ea61a4eb466554ba3f429225b6a4ac) Importer(815301076,1909f56bfc062723c751e8b465ee728b) (PreviewImporter) -> (artifact id: 'dd65f0bc69e2d1202d3f6d6fb521feff') in 0.0362963 seconds
Number of updated asset objects reloaded before import = 0Number of asset objects unloaded after import = 606

========================================================================
Received Import Request.
  Time since last request: 0.000048 seconds.
  path: Assets/World/Environment/Prefabs/Custom/asset set/ChairFeetRests_low002.prefab
  artifactKey: Guid(4aa00cf2b5794ec408cc0ee9daed169e) Importer(815301076,1909f56bfc062723c751e8b465ee728b)
Start importing Assets/World/Environment/Prefabs/Custom/asset set/ChairFeetRests_low002.prefab using Guid(4aa00cf2b5794ec408cc0ee9daed169e) Importer(815301076,1909f56bfc062723c751e8b465ee728b) (PreviewImporter) -> (artifact id: '17c18fa9341828557d88df970399f29e') in 0.0378835 seconds
Number of updated asset objects reloaded before import = 0Number of asset objects unloaded after import = 606

========================================================================
Received Import Request.
  Time since last request: 0.000027 seconds.
  path: Assets/World/Environment/Prefabs/Custom/asset set/ChairBackRest_low008.prefab
  artifactKey: Guid(1a9c6a8efba6aca4eb4b197a47b5aeca) Importer(815301076,1909f56bfc062723c751e8b465ee728b)
Start importing Assets/World/Environment/Prefabs/Custom/asset set/ChairBackRest_low008.prefab using Guid(1a9c6a8efba6aca4eb4b197a47b5aeca) Importer(815301076,1909f56bfc062723c751e8b465ee728b) (PreviewImporter) -> (artifact id: 'eb1be43e3e7e000421ad2c2cb6fa7690') in 0.0349157 seconds
Number of updated asset objects reloaded before import = 0Number of asset objects unloaded after import = 606

========================================================================
Received Import Request.
  Time since last request: 0.000033 seconds.
  path: Assets/World/Environment/Prefabs/Custom/asset set/ChairFeetRests_low001.prefab
  artifactKey: Guid(8826ca77a648765458ac311fffe8f715) Importer(815301076,1909f56bfc062723c751e8b465ee728b)
Start importing Assets/World/Environment/Prefabs/Custom/asset set/ChairFeetRests_low001.prefab using Guid(8826ca77a648765458ac311fffe8f715) Importer(815301076,1909f56bfc062723c751e8b465ee728b) (PreviewImporter) -> (artifact id: 'fe913cacdb403e1227f30ad6f9026bfe') in 0.0345172 seconds
Number of updated asset objects reloaded before import = 0Number of asset objects unloaded after import = 606

========================================================================
Received Import Request.
  Time since last request: 0.000036 seconds.
  path: Assets/World/Environment/Prefabs/Custom/asset set/ChairBackRest_low002.prefab
  artifactKey: Guid(a96ef5aee630c8142b2798128dbb6d32) Importer(815301076,1909f56bfc062723c751e8b465ee728b)
Start importing Assets/World/Environment/Prefabs/Custom/asset set/ChairBackRest_low002.prefab using Guid(a96ef5aee630c8142b2798128dbb6d32) Importer(815301076,1909f56bfc062723c751e8b465ee728b) (PreviewImporter) -> (artifact id: 'b91ae599b427e82fd1ad580603dd82ff') in 0.0396929 seconds
Number of updated asset objects reloaded before import = 0Number of asset objects unloaded after import = 606

========================================================================
Received Import Request.
  Time since last request: 0.000028 seconds.
  path: Assets/World/Environment/Prefabs/Custom/asset set/ChairSeat_low008.prefab
  artifactKey: Guid(e281ce4ab35c69d40bb5f562d77531cb) Importer(815301076,1909f56bfc062723c751e8b465ee728b)
Start importing Assets/World/Environment/Prefabs/Custom/asset set/ChairSeat_low008.prefab using Guid(e281ce4ab35c69d40bb5f562d77531cb) Importer(815301076,1909f56bfc062723c751e8b465ee728b) (PreviewImporter) -> (artifact id: '24d26b1099c0d34aff4235d116db1061') in 0.0382481 seconds
Number of updated asset objects reloaded before import = 0Number of asset objects unloaded after import = 606

========================================================================
Received Import Request.
  Time since last request: 0.000027 seconds.
  path: Assets/World/Environment/Prefabs/Custom/asset set/ChairFeetRests_low006.prefab
  artifactKey: Guid(8f3a7476e08f9294e8c913e82ca16b3e) Importer(815301076,1909f56bfc062723c751e8b465ee728b)
Start importing Assets/World/Environment/Prefabs/Custom/asset set/ChairFeetRests_low006.prefab using Guid(8f3a7476e08f9294e8c913e82ca16b3e) Importer(815301076,1909f56bfc062723c751e8b465ee728b) (PreviewImporter) -> (artifact id: 'ee67014960a9e7a3845e6ce654e700c6') in 0.0393328 seconds
Number of updated asset objects reloaded before import = 0Number of asset objects unloaded after import = 606

========================================================================
Received Import Request.
  Time since last request: 0.000032 seconds.
  path: Assets/World/Environment/Prefabs/Custom/asset set/ChairFeetRests_low008.prefab
  artifactKey: Guid(0d0ee9b0d0d57b84499a8bf01894f04e) Importer(815301076,1909f56bfc062723c751e8b465ee728b)
Start importing Assets/World/Environment/Prefabs/Custom/asset set/ChairFeetRests_low008.prefab using Guid(0d0ee9b0d0d57b84499a8bf01894f04e) Importer(815301076,1909f56bfc062723c751e8b465ee728b) (PreviewImporter) -> (artifact id: '9065f78e26d583c23120f4de4b63eeee') in 0.0387939 seconds
Number of updated asset objects reloaded before import = 0Number of asset objects unloaded after import = 606

========================================================================
Received Import Request.
  Time since last request: 0.000051 seconds.
  path: Assets/World/Environment/Prefabs/Custom/asset set/ChairSeat_low007.prefab
  artifactKey: Guid(47cbe88c8994c664ba6d4dee1f924798) Importer(815301076,1909f56bfc062723c751e8b465ee728b)
Start importing Assets/World/Environment/Prefabs/Custom/asset set/ChairSeat_low007.prefab using Guid(47cbe88c8994c664ba6d4dee1f924798) Importer(815301076,1909f56bfc062723c751e8b465ee728b) (PreviewImporter) -> (artifact id: 'edc12317a4a3c9a7601696135aaf32d0') in 0.0389555 seconds
Number of updated asset objects reloaded before import = 0Number of asset objects unloaded after import = 606

========================================================================
Received Import Request.
  Time since last request: 0.000032 seconds.
  path: Assets/World/Environment/Prefabs/Custom/asset set/Crate_low001.prefab
  artifactKey: Guid(822358bc3001d2e4eb6a21332232b797) Importer(815301076,1909f56bfc062723c751e8b465ee728b)
Start importing Assets/World/Environment/Prefabs/Custom/asset set/Crate_low001.prefab using Guid(822358bc3001d2e4eb6a21332232b797) Importer(815301076,1909f56bfc062723c751e8b465ee728b) (PreviewImporter) -> (artifact id: '298e02732dbe988fceead1445f1cdd56') in 0.0510973 seconds
Number of updated asset objects reloaded before import = 0Number of asset objects unloaded after import = 606

========================================================================
Received Import Request.
  Time since last request: 0.000039 seconds.
  path: Assets/World/Environment/Prefabs/Custom/asset set/ChairLegs_low001.prefab
  artifactKey: Guid(a894b7bc0a08b3b41a711cecbb569a74) Importer(815301076,1909f56bfc062723c751e8b465ee728b)
Start importing Assets/World/Environment/Prefabs/Custom/asset set/ChairLegs_low001.prefab using Guid(a894b7bc0a08b3b41a711cecbb569a74) Importer(815301076,1909f56bfc062723c751e8b465ee728b) (PreviewImporter) -> (artifact id: 'ce9eec881a8d84811581306dea83cf1d') in 0.0408156 seconds
Number of updated asset objects reloaded before import = 0Number of asset objects unloaded after import = 606

========================================================================
Received Import Request.
  Time since last request: 0.000038 seconds.
  path: Assets/World/Environment/Prefabs/Custom/asset set/Bar_low001.prefab
  artifactKey: Guid(e7a704fbc9fd34e41b4654099e0c6928) Importer(815301076,1909f56bfc062723c751e8b465ee728b)
Start importing Assets/World/Environment/Prefabs/Custom/asset set/Bar_low001.prefab using Guid(e7a704fbc9fd34e41b4654099e0c6928) Importer(815301076,1909f56bfc062723c751e8b465ee728b) (PreviewImporter) -> (artifact id: '4d6e2480e46ffdacaf9cf4ec09e330c3') in 0.039247 seconds
Number of updated asset objects reloaded before import = 0Number of asset objects unloaded after import = 606

========================================================================
Received Import Request.
  Time since last request: 4.012185 seconds.
  path: Assets/World/Environment/Prefabs/Custom/asset set/Crate_low002.prefab
  artifactKey: Guid(02d97d2e44330db4c901c79eeec9323f) Importer(2089858483,b0f066a214c2f5e87bad3c948f4d605d)
Start importing Assets/World/Environment/Prefabs/Custom/asset set/Crate_low002.prefab using Guid(02d97d2e44330db4c901c79eeec9323f) Importer(2089858483,b0f066a214c2f5e87bad3c948f4d605d) (ScriptedImporter) -> (artifact id: '6b4ea8ee84c9e7e5d8bf5709b07dd26e') in 0.0082748 seconds
Number of updated asset objects reloaded before import = 0Number of asset objects unloaded after import = 8

========================================================================
Received Import Request.
  Time since last request: 0.000024 seconds.
  path: Assets/World/Environment/Prefabs/Custom/asset set/Barrel_low.prefab
  artifactKey: Guid(e1643345ac699a947893ca96ce104855) Importer(2089858483,b0f066a214c2f5e87bad3c948f4d605d)
Start importing Assets/World/Environment/Prefabs/Custom/asset set/Barrel_low.prefab using Guid(e1643345ac699a947893ca96ce104855) Importer(2089858483,b0f066a214c2f5e87bad3c948f4d605d) (ScriptedImporter) -> (artifact id: 'f11e76c2bd67aca415fae10d18a56294') in 0.009788 seconds
Number of updated asset objects reloaded before import = 0Number of asset objects unloaded after import = 8

========================================================================
Received Import Request.
  Time since last request: 0.000034 seconds.
  path: Assets/World/Environment/Prefabs/Custom/asset set/PokerTable_low.prefab
  artifactKey: Guid(6e89caf0b94582344b8250f3d1c07913) Importer(2089858483,b0f066a214c2f5e87bad3c948f4d605d)
Start importing Assets/World/Environment/Prefabs/Custom/asset set/PokerTable_low.prefab using Guid(6e89caf0b94582344b8250f3d1c07913) Importer(2089858483,b0f066a214c2f5e87bad3c948f4d605d) (ScriptedImporter) -> (artifact id: '9d5c650f53e0f24d7ec3f7be697351f5') in 0.0089785 seconds
Number of updated asset objects reloaded before import = 0Number of asset objects unloaded after import = 8

========================================================================
Received Import Request.
  Time since last request: 0.000032 seconds.
  path: Assets/World/Environment/Prefabs/Custom/asset set/ChairLegs_low001.prefab
  artifactKey: Guid(a894b7bc0a08b3b41a711cecbb569a74) Importer(2089858483,b0f066a214c2f5e87bad3c948f4d605d)
Start importing Assets/World/Environment/Prefabs/Custom/asset set/ChairLegs_low001.prefab using Guid(a894b7bc0a08b3b41a711cecbb569a74) Importer(2089858483,b0f066a214c2f5e87bad3c948f4d605d) (ScriptedImporter) -> (artifact id: 'a5ed9d26732c7bdd3c8c9718245d4b40') in 0.0109539 seconds
Number of updated asset objects reloaded before import = 0Number of asset objects unloaded after import = 8

========================================================================
Received Import Request.
  Time since last request: 0.000044 seconds.
  path: Assets/World/Environment/Prefabs/Custom/asset set/ChairBackRest_low001.prefab
  artifactKey: Guid(606b56f2d1e1534448c9edefb426cfa7) Importer(2089858483,b0f066a214c2f5e87bad3c948f4d605d)
Start importing Assets/World/Environment/Prefabs/Custom/asset set/ChairBackRest_low001.prefab using Guid(606b56f2d1e1534448c9edefb426cfa7) Importer(2089858483,b0f066a214c2f5e87bad3c948f4d605d) (ScriptedImporter) -> (artifact id: 'cbdba919b7cf3e878cdea3820be81236') in 0.0086911 seconds
Number of updated asset objects reloaded before import = 0Number of asset objects unloaded after import = 8

========================================================================
Received Import Request.
  Time since last request: 0.000028 seconds.
  path: Assets/World/Environment/Prefabs/Custom/asset set/KegSwitch_low.prefab
  artifactKey: Guid(2fa549176d0228440ad4132377c55445) Importer(2089858483,b0f066a214c2f5e87bad3c948f4d605d)
Start importing Assets/World/Environment/Prefabs/Custom/asset set/KegSwitch_low.prefab using Guid(2fa549176d0228440ad4132377c55445) Importer(2089858483,b0f066a214c2f5e87bad3c948f4d605d) (ScriptedImporter) -> (artifact id: '061cd7ce2bd33b5e78c3552f66241d24') in 0.0088525 seconds
Number of updated asset objects reloaded before import = 0Number of asset objects unloaded after import = 8

========================================================================
Received Import Request.
  Time since last request: 0.000031 seconds.
  path: Assets/World/Environment/Prefabs/Custom/asset set/BullHornsBack_low.prefab
  artifactKey: Guid(6b101c8a8f048be4fbc96da834ac3d99) Importer(2089858483,b0f066a214c2f5e87bad3c948f4d605d)
Start importing Assets/World/Environment/Prefabs/Custom/asset set/BullHornsBack_low.prefab using Guid(6b101c8a8f048be4fbc96da834ac3d99) Importer(2089858483,b0f066a214c2f5e87bad3c948f4d605d) (ScriptedImporter) -> (artifact id: 'ada4668212e2882f1b66ea4211012b37') in 0.0084701 seconds
Number of updated asset objects reloaded before import = 0Number of asset objects unloaded after import = 8

========================================================================
Received Import Request.
  Time since last request: 0.000035 seconds.
  path: Assets/World/Environment/Prefabs/Custom/asset set/WhiskyGlass_low005.prefab
  artifactKey: Guid(b2b0a07a0de52b9468277a12c8eadd43) Importer(2089858483,b0f066a214c2f5e87bad3c948f4d605d)
Start importing Assets/World/Environment/Prefabs/Custom/asset set/WhiskyGlass_low005.prefab using Guid(b2b0a07a0de52b9468277a12c8eadd43) Importer(2089858483,b0f066a214c2f5e87bad3c948f4d605d) (ScriptedImporter) -> (artifact id: 'd251110a17a4613eb42d4b6f5ea8da34') in 0.0108146 seconds
Number of updated asset objects reloaded before import = 0Number of asset objects unloaded after import = 8

========================================================================
Received Import Request.
  Time since last request: 0.000044 seconds.
  path: Assets/World/Environment/Prefabs/Custom/asset set/WhiskyGlass_low008.prefab
  artifactKey: Guid(c9bdd24a2e455594e93b48c58b4192df) Importer(2089858483,b0f066a214c2f5e87bad3c948f4d605d)
Start importing Assets/World/Environment/Prefabs/Custom/asset set/WhiskyGlass_low008.prefab using Guid(c9bdd24a2e455594e93b48c58b4192df) Importer(2089858483,b0f066a214c2f5e87bad3c948f4d605d) (ScriptedImporter) -> (artifact id: '4b05ca3f45d49f3fb20da0d64ccb7d12') in 0.0089209 seconds
Number of updated asset objects reloaded before import = 0Number of asset objects unloaded after import = 8

========================================================================
Received Import Request.
  Time since last request: 0.000034 seconds.
  path: Assets/World/Environment/Prefabs/Custom/asset set/PokerTable_low001.prefab
  artifactKey: Guid(7d0bea3256d01ba42935387359c7a183) Importer(2089858483,b0f066a214c2f5e87bad3c948f4d605d)
Start importing Assets/World/Environment/Prefabs/Custom/asset set/PokerTable_low001.prefab using Guid(7d0bea3256d01ba42935387359c7a183) Importer(2089858483,b0f066a214c2f5e87bad3c948f4d605d) (ScriptedImporter) -> (artifact id: 'c40cbeea1387eb10215f7031f90069f6') in 0.0097297 seconds
Number of updated asset objects reloaded before import = 0Number of asset objects unloaded after import = 8

========================================================================
Received Import Request.
  Time since last request: 0.000028 seconds.
  path: Assets/World/Environment/Prefabs/Custom/asset set/RoundGlass_low004.prefab
  artifactKey: Guid(8fc9f78cf10d29a4c81a25a35f2f7a48) Importer(2089858483,b0f066a214c2f5e87bad3c948f4d605d)
Start importing Assets/World/Environment/Prefabs/Custom/asset set/RoundGlass_low004.prefab using Guid(8fc9f78cf10d29a4c81a25a35f2f7a48) Importer(2089858483,b0f066a214c2f5e87bad3c948f4d605d) (ScriptedImporter) -> (artifact id: '8d38eee75a6d0c5a90e3caad549b8b4d') in 0.0085959 seconds
Number of updated asset objects reloaded before import = 0Number of asset objects unloaded after import = 8

========================================================================
Received Import Request.
  Time since last request: 0.000032 seconds.
  path: Assets/World/Environment/Prefabs/Custom/asset set/WantedPoster013.prefab
  artifactKey: Guid(4681a0e0e11994e4abae8ef969e433eb) Importer(2089858483,b0f066a214c2f5e87bad3c948f4d605d)
Start importing Assets/World/Environment/Prefabs/Custom/asset set/WantedPoster013.prefab using Guid(4681a0e0e11994e4abae8ef969e433eb) Importer(2089858483,b0f066a214c2f5e87bad3c948f4d605d) (ScriptedImporter) -> (artifact id: '08eb9d3cbe1aad3e7210d2137351a524') in 0.0087157 seconds
Number of updated asset objects reloaded before import = 0Number of asset objects unloaded after import = 8

========================================================================
Received Import Request.
  Time since last request: 0.000051 seconds.
  path: Assets/World/Environment/Prefabs/Custom/asset set/AlcoholBottle008_low.prefab
  artifactKey: Guid(1954b7f435cc13341b4ad2628e1c097c) Importer(2089858483,b0f066a214c2f5e87bad3c948f4d605d)
Start importing Assets/World/Environment/Prefabs/Custom/asset set/AlcoholBottle008_low.prefab using Guid(1954b7f435cc13341b4ad2628e1c097c) Importer(2089858483,b0f066a214c2f5e87bad3c948f4d605d) (ScriptedImporter) -> (artifact id: 'e2a75f33e1ddd29102244172543f922c') in 0.0096559 seconds
Number of updated asset objects reloaded before import = 0Number of asset objects unloaded after import = 8

========================================================================
Received Import Request.
  Time since last request: 0.000028 seconds.
  path: Assets/World/Environment/Prefabs/Custom/asset set/RoundGlass_low007.prefab
  artifactKey: Guid(c0c3f0fd78b5d874db97e5bbf687a5a8) Importer(2089858483,b0f066a214c2f5e87bad3c948f4d605d)
Start importing Assets/World/Environment/Prefabs/Custom/asset set/RoundGlass_low007.prefab using Guid(c0c3f0fd78b5d874db97e5bbf687a5a8) Importer(2089858483,b0f066a214c2f5e87bad3c948f4d605d) (ScriptedImporter) -> (artifact id: '3b11953389879b37bfbdc71aa22f315e') in 0.0080966 seconds
Number of updated asset objects reloaded before import = 0Number of asset objects unloaded after import = 8

========================================================================
Received Import Request.
  Time since last request: 0.000025 seconds.
  path: Assets/World/Environment/Prefabs/Custom/asset set/Keg_low.prefab
  artifactKey: Guid(bf95307609842644398246a107bfd460) Importer(2089858483,b0f066a214c2f5e87bad3c948f4d605d)
Start importing Assets/World/Environment/Prefabs/Custom/asset set/Keg_low.prefab using Guid(bf95307609842644398246a107bfd460) Importer(2089858483,b0f066a214c2f5e87bad3c948f4d605d) (ScriptedImporter) -> (artifact id: 'eed962be597117567c7b3c6192187ad6') in 0.0122407 seconds
Number of updated asset objects reloaded before import = 0Number of asset objects unloaded after import = 8

========================================================================
Received Import Request.
  Time since last request: 0.000033 seconds.
  path: Assets/World/Environment/Prefabs/Custom/asset set/ChairFeetRests_low002.prefab
  artifactKey: Guid(4aa00cf2b5794ec408cc0ee9daed169e) Importer(2089858483,b0f066a214c2f5e87bad3c948f4d605d)
Start importing Assets/World/Environment/Prefabs/Custom/asset set/ChairFeetRests_low002.prefab using Guid(4aa00cf2b5794ec408cc0ee9daed169e) Importer(2089858483,b0f066a214c2f5e87bad3c948f4d605d) (ScriptedImporter) -> (artifact id: 'b84bfd62c676371142f006093ae30657') in 0.0091033 seconds
Number of updated asset objects reloaded before import = 0Number of asset objects unloaded after import = 8

========================================================================
Received Import Request.
  Time since last request: 0.000044 seconds.
  path: Assets/World/Environment/Prefabs/Custom/asset set/Crate_low001.prefab
  artifactKey: Guid(822358bc3001d2e4eb6a21332232b797) Importer(2089858483,b0f066a214c2f5e87bad3c948f4d605d)
Start importing Assets/World/Environment/Prefabs/Custom/asset set/Crate_low001.prefab using Guid(822358bc3001d2e4eb6a21332232b797) Importer(2089858483,b0f066a214c2f5e87bad3c948f4d605d) (ScriptedImporter) -> (artifact id: 'a6114d53b6b5a96241a7dabaaf871c60') in 0.009428 seconds
Number of updated asset objects reloaded before import = 0Number of asset objects unloaded after import = 8

========================================================================
Received Import Request.
  Time since last request: 0.000025 seconds.
  path: Assets/World/Environment/Prefabs/Custom/asset set/WhiskyGlass_low.prefab
  artifactKey: Guid(62f6d6a4d996e9d449ddef67d1f840d2) Importer(2089858483,b0f066a214c2f5e87bad3c948f4d605d)
Start importing Assets/World/Environment/Prefabs/Custom/asset set/WhiskyGlass_low.prefab using Guid(62f6d6a4d996e9d449ddef67d1f840d2) Importer(2089858483,b0f066a214c2f5e87bad3c948f4d605d) (ScriptedImporter) -> (artifact id: '0dd23da58737969aef3ad2b65e02f981') in 0.0100234 seconds
Number of updated asset objects reloaded before import = 0Number of asset objects unloaded after import = 8

========================================================================
Received Import Request.
  Time since last request: 0.000028 seconds.
  path: Assets/World/Environment/Prefabs/Custom/asset set/ChairBackRest_low006.prefab
  artifactKey: Guid(fee275a45773ba7459ee1a0c19b71b66) Importer(2089858483,b0f066a214c2f5e87bad3c948f4d605d)
Start importing Assets/World/Environment/Prefabs/Custom/asset set/ChairBackRest_low006.prefab using Guid(fee275a45773ba7459ee1a0c19b71b66) Importer(2089858483,b0f066a214c2f5e87bad3c948f4d605d) (ScriptedImporter) -> (artifact id: 'a8e96698f080fa46d599d0aa2771e76d') in 0.0091014 seconds
Number of updated asset objects reloaded before import = 0Number of asset objects unloaded after import = 8

========================================================================
Received Import Request.
  Time since last request: 0.000029 seconds.
  path: Assets/World/Environment/Prefabs/Custom/asset set/Crate_low003.prefab
  artifactKey: Guid(d0a022a001d17fd4e8e491b05c0aff29) Importer(2089858483,b0f066a214c2f5e87bad3c948f4d605d)
Start importing Assets/World/Environment/Prefabs/Custom/asset set/Crate_low003.prefab using Guid(d0a022a001d17fd4e8e491b05c0aff29) Importer(2089858483,b0f066a214c2f5e87bad3c948f4d605d) (ScriptedImporter) -> (artifact id: '0d3fa07354226ff147e8c52d427f6fc5') in 0.0089075 seconds
Number of updated asset objects reloaded before import = 0Number of asset objects unloaded after import = 8

========================================================================
Received Import Request.
  Time since last request: 0.000045 seconds.
  path: Assets/World/Environment/Prefabs/Custom/asset set/RoundGlass_low002.prefab
  artifactKey: Guid(11d51f8838e3d3f469b2630560ad8717) Importer(2089858483,b0f066a214c2f5e87bad3c948f4d605d)
Start importing Assets/World/Environment/Prefabs/Custom/asset set/RoundGlass_low002.prefab using Guid(11d51f8838e3d3f469b2630560ad8717) Importer(2089858483,b0f066a214c2f5e87bad3c948f4d605d) (ScriptedImporter) -> (artifact id: '05e75a5237b35f5568a70be6eccb6af6') in 0.0107249 seconds
Number of updated asset objects reloaded before import = 0Number of asset objects unloaded after import = 8

========================================================================
Received Import Request.
  Time since last request: 0.979997 seconds.
  path: Assets/World/Environment/Prefabs/Custom/asset set/ChairLegs_low002.prefab
  artifactKey: Guid(55d360d652e584a4f968ea4433ffd62d) Importer(2089858483,b0f066a214c2f5e87bad3c948f4d605d)
Start importing Assets/World/Environment/Prefabs/Custom/asset set/ChairLegs_low002.prefab using Guid(55d360d652e584a4f968ea4433ffd62d) Importer(2089858483,b0f066a214c2f5e87bad3c948f4d605d) (ScriptedImporter) -> (artifact id: '37f450308b6778588d432feb61a2f3e0') in 0.0076231 seconds
Number of updated asset objects reloaded before import = 0Number of asset objects unloaded after import = 8

========================================================================
Received Import Request.
  Time since last request: 0.000027 seconds.
  path: Assets/World/Environment/Prefabs/Custom/asset set/WantedPoster1.prefab
  artifactKey: Guid(ec12ef2c1f934174eaea00265be132d2) Importer(2089858483,b0f066a214c2f5e87bad3c948f4d605d)
Start importing Assets/World/Environment/Prefabs/Custom/asset set/WantedPoster1.prefab using Guid(ec12ef2c1f934174eaea00265be132d2) Importer(2089858483,b0f066a214c2f5e87bad3c948f4d605d) (ScriptedImporter) -> (artifact id: '87aca9f1249082f72ad52d8b71018b05') in 0.0079588 seconds
Number of updated asset objects reloaded before import = 0Number of asset objects unloaded after import = 8

========================================================================
Received Import Request.
  Time since last request: 0.000039 seconds.
  path: Assets/World/Environment/Prefabs/Custom/asset set/Moonshine004_low001.prefab
  artifactKey: Guid(754f91351166cf34ab2480b7e720d060) Importer(2089858483,b0f066a214c2f5e87bad3c948f4d605d)
Start importing Assets/World/Environment/Prefabs/Custom/asset set/Moonshine004_low001.prefab using Guid(754f91351166cf34ab2480b7e720d060) Importer(2089858483,b0f066a214c2f5e87bad3c948f4d605d) (ScriptedImporter) -> (artifact id: '3acde8cd096769802f7aba58d5778723') in 0.0202644 seconds
Number of updated asset objects reloaded before import = 0Number of asset objects unloaded after import = 8

========================================================================
Received Import Request.
  Time since last request: 0.000024 seconds.
  path: Assets/World/Environment/Prefabs/Custom/asset set/SheriffBadgeHook_low.prefab
  artifactKey: Guid(ad0c0e072dc810946b14061af195f945) Importer(2089858483,b0f066a214c2f5e87bad3c948f4d605d)
Start importing Assets/World/Environment/Prefabs/Custom/asset set/SheriffBadgeHook_low.prefab using Guid(ad0c0e072dc810946b14061af195f945) Importer(2089858483,b0f066a214c2f5e87bad3c948f4d605d) (ScriptedImporter) -> (artifact id: '56ac56f89182af2d758b26e3edbf99fd') in 0.0081622 seconds
Number of updated asset objects reloaded before import = 0Number of asset objects unloaded after import = 8

========================================================================
Received Import Request.
  Time since last request: 0.000023 seconds.
  path: Assets/World/Environment/Prefabs/Custom/asset set/ChairFeetRests_low005.prefab
  artifactKey: Guid(caa0b007cae4c314288dc4b8bca1b8b1) Importer(2089858483,b0f066a214c2f5e87bad3c948f4d605d)
Start importing Assets/World/Environment/Prefabs/Custom/asset set/ChairFeetRests_low005.prefab using Guid(caa0b007cae4c314288dc4b8bca1b8b1) Importer(2089858483,b0f066a214c2f5e87bad3c948f4d605d) (ScriptedImporter) -> (artifact id: '3b79dab0c054cfae61302f19b41df952') in 0.0079284 seconds
Number of updated asset objects reloaded before import = 0Number of asset objects unloaded after import = 8

========================================================================
Received Import Request.
  Time since last request: 0.000028 seconds.
  path: Assets/World/Environment/Prefabs/Custom/asset set/BullHorns_low.prefab
  artifactKey: Guid(934ef48e42fe0be4d9633aeae0fc580e) Importer(2089858483,b0f066a214c2f5e87bad3c948f4d605d)
Start importing Assets/World/Environment/Prefabs/Custom/asset set/BullHorns_low.prefab using Guid(934ef48e42fe0be4d9633aeae0fc580e) Importer(2089858483,b0f066a214c2f5e87bad3c948f4d605d) (ScriptedImporter) -> (artifact id: '95c0b918f0a011ea4ee41f9cc228b20c') in 0.0081248 seconds
Number of updated asset objects reloaded before import = 0Number of asset objects unloaded after import = 8

========================================================================
Received Import Request.
  Time since last request: 0.000037 seconds.
  path: Assets/World/Environment/Prefabs/Custom/asset set/SheriffHat_low001.prefab
  artifactKey: Guid(f2dca69605737fd43bee4763d7b7ace3) Importer(2089858483,b0f066a214c2f5e87bad3c948f4d605d)
Start importing Assets/World/Environment/Prefabs/Custom/asset set/SheriffHat_low001.prefab using Guid(f2dca69605737fd43bee4763d7b7ace3) Importer(2089858483,b0f066a214c2f5e87bad3c948f4d605d) (ScriptedImporter) -> (artifact id: '0abe67dd0deaeaa97bc13cdd6e467478') in 0.0089979 seconds
Number of updated asset objects reloaded before import = 0Number of asset objects unloaded after import = 8

========================================================================
Received Import Request.
  Time since last request: 0.000024 seconds.
  path: Assets/World/Environment/Prefabs/Custom/asset set/ChairSeat_low001.prefab
  artifactKey: Guid(0a7005744ff625942abce8aa35937cfa) Importer(2089858483,b0f066a214c2f5e87bad3c948f4d605d)
Start importing Assets/World/Environment/Prefabs/Custom/asset set/ChairSeat_low001.prefab using Guid(0a7005744ff625942abce8aa35937cfa) Importer(2089858483,b0f066a214c2f5e87bad3c948f4d605d) (ScriptedImporter) -> (artifact id: '7db556fd138e4a2ec459d3f6ceb36fc2') in 0.0083657 seconds
Number of updated asset objects reloaded before import = 0Number of asset objects unloaded after import = 8

========================================================================
Received Import Request.
  Time since last request: 0.376224 seconds.
  path: Assets/World/Environment/Prefabs/Custom/asset set/Crate_low005.prefab
  artifactKey: Guid(42088531a9c25f545a604bfd96af842c) Importer(815301076,1909f56bfc062723c751e8b465ee728b)
Start importing Assets/World/Environment/Prefabs/Custom/asset set/Crate_low005.prefab using Guid(42088531a9c25f545a604bfd96af842c) Importer(815301076,1909f56bfc062723c751e8b465ee728b) (PreviewImporter) -> (artifact id: '63b31590e958493c2ae4f0e24f86812a') in 0.042229 seconds
Number of updated asset objects reloaded before import = 0Number of asset objects unloaded after import = 606

========================================================================
Received Import Request.
  Time since last request: 0.000034 seconds.
  path: Assets/World/Environment/Prefabs/Custom/asset set/WhiskyGlass_low005.prefab
  artifactKey: Guid(b2b0a07a0de52b9468277a12c8eadd43) Importer(815301076,1909f56bfc062723c751e8b465ee728b)
Start importing Assets/World/Environment/Prefabs/Custom/asset set/WhiskyGlass_low005.prefab using Guid(b2b0a07a0de52b9468277a12c8eadd43) Importer(815301076,1909f56bfc062723c751e8b465ee728b) (PreviewImporter) -> (artifact id: '0a4de74ecc5d8c606ac65c0ad3fd40a0') in 0.0428346 seconds
Number of updated asset objects reloaded before import = 0Number of asset objects unloaded after import = 606

========================================================================
Received Import Request.
  Time since last request: 0.000035 seconds.
  path: Assets/World/Environment/Prefabs/Custom/asset set/SheriffBadgePin_low001.prefab
  artifactKey: Guid(ceaf65be9e4b0c94dab9d460f24b555f) Importer(815301076,1909f56bfc062723c751e8b465ee728b)
Start importing Assets/World/Environment/Prefabs/Custom/asset set/SheriffBadgePin_low001.prefab using Guid(ceaf65be9e4b0c94dab9d460f24b555f) Importer(815301076,1909f56bfc062723c751e8b465ee728b) (PreviewImporter) -> (artifact id: '7e89a151a352b5c46b4a4f6da7ad22df') in 0.0429755 seconds
Number of updated asset objects reloaded before import = 0Number of asset objects unloaded after import = 606

========================================================================
Received Import Request.
  Time since last request: 0.000034 seconds.
  path: Assets/World/Environment/Prefabs/Custom/asset set/WhiskyGlass_low004.prefab
  artifactKey: Guid(2aa812e487ae7b1498b4faea2459448d) Importer(815301076,1909f56bfc062723c751e8b465ee728b)
Start importing Assets/World/Environment/Prefabs/Custom/asset set/WhiskyGlass_low004.prefab using Guid(2aa812e487ae7b1498b4faea2459448d) Importer(815301076,1909f56bfc062723c751e8b465ee728b) (PreviewImporter) -> (artifact id: 'fb2bf4951cd6a228cd423a0bf1a2ae50') in 0.0420167 seconds
Number of updated asset objects reloaded before import = 0Number of asset objects unloaded after import = 606

========================================================================
Received Import Request.
  Time since last request: 0.000037 seconds.
  path: Assets/World/Environment/Prefabs/Custom/asset set/WantedPoster013.prefab
  artifactKey: Guid(4681a0e0e11994e4abae8ef969e433eb) Importer(815301076,1909f56bfc062723c751e8b465ee728b)
Start importing Assets/World/Environment/Prefabs/Custom/asset set/WantedPoster013.prefab using Guid(4681a0e0e11994e4abae8ef969e433eb) Importer(815301076,1909f56bfc062723c751e8b465ee728b) (PreviewImporter) -> (artifact id: '03f61f7cef8f2c9d236bfc222c30c693') in 0.0447844 seconds
Number of updated asset objects reloaded before import = 0Number of asset objects unloaded after import = 606

========================================================================
Received Import Request.
  Time since last request: 0.000041 seconds.
  path: Assets/World/Environment/Prefabs/Custom/asset set/RoundGlass_low003.prefab
  artifactKey: Guid(40247f25390608840992d2857954a4fe) Importer(815301076,1909f56bfc062723c751e8b465ee728b)
Start importing Assets/World/Environment/Prefabs/Custom/asset set/RoundGlass_low003.prefab using Guid(40247f25390608840992d2857954a4fe) Importer(815301076,1909f56bfc062723c751e8b465ee728b) (PreviewImporter) -> (artifact id: '30e715fa75efff3f14e379d0dbb687c9') in 0.0375547 seconds
Number of updated asset objects reloaded before import = 0Number of asset objects unloaded after import = 606

========================================================================
Received Import Request.
  Time since last request: 0.000048 seconds.
  path: Assets/World/Environment/Prefabs/Custom/asset set/WantedPoster4.prefab
  artifactKey: Guid(3eaecb7f3375fe744ab01eae2c5f3630) Importer(815301076,1909f56bfc062723c751e8b465ee728b)
Start importing Assets/World/Environment/Prefabs/Custom/asset set/WantedPoster4.prefab using Guid(3eaecb7f3375fe744ab01eae2c5f3630) Importer(815301076,1909f56bfc062723c751e8b465ee728b) (PreviewImporter) -> (artifact id: '5dfde0b97740a6d82de5c01b3d3316ff') in 0.0398629 seconds
Number of updated asset objects reloaded before import = 0Number of asset objects unloaded after import = 606

========================================================================
Received Import Request.
  Time since last request: 0.000030 seconds.
  path: Assets/World/Environment/Prefabs/Custom/asset set/Moonshine004_low.prefab
  artifactKey: Guid(ef1bbe33610c6104d8096d10f329338e) Importer(815301076,1909f56bfc062723c751e8b465ee728b)
Start importing Assets/World/Environment/Prefabs/Custom/asset set/Moonshine004_low.prefab using Guid(ef1bbe33610c6104d8096d10f329338e) Importer(815301076,1909f56bfc062723c751e8b465ee728b) (PreviewImporter) -> (artifact id: 'cc6fb8258baf0f04b69ef51d905d4c41') in 0.0359528 seconds
Number of updated asset objects reloaded before import = 0Number of asset objects unloaded after import = 606

========================================================================
Received Import Request.
  Time since last request: 0.000028 seconds.
  path: Assets/World/Environment/Prefabs/Custom/asset set/RoundGlass_low005.prefab
  artifactKey: Guid(1406fe4218abdf947b8e6a3bce30e3bf) Importer(815301076,1909f56bfc062723c751e8b465ee728b)
Start importing Assets/World/Environment/Prefabs/Custom/asset set/RoundGlass_low005.prefab using Guid(1406fe4218abdf947b8e6a3bce30e3bf) Importer(815301076,1909f56bfc062723c751e8b465ee728b) (PreviewImporter) -> (artifact id: '604f388def126f9bee45ab625784d4bb') in 0.036338 seconds
Number of updated asset objects reloaded before import = 0Number of asset objects unloaded after import = 606

========================================================================
Received Import Request.
  Time since last request: 0.000040 seconds.
  path: Assets/World/Environment/Prefabs/Custom/asset set/OilLamp_low.prefab
  artifactKey: Guid(c4af29fdf2758ba459fc42023468acc1) Importer(815301076,1909f56bfc062723c751e8b465ee728b)
Start importing Assets/World/Environment/Prefabs/Custom/asset set/OilLamp_low.prefab using Guid(c4af29fdf2758ba459fc42023468acc1) Importer(815301076,1909f56bfc062723c751e8b465ee728b) (PreviewImporter) -> (artifact id: '7b9b68a5f93dc453719e256018a30237') in 0.0361544 seconds
Number of updated asset objects reloaded before import = 0Number of asset objects unloaded after import = 606

========================================================================
Received Import Request.
  Time since last request: 0.000040 seconds.
  path: Assets/World/Environment/Prefabs/Custom/asset set/OilLampHandle_low.prefab
  artifactKey: Guid(23b166e54f77d1f44baa638b0512d3f6) Importer(815301076,1909f56bfc062723c751e8b465ee728b)
Start importing Assets/World/Environment/Prefabs/Custom/asset set/OilLampHandle_low.prefab using Guid(23b166e54f77d1f44baa638b0512d3f6) Importer(815301076,1909f56bfc062723c751e8b465ee728b) (PreviewImporter) -> (artifact id: 'c66be01a2099d06a7e4f46b54713f24f') in 0.0376015 seconds
Number of updated asset objects reloaded before import = 0Number of asset objects unloaded after import = 606

========================================================================
Received Import Request.
  Time since last request: 0.000039 seconds.
  path: Assets/World/Environment/Prefabs/Custom/asset set/WantedPoster010.prefab
  artifactKey: Guid(c304d11a6b1f481409ef4fb186669206) Importer(815301076,1909f56bfc062723c751e8b465ee728b)
Start importing Assets/World/Environment/Prefabs/Custom/asset set/WantedPoster010.prefab using Guid(c304d11a6b1f481409ef4fb186669206) Importer(815301076,1909f56bfc062723c751e8b465ee728b) (PreviewImporter) -> (artifact id: '1f1895d56944de05204142323dc9f97f') in 0.0360036 seconds
Number of updated asset objects reloaded before import = 0Number of asset objects unloaded after import = 606

========================================================================
Received Import Request.
  Time since last request: 0.000033 seconds.
  path: Assets/World/Environment/Prefabs/Custom/asset set/WantedPoster012.prefab
  artifactKey: Guid(74618f53862c45d4683965474b28e0c6) Importer(815301076,1909f56bfc062723c751e8b465ee728b)
Start importing Assets/World/Environment/Prefabs/Custom/asset set/WantedPoster012.prefab using Guid(74618f53862c45d4683965474b28e0c6) Importer(815301076,1909f56bfc062723c751e8b465ee728b) (PreviewImporter) -> (artifact id: 'e0147e027688b0b0375244f12e88e2bd') in 0.0380074 seconds
Number of updated asset objects reloaded before import = 0Number of asset objects unloaded after import = 606

========================================================================
Received Import Request.
  Time since last request: 3.784850 seconds.
  path: Assets/World/Environment/Prefabs/Custom/asset set/RoundGlass_low003.prefab
  artifactKey: Guid(40247f25390608840992d2857954a4fe) Importer(815301076,1909f56bfc062723c751e8b465ee728b)
Start importing Assets/World/Environment/Prefabs/Custom/asset set/RoundGlass_low003.prefab using Guid(40247f25390608840992d2857954a4fe) Importer(815301076,1909f56bfc062723c751e8b465ee728b) (PreviewImporter) -> (artifact id: 'ab9cb2f91ac8a009c42e8a0038b738f7') in 0.0647639 seconds
Number of updated asset objects reloaded before import = 0Number of asset objects unloaded after import = 606

========================================================================
Received Import Request.
  Time since last request: 0.000030 seconds.
  path: Assets/World/Environment/Prefabs/Custom/asset set/WantedPoster1.prefab
  artifactKey: Guid(ec12ef2c1f934174eaea00265be132d2) Importer(815301076,1909f56bfc062723c751e8b465ee728b)
Start importing Assets/World/Environment/Prefabs/Custom/asset set/WantedPoster1.prefab using Guid(ec12ef2c1f934174eaea00265be132d2) Importer(815301076,1909f56bfc062723c751e8b465ee728b) (PreviewImporter) -> (artifact id: '466e744b5b5b85007ce13b0fee900044') in 0.0352725 seconds
Number of updated asset objects reloaded before import = 0Number of asset objects unloaded after import = 606

========================================================================
Received Import Request.
  Time since last request: 0.000040 seconds.
  path: Assets/World/Environment/Prefabs/Custom/asset set/WhiskyGlass_low006.prefab
  artifactKey: Guid(0b36f964ccab4a84f8e05783d556c3ce) Importer(815301076,1909f56bfc062723c751e8b465ee728b)
Start importing Assets/World/Environment/Prefabs/Custom/asset set/WhiskyGlass_low006.prefab using Guid(0b36f964ccab4a84f8e05783d556c3ce) Importer(815301076,1909f56bfc062723c751e8b465ee728b) (PreviewImporter) -> (artifact id: '9a8d73bc0cc57567fded699bcefd8541') in 0.0393969 seconds
Number of updated asset objects reloaded before import = 0Number of asset objects unloaded after import = 606

========================================================================
Received Import Request.
  Time since last request: 0.000027 seconds.
  path: Assets/World/Environment/Prefabs/Custom/asset set/SheriffBadgePin_low001.prefab
  artifactKey: Guid(ceaf65be9e4b0c94dab9d460f24b555f) Importer(815301076,1909f56bfc062723c751e8b465ee728b)
Start importing Assets/World/Environment/Prefabs/Custom/asset set/SheriffBadgePin_low001.prefab using Guid(ceaf65be9e4b0c94dab9d460f24b555f) Importer(815301076,1909f56bfc062723c751e8b465ee728b) (PreviewImporter) -> (artifact id: 'c567a97146aad05cba8e4495f01141cb') in 0.0371385 seconds
Number of updated asset objects reloaded before import = 0Number of asset objects unloaded after import = 606

========================================================================
Received Import Request.
  Time since last request: 0.000026 seconds.
  path: Assets/World/Environment/Prefabs/Custom/asset set/StandardTable_low001.prefab
  artifactKey: Guid(d98861f37d7effe489c47ac0830f90c0) Importer(815301076,1909f56bfc062723c751e8b465ee728b)
Start importing Assets/World/Environment/Prefabs/Custom/asset set/StandardTable_low001.prefab using Guid(d98861f37d7effe489c47ac0830f90c0) Importer(815301076,1909f56bfc062723c751e8b465ee728b) (PreviewImporter) -> (artifact id: '7564207ae172862ef77c129238e3f291') in 0.0342297 seconds
Number of updated asset objects reloaded before import = 0Number of asset objects unloaded after import = 606

========================================================================
Received Import Request.
  Time since last request: 0.000033 seconds.
  path: Assets/World/Environment/Prefabs/Custom/asset set/StandardTable_low.prefab
  artifactKey: Guid(24b311b07ecb3844bbe0cd8aa664a591) Importer(815301076,1909f56bfc062723c751e8b465ee728b)
Start importing Assets/World/Environment/Prefabs/Custom/asset set/StandardTable_low.prefab using Guid(24b311b07ecb3844bbe0cd8aa664a591) Importer(815301076,1909f56bfc062723c751e8b465ee728b) (PreviewImporter) -> (artifact id: '28975f5ba06778542238bef878833b73') in 0.0393969 seconds
Number of updated asset objects reloaded before import = 0Number of asset objects unloaded after import = 606

========================================================================
Received Import Request.
  Time since last request: 0.000044 seconds.
  path: Assets/World/Environment/Prefabs/Custom/asset set/WhiskyGlass_low009.prefab
  artifactKey: Guid(26a9bb8eea378fc4dafed3edc5f1b948) Importer(815301076,1909f56bfc062723c751e8b465ee728b)
Start importing Assets/World/Environment/Prefabs/Custom/asset set/WhiskyGlass_low009.prefab using Guid(26a9bb8eea378fc4dafed3edc5f1b948) Importer(815301076,1909f56bfc062723c751e8b465ee728b) (PreviewImporter) -> (artifact id: '715c46ed2b8e5a763e5217a47e6bdfb2') in 0.0328653 seconds
Number of updated asset objects reloaded before import = 0Number of asset objects unloaded after import = 606

========================================================================
Received Import Request.
  Time since last request: 0.000028 seconds.
  path: Assets/World/Environment/Prefabs/Custom/asset set/WhiskyGlass_low007.prefab
  artifactKey: Guid(e13ce46e36a34cd45a2dcf0afa34c91b) Importer(815301076,1909f56bfc062723c751e8b465ee728b)
Start importing Assets/World/Environment/Prefabs/Custom/asset set/WhiskyGlass_low007.prefab using Guid(e13ce46e36a34cd45a2dcf0afa34c91b) Importer(815301076,1909f56bfc062723c751e8b465ee728b) (PreviewImporter) -> (artifact id: '8d59c3588d12e038e314a7c001ffe939') in 0.0399316 seconds
Number of updated asset objects reloaded before import = 0Number of asset objects unloaded after import = 606

========================================================================
Received Import Request.
  Time since last request: 0.000028 seconds.
  path: Assets/World/Environment/Prefabs/Custom/asset set/WantedPoster010.prefab
  artifactKey: Guid(c304d11a6b1f481409ef4fb186669206) Importer(815301076,1909f56bfc062723c751e8b465ee728b)
Start importing Assets/World/Environment/Prefabs/Custom/asset set/WantedPoster010.prefab using Guid(c304d11a6b1f481409ef4fb186669206) Importer(815301076,1909f56bfc062723c751e8b465ee728b) (PreviewImporter) -> (artifact id: '5dcdef053c2340c0f63b213c87c3aa73') in 0.0364981 seconds
Number of updated asset objects reloaded before import = 0Number of asset objects unloaded after import = 606

========================================================================
Received Import Request.
  Time since last request: 0.000031 seconds.
  path: Assets/World/Environment/Prefabs/Custom/asset set/ChairLegs_low007.prefab
  artifactKey: Guid(06312c66f2baf3d4c9c2903d3000fc06) Importer(2089858483,b0f066a214c2f5e87bad3c948f4d605d)
Start importing Assets/World/Environment/Prefabs/Custom/asset set/ChairLegs_low007.prefab using Guid(06312c66f2baf3d4c9c2903d3000fc06) Importer(2089858483,b0f066a214c2f5e87bad3c948f4d605d) (ScriptedImporter) -> (artifact id: '9ff5fbda45b4f0e982cbe83731e50fa8') in 0.007596 seconds
Number of updated asset objects reloaded before import = 0Number of asset objects unloaded after import = 8

========================================================================
Received Import Request.
  Time since last request: 0.000038 seconds.
  path: Assets/World/Environment/Prefabs/Custom/asset set/ChairSeat_low005.prefab
  artifactKey: Guid(ca1d3710f2e3f21479d16398bb740368) Importer(2089858483,b0f066a214c2f5e87bad3c948f4d605d)
Start importing Assets/World/Environment/Prefabs/Custom/asset set/ChairSeat_low005.prefab using Guid(ca1d3710f2e3f21479d16398bb740368) Importer(2089858483,b0f066a214c2f5e87bad3c948f4d605d) (ScriptedImporter) -> (artifact id: '70947eb399179e70b10ea70a84f393c5') in 0.0076015 seconds
Number of updated asset objects reloaded before import = 0Number of asset objects unloaded after import = 8

========================================================================
Received Import Request.
  Time since last request: 0.000027 seconds.
  path: Assets/World/Environment/Prefabs/Custom/asset set/ChairLegs_low006.prefab
  artifactKey: Guid(6a27a57785a127d4faf64c932bf5affe) Importer(2089858483,b0f066a214c2f5e87bad3c948f4d605d)
Start importing Assets/World/Environment/Prefabs/Custom/asset set/ChairLegs_low006.prefab using Guid(6a27a57785a127d4faf64c932bf5affe) Importer(2089858483,b0f066a214c2f5e87bad3c948f4d605d) (ScriptedImporter) -> (artifact id: 'd88fed1a31b4aeff786beba5737e552e') in 0.0075986 seconds
Number of updated asset objects reloaded before import = 0Number of asset objects unloaded after import = 8

========================================================================
Received Import Request.
  Time since last request: 0.000030 seconds.
  path: Assets/World/Environment/Prefabs/Custom/asset set/ChairFeetRests_low005.prefab
  artifactKey: Guid(caa0b007cae4c314288dc4b8bca1b8b1) Importer(2089858483,b0f066a214c2f5e87bad3c948f4d605d)
Start importing Assets/World/Environment/Prefabs/Custom/asset set/ChairFeetRests_low005.prefab using Guid(caa0b007cae4c314288dc4b8bca1b8b1) Importer(2089858483,b0f066a214c2f5e87bad3c948f4d605d) (ScriptedImporter) -> (artifact id: '688b02777adb944622f69a42e2998a14') in 0.0084514 seconds
Number of updated asset objects reloaded before import = 0Number of asset objects unloaded after import = 8

========================================================================
Received Import Request.
  Time since last request: 0.000030 seconds.
  path: Assets/World/Environment/Prefabs/Custom/asset set/SheriffBadgePin_low.prefab
  artifactKey: Guid(7b7139ea6350ad4409c4f33bab540c59) Importer(2089858483,b0f066a214c2f5e87bad3c948f4d605d)
Start importing Assets/World/Environment/Prefabs/Custom/asset set/SheriffBadgePin_low.prefab using Guid(7b7139ea6350ad4409c4f33bab540c59) Importer(2089858483,b0f066a214c2f5e87bad3c948f4d605d) (ScriptedImporter) -> (artifact id: 'bce6d1d93a742ba358042c8972a3d83c') in 0.0087869 seconds
Number of updated asset objects reloaded before import = 0Number of asset objects unloaded after import = 8

========================================================================
Received Import Request.
  Time since last request: 0.000037 seconds.
  path: Assets/World/Environment/Prefabs/Custom/asset set/BarStool_low.prefab
  artifactKey: Guid(d2a7dd015a408114ab1d5e1955b6997a) Importer(2089858483,b0f066a214c2f5e87bad3c948f4d605d)
Start importing Assets/World/Environment/Prefabs/Custom/asset set/BarStool_low.prefab using Guid(d2a7dd015a408114ab1d5e1955b6997a) Importer(2089858483,b0f066a214c2f5e87bad3c948f4d605d) (ScriptedImporter) -> (artifact id: '00000000000000000000000000000000') in 0.0092589 seconds
Import Error Code:(4)
Message: Build asset version error: assets/world/environment/prefabs/custom/asset set/barstool_low.prefab in SourceAssetDB has modification time of '2026-04-05T16:59:39.4331482Z' while content on disk has modification time of '2026-04-05T16:59:41.4077877Z'
  ERROR: Build asset version error: assets/world/environment/prefabs/custom/asset set/barstool_low.prefab in SourceAssetDB has modification time of '2026-04-05T16:59:39.4331482Z' while content on disk has modification time of '2026-04-05T16:59:41.4077877Z'
Number of updated asset objects reloaded before import = 0Number of asset objects unloaded after import = 2

========================================================================
Received Import Request.
  Time since last request: 0.000024 seconds.
  path: Assets/World/Environment/Prefabs/Custom/asset set/Barrel_low.prefab
  artifactKey: Guid(e1643345ac699a947893ca96ce104855) Importer(2089858483,b0f066a214c2f5e87bad3c948f4d605d)
Start importing Assets/World/Environment/Prefabs/Custom/asset set/Barrel_low.prefab using Guid(e1643345ac699a947893ca96ce104855) Importer(2089858483,b0f066a214c2f5e87bad3c948f4d605d) (ScriptedImporter) -> (artifact id: '00000000000000000000000000000000') in 0.0068687 seconds
Import Error Code:(4)
Message: Build asset version error: assets/world/environment/prefabs/custom/asset set/barrel_low.prefab in SourceAssetDB has modification time of '2026-04-05T16:59:39.4294002Z' while content on disk has modification time of '2026-04-05T16:59:41.4038081Z'
  ERROR: Build asset version error: assets/world/environment/prefabs/custom/asset set/barrel_low.prefab in SourceAssetDB has modification time of '2026-04-05T16:59:39.4294002Z' while content on disk has modification time of '2026-04-05T16:59:41.4038081Z'
Number of updated asset objects reloaded before import = 0Number of asset objects unloaded after import = 2

========================================================================
Received Import Request.
  Time since last request: 0.000026 seconds.
  path: Assets/World/Environment/Prefabs/Custom/asset set/CandleHolderHandle_low001.prefab
  artifactKey: Guid(c07b936f574a1f8419a5cc576faab6f4) Importer(2089858483,b0f066a214c2f5e87bad3c948f4d605d)
Start importing Assets/World/Environment/Prefabs/Custom/asset set/CandleHolderHandle_low001.prefab using Guid(c07b936f574a1f8419a5cc576faab6f4) Importer(2089858483,b0f066a214c2f5e87bad3c948f4d605d) (ScriptedImporter) -> (artifact id: '00000000000000000000000000000000') in 0.0075328 seconds
Import Error Code:(4)
Message: Build asset version error: assets/world/environment/prefabs/custom/asset set/candleholderhandle_low001.prefab in SourceAssetDB has modification time of '2026-04-05T16:59:39.4461196Z' while content on disk has modification time of '2026-04-05T16:59:41.421858Z'
  ERROR: Build asset version error: assets/world/environment/prefabs/custom/asset set/candleholderhandle_low001.prefab in SourceAssetDB has modification time of '2026-04-05T16:59:39.4461196Z' while content on disk has modification time of '2026-04-05T16:59:41.421858Z'
Number of updated asset objects reloaded before import = 0Number of asset objects unloaded after import = 2

========================================================================
Received Import Request.
  Time since last request: 0.000023 seconds.
  path: Assets/World/Environment/Prefabs/Custom/asset set/ChairFeetRests_low.prefab
  artifactKey: Guid(a0b6eaa77a7e7184bbd5eaf204d2e753) Importer(2089858483,b0f066a214c2f5e87bad3c948f4d605d)
Start importing Assets/World/Environment/Prefabs/Custom/asset set/ChairFeetRests_low.prefab using Guid(a0b6eaa77a7e7184bbd5eaf204d2e753) Importer(2089858483,b0f066a214c2f5e87bad3c948f4d605d) (ScriptedImporter) -> (artifact id: '2c26d3d8f632bce68894e19139e11ec5') in 0.0069592 seconds
Number of updated asset objects reloaded before import = 0Number of asset objects unloaded after import = 8

========================================================================
Received Import Request.
  Time since last request: 0.305605 seconds.
  path: Assets/World/Environment/Prefabs/Custom/asset set/RoundGlass_low004.prefab
  artifactKey: Guid(8fc9f78cf10d29a4c81a25a35f2f7a48) Importer(815301076,1909f56bfc062723c751e8b465ee728b)
Start importing Assets/World/Environment/Prefabs/Custom/asset set/RoundGlass_low004.prefab using Guid(8fc9f78cf10d29a4c81a25a35f2f7a48) Importer(815301076,1909f56bfc062723c751e8b465ee728b) (PreviewImporter) -> (artifact id: 'd8fbff9920292eeec22a103254669776') in 0.0530399 seconds
Number of updated asset objects reloaded before import = 0Number of asset objects unloaded after import = 606

========================================================================
Received Import Request.
  Time since last request: 0.000037 seconds.
  path: Assets/World/Environment/Prefabs/Custom/asset set/Shelf_low001.prefab
  artifactKey: Guid(ada932f7b6996944896d54fdb0ea17d3) Importer(815301076,1909f56bfc062723c751e8b465ee728b)
Start importing Assets/World/Environment/Prefabs/Custom/asset set/Shelf_low001.prefab using Guid(ada932f7b6996944896d54fdb0ea17d3) Importer(815301076,1909f56bfc062723c751e8b465ee728b) (PreviewImporter) -> (artifact id: '01e2b8ecfad0db970d06ad80d1dcffdb') in 0.038903 seconds
Number of updated asset objects reloaded before import = 0Number of asset objects unloaded after import = 606

========================================================================
Received Import Request.
  Time since last request: 0.000039 seconds.
  path: Assets/World/Environment/Prefabs/Custom/asset set/WhiskyGlass_low006.prefab
  artifactKey: Guid(0b36f964ccab4a84f8e05783d556c3ce) Importer(815301076,1909f56bfc062723c751e8b465ee728b)
Start importing Assets/World/Environment/Prefabs/Custom/asset set/WhiskyGlass_low006.prefab using Guid(0b36f964ccab4a84f8e05783d556c3ce) Importer(815301076,1909f56bfc062723c751e8b465ee728b) (PreviewImporter) -> (artifact id: '814dded9a32de7a50f2e04e6080ead5e') in 0.0354821 seconds
Number of updated asset objects reloaded before import = 0Number of asset objects unloaded after import = 606

========================================================================
Received Import Request.
  Time since last request: 0.000025 seconds.
  path: Assets/World/Environment/Prefabs/Custom/asset set/WhiskyGlass_low004.prefab
  artifactKey: Guid(2aa812e487ae7b1498b4faea2459448d) Importer(815301076,1909f56bfc062723c751e8b465ee728b)
Start importing Assets/World/Environment/Prefabs/Custom/asset set/WhiskyGlass_low004.prefab using Guid(2aa812e487ae7b1498b4faea2459448d) Importer(815301076,1909f56bfc062723c751e8b465ee728b) (PreviewImporter) -> (artifact id: '10a71ad716e989779f26dea9eb36888a') in 0.0367379 seconds
Number of updated asset objects reloaded before import = 0Number of asset objects unloaded after import = 606

========================================================================
Received Import Request.
  Time since last request: 0.000029 seconds.
  path: Assets/World/Environment/Prefabs/Custom/asset set/WantedPoster013.prefab
  artifactKey: Guid(4681a0e0e11994e4abae8ef969e433eb) Importer(815301076,1909f56bfc062723c751e8b465ee728b)
Start importing Assets/World/Environment/Prefabs/Custom/asset set/WantedPoster013.prefab using Guid(4681a0e0e11994e4abae8ef969e433eb) Importer(815301076,1909f56bfc062723c751e8b465ee728b) (PreviewImporter) -> (artifact id: '090312df5a0acd7d3d264e2ff4e54dbf') in 0.0367843 seconds
Number of updated asset objects reloaded before import = 0Number of asset objects unloaded after import = 606

========================================================================
Received Import Request.
  Time since last request: 0.000032 seconds.
  path: Assets/World/Environment/Prefabs/Custom/asset set/Shelf_low.prefab
  artifactKey: Guid(d2f61852f3f0f61469a7fdd8da4915e0) Importer(815301076,1909f56bfc062723c751e8b465ee728b)
Start importing Assets/World/Environment/Prefabs/Custom/asset set/Shelf_low.prefab using Guid(d2f61852f3f0f61469a7fdd8da4915e0) Importer(815301076,1909f56bfc062723c751e8b465ee728b) (PreviewImporter) -> (artifact id: '700b1c2c280c289ca22236ef7e67dad4') in 0.0367886 seconds
Number of updated asset objects reloaded before import = 0Number of asset objects unloaded after import = 606

========================================================================
Received Import Request.
  Time since last request: 0.000039 seconds.
  path: Assets/World/Environment/Prefabs/Custom/asset set/WhiskyGlass_low.prefab
  artifactKey: Guid(62f6d6a4d996e9d449ddef67d1f840d2) Importer(815301076,1909f56bfc062723c751e8b465ee728b)
Start importing Assets/World/Environment/Prefabs/Custom/asset set/WhiskyGlass_low.prefab using Guid(62f6d6a4d996e9d449ddef67d1f840d2) Importer(815301076,1909f56bfc062723c751e8b465ee728b) (PreviewImporter) -> (artifact id: '55c415b97e42bd6003d3277becc71dd6') in 0.0408802 seconds
Number of updated asset objects reloaded before import = 0Number of asset objects unloaded after import = 606

========================================================================
Received Import Request.
  Time since last request: 0.000029 seconds.
  path: Assets/World/Environment/Prefabs/Custom/asset set/SheriffBadge_low001.prefab
  artifactKey: Guid(85f0fcf1e0a283445aa9ebc673436e8f) Importer(815301076,1909f56bfc062723c751e8b465ee728b)
Start importing Assets/World/Environment/Prefabs/Custom/asset set/SheriffBadge_low001.prefab using Guid(85f0fcf1e0a283445aa9ebc673436e8f) Importer(815301076,1909f56bfc062723c751e8b465ee728b) (PreviewImporter) -> (artifact id: '6c982b05a52f340094c9ff37a43d866b') in 0.039689 seconds
Number of updated asset objects reloaded before import = 0Number of asset objects unloaded after import = 606

========================================================================
Received Import Request.
  Time since last request: 0.000040 seconds.
  path: Assets/World/Environment/Prefabs/Custom/asset set/SheriffBadgeHook_low001.prefab
  artifactKey: Guid(5238ac14eaba3ae4a8ad77f561eff6ed) Importer(815301076,1909f56bfc062723c751e8b465ee728b)
Start importing Assets/World/Environment/Prefabs/Custom/asset set/SheriffBadgeHook_low001.prefab using Guid(5238ac14eaba3ae4a8ad77f561eff6ed) Importer(815301076,1909f56bfc062723c751e8b465ee728b) (PreviewImporter) -> (artifact id: '44104a0db665e531c90a93efd5a98be6') in 0.0362318 seconds
Number of updated asset objects reloaded before import = 0Number of asset objects unloaded after import = 606

========================================================================
Received Import Request.
  Time since last request: 0.000042 seconds.
  path: Assets/World/Environment/Prefabs/Custom/asset set/WhiskyGlass_low008.prefab
  artifactKey: Guid(c9bdd24a2e455594e93b48c58b4192df) Importer(815301076,1909f56bfc062723c751e8b465ee728b)
Start importing Assets/World/Environment/Prefabs/Custom/asset set/WhiskyGlass_low008.prefab using Guid(c9bdd24a2e455594e93b48c58b4192df) Importer(815301076,1909f56bfc062723c751e8b465ee728b) (PreviewImporter) -> (artifact id: '708dc7454e87cdbd103555d3b6505b75') in 0.0305101 seconds
Number of updated asset objects reloaded before import = 0Number of asset objects unloaded after import = 606

========================================================================
Received Import Request.
  Time since last request: 10.034366 seconds.
  path: Assets/World/Environment/Prefabs/Custom/asset set/RoundGlass_low004.prefab
  artifactKey: Guid(8fc9f78cf10d29a4c81a25a35f2f7a48) Importer(815301076,1909f56bfc062723c751e8b465ee728b)
Start importing Assets/World/Environment/Prefabs/Custom/asset set/RoundGlass_low004.prefab using Guid(8fc9f78cf10d29a4c81a25a35f2f7a48) Importer(815301076,1909f56bfc062723c751e8b465ee728b) (PreviewImporter) -> (artifact id: 'c9c642e8843637ea0bc74f8e7b5dc181') in 0.0371354 seconds
Number of updated asset objects reloaded before import = 0Number of asset objects unloaded after import = 606

========================================================================
Received Import Request.
  Time since last request: 0.000034 seconds.
  path: Assets/World/Environment/Prefabs/Custom/asset set/WantedPoster1.prefab
  artifactKey: Guid(ec12ef2c1f934174eaea00265be132d2) Importer(815301076,1909f56bfc062723c751e8b465ee728b)
Start importing Assets/World/Environment/Prefabs/Custom/asset set/WantedPoster1.prefab using Guid(ec12ef2c1f934174eaea00265be132d2) Importer(815301076,1909f56bfc062723c751e8b465ee728b) (PreviewImporter) -> (artifact id: '8a0b9ef8c4fc8c25d04f5406f013899e') in 0.0346089 seconds
Number of updated asset objects reloaded before import = 0Number of asset objects unloaded after import = 606

========================================================================
Received Import Request.
  Time since last request: 0.000034 seconds.
  path: Assets/World/Environment/Prefabs/Custom/asset set/WhiskyGlass_low006.prefab
  artifactKey: Guid(0b36f964ccab4a84f8e05783d556c3ce) Importer(815301076,1909f56bfc062723c751e8b465ee728b)
Start importing Assets/World/Environment/Prefabs/Custom/asset set/WhiskyGlass_low006.prefab using Guid(0b36f964ccab4a84f8e05783d556c3ce) Importer(815301076,1909f56bfc062723c751e8b465ee728b) (PreviewImporter) -> (artifact id: '4b3e21261283dc25dc5487979e230848') in 0.0357148 seconds
Number of updated asset objects reloaded before import = 0Number of asset objects unloaded after import = 606

========================================================================
Received Import Request.
  Time since last request: 0.000047 seconds.
  path: Assets/World/Environment/Prefabs/Custom/asset set/WhiskyGlass_low004.prefab
  artifactKey: Guid(2aa812e487ae7b1498b4faea2459448d) Importer(815301076,1909f56bfc062723c751e8b465ee728b)
Start importing Assets/World/Environment/Prefabs/Custom/asset set/WhiskyGlass_low004.prefab using Guid(2aa812e487ae7b1498b4faea2459448d) Importer(815301076,1909f56bfc062723c751e8b465ee728b) (PreviewImporter) -> (artifact id: '462c259958b15bac706cc5b93c20d4e7') in 0.0375779 seconds
Number of updated asset objects reloaded before import = 0Number of asset objects unloaded after import = 606

========================================================================
Received Import Request.
  Time since last request: 0.000029 seconds.
  path: Assets/World/Environment/Prefabs/Custom/asset set/WantedPoster013.prefab
  artifactKey: Guid(4681a0e0e11994e4abae8ef969e433eb) Importer(815301076,1909f56bfc062723c751e8b465ee728b)
Start importing Assets/World/Environment/Prefabs/Custom/asset set/WantedPoster013.prefab using Guid(4681a0e0e11994e4abae8ef969e433eb) Importer(815301076,1909f56bfc062723c751e8b465ee728b) (PreviewImporter) -> (artifact id: '437c99b3a2bbada80a1f72e7fb9779ae') in 0.0409068 seconds
Number of updated asset objects reloaded before import = 0Number of asset objects unloaded after import = 606

========================================================================
Received Import Request.
  Time since last request: 0.000032 seconds.
  path: Assets/World/Environment/Prefabs/Custom/asset set/Shelf_low.prefab
  artifactKey: Guid(d2f61852f3f0f61469a7fdd8da4915e0) Importer(815301076,1909f56bfc062723c751e8b465ee728b)
Start importing Assets/World/Environment/Prefabs/Custom/asset set/Shelf_low.prefab using Guid(d2f61852f3f0f61469a7fdd8da4915e0) Importer(815301076,1909f56bfc062723c751e8b465ee728b) (PreviewImporter) -> (artifact id: 'af4ccaae1d8080f922311bb5823378fd') in 0.038304 seconds
Number of updated asset objects reloaded before import = 0Number of asset objects unloaded after import = 606

========================================================================
Received Import Request.
  Time since last request: 0.000038 seconds.
  path: Assets/World/Environment/Prefabs/Custom/asset set/WhiskyGlass_low.prefab
  artifactKey: Guid(62f6d6a4d996e9d449ddef67d1f840d2) Importer(815301076,1909f56bfc062723c751e8b465ee728b)
Start importing Assets/World/Environment/Prefabs/Custom/asset set/WhiskyGlass_low.prefab using Guid(62f6d6a4d996e9d449ddef67d1f840d2) Importer(815301076,1909f56bfc062723c751e8b465ee728b) (PreviewImporter) -> (artifact id: '23166b87ec408509d7dd73d9cde5801f') in 0.0369592 seconds
Number of updated asset objects reloaded before import = 0Number of asset objects unloaded after import = 606

========================================================================
Received Import Request.
  Time since last request: 0.000031 seconds.
  path: Assets/World/Environment/Prefabs/Custom/asset set/SheriffBadge_low001.prefab
  artifactKey: Guid(85f0fcf1e0a283445aa9ebc673436e8f) Importer(815301076,1909f56bfc062723c751e8b465ee728b)
Start importing Assets/World/Environment/Prefabs/Custom/asset set/SheriffBadge_low001.prefab using Guid(85f0fcf1e0a283445aa9ebc673436e8f) Importer(815301076,1909f56bfc062723c751e8b465ee728b) (PreviewImporter) -> (artifact id: '2f6df78e6816ce4f9c4056ba5c7ce413') in 0.0342193 seconds
Number of updated asset objects reloaded before import = 0Number of asset objects unloaded after import = 606

========================================================================
Received Import Request.
  Time since last request: 0.000029 seconds.
  path: Assets/World/Environment/Prefabs/Custom/asset set/SheriffBadgeHook_low001.prefab
  artifactKey: Guid(5238ac14eaba3ae4a8ad77f561eff6ed) Importer(815301076,1909f56bfc062723c751e8b465ee728b)
Start importing Assets/World/Environment/Prefabs/Custom/asset set/SheriffBadgeHook_low001.prefab using Guid(5238ac14eaba3ae4a8ad77f561eff6ed) Importer(815301076,1909f56bfc062723c751e8b465ee728b) (PreviewImporter) -> (artifact id: '80f25dab6be723225a8f49a57b8c9233') in 0.0375169 seconds
Number of updated asset objects reloaded before import = 0Number of asset objects unloaded after import = 606

========================================================================
Received Import Request.
  Time since last request: 0.000030 seconds.
  path: Assets/World/Environment/Prefabs/Custom/asset set/WhiskyGlass_low008.prefab
  artifactKey: Guid(c9bdd24a2e455594e93b48c58b4192df) Importer(815301076,1909f56bfc062723c751e8b465ee728b)
Start importing Assets/World/Environment/Prefabs/Custom/asset set/WhiskyGlass_low008.prefab using Guid(c9bdd24a2e455594e93b48c58b4192df) Importer(815301076,1909f56bfc062723c751e8b465ee728b) (PreviewImporter) -> (artifact id: 'f3f7566896a4d0c6a65375aad1c907d2') in 0.034261 seconds
Number of updated asset objects reloaded before import = 0Number of asset objects unloaded after import = 606

========================================================================
Received Import Request.
  Time since last request: 0.000034 seconds.
  path: Assets/World/Environment/Prefabs/Custom/asset set/WantedPoster1.prefab
  artifactKey: Guid(ec12ef2c1f934174eaea00265be132d2) Importer(2089858483,b0f066a214c2f5e87bad3c948f4d605d)
Start importing Assets/World/Environment/Prefabs/Custom/asset set/WantedPoster1.prefab using Guid(ec12ef2c1f934174eaea00265be132d2) Importer(2089858483,b0f066a214c2f5e87bad3c948f4d605d) (ScriptedImporter) -> (artifact id: '56ab392614509e00fd55a9af4c259c77') in 0.0081266 seconds
Number of updated asset objects reloaded before import = 0Number of asset objects unloaded after import = 8

========================================================================
Received Import Request.
  Time since last request: 0.000025 seconds.
  path: Assets/World/Environment/Prefabs/Custom/asset set/Moonshine004_low001.prefab
  artifactKey: Guid(754f91351166cf34ab2480b7e720d060) Importer(2089858483,b0f066a214c2f5e87bad3c948f4d605d)
Start importing Assets/World/Environment/Prefabs/Custom/asset set/Moonshine004_low001.prefab using Guid(754f91351166cf34ab2480b7e720d060) Importer(2089858483,b0f066a214c2f5e87bad3c948f4d605d) (ScriptedImporter) -> (artifact id: '294a29b1ece6fd50b32dc4ae479aeeb6') in 0.0105283 seconds
Number of updated asset objects reloaded before import = 0Number of asset objects unloaded after import = 8

========================================================================
Received Import Request.
  Time since last request: 0.000025 seconds.
  path: Assets/World/Environment/Prefabs/Custom/asset set/SheriffBadgeHook_low.prefab
  artifactKey: Guid(ad0c0e072dc810946b14061af195f945) Importer(2089858483,b0f066a214c2f5e87bad3c948f4d605d)
Start importing Assets/World/Environment/Prefabs/Custom/asset set/SheriffBadgeHook_low.prefab using Guid(ad0c0e072dc810946b14061af195f945) Importer(2089858483,b0f066a214c2f5e87bad3c948f4d605d) (ScriptedImporter) -> (artifact id: 'ef4add653b2567e978df1fe5e3159a28') in 0.007683 seconds
Number of updated asset objects reloaded before import = 0Number of asset objects unloaded after import = 8

========================================================================
Received Import Request.
  Time since last request: 0.000026 seconds.
  path: Assets/World/Environment/Prefabs/Custom/asset set/ChairSeat_low006.prefab
  artifactKey: Guid(20ba73d0cc3d3314b9f059f8945ad623) Importer(2089858483,b0f066a214c2f5e87bad3c948f4d605d)
Start importing Assets/World/Environment/Prefabs/Custom/asset set/ChairSeat_low006.prefab using Guid(20ba73d0cc3d3314b9f059f8945ad623) Importer(2089858483,b0f066a214c2f5e87bad3c948f4d605d) (ScriptedImporter) -> (artifact id: '4eed61628b240d34d62d4ee7b18ffece') in 0.0086647 seconds
Number of updated asset objects reloaded before import = 0Number of asset objects unloaded after import = 8

========================================================================
Received Import Request.
  Time since last request: 0.000028 seconds.
  path: Assets/World/Environment/Prefabs/Custom/asset set/AlcoholBottle008_low004.prefab
  artifactKey: Guid(d8286993badeed04aa166267751a3b2d) Importer(2089858483,b0f066a214c2f5e87bad3c948f4d605d)
Start importing Assets/World/Environment/Prefabs/Custom/asset set/AlcoholBottle008_low004.prefab using Guid(d8286993badeed04aa166267751a3b2d) Importer(2089858483,b0f066a214c2f5e87bad3c948f4d605d) (ScriptedImporter) -> (artifact id: 'bb106fd1342db09b77eeb434e5fad865') in 0.0086666 seconds
Number of updated asset objects reloaded before import = 0Number of asset objects unloaded after import = 8

========================================================================
Received Import Request.
  Time since last request: 0.000041 seconds.
  path: Assets/World/Environment/Prefabs/Custom/asset set/SheriffHat_low001.prefab
  artifactKey: Guid(f2dca69605737fd43bee4763d7b7ace3) Importer(2089858483,b0f066a214c2f5e87bad3c948f4d605d)
Start importing Assets/World/Environment/Prefabs/Custom/asset set/SheriffHat_low001.prefab using Guid(f2dca69605737fd43bee4763d7b7ace3) Importer(2089858483,b0f066a214c2f5e87bad3c948f4d605d) (ScriptedImporter) -> (artifact id: '2b56dfc83ec182e7857c7070c6881075') in 0.0085758 seconds
Number of updated asset objects reloaded before import = 0Number of asset objects unloaded after import = 8

========================================================================
Received Import Request.
  Time since last request: 0.000025 seconds.
  path: Assets/World/Environment/Prefabs/Custom/asset set/AlcoholBottle008_low005.prefab
  artifactKey: Guid(ed5a6088a4144b640b436eb736734337) Importer(2089858483,b0f066a214c2f5e87bad3c948f4d605d)
Start importing Assets/World/Environment/Prefabs/Custom/asset set/AlcoholBottle008_low005.prefab using Guid(ed5a6088a4144b640b436eb736734337) Importer(2089858483,b0f066a214c2f5e87bad3c948f4d605d) (ScriptedImporter) -> (artifact id: '34e036e9f2f7eb789716f1b9210d0da4') in 0.0095011 seconds
Number of updated asset objects reloaded before import = 0Number of asset objects unloaded after import = 8

========================================================================
Received Import Request.
  Time since last request: 0.000025 seconds.
  path: Assets/World/Environment/Prefabs/Custom/asset set/OilLampBot_low.prefab
  artifactKey: Guid(c1fd5ac4c0cdaf8438198303823718b9) Importer(2089858483,b0f066a214c2f5e87bad3c948f4d605d)
Start importing Assets/World/Environment/Prefabs/Custom/asset set/OilLampBot_low.prefab using Guid(c1fd5ac4c0cdaf8438198303823718b9) Importer(2089858483,b0f066a214c2f5e87bad3c948f4d605d) (ScriptedImporter) -> (artifact id: '00000000000000000000000000000000') in 0.0073525 seconds
Import Error Code:(4)
Message: Build asset version error: assets/world/environment/prefabs/custom/asset set/oillampbot_low.prefab in SourceAssetDB has modification time of '2026-04-05T16:59:52.3991521Z' while content on disk has modification time of '2026-04-05T16:59:54.5163626Z'
  ERROR: Build asset version error: assets/world/environment/prefabs/custom/asset set/oillampbot_low.prefab in SourceAssetDB has modification time of '2026-04-05T16:59:52.3991521Z' while content on disk has modification time of '2026-04-05T16:59:54.5163626Z'
Number of updated asset objects reloaded before import = 0Number of asset objects unloaded after import = 2

========================================================================
Received Import Request.
  Time since last request: 0.000024 seconds.
  path: Assets/World/Environment/Prefabs/Custom/asset set/ChairLegs_low.prefab
  artifactKey: Guid(f86fc3cb8e6fa244898992f5e0cb1f85) Importer(2089858483,b0f066a214c2f5e87bad3c948f4d605d)
Start importing Assets/World/Environment/Prefabs/Custom/asset set/ChairLegs_low.prefab using Guid(f86fc3cb8e6fa244898992f5e0cb1f85) Importer(2089858483,b0f066a214c2f5e87bad3c948f4d605d) (ScriptedImporter) -> (artifact id: '00000000000000000000000000000000') in 0.0164397 seconds
Import Error Code:(4)
Message: Build asset version error: assets/world/environment/prefabs/custom/asset set/chairlegs_low.prefab in SourceAssetDB has modification time of '2026-04-05T16:59:52.445236Z' while content on disk has modification time of '2026-04-05T16:59:54.595607Z'
  ERROR: Build asset version error: assets/world/environment/prefabs/custom/asset set/chairlegs_low.prefab in SourceAssetDB has modification time of '2026-04-05T16:59:52.445236Z' while content on disk has modification time of '2026-04-05T16:59:54.595607Z'
Number of updated asset objects reloaded before import = 0Number of asset objects unloaded after import = 2

========================================================================
Received Import Request.
  Time since last request: 0.000029 seconds.
  path: Assets/World/Environment/Prefabs/Custom/asset set/ChairSeat_low002.prefab
  artifactKey: Guid(a1e621e3c34d58c4e8ea37317070bf8c) Importer(2089858483,b0f066a214c2f5e87bad3c948f4d605d)
Start importing Assets/World/Environment/Prefabs/Custom/asset set/ChairSeat_low002.prefab using Guid(a1e621e3c34d58c4e8ea37317070bf8c) Importer(2089858483,b0f066a214c2f5e87bad3c948f4d605d) (ScriptedImporter) -> (artifact id: '9a878a11808d344b8dc0fcecca56b859') in 0.0033385 seconds
Number of updated asset objects reloaded before import = 0Number of asset objects unloaded after import = 0

========================================================================
Received Import Request.
  Time since last request: 0.318542 seconds.
  path: Assets/World/Environment/Prefabs/Custom/asset set/RoundGlass_low004.prefab
  artifactKey: Guid(8fc9f78cf10d29a4c81a25a35f2f7a48) Importer(815301076,1909f56bfc062723c751e8b465ee728b)
Start importing Assets/World/Environment/Prefabs/Custom/asset set/RoundGlass_low004.prefab using Guid(8fc9f78cf10d29a4c81a25a35f2f7a48) Importer(815301076,1909f56bfc062723c751e8b465ee728b) (PreviewImporter) -> (artifact id: '75671456dcecf0e5e1024bc13b5ef3c5') in 0.0400467 seconds
Number of updated asset objects reloaded before import = 0Number of asset objects unloaded after import = 606

========================================================================
Received Import Request.
  Time since last request: 0.000027 seconds.
  path: Assets/World/Environment/Prefabs/Custom/asset set/WhiskyGlass_low005.prefab
  artifactKey: Guid(b2b0a07a0de52b9468277a12c8eadd43) Importer(815301076,1909f56bfc062723c751e8b465ee728b)
Start importing Assets/World/Environment/Prefabs/Custom/asset set/WhiskyGlass_low005.prefab using Guid(b2b0a07a0de52b9468277a12c8eadd43) Importer(815301076,1909f56bfc062723c751e8b465ee728b) (PreviewImporter) -> (artifact id: '2d28bcf4b2537f4f15e637cb59d18f28') in 0.0383502 seconds
Number of updated asset objects reloaded before import = 0Number of asset objects unloaded after import = 606

========================================================================
Received Import Request.
  Time since last request: 0.000039 seconds.
  path: Assets/World/Environment/Prefabs/Custom/asset set/SheriffBadgeHook_low.prefab
  artifactKey: Guid(ad0c0e072dc810946b14061af195f945) Importer(815301076,1909f56bfc062723c751e8b465ee728b)
Start importing Assets/World/Environment/Prefabs/Custom/asset set/SheriffBadgeHook_low.prefab using Guid(ad0c0e072dc810946b14061af195f945) Importer(815301076,1909f56bfc062723c751e8b465ee728b) (PreviewImporter) -> (artifact id: '00d07b69e5c7a5b46ca0946efb223930') in 0.0387545 seconds
Number of updated asset objects reloaded before import = 0Number of asset objects unloaded after import = 606

========================================================================
Received Import Request.
  Time since last request: 0.000045 seconds.
  path: Assets/World/Environment/Prefabs/Custom/asset set/SheriffBadgePin_low001.prefab
  artifactKey: Guid(ceaf65be9e4b0c94dab9d460f24b555f) Importer(815301076,1909f56bfc062723c751e8b465ee728b)
Start importing Assets/World/Environment/Prefabs/Custom/asset set/SheriffBadgePin_low001.prefab using Guid(ceaf65be9e4b0c94dab9d460f24b555f) Importer(815301076,1909f56bfc062723c751e8b465ee728b) (PreviewImporter) -> (artifact id: '953a8d71574c43b84bc9b93b8cd25e4b') in 0.0409847 seconds
Number of updated asset objects reloaded before import = 0Number of asset objects unloaded after import = 606

========================================================================
Received Import Request.
  Time since last request: 0.000030 seconds.
  path: Assets/World/Environment/Prefabs/Custom/asset set/SheriffBadgePin_low.prefab
  artifactKey: Guid(7b7139ea6350ad4409c4f33bab540c59) Importer(815301076,1909f56bfc062723c751e8b465ee728b)
Start importing Assets/World/Environment/Prefabs/Custom/asset set/SheriffBadgePin_low.prefab using Guid(7b7139ea6350ad4409c4f33bab540c59) Importer(815301076,1909f56bfc062723c751e8b465ee728b) (PreviewImporter) -> (artifact id: '5fe3edc3765020aeaa97db0653972af1') in 0.044334 seconds
Number of updated asset objects reloaded before import = 0Number of asset objects unloaded after import = 606

========================================================================
Received Import Request.
  Time since last request: 0.000037 seconds.
  path: Assets/World/Environment/Prefabs/Custom/asset set/Shelf_low.prefab
  artifactKey: Guid(d2f61852f3f0f61469a7fdd8da4915e0) Importer(815301076,1909f56bfc062723c751e8b465ee728b)
Start importing Assets/World/Environment/Prefabs/Custom/asset set/Shelf_low.prefab using Guid(d2f61852f3f0f61469a7fdd8da4915e0) Importer(815301076,1909f56bfc062723c751e8b465ee728b) (PreviewImporter) -> (artifact id: '9e953bab68e56ed2867a5bde35ea7742') in 0.0464055 seconds
Number of updated asset objects reloaded before import = 0Number of asset objects unloaded after import = 606

========================================================================
Received Import Request.
  Time since last request: 0.000029 seconds.
  path: Assets/World/Environment/Prefabs/Custom/asset set/SheriffHat_low001.prefab
  artifactKey: Guid(f2dca69605737fd43bee4763d7b7ace3) Importer(815301076,1909f56bfc062723c751e8b465ee728b)
Start importing Assets/World/Environment/Prefabs/Custom/asset set/SheriffHat_low001.prefab using Guid(f2dca69605737fd43bee4763d7b7ace3) Importer(815301076,1909f56bfc062723c751e8b465ee728b) (PreviewImporter) -> (artifact id: 'f18182db5ac52aea2fd9fb01ecb50cc8') in 0.0383728 seconds
Number of updated asset objects reloaded before import = 0Number of asset objects unloaded after import = 606

========================================================================
Received Import Request.
  Time since last request: 0.000025 seconds.
  path: Assets/World/Environment/Prefabs/Custom/asset set/WhiskyGlass_low007.prefab
  artifactKey: Guid(e13ce46e36a34cd45a2dcf0afa34c91b) Importer(815301076,1909f56bfc062723c751e8b465ee728b)
Start importing Assets/World/Environment/Prefabs/Custom/asset set/WhiskyGlass_low007.prefab using Guid(e13ce46e36a34cd45a2dcf0afa34c91b) Importer(815301076,1909f56bfc062723c751e8b465ee728b) (PreviewImporter) -> (artifact id: '87957d89141d5e141a852c7acceeb657') in 0.0392937 seconds
Number of updated asset objects reloaded before import = 0Number of asset objects unloaded after import = 606

========================================================================
Received Import Request.
  Time since last request: 0.000027 seconds.
  path: Assets/World/Environment/Prefabs/Custom/asset set/WhiskyGlass_low003.prefab
  artifactKey: Guid(eab6293ff4ee87044a14c7702054bcea) Importer(815301076,1909f56bfc062723c751e8b465ee728b)
Start importing Assets/World/Environment/Prefabs/Custom/asset set/WhiskyGlass_low003.prefab using Guid(eab6293ff4ee87044a14c7702054bcea) Importer(815301076,1909f56bfc062723c751e8b465ee728b) (PreviewImporter) -> (artifact id: '1ee472f0c9fad1d0be8192c381b69567') in 0.0371958 seconds
Number of updated asset objects reloaded before import = 0Number of asset objects unloaded after import = 606

========================================================================
Received Import Request.
  Time since last request: 0.000044 seconds.
  path: Assets/World/Environment/Prefabs/Custom/asset set/WantedPoster3.prefab
  artifactKey: Guid(dcf3dede18adc164bb5709a468120a0b) Importer(815301076,1909f56bfc062723c751e8b465ee728b)
Start importing Assets/World/Environment/Prefabs/Custom/asset set/WantedPoster3.prefab using Guid(dcf3dede18adc164bb5709a468120a0b) Importer(815301076,1909f56bfc062723c751e8b465ee728b) (PreviewImporter) -> (artifact id: 'f7226eb87e87bdc6f69d170b000953fa') in 0.0301295 seconds
Number of updated asset objects reloaded before import = 0Number of asset objects unloaded after import = 606

========================================================================
Received Import Request.
  Time since last request: 1.106536 seconds.
  path: Assets/World/Environment/Prefabs/Custom/asset set/RoundGlass_low004.prefab
  artifactKey: Guid(8fc9f78cf10d29a4c81a25a35f2f7a48) Importer(815301076,1909f56bfc062723c751e8b465ee728b)
Start importing Assets/World/Environment/Prefabs/Custom/asset set/RoundGlass_low004.prefab using Guid(8fc9f78cf10d29a4c81a25a35f2f7a48) Importer(815301076,1909f56bfc062723c751e8b465ee728b) (PreviewImporter) -> (artifact id: 'be558a9e6603c6afd5004ce2b919f645') in 0.0399872 seconds
Number of updated asset objects reloaded before import = 0Number of asset objects unloaded after import = 606

========================================================================
Received Import Request.
  Time since last request: 0.000030 seconds.
  path: Assets/World/Environment/Prefabs/Custom/asset set/WantedPoster1.prefab
  artifactKey: Guid(ec12ef2c1f934174eaea00265be132d2) Importer(815301076,1909f56bfc062723c751e8b465ee728b)
Start importing Assets/World/Environment/Prefabs/Custom/asset set/WantedPoster1.prefab using Guid(ec12ef2c1f934174eaea00265be132d2) Importer(815301076,1909f56bfc062723c751e8b465ee728b) (PreviewImporter) -> (artifact id: '3fed1f1ea692f5f8700baf6f3347533c') in 0.0371111 seconds
Number of updated asset objects reloaded before import = 0Number of asset objects unloaded after import = 606

========================================================================
Received Import Request.
  Time since last request: 0.000038 seconds.
  path: Assets/World/Environment/Prefabs/Custom/asset set/SheriffBadge_low.prefab
  artifactKey: Guid(b75518ffcd425ae4f8ca185855cb393b) Importer(815301076,1909f56bfc062723c751e8b465ee728b)
Start importing Assets/World/Environment/Prefabs/Custom/asset set/SheriffBadge_low.prefab using Guid(b75518ffcd425ae4f8ca185855cb393b) Importer(815301076,1909f56bfc062723c751e8b465ee728b) (PreviewImporter) -> (artifact id: '6d3fe838d28a4e938c4bb719426ce775') in 0.0358785 seconds
Number of updated asset objects reloaded before import = 0Number of asset objects unloaded after import = 606

========================================================================
Received Import Request.
  Time since last request: 0.000026 seconds.
  path: Assets/World/Environment/Prefabs/Custom/asset set/SheriffHat_low.prefab
  artifactKey: Guid(84b442dac94c467468c54d4a618a8d1f) Importer(815301076,1909f56bfc062723c751e8b465ee728b)
Start importing Assets/World/Environment/Prefabs/Custom/asset set/SheriffHat_low.prefab using Guid(84b442dac94c467468c54d4a618a8d1f) Importer(815301076,1909f56bfc062723c751e8b465ee728b) (PreviewImporter) -> (artifact id: '82fe6f1bac5538c0a791a8a292ed124d') in 0.0350448 seconds
Number of updated asset objects reloaded before import = 0Number of asset objects unloaded after import = 606

========================================================================
Received Import Request.
  Time since last request: 0.000026 seconds.
  path: Assets/World/Environment/Prefabs/Custom/asset set/ChairFeetRests_low003.prefab
  artifactKey: Guid(46a1febdd6f758049ae14fa836d3c5eb) Importer(815301076,1909f56bfc062723c751e8b465ee728b)
Start importing Assets/World/Environment/Prefabs/Custom/asset set/ChairFeetRests_low003.prefab using Guid(46a1febdd6f758049ae14fa836d3c5eb) Importer(815301076,1909f56bfc062723c751e8b465ee728b) (PreviewImporter) -> (artifact id: '73b8856c4ad7aa9d4683e03dff14fe20') in 0.0357851 seconds
Number of updated asset objects reloaded before import = 0Number of asset objects unloaded after import = 606

========================================================================
Received Import Request.
  Time since last request: 0.000034 seconds.
  path: Assets/World/Environment/Prefabs/Custom/asset set/ChairBackRest_low005.prefab
  artifactKey: Guid(40c7b348de8500b4b92b8986235f0023) Importer(815301076,1909f56bfc062723c751e8b465ee728b)
Start importing Assets/World/Environment/Prefabs/Custom/asset set/ChairBackRest_low005.prefab using Guid(40c7b348de8500b4b92b8986235f0023) Importer(815301076,1909f56bfc062723c751e8b465ee728b) (PreviewImporter) -> (artifact id: '80b7780c1656eb30a9d50ed076d9f4d1') in 0.0369056 seconds
Number of updated asset objects reloaded before import = 0Number of asset objects unloaded after import = 606

========================================================================
Received Import Request.
  Time since last request: 0.000044 seconds.
  path: Assets/World/Environment/Prefabs/Custom/asset set/BarStool_low001.prefab
  artifactKey: Guid(222b942afbad6dc438f4608dacd1b2c8) Importer(815301076,1909f56bfc062723c751e8b465ee728b)
Start importing Assets/World/Environment/Prefabs/Custom/asset set/BarStool_low001.prefab using Guid(222b942afbad6dc438f4608dacd1b2c8) Importer(815301076,1909f56bfc062723c751e8b465ee728b) (PreviewImporter) -> (artifact id: 'b6c2ef1695be273658c37b6e2d31206b') in 0.0375417 seconds
Number of updated asset objects reloaded before import = 0Number of asset objects unloaded after import = 606

========================================================================
Received Import Request.
  Time since last request: 0.000028 seconds.
  path: Assets/World/Environment/Prefabs/Custom/asset set/ChairLegs_low008.prefab
  artifactKey: Guid(c89c239f1f14af84fac412919919ff60) Importer(815301076,1909f56bfc062723c751e8b465ee728b)
Start importing Assets/World/Environment/Prefabs/Custom/asset set/ChairLegs_low008.prefab using Guid(c89c239f1f14af84fac412919919ff60) Importer(815301076,1909f56bfc062723c751e8b465ee728b) (PreviewImporter) -> (artifact id: '5d9eaac60ad29cdb80e7e8139979a2df') in 0.0421158 seconds
Number of updated asset objects reloaded before import = 0Number of asset objects unloaded after import = 606

========================================================================
Received Import Request.
  Time since last request: 0.000032 seconds.
  path: Assets/World/Environment/Prefabs/Custom/asset set/BarStool_low004.prefab
  artifactKey: Guid(b4ea61a4eb466554ba3f429225b6a4ac) Importer(815301076,1909f56bfc062723c751e8b465ee728b)
Start importing Assets/World/Environment/Prefabs/Custom/asset set/BarStool_low004.prefab using Guid(b4ea61a4eb466554ba3f429225b6a4ac) Importer(815301076,1909f56bfc062723c751e8b465ee728b) (PreviewImporter) -> (artifact id: 'b8bb0fc4e6bb016e2948fc8f9c0cdb36') in 0.0379123 seconds
Number of updated asset objects reloaded before import = 0Number of asset objects unloaded after import = 606

========================================================================
Received Import Request.
  Time since last request: 0.000034 seconds.
  path: Assets/World/Environment/Prefabs/Custom/asset set/Crate_low004.prefab
  artifactKey: Guid(73f8976b50e70824c95041eefa5dcc49) Importer(815301076,1909f56bfc062723c751e8b465ee728b)
Start importing Assets/World/Environment/Prefabs/Custom/asset set/Crate_low004.prefab using Guid(73f8976b50e70824c95041eefa5dcc49) Importer(815301076,1909f56bfc062723c751e8b465ee728b) (PreviewImporter) -> (artifact id: 'a365a3dba59a851039bff9b8d04ae5c6') in 0.0363078 seconds
Number of updated asset objects reloaded before import = 0Number of asset objects unloaded after import = 606

========================================================================
Received Import Request.
  Time since last request: 0.000038 seconds.
  path: Assets/World/Environment/Prefabs/Custom/asset set/BullHorns_low.prefab
  artifactKey: Guid(934ef48e42fe0be4d9633aeae0fc580e) Importer(815301076,1909f56bfc062723c751e8b465ee728b)
Start importing Assets/World/Environment/Prefabs/Custom/asset set/BullHorns_low.prefab using Guid(934ef48e42fe0be4d9633aeae0fc580e) Importer(815301076,1909f56bfc062723c751e8b465ee728b) (PreviewImporter) -> (artifact id: 'f3f0258de084e6e36cfc92fc8f3e2772') in 0.0422718 seconds
Number of updated asset objects reloaded before import = 0Number of asset objects unloaded after import = 606

========================================================================
Received Import Request.
  Time since last request: 0.000026 seconds.
  path: Assets/World/Environment/Prefabs/Custom/asset set/WantedBoard_low.prefab
  artifactKey: Guid(9602dbfea5ac52c48b568cd0ee9694e4) Importer(815301076,1909f56bfc062723c751e8b465ee728b)
Start importing Assets/World/Environment/Prefabs/Custom/asset set/WantedBoard_low.prefab using Guid(9602dbfea5ac52c48b568cd0ee9694e4) Importer(815301076,1909f56bfc062723c751e8b465ee728b) (PreviewImporter) -> (artifact id: '8f67d889235b94bbaee2236a86148837') in 0.0436273 seconds
Number of updated asset objects reloaded before import = 0Number of asset objects unloaded after import = 606

========================================================================
Received Import Request.
  Time since last request: 0.000032 seconds.
  path: Assets/World/Environment/Prefabs/Custom/asset set/StandardTable_low.prefab
  artifactKey: Guid(24b311b07ecb3844bbe0cd8aa664a591) Importer(815301076,1909f56bfc062723c751e8b465ee728b)
Start importing Assets/World/Environment/Prefabs/Custom/asset set/StandardTable_low.prefab using Guid(24b311b07ecb3844bbe0cd8aa664a591) Importer(815301076,1909f56bfc062723c751e8b465ee728b) (PreviewImporter) -> (artifact id: 'd477dcbd4d0faa7ec44c76dcc1de34f3') in 0.037325 seconds
Number of updated asset objects reloaded before import = 0Number of asset objects unloaded after import = 606

========================================================================
Received Import Request.
  Time since last request: 0.000035 seconds.
  path: Assets/World/Environment/Prefabs/Custom/asset set/ChairLegs_low.prefab
  artifactKey: Guid(f86fc3cb8e6fa244898992f5e0cb1f85) Importer(815301076,1909f56bfc062723c751e8b465ee728b)
Start importing Assets/World/Environment/Prefabs/Custom/asset set/ChairLegs_low.prefab using Guid(f86fc3cb8e6fa244898992f5e0cb1f85) Importer(815301076,1909f56bfc062723c751e8b465ee728b) (PreviewImporter) -> (artifact id: 'c1a0935b7e40902e4232519334035ea9') in 0.0380757 seconds
Number of updated asset objects reloaded before import = 0Number of asset objects unloaded after import = 606

========================================================================
Received Import Request.
  Time since last request: 0.000029 seconds.
  path: Assets/World/Environment/Prefabs/Custom/asset set/WantedPoster4.prefab
  artifactKey: Guid(3eaecb7f3375fe744ab01eae2c5f3630) Importer(815301076,1909f56bfc062723c751e8b465ee728b)
Start importing Assets/World/Environment/Prefabs/Custom/asset set/WantedPoster4.prefab using Guid(3eaecb7f3375fe744ab01eae2c5f3630) Importer(815301076,1909f56bfc062723c751e8b465ee728b) (PreviewImporter) -> (artifact id: 'd00a46e11c8df2034a58650407a026c0') in 0.0407247 seconds
Number of updated asset objects reloaded before import = 0Number of asset objects unloaded after import = 606

========================================================================
Received Import Request.
  Time since last request: 0.000028 seconds.
  path: Assets/World/Environment/Prefabs/Custom/asset set/WhiskyGlass_low009.prefab
  artifactKey: Guid(26a9bb8eea378fc4dafed3edc5f1b948) Importer(815301076,1909f56bfc062723c751e8b465ee728b)
Start importing Assets/World/Environment/Prefabs/Custom/asset set/WhiskyGlass_low009.prefab using Guid(26a9bb8eea378fc4dafed3edc5f1b948) Importer(815301076,1909f56bfc062723c751e8b465ee728b) (PreviewImporter) -> (artifact id: '0b2d0ece81020f5ee14ba95beab3dfb0') in 0.0389811 seconds
Number of updated asset objects reloaded before import = 0Number of asset objects unloaded after import = 606

========================================================================
Received Import Request.
  Time since last request: 0.000053 seconds.
  path: Assets/World/Environment/Prefabs/Custom/asset set/CandleHolderHandle_low001.prefab
  artifactKey: Guid(c07b936f574a1f8419a5cc576faab6f4) Importer(815301076,1909f56bfc062723c751e8b465ee728b)
Start importing Assets/World/Environment/Prefabs/Custom/asset set/CandleHolderHandle_low001.prefab using Guid(c07b936f574a1f8419a5cc576faab6f4) Importer(815301076,1909f56bfc062723c751e8b465ee728b) (PreviewImporter) -> (artifact id: '37e1a627132333dcb8b9402568da5635') in 0.0392662 seconds
Number of updated asset objects reloaded before import = 0Number of asset objects unloaded after import = 606

========================================================================
Received Import Request.
  Time since last request: 0.000059 seconds.
  path: Assets/World/Environment/Prefabs/Custom/asset set/ChairFeetRests_low.prefab
  artifactKey: Guid(a0b6eaa77a7e7184bbd5eaf204d2e753) Importer(815301076,1909f56bfc062723c751e8b465ee728b)
Start importing Assets/World/Environment/Prefabs/Custom/asset set/ChairFeetRests_low.prefab using Guid(a0b6eaa77a7e7184bbd5eaf204d2e753) Importer(815301076,1909f56bfc062723c751e8b465ee728b) (PreviewImporter) -> (artifact id: '8ab218e573f30ea8e2a2608b659535ed') in 0.0383902 seconds
Number of updated asset objects reloaded before import = 0Number of asset objects unloaded after import = 606

========================================================================
Received Import Request.
  Time since last request: 0.000030 seconds.
  path: Assets/World/Environment/Prefabs/Custom/asset set/ChairBackRest_low001.prefab
  artifactKey: Guid(606b56f2d1e1534448c9edefb426cfa7) Importer(815301076,1909f56bfc062723c751e8b465ee728b)
Start importing Assets/World/Environment/Prefabs/Custom/asset set/ChairBackRest_low001.prefab using Guid(606b56f2d1e1534448c9edefb426cfa7) Importer(815301076,1909f56bfc062723c751e8b465ee728b) (PreviewImporter) -> (artifact id: '26ca8032b8bcf2c2a70003ff9b6cb7e1') in 0.037959 seconds
Number of updated asset objects reloaded before import = 0Number of asset objects unloaded after import = 606

========================================================================
Received Import Request.
  Time since last request: 0.000035 seconds.
  path: Assets/World/Environment/Prefabs/Custom/asset set/ChairFeetRests_low008.prefab
  artifactKey: Guid(0d0ee9b0d0d57b84499a8bf01894f04e) Importer(815301076,1909f56bfc062723c751e8b465ee728b)
Start importing Assets/World/Environment/Prefabs/Custom/asset set/ChairFeetRests_low008.prefab using Guid(0d0ee9b0d0d57b84499a8bf01894f04e) Importer(815301076,1909f56bfc062723c751e8b465ee728b) (PreviewImporter) -> (artifact id: 'f83aaa3c0ebd75a5be9f01d238fa315c') in 0.0373037 seconds
Number of updated asset objects reloaded before import = 0Number of asset objects unloaded after import = 606

========================================================================
Received Import Request.
  Time since last request: 0.000046 seconds.
  path: Assets/World/Environment/Prefabs/Custom/asset set/ChairLegs_low002.prefab
  artifactKey: Guid(55d360d652e584a4f968ea4433ffd62d) Importer(815301076,1909f56bfc062723c751e8b465ee728b)
Start importing Assets/World/Environment/Prefabs/Custom/asset set/ChairLegs_low002.prefab using Guid(55d360d652e584a4f968ea4433ffd62d) Importer(815301076,1909f56bfc062723c751e8b465ee728b) (PreviewImporter) -> (artifact id: '18dfa5f94eb3d16c9d7cad65d78ca4d6') in 0.0435159 seconds
Number of updated asset objects reloaded before import = 0Number of asset objects unloaded after import = 606

========================================================================
Received Import Request.
  Time since last request: 0.000028 seconds.
  path: Assets/World/Environment/Prefabs/Custom/asset set/PokerTable_low001.prefab
  artifactKey: Guid(7d0bea3256d01ba42935387359c7a183) Importer(815301076,1909f56bfc062723c751e8b465ee728b)
Start importing Assets/World/Environment/Prefabs/Custom/asset set/PokerTable_low001.prefab using Guid(7d0bea3256d01ba42935387359c7a183) Importer(815301076,1909f56bfc062723c751e8b465ee728b) (PreviewImporter) -> (artifact id: '23b540c571a06721b71bad95b9e8672b') in 0.0409755 seconds
Number of updated asset objects reloaded before import = 0Number of asset objects unloaded after import = 606

========================================================================
Received Import Request.
  Time since last request: 0.000033 seconds.
  path: Assets/World/Environment/Prefabs/Custom/asset set/ChairSeat_low005.prefab
  artifactKey: Guid(ca1d3710f2e3f21479d16398bb740368) Importer(815301076,1909f56bfc062723c751e8b465ee728b)
Start importing Assets/World/Environment/Prefabs/Custom/asset set/ChairSeat_low005.prefab using Guid(ca1d3710f2e3f21479d16398bb740368) Importer(815301076,1909f56bfc062723c751e8b465ee728b) (PreviewImporter) -> (artifact id: '0d54b0706d4ebb45c462155fd6a8a880') in 0.0408188 seconds
Number of updated asset objects reloaded before import = 0Number of asset objects unloaded after import = 606

========================================================================
Received Import Request.
  Time since last request: 0.000045 seconds.
  path: Assets/World/Environment/Prefabs/Custom/asset set/Crate_low001.prefab
  artifactKey: Guid(822358bc3001d2e4eb6a21332232b797) Importer(815301076,1909f56bfc062723c751e8b465ee728b)
Start importing Assets/World/Environment/Prefabs/Custom/asset set/Crate_low001.prefab using Guid(822358bc3001d2e4eb6a21332232b797) Importer(815301076,1909f56bfc062723c751e8b465ee728b) (PreviewImporter) -> (artifact id: 'f791b44d0071ba6535078807b254c8d2') in 0.0409732 seconds
Number of updated asset objects reloaded before import = 0Number of asset objects unloaded after import = 606

========================================================================
Received Import Request.
  Time since last request: 0.000032 seconds.
  path: Assets/World/Environment/Prefabs/Custom/asset set/AlcoholBottle010_low.prefab
  artifactKey: Guid(a170b1f96683ef54fb9a8285230ba66c) Importer(815301076,1909f56bfc062723c751e8b465ee728b)
Start importing Assets/World/Environment/Prefabs/Custom/asset set/AlcoholBottle010_low.prefab using Guid(a170b1f96683ef54fb9a8285230ba66c) Importer(815301076,1909f56bfc062723c751e8b465ee728b) (PreviewImporter) -> (artifact id: '0800bb9c3a805ce044fe3c725e568f04') in 0.0469711 seconds
Number of updated asset objects reloaded before import = 0Number of asset objects unloaded after import = 606

========================================================================
Received Import Request.
  Time since last request: 0.000031 seconds.
  path: Assets/World/Environment/Prefabs/Custom/asset set/AlcoholBottle008_low002.prefab
  artifactKey: Guid(5b5934a292d8af34bb8b6586535bec28) Importer(815301076,1909f56bfc062723c751e8b465ee728b)
Start importing Assets/World/Environment/Prefabs/Custom/asset set/AlcoholBottle008_low002.prefab using Guid(5b5934a292d8af34bb8b6586535bec28) Importer(815301076,1909f56bfc062723c751e8b465ee728b) (PreviewImporter) -> (artifact id: 'ce3b1bbcc4e1ab2ee01b8e35329674cb') in 0.038448 seconds
Number of updated asset objects reloaded before import = 0Number of asset objects unloaded after import = 606

========================================================================
Received Import Request.
  Time since last request: 0.000056 seconds.
  path: Assets/World/Environment/Prefabs/Custom/asset set/ChairLegs_low001.prefab
  artifactKey: Guid(a894b7bc0a08b3b41a711cecbb569a74) Importer(815301076,1909f56bfc062723c751e8b465ee728b)
Start importing Assets/World/Environment/Prefabs/Custom/asset set/ChairLegs_low001.prefab using Guid(a894b7bc0a08b3b41a711cecbb569a74) Importer(815301076,1909f56bfc062723c751e8b465ee728b) (PreviewImporter) -> (artifact id: '744eb97015f27a01ad0c23343f42c682') in 0.0381103 seconds
Number of updated asset objects reloaded before import = 0Number of asset objects unloaded after import = 606

========================================================================
Received Import Request.
  Time since last request: 0.000040 seconds.
  path: Assets/World/Environment/Prefabs/Custom/asset set/Crate_low.prefab
  artifactKey: Guid(d681f505e2e482a408b3ab15a4e5a959) Importer(815301076,1909f56bfc062723c751e8b465ee728b)
Start importing Assets/World/Environment/Prefabs/Custom/asset set/Crate_low.prefab using Guid(d681f505e2e482a408b3ab15a4e5a959) Importer(815301076,1909f56bfc062723c751e8b465ee728b) (PreviewImporter) -> (artifact id: '7da8f89daa2a3067c10a5f61b700e4d8') in 0.0463453 seconds
Number of updated asset objects reloaded before import = 0Number of asset objects unloaded after import = 606

========================================================================
Received Import Request.
  Time since last request: 0.000048 seconds.
  path: Assets/World/Environment/Prefabs/Custom/asset set/Keg_low.prefab
  artifactKey: Guid(bf95307609842644398246a107bfd460) Importer(815301076,1909f56bfc062723c751e8b465ee728b)
Start importing Assets/World/Environment/Prefabs/Custom/asset set/Keg_low.prefab using Guid(bf95307609842644398246a107bfd460) Importer(815301076,1909f56bfc062723c751e8b465ee728b) (PreviewImporter) -> (artifact id: 'a4c575cfb46ca7fa379f3fad95b88846') in 0.0437994 seconds
Number of updated asset objects reloaded before import = 0Number of asset objects unloaded after import = 606

========================================================================
Received Import Request.
  Time since last request: 4.225699 seconds.
  path: Assets/World/Environment/Prefabs/Custom/asset set/Crate_low002.prefab
  artifactKey: Guid(02d97d2e44330db4c901c79eeec9323f) Importer(2089858483,b0f066a214c2f5e87bad3c948f4d605d)
Start importing Assets/World/Environment/Prefabs/Custom/asset set/Crate_low002.prefab using Guid(02d97d2e44330db4c901c79eeec9323f) Importer(2089858483,b0f066a214c2f5e87bad3c948f4d605d) (ScriptedImporter) -> (artifact id: 'd81666ee3f5b0a910506948e76f1ed04') in 0.0118085 seconds
Number of updated asset objects reloaded before import = 0Number of asset objects unloaded after import = 8

========================================================================
Received Import Request.
  Time since last request: 0.000031 seconds.
  path: Assets/World/Environment/Prefabs/Custom/asset set/WhiskyGlass_low009.prefab
  artifactKey: Guid(26a9bb8eea378fc4dafed3edc5f1b948) Importer(2089858483,b0f066a214c2f5e87bad3c948f4d605d)
Start importing Assets/World/Environment/Prefabs/Custom/asset set/WhiskyGlass_low009.prefab using Guid(26a9bb8eea378fc4dafed3edc5f1b948) Importer(2089858483,b0f066a214c2f5e87bad3c948f4d605d) (ScriptedImporter) -> (artifact id: 'ce1b31ec8316d78528d1eec5a5f45b5b') in 0.0112777 seconds
Number of updated asset objects reloaded before import = 0Number of asset objects unloaded after import = 8

========================================================================
Received Import Request.
  Time since last request: 0.000030 seconds.
  path: Assets/World/Environment/Prefabs/Custom/asset set/PokerTable_low.prefab
  artifactKey: Guid(6e89caf0b94582344b8250f3d1c07913) Importer(2089858483,b0f066a214c2f5e87bad3c948f4d605d)
Start importing Assets/World/Environment/Prefabs/Custom/asset set/PokerTable_low.prefab using Guid(6e89caf0b94582344b8250f3d1c07913) Importer(2089858483,b0f066a214c2f5e87bad3c948f4d605d) (ScriptedImporter) -> (artifact id: '2bd92a277b866a0002c9e2e6eba3d43f') in 0.0109542 seconds
Number of updated asset objects reloaded before import = 0Number of asset objects unloaded after import = 8

========================================================================
Received Import Request.
  Time since last request: 0.000051 seconds.
  path: Assets/World/Environment/Prefabs/Custom/asset set/ChairLegs_low.prefab
  artifactKey: Guid(f86fc3cb8e6fa244898992f5e0cb1f85) Importer(2089858483,b0f066a214c2f5e87bad3c948f4d605d)
Start importing Assets/World/Environment/Prefabs/Custom/asset set/ChairLegs_low.prefab using Guid(f86fc3cb8e6fa244898992f5e0cb1f85) Importer(2089858483,b0f066a214c2f5e87bad3c948f4d605d) (ScriptedImporter) -> (artifact id: '1d63a848d425da3d69e11e649f82d6f4') in 0.0111275 seconds
Number of updated asset objects reloaded before import = 0Number of asset objects unloaded after import = 8

========================================================================
Received Import Request.
  Time since last request: 0.000032 seconds.
  path: Assets/World/Environment/Prefabs/Custom/asset set/ChairBackRest_low004.prefab
  artifactKey: Guid(5c59861510c30ba44978370a4371788f) Importer(2089858483,b0f066a214c2f5e87bad3c948f4d605d)
Start importing Assets/World/Environment/Prefabs/Custom/asset set/ChairBackRest_low004.prefab using Guid(5c59861510c30ba44978370a4371788f) Importer(2089858483,b0f066a214c2f5e87bad3c948f4d605d) (ScriptedImporter) -> (artifact id: '38ce7525d159ba6ac3113917714b8102') in 0.0098542 seconds
Number of updated asset objects reloaded before import = 0Number of asset objects unloaded after import = 8

========================================================================
Received Import Request.
  Time since last request: 0.000028 seconds.
  path: Assets/World/Environment/Prefabs/Custom/asset set/WhiskyGlass_low004.prefab
  artifactKey: Guid(2aa812e487ae7b1498b4faea2459448d) Importer(2089858483,b0f066a214c2f5e87bad3c948f4d605d)
Start importing Assets/World/Environment/Prefabs/Custom/asset set/WhiskyGlass_low004.prefab using Guid(2aa812e487ae7b1498b4faea2459448d) Importer(2089858483,b0f066a214c2f5e87bad3c948f4d605d) (ScriptedImporter) -> (artifact id: 'eb78756f8f78d5d7521c9f4d8a02229e') in 0.0100298 seconds
Number of updated asset objects reloaded before import = 0Number of asset objects unloaded after import = 8

========================================================================
Received Import Request.
  Time since last request: 0.000036 seconds.
  path: Assets/World/Environment/Prefabs/Custom/asset set/ChairSeat_low001.prefab
  artifactKey: Guid(0a7005744ff625942abce8aa35937cfa) Importer(2089858483,b0f066a214c2f5e87bad3c948f4d605d)
Start importing Assets/World/Environment/Prefabs/Custom/asset set/ChairSeat_low001.prefab using Guid(0a7005744ff625942abce8aa35937cfa) Importer(2089858483,b0f066a214c2f5e87bad3c948f4d605d) (ScriptedImporter) -> (artifact id: '868c6076e394df02ecb1afa5f65bc167') in 0.0116086 seconds
Number of updated asset objects reloaded before import = 0Number of asset objects unloaded after import = 8

========================================================================
Received Import Request.
  Time since last request: 0.000047 seconds.
  path: Assets/World/Environment/Prefabs/Custom/asset set/SheriffBadge_low001.prefab
  artifactKey: Guid(85f0fcf1e0a283445aa9ebc673436e8f) Importer(2089858483,b0f066a214c2f5e87bad3c948f4d605d)
Start importing Assets/World/Environment/Prefabs/Custom/asset set/SheriffBadge_low001.prefab using Guid(85f0fcf1e0a283445aa9ebc673436e8f) Importer(2089858483,b0f066a214c2f5e87bad3c948f4d605d) (ScriptedImporter) -> (artifact id: '3320fb3ed0e00d0f6aaf89ed7fde3876') in 0.0114679 seconds
Number of updated asset objects reloaded before import = 0Number of asset objects unloaded after import = 8

========================================================================
Received Import Request.
  Time since last request: 0.000035 seconds.
  path: Assets/World/Environment/Prefabs/Custom/asset set/RoundGlass_low001.prefab
  artifactKey: Guid(d8d7a7fcbee3228478c2b9d611859c2f) Importer(2089858483,b0f066a214c2f5e87bad3c948f4d605d)
Start importing Assets/World/Environment/Prefabs/Custom/asset set/RoundGlass_low001.prefab using Guid(d8d7a7fcbee3228478c2b9d611859c2f) Importer(2089858483,b0f066a214c2f5e87bad3c948f4d605d) (ScriptedImporter) -> (artifact id: 'dadb5b8c35937562e2e80a3232cae86b') in 0.0122623 seconds
Number of updated asset objects reloaded before import = 0Number of asset objects unloaded after import = 8

========================================================================
Received Import Request.
  Time since last request: 0.000027 seconds.
  path: Assets/World/Environment/Prefabs/Custom/asset set/ChairFeetRests_low004.prefab
  artifactKey: Guid(32c3361d90222934386cd9b44d9c2e1e) Importer(2089858483,b0f066a214c2f5e87bad3c948f4d605d)
Start importing Assets/World/Environment/Prefabs/Custom/asset set/ChairFeetRests_low004.prefab using Guid(32c3361d90222934386cd9b44d9c2e1e) Importer(2089858483,b0f066a214c2f5e87bad3c948f4d605d) (ScriptedImporter) -> (artifact id: '587bc68dc6916602b47012b187a3b67b') in 0.0118268 seconds
Number of updated asset objects reloaded before import = 0Number of asset objects unloaded after import = 8

========================================================================
Received Import Request.
  Time since last request: 0.000034 seconds.
  path: Assets/World/Environment/Prefabs/Custom/asset set/RoundGlass_low004.prefab
  artifactKey: Guid(8fc9f78cf10d29a4c81a25a35f2f7a48) Importer(2089858483,b0f066a214c2f5e87bad3c948f4d605d)
Start importing Assets/World/Environment/Prefabs/Custom/asset set/RoundGlass_low004.prefab using Guid(8fc9f78cf10d29a4c81a25a35f2f7a48) Importer(2089858483,b0f066a214c2f5e87bad3c948f4d605d) (ScriptedImporter) -> (artifact id: '0ac0aaabf738ec1cc1b9cf4e8d07d398') in 0.0101026 seconds
Number of updated asset objects reloaded before import = 0Number of asset objects unloaded after import = 8

========================================================================
Received Import Request.
  Time since last request: 0.000039 seconds.
  path: Assets/World/Environment/Prefabs/Custom/asset set/AlcoholBottle010_low001.prefab
  artifactKey: Guid(1efb78e06a5e241408c231909e0f9516) Importer(2089858483,b0f066a214c2f5e87bad3c948f4d605d)
Start importing Assets/World/Environment/Prefabs/Custom/asset set/AlcoholBottle010_low001.prefab using Guid(1efb78e06a5e241408c231909e0f9516) Importer(2089858483,b0f066a214c2f5e87bad3c948f4d605d) (ScriptedImporter) -> (artifact id: '37ecd22616f0eb36d8466ed02a8c8786') in 0.0099848 seconds
Number of updated asset objects reloaded before import = 0Number of asset objects unloaded after import = 8

========================================================================
Received Import Request.
  Time since last request: 0.000028 seconds.
  path: Assets/World/Environment/Prefabs/Custom/asset set/SheriffBadge_low.prefab
  artifactKey: Guid(b75518ffcd425ae4f8ca185855cb393b) Importer(2089858483,b0f066a214c2f5e87bad3c948f4d605d)
Start importing Assets/World/Environment/Prefabs/Custom/asset set/SheriffBadge_low.prefab using Guid(b75518ffcd425ae4f8ca185855cb393b) Importer(2089858483,b0f066a214c2f5e87bad3c948f4d605d) (ScriptedImporter) -> (artifact id: 'acad89affb7fa4fe80272146e54d7f84') in 0.0114939 seconds
Number of updated asset objects reloaded before import = 0Number of asset objects unloaded after import = 8

========================================================================
Received Import Request.
  Time since last request: 0.000029 seconds.
  path: Assets/World/Environment/Prefabs/Custom/asset set/ChairBackRest_low.prefab
  artifactKey: Guid(e66af02f1065dc843a9204ede16a85d0) Importer(2089858483,b0f066a214c2f5e87bad3c948f4d605d)
Start importing Assets/World/Environment/Prefabs/Custom/asset set/ChairBackRest_low.prefab using Guid(e66af02f1065dc843a9204ede16a85d0) Importer(2089858483,b0f066a214c2f5e87bad3c948f4d605d) (ScriptedImporter) -> (artifact id: 'acac2267f8e4ea0024af17bf475216c0') in 0.0093531 seconds
Number of updated asset objects reloaded before import = 0Number of asset objects unloaded after import = 8

========================================================================
Received Import Request.
  Time since last request: 0.000034 seconds.
  path: Assets/World/Environment/Prefabs/Custom/asset set/Bar_low.prefab
  artifactKey: Guid(bd0921dd878d18f4da98f5bbcda56c35) Importer(2089858483,b0f066a214c2f5e87bad3c948f4d605d)
Start importing Assets/World/Environment/Prefabs/Custom/asset set/Bar_low.prefab using Guid(bd0921dd878d18f4da98f5bbcda56c35) Importer(2089858483,b0f066a214c2f5e87bad3c948f4d605d) (ScriptedImporter) -> (artifact id: 'd7e19e823aafda4e07f3455113196b79') in 0.0103782 seconds
Number of updated asset objects reloaded before import = 0Number of asset objects unloaded after import = 8

========================================================================
Received Import Request.
  Time since last request: 0.000036 seconds.
  path: Assets/World/Environment/Prefabs/Custom/asset set/StandardTable_low.prefab
  artifactKey: Guid(24b311b07ecb3844bbe0cd8aa664a591) Importer(2089858483,b0f066a214c2f5e87bad3c948f4d605d)
Start importing Assets/World/Environment/Prefabs/Custom/asset set/StandardTable_low.prefab using Guid(24b311b07ecb3844bbe0cd8aa664a591) Importer(2089858483,b0f066a214c2f5e87bad3c948f4d605d) (ScriptedImporter) -> (artifact id: '0da4143b6feeed813476d1eafd07af7b') in 0.0095412 seconds
Number of updated asset objects reloaded before import = 0Number of asset objects unloaded after import = 8

========================================================================
Received Import Request.
  Time since last request: 0.000031 seconds.
  path: Assets/World/Environment/Prefabs/Custom/asset set/SheriffBadgePin_low001.prefab
  artifactKey: Guid(ceaf65be9e4b0c94dab9d460f24b555f) Importer(2089858483,b0f066a214c2f5e87bad3c948f4d605d)
Start importing Assets/World/Environment/Prefabs/Custom/asset set/SheriffBadgePin_low001.prefab using Guid(ceaf65be9e4b0c94dab9d460f24b555f) Importer(2089858483,b0f066a214c2f5e87bad3c948f4d605d) (ScriptedImporter) -> (artifact id: 'ec8a7f5a360631f0aa8a3550442f0d83') in 0.0093238 seconds
Number of updated asset objects reloaded before import = 0Number of asset objects unloaded after import = 8

========================================================================
Received Import Request.
  Time since last request: 0.000024 seconds.
  path: Assets/World/Environment/Prefabs/Custom/asset set/CandleHolder_low.prefab
  artifactKey: Guid(873b285bf76815d41971384ecdfd095c) Importer(2089858483,b0f066a214c2f5e87bad3c948f4d605d)
Start importing Assets/World/Environment/Prefabs/Custom/asset set/CandleHolder_low.prefab using Guid(873b285bf76815d41971384ecdfd095c) Importer(2089858483,b0f066a214c2f5e87bad3c948f4d605d) (ScriptedImporter) -> (artifact id: '7b8989a67670c36525919ca9b8fcb70b') in 0.0109289 seconds
Number of updated asset objects reloaded before import = 0Number of asset objects unloaded after import = 8

========================================================================
Received Import Request.
  Time since last request: 0.000028 seconds.
  path: Assets/World/Environment/Prefabs/Custom/asset set/AlcoholBottle008_low002.prefab
  artifactKey: Guid(5b5934a292d8af34bb8b6586535bec28) Importer(2089858483,b0f066a214c2f5e87bad3c948f4d605d)
Start importing Assets/World/Environment/Prefabs/Custom/asset set/AlcoholBottle008_low002.prefab using Guid(5b5934a292d8af34bb8b6586535bec28) Importer(2089858483,b0f066a214c2f5e87bad3c948f4d605d) (ScriptedImporter) -> (artifact id: 'adf45fe8faec967a3d400ad3c62c08cf') in 0.010173 seconds
Number of updated asset objects reloaded before import = 0Number of asset objects unloaded after import = 8

========================================================================
Received Import Request.
  Time since last request: 0.000041 seconds.
  path: Assets/World/Environment/Prefabs/Custom/asset set/ChairFeetRests_low006.prefab
  artifactKey: Guid(8f3a7476e08f9294e8c913e82ca16b3e) Importer(2089858483,b0f066a214c2f5e87bad3c948f4d605d)
Start importing Assets/World/Environment/Prefabs/Custom/asset set/ChairFeetRests_low006.prefab using Guid(8f3a7476e08f9294e8c913e82ca16b3e) Importer(2089858483,b0f066a214c2f5e87bad3c948f4d605d) (ScriptedImporter) -> (artifact id: '5edb70facc1ba2671efcf5da6d030823') in 0.0089173 seconds
Number of updated asset objects reloaded before import = 0Number of asset objects unloaded after import = 8

========================================================================
Received Import Request.
  Time since last request: 0.000025 seconds.
  path: Assets/World/Environment/Prefabs/Custom/asset set/Bar_low001.prefab
  artifactKey: Guid(e7a704fbc9fd34e41b4654099e0c6928) Importer(2089858483,b0f066a214c2f5e87bad3c948f4d605d)
Start importing Assets/World/Environment/Prefabs/Custom/asset set/Bar_low001.prefab using Guid(e7a704fbc9fd34e41b4654099e0c6928) Importer(2089858483,b0f066a214c2f5e87bad3c948f4d605d) (ScriptedImporter) -> (artifact id: 'b6b7ca108023fbe2a7833600e2bfb630') in 0.0108019 seconds
Number of updated asset objects reloaded before import = 0Number of asset objects unloaded after import = 8

========================================================================
Received Import Request.
  Time since last request: 0.000032 seconds.
  path: Assets/World/Environment/Prefabs/Custom/asset set/WantedBoard_low001.prefab
  artifactKey: Guid(e65473221c0058e43abf6acd60ca918f) Importer(2089858483,b0f066a214c2f5e87bad3c948f4d605d)
Start importing Assets/World/Environment/Prefabs/Custom/asset set/WantedBoard_low001.prefab using Guid(e65473221c0058e43abf6acd60ca918f) Importer(2089858483,b0f066a214c2f5e87bad3c948f4d605d) (ScriptedImporter) -> (artifact id: '7b86774b06a7202009dfe5d5e4fcedf7') in 0.0098894 seconds
Number of updated asset objects reloaded before import = 0Number of asset objects unloaded after import = 8

========================================================================
Received Import Request.
  Time since last request: 0.423324 seconds.
  path: Assets/World/Environment/Prefabs/Custom/asset set/ChairFeetRests_low.prefab
  artifactKey: Guid(a0b6eaa77a7e7184bbd5eaf204d2e753) Importer(2089858483,b0f066a214c2f5e87bad3c948f4d605d)
Start importing Assets/World/Environment/Prefabs/Custom/asset set/ChairFeetRests_low.prefab using Guid(a0b6eaa77a7e7184bbd5eaf204d2e753) Importer(2089858483,b0f066a214c2f5e87bad3c948f4d605d) (ScriptedImporter) -> (artifact id: '1bbf3be1063fc85f7151278e4e7b44cd') in 0.0097082 seconds
Number of updated asset objects reloaded before import = 0Number of asset objects unloaded after import = 8

========================================================================
Received Import Request.
  Time since last request: 0.000024 seconds.
  path: Assets/World/Environment/Prefabs/Custom/asset set/BarStool_low002.prefab
  artifactKey: Guid(30b07154c18fef247a84869e2abc2a75) Importer(2089858483,b0f066a214c2f5e87bad3c948f4d605d)
Start importing Assets/World/Environment/Prefabs/Custom/asset set/BarStool_low002.prefab using Guid(30b07154c18fef247a84869e2abc2a75) Importer(2089858483,b0f066a214c2f5e87bad3c948f4d605d) (ScriptedImporter) -> (artifact id: '674b709a372a876de8e167da90806bc5') in 0.0184227 seconds
Number of updated asset objects reloaded before import = 0Number of asset objects unloaded after import = 8

========================================================================
Received Import Request.
  Time since last request: 0.000027 seconds.
  path: Assets/World/Environment/Prefabs/Custom/asset set/Moonshine004_low001.prefab
  artifactKey: Guid(754f91351166cf34ab2480b7e720d060) Importer(2089858483,b0f066a214c2f5e87bad3c948f4d605d)
Start importing Assets/World/Environment/Prefabs/Custom/asset set/Moonshine004_low001.prefab using Guid(754f91351166cf34ab2480b7e720d060) Importer(2089858483,b0f066a214c2f5e87bad3c948f4d605d) (ScriptedImporter) -> (artifact id: 'f7e29dd6a43f585d0827943e5e971018') in 0.0100034 seconds
Number of updated asset objects reloaded before import = 0Number of asset objects unloaded after import = 8

========================================================================
Received Import Request.
  Time since last request: 0.000027 seconds.
  path: Assets/World/Environment/Prefabs/Custom/asset set/SheriffBadgeHook_low.prefab
  artifactKey: Guid(ad0c0e072dc810946b14061af195f945) Importer(2089858483,b0f066a214c2f5e87bad3c948f4d605d)
Start importing Assets/World/Environment/Prefabs/Custom/asset set/SheriffBadgeHook_low.prefab using Guid(ad0c0e072dc810946b14061af195f945) Importer(2089858483,b0f066a214c2f5e87bad3c948f4d605d) (ScriptedImporter) -> (artifact id: 'a682a1a2b5ef4842e08fd308e315f3cc') in 0.0089624 seconds
Number of updated asset objects reloaded before import = 0Number of asset objects unloaded after import = 8

========================================================================
Received Import Request.
  Time since last request: 0.000039 seconds.
  path: Assets/World/Environment/Prefabs/Custom/asset set/RoundGlass_low003.prefab
  artifactKey: Guid(40247f25390608840992d2857954a4fe) Importer(2089858483,b0f066a214c2f5e87bad3c948f4d605d)
Start importing Assets/World/Environment/Prefabs/Custom/asset set/RoundGlass_low003.prefab using Guid(40247f25390608840992d2857954a4fe) Importer(2089858483,b0f066a214c2f5e87bad3c948f4d605d) (ScriptedImporter) -> (artifact id: 'a077fcc07e774b37b36a3391baf2e943') in 0.0100067 seconds
Number of updated asset objects reloaded before import = 0Number of asset objects unloaded after import = 8

========================================================================
Received Import Request.
  Time since last request: 0.000027 seconds.
  path: Assets/World/Environment/Prefabs/Custom/asset set/SheriffBadgePin_low.prefab
  artifactKey: Guid(7b7139ea6350ad4409c4f33bab540c59) Importer(2089858483,b0f066a214c2f5e87bad3c948f4d605d)
Start importing Assets/World/Environment/Prefabs/Custom/asset set/SheriffBadgePin_low.prefab using Guid(7b7139ea6350ad4409c4f33bab540c59) Importer(2089858483,b0f066a214c2f5e87bad3c948f4d605d) (ScriptedImporter) -> (artifact id: '439f7785e9eee440f33e3b070923bf14') in 0.0087006 seconds
Number of updated asset objects reloaded before import = 0Number of asset objects unloaded after import = 8

========================================================================
Received Import Request.
  Time since last request: 0.000028 seconds.
  path: Assets/World/Environment/Prefabs/Custom/asset set/BarStool_low.prefab
  artifactKey: Guid(d2a7dd015a408114ab1d5e1955b6997a) Importer(2089858483,b0f066a214c2f5e87bad3c948f4d605d)
Start importing Assets/World/Environment/Prefabs/Custom/asset set/BarStool_low.prefab using Guid(d2a7dd015a408114ab1d5e1955b6997a) Importer(2089858483,b0f066a214c2f5e87bad3c948f4d605d) (ScriptedImporter) -> (artifact id: 'c2c13c5fefd1dedf8219ac5a8117d294') in 0.011376 seconds
Number of updated asset objects reloaded before import = 0Number of asset objects unloaded after import = 8

========================================================================
Received Import Request.
  Time since last request: 0.000031 seconds.
  path: Assets/World/Environment/Prefabs/Custom/asset set/ChairLegs_low003.prefab
  artifactKey: Guid(b1d267a4b50c73f4c8fddbc337c41ecf) Importer(2089858483,b0f066a214c2f5e87bad3c948f4d605d)
Start importing Assets/World/Environment/Prefabs/Custom/asset set/ChairLegs_low003.prefab using Guid(b1d267a4b50c73f4c8fddbc337c41ecf) Importer(2089858483,b0f066a214c2f5e87bad3c948f4d605d) (ScriptedImporter) -> (artifact id: '8a20470131d0f0c5cfb81241aca84ca4') in 0.0082037 seconds
Number of updated asset objects reloaded before import = 0Number of asset objects unloaded after import = 8

========================================================================
Received Import Request.
  Time since last request: 54.275057 seconds.
  path: Assets/World/Environment/Prefabs/Custom/asset set/WantedPoster012.prefab
  artifactKey: Guid(74618f53862c45d4683965474b28e0c6) Importer(815301076,1909f56bfc062723c751e8b465ee728b)
Start importing Assets/World/Environment/Prefabs/Custom/asset set/WantedPoster012.prefab using Guid(74618f53862c45d4683965474b28e0c6) Importer(815301076,1909f56bfc062723c751e8b465ee728b) (PreviewImporter) -> (artifact id: '8fd6bf6d13ecb0bce64278540583487c') in 0.0508365 seconds
Number of updated asset objects reloaded before import = 0Number of asset objects unloaded after import = 606

========================================================================
Received Import Request.
  Time since last request: 7.197056 seconds.
  path: Assets/World/Environment/Prefabs/Custom/asset set/RoundGlass_low007.prefab
  artifactKey: Guid(c0c3f0fd78b5d874db97e5bbf687a5a8) Importer(815301076,1909f56bfc062723c751e8b465ee728b)
Start importing Assets/World/Environment/Prefabs/Custom/asset set/RoundGlass_low007.prefab using Guid(c0c3f0fd78b5d874db97e5bbf687a5a8) Importer(815301076,1909f56bfc062723c751e8b465ee728b) (PreviewImporter) -> (artifact id: 'd595cbbf8856dafb85ad7173d582ce4f') in 0.0486281 seconds
Number of updated asset objects reloaded before import = 0Number of asset objects unloaded after import = 606

========================================================================
Received Import Request.
  Time since last request: 0.000024 seconds.
  path: Assets/World/Environment/Prefabs/Custom/asset set/WhiskyGlass_low001.prefab
  artifactKey: Guid(8b00f8bac4866b148baaeffb07e8feb2) Importer(815301076,1909f56bfc062723c751e8b465ee728b)
Start importing Assets/World/Environment/Prefabs/Custom/asset set/WhiskyGlass_low001.prefab using Guid(8b00f8bac4866b148baaeffb07e8feb2) Importer(815301076,1909f56bfc062723c751e8b465ee728b) (PreviewImporter) -> (artifact id: '00000000000000000000000000000000') in 0.0365948 seconds
Import Error Code:(4)
Message: Build asset version error: assets/world/environment/prefabs/custom/asset set/whiskyglass_low001.prefab in SourceAssetDB has modification time of '2026-04-05T17:01:08.8496002Z' while content on disk has modification time of '2026-04-05T17:01:09.1227121Z'
  ERROR: Build asset version error: assets/world/environment/prefabs/custom/asset set/whiskyglass_low001.prefab in SourceAssetDB has modification time of '2026-04-05T17:01:08.8496002Z' while content on disk has modification time of '2026-04-05T17:01:09.1227121Z'
Number of updated asset objects reloaded before import = 0Number of asset objects unloaded after import = 600

========================================================================
Received Import Request.
  Time since last request: 0.000032 seconds.
  path: Assets/World/Environment/Prefabs/Custom/asset set/WhiskyGlass_low003.prefab
  artifactKey: Guid(eab6293ff4ee87044a14c7702054bcea) Importer(815301076,1909f56bfc062723c751e8b465ee728b)
Start importing Assets/World/Environment/Prefabs/Custom/asset set/WhiskyGlass_low003.prefab using Guid(eab6293ff4ee87044a14c7702054bcea) Importer(815301076,1909f56bfc062723c751e8b465ee728b) (PreviewImporter) -> (artifact id: 'ebafee577201b1f2afb8f91763ff770f') in 0.0399534 seconds
Number of updated asset objects reloaded before import = 0Number of asset objects unloaded after import = 606

========================================================================
Received Import Request.
  Time since last request: 52.360995 seconds.
  path: Assets/World/Environment/Materials/Custom/asset set/WntedBoardBarStool.mat
  artifactKey: Guid(c44f5cec6bc59ca4ba8ad327f57fd2ec) Importer(2089858483,b0f066a214c2f5e87bad3c948f4d605d)
Start importing Assets/World/Environment/Materials/Custom/asset set/WntedBoardBarStool.mat using Guid(c44f5cec6bc59ca4ba8ad327f57fd2ec) Importer(2089858483,b0f066a214c2f5e87bad3c948f4d605d) (ScriptedImporter) -> (artifact id: 'eea609c02c6a739229b59974e1a57faa') in 0.017433 seconds
Number of updated asset objects reloaded before import = 0Number of asset objects unloaded after import = 6

========================================================================
Received Import Request.
  Time since last request: 0.000029 seconds.
  path: Assets/World/Environment/Materials/Custom/asset set/SheriffItems.mat
  artifactKey: Guid(8a55d1f49aec2234484b3b8fd127fd19) Importer(2089858483,b0f066a214c2f5e87bad3c948f4d605d)
Start importing Assets/World/Environment/Materials/Custom/asset set/SheriffItems.mat using Guid(8a55d1f49aec2234484b3b8fd127fd19) Importer(2089858483,b0f066a214c2f5e87bad3c948f4d605d) (ScriptedImporter) -> (artifact id: 'c8a1bdc87195d09612fb30cbaa8d50f2') in 0.0163838 seconds
Number of updated asset objects reloaded before import = 0Number of asset objects unloaded after import = 6

========================================================================
Received Import Request.
  Time since last request: 0.000044 seconds.
  path: Assets/World/Environment/Materials/Custom/asset set/ChairShelfHorns.mat
  artifactKey: Guid(6abfbe5384744d34e9d60f6e2edcbd4f) Importer(2089858483,b0f066a214c2f5e87bad3c948f4d605d)
Start importing Assets/World/Environment/Materials/Custom/asset set/ChairShelfHorns.mat using Guid(6abfbe5384744d34e9d60f6e2edcbd4f) Importer(2089858483,b0f066a214c2f5e87bad3c948f4d605d) (ScriptedImporter) -> (artifact id: '0209a84433b88bde25c50779e003904d') in 0.0147709 seconds
Number of updated asset objects reloaded before import = 0Number of asset objects unloaded after import = 6

Editor requested this worker to shutdown with reason: Scaling down because of idle timeout
AssetImportWorker is now disconnected from the server
Process exiting
Exiting without the bug reporter. Application will terminate with return code 0